generator,grid,rep,seed,size,member,n_starts_pipeline,n_starts_strong,n_train_concepts,n_test_concepts,pipeline_loglik,strong_loglik,gap,miss,pipeline_converged,pipeline_n_converged,strong_n_converged,starts_at_best,pipeline_heldout,strong_heldout,n_heldout_trials,seconds_pipeline,seconds_strong,pipeline_source,strong_source,strong_batch,challenge_is_skew,n_archived,pipeline_theta,strong_theta
M2B,{},0,500000,inner,M2B,4,84,38,14,-7131.186161551101,-7131.186161550595,5.056790541857481e-10,0,1,4,84,84,-2625.9688574686616,-2625.9688422603767,2352,0.4,2.1,cold,extra,extra,,,"[3.033834, 1.478746, 2.043181, 0.145343, 0.747789, 1.023221]","[3.033834, 1.478745, 2.043181, 0.145343, 0.74779, 1.023221]"
M2B,{},0,500000,inner,M2H,4,84,38,14,-7130.59059659523,-7130.590596591364,3.865352482534945e-09,0,1,4,84,84,-2626.5216104306332,-2626.521599546931,2352,31.6,592.3,cold,challenge,challenge,,,"[3.033842, 1.488544, 2.041216, 0.145356, 0.747217, 1.022492, -2.573567]","[3.033841, 1.488547, 2.041213, 0.145356, 0.747217, 1.02249, -2.573568]"
M2B,{},0,500000,inner,M2K,4,84,38,14,-7130.873315002236,-7130.873314917908,8.43283487483859e-08,0,1,4,84,81,-2626.051669580512,-2626.0517291551128,2352,1.0,10.2,cold,extra,extra,,,"[3.039944, 1.477646, 1.996404, 0.148041, 0.83491, 0.732258, 0.460964, -0.057994]","[3.039947, 1.477628, 1.996462, 0.14803, 0.834905, 0.732295, 0.460947, -0.058039]"
M2B,{},0,500000,inner,M2S,4,84,38,14,-7131.18616257664,-7131.186161870558,7.06081664247904e-07,0,1,4,84,84,-2625.969007720118,-2625.9687476064655,2352,29.4,505.0,cold,extra,extra,,,"[3.033837, 1.478765, 2.043166, 0.145344, 0.747791, 1.023215, -10.449675]","[3.033831, 1.478736, 2.043184, 0.145343, 0.747789, 1.023221, -11.095699]"
M2B,{},0,500000,inner,M3,4,84,38,14,-7307.1685932626415,-7307.16840671039,0.0001865522517618956,0,1,4,84,84,-2689.7707474714603,-2689.7692887685243,2352,1.2,18.2,cold,extra,extra,,,"[1.999762, 50822.9124, -0.961255, -2.424793, 3.490876, 0.903174, 0.76008]","[1.999786, 57060.965467, -0.961268, -2.42443, 3.490369, 0.903276, 0.760077]"
M2B,{},0,500000,inner,M3H,4,84,38,14,-7360.837561257949,-7360.837560905632,3.523173290886916e-07,0,1,4,84,84,-2710.769915843787,-2710.7702510236513,2352,87.9,1635.7,cold,extra,extra,,,"[-0.892895, -18.953426, 0.646732, 2.510131, 1.063552, 2.578855, -0.300165, -23.84434]","[-0.892893, -20.68503, 0.646732, 2.510046, 1.063552, 2.578854, -0.300166, -23.899775]"
M2B,{},0,500000,inner,M3L,4,84,38,14,-7360.837561800843,-7360.837560857508,9.433351806364954e-07,0,1,4,84,84,-2710.7712309528883,-2710.770533016622,2352,1.1,12.7,cold,challenge,challenge,,,"[-0.892888, -18.334391, 0.646726, 2.509878, 1.063612, 2.578866, -0.300168, -4.952255]","[-0.89289, -21.550631, 0.64673, 2.510046, 1.063562, 2.578864, -0.300167, -4.977807]"
M2B,{},0,500000,inner,M3V,4,84,38,14,-7229.760737285731,-7229.760737285731,0.0,0,1,4,84,84,-2655.168761982,-2655.168761982,2352,0.7,9.1,cold,cold,cold:pipeline,,,"[-0.903833, -18.889301, 0.657135, 2.898914, 0.914623, 2.506028, -0.597324, -0.254113]","[-0.903833, -18.889301, 0.657135, 2.898914, 0.914623, 2.506028, -0.597324, -0.254113]"
M2B,{},0,500000,outer,M2B,8,88,52,12,-9756.71424806094,-9756.714248060876,6.366462912410498e-11,0,1,8,88,88,-2267.41053286074,-2267.4105261363443,2016,0.8,2.1,cold,extra,extra,,,"[3.010944, 1.487437, 2.044097, 0.147294, 0.748142, 1.016342]","[3.010944, 1.487437, 2.044097, 0.147294, 0.748142, 1.016342]"
M2B,{},0,500000,outer,M2H,8,88,52,12,-9756.519300486018,-9756.519300486018,0.0,0,1,8,88,86,-2267.3780293623645,-2267.3780293623645,2016,105.0,1038.7,cold,cold,cold:pipeline,,,"[3.011094, 1.492306, 2.043122, 0.147248, 0.747865, 1.016019, -2.952772]","[3.011094, 1.492306, 2.043122, 0.147248, 0.747865, 1.016019, -2.952772]"
M2B,{},0,500000,outer,M2K,8,88,52,12,-9756.257389005865,-9756.257388998489,7.376002031378448e-09,0,1,8,88,87,-2268.9632339501577,-2268.963364407988,2016,2.0,18.1,cold,extra,extra,,,"[3.003461, 1.488098, 1.838794, 0.192543, 0.859476, 0.621419, 0.527593, 0.094457]","[3.003461, 1.488095, 1.838784, 0.192546, 0.859479, 0.621411, 0.527601, 0.09447]"
M2B,{},0,500000,outer,M2S,8,88,52,12,-9756.714249661716,-9756.714248599888,1.0618277883622795e-06,0,1,8,88,86,-2267.4098113445007,-2267.410727910891,2016,73.7,723.7,cold,extra,extra,,,"[3.010939, 1.48745, 2.044089, 0.147296, 0.748146, 1.016334, -10.288993]","[3.01094, 1.487406, 2.044102, 0.147293, 0.748142, 1.016342, -11.105203]"
M2B,{},0,500000,outer,M3,8,88,52,12,-9996.728492277327,-9996.727610425405,0.0008818519218039,0,1,8,88,88,-2346.4076595824517,-2346.404589749473,2016,2.7,25.5,cold,challenge,challenge,,,"[1.999694, 38611.700401, -0.964577, -2.432703, 3.491722, 0.919428, 0.759861]","[1.999771, 53262.308025, -0.96459, -2.433453, 3.492492, 0.91974, 0.759855]"
M2B,{},0,500000,outer,M3H,8,88,52,12,-10070.876572842655,-10056.785863062223,14.090709780432007,1,1,8,88,1,-2365.0029103976144,-2359.0651877231826,2016,256.0,2611.0,cold,extra,extra,,,"[-0.901723, -18.396127, 0.651519, 2.697769, 1.013879, 2.553774, -0.297697, -19.307622]","[-0.871738, -97.835151, 0.634994, 259.509634, 1.323706, 2.987882, -0.271522, -173.679826]"
M2B,{},0,500000,outer,M3L,8,88,52,12,-10070.876572804385,-10070.876572060391,7.439939508913085e-07,0,1,8,88,88,-2365.002748579731,-2365.0030998383263,2016,2.1,17.5,cold,extra,extra,,,"[-0.901734, -18.443717, 0.651524, 2.697674, 1.013875, 2.553761, -0.297698, -4.851646]","[-0.901729, -19.590289, 0.651523, 2.697685, 1.013859, 2.553758, -0.297698, -5.013724]"
M2B,{},0,500000,outer,M3V,8,88,52,12,-9883.885373686868,-9883.885372368699,1.3181688700569794e-06,0,1,8,88,88,-2306.2524336496244,-2306.2521087688715,2016,1.6,13.1,cold,extra,extra,,,"[-0.912553, -18.106003, 0.661498, 3.1056, 0.880263, 2.478368, -0.600973, -0.250945]","[-0.912555, -31.832473, 0.661494, 3.105482, 0.880281, 2.478353, -0.600976, -0.250944]"
M2B,{},1,500001,inner,M2B,4,84,38,14,-7109.858620251482,-7109.8586202395945,1.1887095752172172e-08,0,1,4,84,82,-2656.4224124076577,-2656.4224829571895,2352,0.1,2.5,cold,extra,extra,,,"[2.995542, 1.586796, 1.980848, 0.143874, 0.747876, 0.964618]","[2.995543, 1.586799, 1.980846, 0.143875, 0.747876, 0.964616]"
M2B,{},1,500001,inner,M2H,4,84,38,14,-7108.488760764052,-7108.488760741528,2.252454578410834e-08,0,1,4,83,79,-2657.6715426539004,-2657.671246703185,2352,26.0,579.8,cold,extra,extra,,,"[3.000931, 1.594133, 1.980786, 0.143222, 0.746833, 0.966059, -2.317941]","[3.00093, 1.594141, 1.980782, 0.143222, 0.746833, 0.966058, -2.317984]"
M2B,{},1,500001,inner,M2K,4,84,38,14,-7109.723478241411,-7109.723478044535,1.9687558960868046e-07,0,1,4,84,83,-2656.4390132174494,-2656.4389574469033,2352,0.5,11.0,cold,extra,extra,,,"[3.001051, 1.584346, 1.949309, 0.144947, 0.812058, 0.729876, 0.374922, -0.050097]","[3.001059, 1.58434, 1.949304, 0.144951, 0.812043, 0.729912, 0.374855, -0.050084]"
M2B,{},1,500001,inner,M2S,4,84,38,14,-7109.846818533491,-7109.846818507751,2.5740519049577415e-08,0,1,4,84,84,-2656.398906146554,-2656.399251094505,2352,17.1,379.7,cold,extra,extra,,,"[2.995581, 1.586291, 1.980895, 0.143826, 0.747799, 0.96461, -4.598821]","[2.995576, 1.586282, 1.980899, 0.143826, 0.747799, 0.964609, -4.598899]"
M2B,{},1,500001,inner,M3,4,84,38,14,-7284.35003119632,-7284.348805303445,0.0012258928745723097,0,1,4,84,84,-2724.583280218638,-2724.590692429997,2352,1.0,19.4,cold,extra,extra,,,"[1.999661, 34567.894381, -0.974286, -2.373, 3.376122, 0.948637, 0.757363]","[1.999768, 52264.664489, -0.974315, -2.372292, 3.375381, 0.94846, 0.75737]"
M2B,{},1,500001,inner,M3H,4,84,38,14,-7340.701302834448,-7327.562887864918,13.138414969530459,1,1,4,84,1,-2741.4821949466914,-2734.8645444707313,2352,116.0,2075.2,cold,extra,extra,,,"[-0.894557, -18.664573, 0.615099, 2.930279, 1.14143, 2.587014, -0.295787, -2.369515]","[-0.874778, -81.520532, 0.59768, 354.788068, 1.674568, 2.991016, -0.27387, -150.793511]"
M2B,{},1,500001,inner,M3L,4,84,38,14,-7341.412489079371,-7327.0086041781415,14.403884901229503,1,1,4,84,1,-2740.245583042766,-2734.7448580266905,2352,0.6,12.1,cold,challenge,challenge,,,"[-0.895474, -18.020288, 0.615142, 2.846524, 1.143016, 2.580891, -0.295768, -5.233432]","[-0.874168, -3623.445602, 0.596847, 4474.285871, 1.675128, 2.999238, -0.273824, -609.910935]"
M2B,{},1,500001,inner,M3V,4,84,38,14,-7215.219522286366,-7215.219521534962,7.514036042266525e-07,0,1,4,84,84,-2687.3064334468127,-2687.305575755017,2352,0.6,8.9,cold,extra,extra,,,"[-0.906137, -18.443433, 0.624445, 3.039937, 1.014353, 2.514051, -0.586926, -0.25581]","[-0.906132, -20.559931, 0.624448, 3.039941, 1.014342, 2.51406, -0.586929, -0.255815]"
M2B,{},1,500001,outer,M2B,8,88,52,12,-9764.45328508532,-9764.45328508311,2.2100721253082156e-09,0,1,8,88,87,-2277.511640824334,-2277.5116365995927,2016,0.3,3.1,cold,extra,extra,,,"[3.014718, 1.596945, 1.981386, 0.145984, 0.749204, 0.983417]","[3.014718, 1.596945, 1.981385, 0.145983, 0.749204, 0.983417]"
M2B,{},1,500001,outer,M2H,8,88,52,12,-9764.03184643759,-9764.031846436636,9.549694368615746e-10,0,1,8,87,86,-2277.4306784708474,-2277.430692942227,2016,83.9,965.0,cold,extra,extra,,,"[3.016641, 1.599262, 1.981642, 0.14572, 0.748742, 0.98405, -2.722947]","[3.016641, 1.599264, 1.981642, 0.14572, 0.748742, 0.98405, -2.72292]"
M2B,{},1,500001,outer,M2K,8,88,52,12,-9764.160868589322,-9764.160868587423,1.899024937301874e-09,0,1,8,88,87,-2277.048961866034,-2277.048942645542,2016,1.8,18.1,cold,extra,extra,,,"[3.038608, 1.592019, 2.084133, 0.121962, 0.801778, 0.844449, 0.328612, -0.15699]","[3.038608, 1.592019, 2.084137, 0.121961, 0.801778, 0.844449, 0.328615, -0.156995]"
M2B,{},1,500001,outer,M2S,8,88,52,12,-9764.418483756053,-9764.418483751957,4.096364136785269e-09,0,1,8,88,87,-2277.173581631533,-2277.1735653813053,2016,51.6,532.1,cold,challenge,challenge,,,"[3.014741, 1.596499, 1.981373, 0.145883, 0.749082, 0.983375, -4.390636]","[3.014741, 1.596498, 1.981373, 0.145882, 0.749082, 0.983375, -4.390599]"
M2B,{},1,500001,outer,M3,8,88,52,12,-10007.14584336519,-10007.14451025733,0.0013331078589544632,0,1,8,88,88,-2333.9535552872785,-2333.9507783762856,2016,2.8,27.5,cold,extra,extra,,,"[1.999683, 36802.208528, -0.95745, -2.388712, 3.412137, 0.943829, 0.760764]","[1.99977, 51602.370897, -0.957412, -2.388402, 3.411852, 0.943741, 0.760768]"
M2B,{},1,500001,outer,M3H,8,88,52,12,-10079.624246051302,-10079.62387893237,0.000367118931535515,0,1,8,88,87,-2357.058720517227,-2357.0594229475246,2016,271.3,2686.1,cold,extra,extra,,,"[-0.880577, -18.390723, 0.617437, 2.694778, 1.171508, 2.59969, -0.294121, -9.9369]","[-0.880589, -11.64608, 0.617433, 2.694039, 1.171588, 2.599658, -0.294126, -5.273742]"
M2B,{},1,500001,outer,M3L,8,88,52,12,-10079.624246210893,-10079.62424562053,5.90363924857229e-07,0,1,8,88,88,-2357.058843044864,-2357.0588205251997,2016,1.8,18.3,cold,extra,extra,,,"[-0.880577, -18.603586, 0.617434, 2.694679, 1.171568, 2.599677, -0.294123, -5.192126]","[-0.880574, -19.357164, 0.617435, 2.694787, 1.171517, 2.599695, -0.294121, -5.491321]"
M2B,{},1,500001,outer,M3V,8,88,52,12,-9900.5305428869,-9900.530541352997,1.5339028323069215e-06,0,1,8,88,88,-2314.4642220190244,-2314.463445178996,2016,1.3,14.1,cold,extra,extra,,,"[-0.889909, -18.179912, 0.626036, 3.01341, 1.028625, 2.537952, -0.586222, -0.249508]","[-0.88992, -22.379371, 0.626049, 3.013281, 1.028627, 2.537942, -0.586223, -0.249513]"
M2B,{},2,500002,inner,M2B,4,84,38,14,-7128.235709044225,-7128.235709044016,2.0827428670600057e-10,0,1,4,84,84,-2634.569031993746,-2634.5690169818913,2352,0.4,2.3,cold,extra,extra,0,84,"[2.976303, 1.475823, 2.033376, 0.145217, 0.746862, 1.006214]","[2.976303, 1.475824, 2.033375, 0.145217, 0.746862, 1.006214]"
M2B,{},2,500002,inner,M2H,4,84,38,14,-7127.192489971187,-7127.192489968336,2.850356395356357e-09,0,1,4,83,79,-2633.941891018164,-2633.941863132177,2352,30.4,649.8,cold,extra,extra,0,84,"[2.976951, 1.480395, 2.033522, 0.144892, 0.746063, 1.006499, -2.437557]","[2.976953, 1.480394, 2.033523, 0.144892, 0.746064, 1.0065, -2.437549]"
M2B,{},2,500002,inner,M2K,4,84,38,14,-7123.3681550968495,-7123.3681549999565,9.689301805337891e-08,0,1,4,84,45,-2635.760185891284,-2635.760346509807,2352,0.8,10.2,cold,extra,extra,1,84,"[2.973736, 1.483114, 2.161856, 0.147923, 0.807, 1.523254, -0.890841, 0.05549]","[2.973728, 1.483108, 2.161867, 0.147923, 0.807002, 1.52326, -0.890839, 0.055483]"
M2B,{},2,500002,inner,M2S,4,84,38,14,-7128.137163061107,-7128.137163055719,5.387846613302827e-09,0,1,4,84,81,-2634.7798337266304,-2634.7798136791007,2352,21.6,363.3,cold,extra,extra,0,84,"[2.975721, 1.477252, 2.032749, 0.145013, 0.746618, 1.005691, -4.02105]","[2.97572, 1.47725, 2.032751, 0.145012, 0.746618, 1.005691, -4.021107]"
M2B,{},2,500002,inner,M3,4,84,38,14,-7294.4831335856725,-7294.482765047344,0.000368538328075374,0,1,4,84,84,-2686.062560267294,-2686.0584693573282,2352,1.3,18.3,cold,extra,extra,0,84,"[1.999636, 34781.945934, -0.960824, -2.372253, 3.424561, 0.916815, 0.758571]","[1.999754, 53202.657682, -0.960829, -2.372214, 3.424517, 0.916898, 0.758571]"
M2B,{},2,500002,inner,M3H,4,84,38,14,-7355.043468221051,-7355.043466366538,1.8545124476077035e-06,0,1,4,84,70,-2700.5522609858376,-2700.5530635001164,2352,111.1,2083.1,cold,extra,extra,0,84,"[-0.89364, -17.538499, 0.651929, 3.317054, 0.891621, 2.52413, -0.29148, -2.357254]","[-0.893643, -46.057361, 0.651938, 3.317037, 0.891576, 2.524108, -0.291479, -2.357479]"
M2B,{},2,500002,inner,M3L,4,84,38,14,-7355.790577671779,-7345.676558930806,10.114018740972824,1,1,4,84,1,-2700.617362833356,-2694.5889507104835,2352,1.1,13.7,cold,extra,extra,0,84,"[-0.893622, -18.94901, 0.651278, 3.233359, 0.89598, 2.522452, -0.29122, -4.934214]","[-0.862305, -9864.342684, 0.626676, 18082.002234, 1.314243, 2.999589, -0.268355, -982.841907]"
M2B,{},2,500002,inner,M3V,4,84,38,14,-7232.588263186104,-7232.58826295471,2.313936420250684e-07,0,1,4,84,84,-2656.0603844111147,-2656.0602609410726,2352,0.8,9.6,cold,extra,extra,0,84,"[-0.903728, -18.798019, 0.660348, 3.395325, 0.811576, 2.45213, -0.582026, -0.254576]","[-0.903729, -20.643242, 0.660346, 3.39538, 0.811591, 2.452131, -0.582024, -0.254574]"
M2B,{},2,500002,outer,M2B,8,88,52,12,-9762.025428861776,-9762.025428861776,0.0,0,1,8,88,87,-2278.723209145048,-2278.723209145048,2016,0.8,2.5,cold,cold,cold:pipeline,0,88,"[2.992623, 1.533775, 2.021799, 0.141915, 0.747181, 1.00653]","[2.992623, 1.533775, 2.021799, 0.141915, 0.747181, 1.00653]"
M2B,{},2,500002,outer,M2H,8,88,52,12,-9760.381113065307,-9760.381113065017,2.892193151637912e-10,0,1,8,88,83,-2278.7431750404025,-2278.743163962662,2016,117.8,1010.6,cold,extra,extra,0,88,"[2.993314, 1.538853, 2.022013, 0.14164, 0.746316, 1.006853, -2.404359]","[2.993314, 1.538852, 2.022013, 0.14164, 0.746316, 1.006853, -2.404359]"
M2B,{},2,500002,outer,M2K,8,88,52,12,-9758.011185194357,-9758.011185109593,8.476308721583337e-08,0,1,8,88,47,-2281.070060593138,-2281.070184160773,2016,1.7,14.7,cold,challenge,challenge,1,88,"[2.982964, 1.539448, 2.094769, 0.137212, 0.796367, 1.449803, -0.805311, 0.090582]","[2.982959, 1.539446, 2.094786, 0.137215, 0.796366, 1.449812, -0.805308, 0.090566]"
M2B,{},2,500002,outer,M2S,8,88,52,12,-9762.025187621779,-9762.02518751783,1.0394978744443506e-07,0,1,8,88,87,-2278.7200173113038,-2278.7201453571292,2016,68.3,646.4,cold,extra,extra,0,88,"[2.992609, 1.533838, 2.021773, 0.141908, 0.74717, 1.006511, -5.609753]","[2.992602, 1.53384, 2.021771, 0.141908, 0.747171, 1.006508, -5.618157]"
M2B,{},2,500002,outer,M3,8,88,52,12,-9979.982482333957,-9979.982265451239,0.00021688271772291046,0,1,8,88,88,-2327.1910205611443,-2327.193928295495,2016,3.4,25.6,cold,extra,extra,0,88,"[1.999704, 42038.21946, -0.956947, -2.414431, 3.468435, 0.929849, 0.758401]","[1.999746, 49405.802563, -0.956934, -2.414052, 3.467943, 0.929941, 0.758405]"
M2B,{},2,500002,outer,M3H,8,88,52,12,-10054.700832377155,-10054.700832243274,1.3388125807978213e-07,0,1,8,88,77,-2341.861053143065,-2341.861415907225,2016,316.5,3394.3,cold,extra,extra,0,88,"[-0.889467, -89.309596, 0.648181, 3.275577, 0.953568, 2.559734, -0.293103, -2.453697]","[-0.889461, -786.094817, 0.648181, 3.275767, 0.953553, 2.559749, -0.293101, -2.453689]"
M2B,{},2,500002,outer,M3L,8,88,52,12,-10055.491442800496,-10039.820166145259,15.671276655237307,1,1,8,88,2,-2341.870446227366,-2339.8290765158868,2016,2.0,18.5,cold,challenge,challenge,0,88,"[-0.889264, -18.928548, 0.647736, 3.213456, 0.956471, 2.558971, -0.292822, -5.153114]","[-0.865476, -3819.895287, 0.628099, 8056.971318, 1.366089, 2.999429, -0.270606, -438.951843]"
M2B,{},2,500002,outer,M3V,8,88,52,12,-9887.601150443055,-9887.601150121056,3.2199932320509106e-07,0,1,8,88,88,-2299.0686707022724,-2299.068756704344,2016,1.5,12.4,cold,challenge,challenge,0,88,"[-0.898668, -19.122149, 0.656415, 3.361956, 0.866435, 2.494792, -0.580331, -0.255268]","[-0.898669, -20.383225, 0.656417, 3.361955, 0.866428, 2.494788, -0.580328, -0.255271]"
M2B,{},3,500003,inner,M2B,4,84,38,14,-7191.265479940837,-7191.265479940057,7.803464541211724e-10,0,1,4,84,80,-2627.7882690949796,-2627.7882272950837,2352,0.1,2.6,cold,extra,extra,0,84,"[2.962064, 1.408198, 2.051062, 0.147583, 0.756397, 0.994727]","[2.962064, 1.4082, 2.051061, 0.147583, 0.756397, 0.994726]"
M2B,{},3,500003,inner,M2H,4,84,38,14,-7188.550340933181,-7188.550340932408,7.73070496506989e-10,0,1,4,84,82,-2628.0791340161104,-2628.0791180319115,2352,27.2,666.5,cold,extra,extra,0,84,"[2.966196, 1.419252, 2.04969, 0.147241, 0.754998, 0.995365, -2.125008]","[2.966197, 1.419252, 2.049689, 0.147242, 0.754998, 0.995365, -2.125006]"
M2B,{},3,500003,inner,M2K,4,84,38,14,-7191.193252042654,-7191.193251634308,4.0834675019141287e-07,0,1,4,84,84,-2627.9559696647425,-2627.955881496021,2352,0.6,12.9,cold,extra,extra,1,84,"[2.957666, 1.407946, 1.915481, 0.171855, 0.834076, 0.689699, 0.411168, 0.03956]","[2.957663, 1.407974, 1.915344, 0.171886, 0.83407, 0.689663, 0.411132, 0.039706]"
M2B,{},3,500003,inner,M2S,4,84,38,14,-7191.2654806916125,-7191.2654801862445,5.053680069977418e-07,0,1,4,84,84,-2627.7881970437443,-2627.7886902299097,2352,21.6,461.2,cold,extra,extra,0,84,"[2.962058, 1.408213, 2.051052, 0.147582, 0.756398, 0.994719, -10.365327]","[2.962069, 1.408184, 2.051063, 0.147582, 0.756397, 0.994726, -11.371397]"
M2B,{},3,500003,inner,M3,4,84,38,14,-7359.09428470714,-7359.09361415352,0.0006705536197841866,0,1,4,84,84,-2707.4910951845773,-2707.4885674024295,2352,0.9,18.0,cold,extra,extra,0,84,"[1.999659, 35761.222926, -0.978959, -2.348316, 3.384003, 0.90802, 0.766287]","[1.999767, 54118.115874, -0.978934, -2.348536, 3.384235, 0.90818, 0.766286]"
M2B,{},3,500003,inner,M3H,4,84,38,14,-7416.711227070444,-7416.711225613688,1.4567558537237346e-06,0,1,4,84,58,-2733.7367047928965,-2733.736787695865,2352,96.4,1997.0,cold,extra,extra,0,84,"[-0.915594, -17.591477, 0.64858, 2.777851, 0.943819, 2.493935, -0.287672, -2.21241]","[-0.915601, -45.247546, 0.648585, 2.777841, 0.943816, 2.493934, -0.287671, -2.212523]"
M2B,{},3,500003,inner,M3L,4,84,38,14,-7417.904190418916,-7417.9041900522425,3.666737029561773e-07,0,1,4,84,84,-2733.4151033982107,-2733.4164569035097,2352,0.7,13.1,cold,challenge,challenge,0,84,"[-0.916454, -18.848794, 0.64949, 2.73262, 0.934306, 2.487153, -0.28699, -4.841081]","[-0.916461, -29.438404, 0.649498, 2.732612, 0.934256, 2.487129, -0.286992, -5.99814]"
M2B,{},3,500003,inner,M3V,4,84,38,14,-7288.290218755457,-7288.290217391732,1.3637254596687853e-06,0,1,4,84,84,-2674.8736398495307,-2674.8726039605385,2352,0.5,9.4,cold,challenge,challenge,0,84,"[-0.929998, -17.819728, 0.660349, 2.986763, 0.829166, 2.405187, -0.590583, -0.247418]","[-0.929998, -30.458958, 0.660352, 2.986497, 0.829194, 2.405204, -0.590592, -0.247427]"
M2B,{},3,500003,outer,M2B,8,88,52,12,-9818.012673113633,-9818.01267311359,4.3655745685100555e-11,0,1,8,88,88,-2295.6846849632666,-2295.684684062127,2016,0.3,3.0,cold,extra,extra,0,88,"[2.968207, 1.474368, 2.030845, 0.151212, 0.754397, 0.992751]","[2.968207, 1.474368, 2.030845, 0.151212, 0.754397, 0.992751]"
M2B,{},3,500003,outer,M2H,8,88,52,12,-9815.496855048055,-9815.496855048055,0.0,0,1,8,87,84,-2297.0601116703815,-2297.0601116703815,2016,82.6,948.0,cold,cold,cold:pipeline,0,88,"[2.97007, 1.48469, 2.029547, 0.151177, 0.753315, 0.992788, -2.253918]","[2.97007, 1.48469, 2.029547, 0.151177, 0.753315, 0.992788, -2.253918]"
M2B,{},3,500003,outer,M2K,8,88,52,12,-9817.704663884899,-9817.704663819452,6.544723873957992e-08,0,1,8,88,88,-2295.9688327066206,-2295.9687647136093,2016,1.5,17.3,cold,extra,extra,1,88,"[2.996715, 1.471352, 2.14048, 0.125891, 0.808099, 0.857278, 0.327905, -0.163092]","[2.996717, 1.471358, 2.140493, 0.125891, 0.808084, 0.857323, 0.327845, -0.163087]"
M2B,{},3,500003,outer,M2S,8,88,52,12,-9817.997446503192,-9817.997446496423,6.768459570594132e-09,0,1,8,88,87,-2295.8176802613966,-2295.8177119997335,2016,53.4,568.2,cold,challenge,challenge,0,88,"[2.968176, 1.474256, 2.03099, 0.151135, 0.754305, 0.992846, -4.578263]","[2.968176, 1.474262, 2.030988, 0.151135, 0.754305, 0.992845, -4.578345]"
M2B,{},3,500003,outer,M3,8,88,52,12,-10066.19082872083,-10066.19082872083,0.0,0,1,8,88,88,-2353.5300829278053,-2353.5300829278053,2016,2.7,28.2,cold,cold,cold:pipeline,0,88,"[1.999775, 55321.816588, -0.977237, -2.341426, 3.372044, 0.928312, 0.765927]","[1.999775, 55321.816588, -0.977237, -2.341426, 3.372044, 0.928312, 0.765927]"
M2B,{},3,500003,outer,M3H,8,88,52,12,-10148.909471236664,-10148.909471236664,0.0,0,1,8,88,22,-2378.758318766675,-2378.758318766675,2016,296.0,2868.0,cold,cold,cold:pipeline,0,88,"[-0.909073, -30.137227, 0.638839, 2.536437, 1.049928, 2.508758, -0.290095, -2.413911]","[-0.909073, -30.137227, 0.638839, 2.536437, 1.049928, 2.508758, -0.290095, -2.413911]"
M2B,{},3,500003,outer,M3L,8,88,52,12,-10149.717025364165,-10149.717024949061,4.151042958255857e-07,0,1,8,88,88,-2377.873862381647,-2377.8737924823427,2016,1.5,17.1,cold,extra,extra,0,88,"[-0.909228, -18.525781, 0.639043, 2.503137, 1.046779, 2.505898, -0.289746, -4.621265]","[-0.909223, -18.999051, 0.639038, 2.503168, 1.04679, 2.505903, -0.289745, -4.703561]"
M2B,{},3,500003,outer,M3V,8,88,52,12,-9961.981121168768,-9961.981120906354,2.6241468731313944e-07,0,1,8,88,88,-2332.766179331309,-2332.7667385342093,2016,1.3,12.4,cold,extra,extra,0,88,"[-0.92344, -21.319483, 0.650583, 2.881481, 0.89826, 2.418565, -0.599055, -0.244671]","[-0.923442, -20.466894, 0.650583, 2.881552, 0.898288, 2.418579, -0.599053, -0.244669]"
M2B,{},4,500004,inner,M2B,4,84,38,14,-7150.669567802811,-7150.669567802688,1.227817847393453e-10,0,1,4,84,81,-2649.2317337009217,-2649.2317413278183,2352,0.1,2.5,cold,extra,extra,0,84,"[3.007936, 1.387582, 2.021322, 0.160641, 0.753432, 0.989636]","[3.007936, 1.387582, 2.021322, 0.160641, 0.753432, 0.989636]"
M2B,{},4,500004,inner,M2H,4,84,38,14,-7150.669568867151,-7150.669568226665,6.404852683772333e-07,0,1,4,84,82,-2649.2319479496978,-2649.2314550710566,2352,38.6,785.5,cold,extra,extra,0,84,"[3.00792, 1.387574, 2.021332, 0.160639, 0.753434, 0.989641, -9.983646]","[3.007935, 1.387585, 2.021324, 0.160643, 0.753432, 0.989638, -10.291386]"
M2B,{},4,500004,inner,M2K,4,84,38,14,-7150.574785277859,-7150.574785264729,1.3129465514793992e-08,0,1,4,84,83,-2649.2130470649195,-2649.2130526645824,2352,0.6,11.3,cold,challenge,challenge,1,84,"[3.025079, 1.388121, 2.23827, 0.166205, 0.750137, 1.324572, -0.345921, -0.100287]","[3.025078, 1.388123, 2.238271, 0.166205, 0.750136, 1.324562, -0.3459, -0.100293]"
M2B,{},4,500004,inner,M2S,4,84,38,14,-7150.669568874677,-7150.669568034205,8.404713298659772e-07,0,1,4,84,82,-2649.231710875201,-2649.2317242936138,2352,22.1,491.4,cold,extra,extra,0,84,"[3.007938, 1.387557, 2.021333, 0.160644, 0.753433, 0.989643, -10.502753]","[3.00793, 1.387586, 2.021322, 0.160642, 0.753432, 0.989635, -11.400523]"
M2B,{},4,500004,inner,M3,4,84,38,14,-7341.029325963343,-7341.028646533578,0.0006794297651140369,0,1,4,84,84,-2738.914802027964,-2738.914889582415,2352,1.0,19.7,cold,challenge,challenge,0,84,"[1.999583, 28793.079781, -0.9545, -2.352489, 3.390866, 0.87361, 0.764132]","[1.999738, 48281.880757, -0.954489, -2.352296, 3.390708, 0.873597, 0.764123]"
M2B,{},4,500004,inner,M3H,4,84,38,14,-7401.6520628450035,-7401.652062594612,2.5039116735570133e-07,0,1,4,84,84,-2763.5107953035954,-2763.511045682337,2352,84.4,1745.1,cold,extra,extra,0,84,"[-0.892254, -18.834631, 0.639154, 2.887958, 0.874169, 2.527823, -0.287047, -20.518396]","[-0.892251, -19.715418, 0.639153, 2.888079, 0.874161, 2.527824, -0.287047, -17.18901]"
M2B,{},4,500004,inner,M3L,4,84,38,14,-7401.6520633909495,-7401.652062427346,9.63603270065505e-07,0,1,4,84,84,-2763.510298017584,-2763.5109407077266,2352,0.7,14.1,cold,extra,extra,0,84,"[-0.89225, -17.94229, 0.63915, 2.888003, 0.874191, 2.527836, -0.287047, -4.683872]","[-0.892252, -20.722506, 0.639156, 2.887998, 0.874161, 2.527825, -0.287049, -5.039146]"
M2B,{},4,500004,inner,M3V,4,84,38,14,-7248.857446655218,-7248.857446282007,3.732111508725211e-07,0,1,4,84,84,-2697.618626477471,-2697.6186684012355,2352,0.5,9.9,cold,challenge,challenge,0,84,"[-0.905325, -19.662267, 0.650116, 3.140123, 0.776786, 2.441539, -0.608589, -0.238564]","[-0.905327, -20.537378, 0.650114, 3.140138, 0.776794, 2.441517, -0.608587, -0.238559]"
M2B,{},4,500004,outer,M2B,8,88,52,12,-9798.679967412067,-9798.679967412067,0.0,0,1,8,88,87,-2200.336118234014,-2200.336118234014,2016,0.3,3.5,cold,cold,cold:pipeline,0,88,"[3.019617, 1.412951, 2.036689, 0.163009, 0.755446, 0.999625]","[3.019617, 1.412951, 2.036689, 0.163009, 0.755446, 0.999625]"
M2B,{},4,500004,outer,M2H,8,88,52,12,-9798.679968303433,-9798.679967745913,5.57520252186805e-07,0,1,8,88,87,-2200.336078015076,-2200.3356748328542,2016,116.6,1242.7,cold,challenge,challenge,0,88,"[3.019621, 1.412986, 2.036679, 0.163008, 0.755448, 0.999623, -9.834048]","[3.019618, 1.412972, 2.03669, -0.163009, -0.755446, 0.999629, -10.817631]"
M2B,{},4,500004,outer,M2K,8,88,52,12,-9798.469489585423,-9798.469489582614,2.8085196390748024e-09,0,1,8,88,86,-2200.1004815855595,-2200.1004267222816,2016,1.5,14.3,cold,extra,extra,1,88,"[3.026457, 1.413322, 2.195582, 0.166365, 0.755529, 1.337466, -0.426842, -0.039678]","[3.026456, 1.413322, 2.195587, 0.166365, 0.755529, 1.337471, -0.426845, -0.039681]"
M2B,{},4,500004,outer,M2S,8,88,52,12,-9798.67996813931,-9798.679967909306,2.3000393412075937e-07,0,1,8,88,86,-2200.335719419687,-2200.3366659368376,2016,70.3,684.1,cold,extra,extra,0,88,"[3.01961, 1.41297, 2.036678, 0.163009, 0.755446, 0.999618, -10.917439]","[3.01962, 1.412944, 2.036685, 0.163011, 0.755447, 0.999623, -11.191772]"
M2B,{},4,500004,outer,M3,8,88,52,12,-10079.06109607868,-10079.060591208716,0.0005048699640610721,0,1,8,88,88,-2270.9753003484293,-2270.9778776078174,2016,2.6,26.2,cold,extra,extra,0,88,"[1.999726, 44884.168577, -0.965947, -2.388098, 3.432407, 0.884532, 0.767053]","[1.999783, 57870.803084, -0.965943, -2.388249, 3.432621, 0.884524, 0.767053]"
M2B,{},4,500004,outer,M3H,8,88,52,12,-10163.762525590057,-10149.401528272181,14.360997317875444,1,1,8,88,1,-2291.007938145927,-2287.005456322092,2016,245.1,2641.3,cold,challenge,challenge,0,88,"[-0.898916, -18.910593, 0.641905, 2.810184, 0.940039, 2.551102, -0.28377, -16.944042]","[-0.865474, -93.152296, 0.616852, 114.749738, 1.266565, 2.974209, -0.261763, -165.005979]"
M2B,{},4,500004,outer,M3L,8,88,52,12,-10163.762525295864,-10147.224672784787,16.53785251107729,1,1,8,88,1,-2291.008291384527,-2286.3096444301686,2016,1.7,18.4,cold,extra,extra,0,88,"[-0.898913, -18.954781, 0.641903, 2.810046, 0.940066, 2.551116, -0.28377, -4.845376]","[-0.869295, -3805.233122, 0.620588, 6512.928248, 1.28588, 2.999443, -0.259603, -320.048329]"
M2B,{},4,500004,outer,M3V,8,88,52,12,-9944.999138978279,-9944.99913808328,8.949991752160713e-07,0,1,8,88,88,-2239.086521511144,-2239.0860076850267,2016,1.4,14.5,cold,extra,extra,0,88,"[-0.91254, -18.40105, 0.653058, 3.070146, 0.826946, 2.463167, -0.610296, -0.231712]","[-0.912543, -26.713526, 0.65306, 3.070211, 0.826938, 2.463157, -0.610299, -0.231713]"
M2B,{},5,500005,inner,M2B,4,84,38,14,-7194.096143122744,-7194.096143122716,2.8194335754960775e-11,0,1,4,84,80,-2603.948999005238,-2603.9490005350845,2352,0.1,3.1,cold,extra,extra,0,84,"[2.985441, 1.543572, 2.015748, 0.161264, 0.759059, 0.985844]","[2.985441, 1.543572, 2.015748, 0.161264, 0.759059, 0.985844]"
M2B,{},5,500005,inner,M2H,4,84,38,14,-7194.09614407206,-7194.096143525763,5.462970875669271e-07,0,1,4,84,82,-2603.9488154064575,-2603.9487391314606,2352,45.8,1074.8,cold,challenge,challenge,0,84,"[2.985443, 1.543552, 2.015762, 0.161263, 0.759058, 0.985846, -9.702332]","[2.98544, 1.543563, 2.015748, -0.161264, -0.759058, 0.985843, -10.005884]"
M2B,{},5,500005,inner,M2K,4,84,38,14,-7193.179118725113,-7193.179118686736,3.837703843601048e-08,0,1,4,84,83,-2604.5472904894978,-2604.547298420651,2352,0.6,14.2,cold,extra,extra,1,84,"[2.925786, 1.533452, 1.684008, 0.155959, 0.765572, 0.928782, -0.305089, 0.418553]","[2.925786, 1.533446, 1.68401, 0.155957, 0.765573, 0.928786, -0.305099, 0.41856]"
M2B,{},5,500005,inner,M2S,4,84,38,14,-7194.096144597172,-7194.0961434888595,1.108312062569894e-06,0,1,4,84,84,-2603.948421077277,-2603.9489402643176,2352,36.6,648.4,cold,challenge,challenge,0,84,"[2.985442, 1.543589, 2.015734, 0.161261, 0.759054, 0.985847, -8.952915]","[2.985445, 1.543565, 2.015747, 0.161264, 0.759058, 0.985844, -9.292572]"
M2B,{},5,500005,inner,M3,4,84,38,14,-7389.418985074579,-7389.418671385485,0.00031368909367301967,0,1,4,84,62,-2673.0631378337835,-2673.0655523361406,2352,1.3,19.8,cold,extra,extra,0,84,"[1.999668, 37664.424373, -0.970216, -2.43211, 3.474759, 0.918036, 0.769937]","[1.999749, 51060.859453, -0.970213, -2.43209, 3.474767, 0.91804, 0.769936]"
M2B,{},5,500005,inner,M3H,4,84,38,14,-7430.855602980758,-7430.855602070114,9.106433935812674e-07,0,1,4,84,84,-2703.066563711602,-2703.066775074523,2352,111.5,2234.8,cold,extra,extra,0,84,"[-0.907408, -17.618753, 0.648433, 2.773407, 0.999428, 2.558033, -0.285555, -13.375717]","[-0.907406, -18.680885, 0.648433, 2.773525, 0.999385, 2.558026, -0.28555, -15.621071]"
M2B,{},5,500005,inner,M3L,4,84,38,14,-7430.8556018254785,-7430.8556018254785,0.0,0,1,4,84,84,-2703.0673979561225,-2703.0673979561225,2352,0.9,17.2,cold,cold,cold:pipeline,0,84,"[-0.907407, -19.479065, 0.648435, 2.773576, 0.999392, 2.558035, -0.285549, -6.0315]","[-0.907407, -19.479065, 0.648435, 2.773576, 0.999392, 2.558035, -0.285549, -6.0315]"
M2B,{},5,500005,inner,M3V,4,84,38,14,-7268.97247064791,-7268.972470248638,3.992718120571226e-07,0,1,4,84,84,-2653.4592319061207,-2653.4582759733084,2352,0.6,11.9,cold,extra,extra,0,84,"[-0.918385, -18.04704, 0.663362, 3.175852, 0.843311, 2.485928, -0.609287, -0.230064]","[-0.918388, -20.725566, 0.663373, 3.175812, 0.843257, 2.485915, -0.609289, -0.230064]"
M2B,{},5,500005,outer,M2B,8,88,52,12,-9796.112287191514,-9796.112287191068,4.4565240386873484e-10,0,1,8,88,87,-2259.502298025999,-2259.5023056618816,2016,0.3,3.6,cold,extra,extra,0,88,"[2.961735, 1.447641, 2.044966, 0.158533, 0.754031, 0.994382]","[2.961734, 1.447641, 2.044966, 0.158533, 0.754031, 0.994382]"
M2B,{},5,500005,outer,M2H,8,88,52,12,-9796.112287744561,-9796.112287444605,2.9995680961292237e-07,0,1,8,88,87,-2259.5022310714876,-2259.502248959679,2016,140.4,1409.1,cold,challenge,challenge,0,88,"[2.961733, 1.44765, 2.044966, 0.158531, 0.75403, 0.994383, -10.036299]","[2.961736, 1.447646, 2.044965, 0.158533, 0.754032, 0.994382, -10.556917]"
M2B,{},5,500005,outer,M2K,8,88,52,12,-9795.542172210808,-9795.542172100179,1.1062911653425545e-07,0,1,8,88,86,-2259.312935192304,-2259.313026386644,2016,1.9,21.4,cold,extra,extra,1,88,"[2.909696, 1.440919, 1.792793, 0.150267, 0.75593, 0.995808, -0.318387, 0.321049]","[2.909702, 1.440896, 1.792817, 0.150273, 0.755927, 0.995802, -0.318338, 0.321013]"
M2B,{},5,500005,outer,M2S,8,88,52,12,-9796.05697846139,-9796.05697842926,3.213062882423401e-08,0,1,8,88,86,-2259.2773394995857,-2259.277227961024,2016,59.1,646.4,cold,extra,extra,0,88,"[2.961455, 1.447444, 2.045017, 0.158593, 0.753889, 0.994366, -4.266889]","[2.961456, 1.447452, 2.045018, 0.158592, 0.753889, 0.994368, -4.266798]"
M2B,{},5,500005,outer,M3,8,88,52,12,-10061.272483264862,-10061.271938232398,0.0005450324642879423,0,1,8,88,88,-2319.1164687517366,-2319.1159469696067,2016,3.6,32.8,cold,extra,extra,0,88,"[1.999663, 37077.528916, -0.975945, -2.379763, 3.42377, 0.907934, 0.765495]","[1.999753, 51916.91782, -0.975945, -2.379647, 3.42369, 0.907893, 0.765491]"
M2B,{},5,500005,outer,M3H,8,88,52,12,-10132.066557346956,-10132.066556492166,8.547904144506902e-07,0,1,8,88,88,-2330.471641146906,-2330.471350412899,2016,301.3,3140.6,cold,extra,extra,0,88,"[-0.915631, -18.007388, 0.650362, 2.383022, 1.009741, 2.508961, -0.295546, -17.281006]","[-0.915633, -19.050292, 0.650363, 2.382954, 1.009757, 2.508966, -0.295546, -22.993272]"
M2B,{},5,500005,outer,M3L,8,88,52,12,-10132.066556922073,-10132.066556086163,8.359093044418842e-07,0,1,8,88,88,-2330.470972043736,-2330.4712854899217,2016,2.2,21.9,cold,extra,extra,0,88,"[-0.915634, -18.390401, 0.650363, 2.382834, 1.009775, 2.508964, -0.295546, -5.113297]","[-0.915633, -20.521517, 0.650364, 2.382957, 1.00976, 2.508966, -0.295547, -5.408197]"
M2B,{},5,500005,outer,M3V,8,88,52,12,-9919.488245366298,-9919.488244976037,3.902605385519564e-07,0,1,8,88,88,-2285.350865470905,-2285.3507551224275,2016,1.7,17.1,cold,extra,extra,0,88,"[-0.93051, -18.571093, 0.667592, 2.880324, 0.823106, 2.417792, -0.620508, -0.242477]","[-0.930507, -19.265113, 0.667587, 2.88037, 0.823126, 2.417795, -0.620508, -0.242476]"
M2H,"{""tau"": 0.0}",0,500000,inner,M2B,4,84,38,14,-7046.43230503709,-7046.4323050365965,4.938556230627e-10,0,1,4,84,84,-2661.576559867881,-2661.576526357422,2352,0.4,2.4,cold,extra,extra,,,"[2.923155, 1.552644, 2.018039, 0.154141, 0.738812, 0.986357]","[2.923155, 1.552643, 2.018039, 0.154141, 0.738812, 0.986357]"
M2H,"{""tau"": 0.0}",0,500000,inner,M2H,4,84,38,14,-7046.332756999331,-7046.332756998822,5.084075382910669e-10,0,1,4,84,84,-2660.993187149079,-2660.9932415497055,2352,34.0,634.0,cold,extra,extra,,,"[2.923569, 1.552944, 2.01839, 0.154068, 0.738581, 0.986621, -3.077325]","[2.923569, 1.552945, 2.01839, 0.154068, 0.738581, 0.98662, -3.077343]"
M2H,"{""tau"": 0.0}",0,500000,inner,M2K,4,84,38,14,-7046.25407174204,-7046.254071736114,5.9253579820506275e-09,0,1,4,84,82,-2661.2921572419827,-2661.2920126155163,2352,1.1,12.1,cold,extra,extra,,,"[2.918501, 1.552412, 1.861664, 0.18541, 0.836052, 0.640198, 0.480593, 0.046277]","[2.918504, 1.552414, 1.861683, 0.185404, 0.836044, 0.64022, 0.480565, 0.046262]"
M2H,"{""tau"": 0.0}",0,500000,inner,M2S,4,84,38,14,-7046.432305843435,-7046.432305209342,6.340924301184714e-07,0,1,4,84,84,-2661.576118918218,-2661.5766034523394,2352,29.2,512.0,cold,extra,extra,,,"[2.923161, 1.552612, 2.018049, 0.154141, 0.738812, 0.986363, -10.933381]","[2.923151, 1.552627, 2.018043, 0.154142, 0.738813, 0.986356, -12.138368]"
M2H,"{""tau"": 0.0}",0,500000,inner,M3,4,84,38,14,-7241.3047406881315,-7241.304109787467,0.0006309006648734794,0,1,4,84,84,-2718.6659968653175,-2718.6561770594617,2352,1.1,17.1,cold,extra,extra,,,"[1.999645, 34071.293853, -0.96658, -2.373773, 3.392911, 0.99783, 0.752278]","[1.999762, 53107.004377, -0.966594, -2.37377, 3.392982, 0.997767, 0.752279]"
M2H,"{""tau"": 0.0}",0,500000,inner,M3H,4,84,38,14,-7287.432348344425,-7287.3202240226365,0.11212432178854215,0,1,4,84,76,-2730.1009408993827,-2729.5837931080277,2352,76.4,1408.0,cold,challenge,challenge,,,"[-0.867473, -77.490372, 0.616366, 283.789887, 1.515589, 2.977771, -0.27851, -172.883379]","[-0.866469, -93.963307, 0.616486, 380.101653, 1.499088, 2.982558, -0.277557, -159.755323]"
M2H,"{""tau"": 0.0}",0,500000,inner,M3L,4,84,38,14,-7287.146580007649,-7287.14623114323,0.0003488644197204849,0,1,4,84,75,-2728.7039319660635,-2728.6979195266745,2352,1.3,18.9,cold,extra,extra,,,"[-0.865538, -9819.753497, 0.617653, 32189.109692, 1.511535, 2.999588, -0.277463, -1131.268201]","[-0.865492, -12507.554142, 0.617636, 51730.322229, 1.511586, 2.999723, -0.277465, -1186.241991]"
M2H,"{""tau"": 0.0}",0,500000,inner,M3V,4,84,38,14,-7152.698313768806,-7152.698313768806,0.0,0,1,4,84,84,-2684.9124070231205,-2684.9124070231205,2352,0.8,9.1,cold,cold,cold:pipeline,,,"[-0.91006, -21.572331, 0.64496, 3.56385, 0.912103, 2.433495, -0.612648, -0.253474]","[-0.91006, -21.572331, 0.64496, 3.56385, 0.912103, 2.433495, -0.612648, -0.253474]"
M2H,"{""tau"": 0.0}",0,500000,outer,M2B,8,88,52,12,-9705.732359687769,-9705.732359687701,6.730260793119669e-11,0,1,8,88,88,-2317.3318648816503,-2317.331858694865,2016,0.8,2.1,cold,extra,extra,,,"[2.968051, 1.518335, 2.027496, 0.15106, 0.744337, 0.997473]","[2.968052, 1.518335, 2.027496, 0.15106, 0.744337, 0.997473]"
M2H,"{""tau"": 0.0}",0,500000,outer,M2H,8,88,52,12,-9704.822261997919,-9704.822261997662,2.5647750589996576e-10,0,1,8,87,86,-2317.125934480838,-2317.125933199128,2016,94.3,957.0,cold,extra,extra,,,"[2.969085, 1.52476, 2.026825, 0.150848, 0.743688, 0.997525, -2.545937]","[2.969086, 1.524761, 2.026824, 0.150848, 0.743688, 0.997525, -2.545936]"
M2H,"{""tau"": 0.0}",0,500000,outer,M2K,8,88,52,12,-9705.145937564728,-9705.145937518631,4.6096829464659095e-08,0,1,8,88,57,-2317.8308244430937,-2317.8304983264875,2016,1.9,17.9,cold,extra,extra,,,"[2.959416, 1.516915, 1.793529, 0.206075, 0.861174, 0.587801, 0.539849, 0.127154]","[2.959415, 1.516905, 1.793529, 0.206074, 0.861162, 0.587821, 0.539808, 0.127164]"
M2H,"{""tau"": 0.0}",0,500000,outer,M2S,8,88,52,12,-9705.73236082927,-9705.732360178337,6.509326340164989e-07,0,1,8,88,85,-2317.331998939334,-2317.3318520223115,2016,76.7,789.3,cold,extra,extra,,,"[2.968039, 1.518345, 2.027487, 0.151061, 0.744336, 0.997467, -10.688005]","[2.968052, 1.518336, 2.027496, 0.151059, 0.744337, 0.997473, -11.089473]"
M2H,"{""tau"": 0.0}",0,500000,outer,M3,8,88,52,12,-9957.919937940107,-9957.919887982596,4.9957510782405734e-05,0,1,8,88,88,-2373.3315119212843,-2373.333826531834,2016,2.9,23.5,cold,challenge,challenge,,,"[1.999749, 48709.590813, -0.963428, -2.413097, 3.449753, 0.955842, 0.756488]","[1.999753, 49796.685826, -0.963433, -2.413253, 3.44993, 0.955858, -0.75649]"
M2H,"{""tau"": 0.0}",0,500000,outer,M3H,8,88,52,12,-10016.533112515906,-10015.710352394442,0.8227601214639435,1,1,8,88,8,-2388.6432693229385,-2389.6107319436674,2016,267.5,2560.8,cold,challenge,challenge,,,"[-0.867094, -159.12801, 0.62252, 162.403824, 1.380475, 2.977167, -0.273587, -151.183327]","[-0.871933, -117.408006, 0.625672, 419.612362, 1.407609, 2.989679, -0.273542, -176.201787]"
M2H,"{""tau"": 0.0}",0,500000,outer,M3L,8,88,52,12,-10015.16538414033,-10015.162567826705,0.0028163136248622322,0,1,8,88,21,-2390.124374261325,-2390.154209328201,2016,2.4,21.3,cold,extra,extra,,,"[-0.871047, -3188.660583, 0.623395, 12335.186239, 1.440809, 2.999554, -0.272846, -366.878811]","[-0.871143, -8998.656575, 0.623408, 14320.720196, 1.442276, 2.999615, -0.272933, -1615.030066]"
M2H,"{""tau"": 0.0}",0,500000,outer,M3V,8,88,52,12,-9835.428029307634,-9835.428029307634,0.0,0,1,8,88,88,-2338.772485130496,-2338.772485130496,2016,1.7,13.3,cold,cold,cold:pipeline,,,"[-0.908057, -19.382799, 0.650792, 3.3109, 0.904589, 2.47545, -0.606108, -0.250938]","[-0.908057, -19.382799, 0.650792, 3.3109, 0.904589, 2.47545, -0.606108, -0.250938]"
M2H,"{""tau"": 0.0}",1,500001,inner,M2B,4,84,38,14,-7203.854899576378,-7203.854899576261,1.1641532182693481e-10,0,1,4,84,83,-2609.1176472303937,-2609.117649747544,2352,0.1,2.2,cold,extra,extra,,,"[3.033959, 1.412983, 2.008792, 0.168297, 0.760644, 0.990961]","[3.033959, 1.412984, 2.008792, 0.168297, 0.760644, 0.990961]"
M2H,"{""tau"": 0.0}",1,500001,inner,M2H,4,84,38,14,-7203.854900235896,-7203.854899742422,4.934736352879554e-07,0,1,4,84,79,-2609.117546350423,-2609.1179034566107,2352,37.9,839.5,cold,extra,extra,,,"[3.033964, 1.41298, 2.008797, 0.168297, 0.760644, 0.990964, -9.947042]","[3.033964, 1.412986, 2.00879, 0.168297, 0.760644, 0.990961, -10.951773]"
M2H,"{""tau"": 0.0}",1,500001,inner,M2K,4,84,38,14,-7203.121911167926,-7203.121911134909,3.301647666376084e-08,0,1,4,84,79,-2608.448926059971,-2608.4493393335893,2352,0.5,9.8,cold,extra,extra,,,"[3.088707, 1.409806, 2.187908, 0.123143, 0.834011, 0.856353, 0.392817, -0.247174]","[3.088714, 1.409803, 2.187913, 0.123145, 0.834006, 0.856368, 0.3928, -0.247171]"
M2H,"{""tau"": 0.0}",1,500001,inner,M2S,4,84,38,14,-7203.854900546941,-7203.854899799306,7.476355676772073e-07,0,1,4,84,84,-2609.117427957021,-2609.1169822444062,2352,22.0,462.6,cold,extra,extra,,,"[3.033959, 1.413011, 2.008784, 0.168297, 0.760644, 0.990959, -10.644328]","[3.033952, 1.412988, 2.008793, 0.168296, 0.760643, 0.99096, -11.722561]"
M2H,"{""tau"": 0.0}",1,500001,inner,M3,4,84,38,14,-7413.11326662369,-7413.11215249761,0.0011141260802105535,0,1,4,84,75,-2662.966425226468,-2662.9689033390496,2352,0.8,16.4,cold,challenge,challenge,,,"[1.999619, 30859.486384, -0.95089, -2.358381, 3.394808, 0.875947, 0.772791]","[1.999769, 53908.842654, -0.950878, -2.357944, 3.394309, 0.875976, 0.77279]"
M2H,"{""tau"": 0.0}",1,500001,inner,M3H,4,84,38,14,-7462.031346155782,-7459.650832950165,2.3805132056168077,1,1,4,84,1,-2688.376571902179,-2687.015831158935,2352,80.1,1646.5,cold,extra,extra,,,"[-0.888612, -18.538978, 0.631337, 2.647112, 0.953169, 2.548296, -0.280633, -21.954242]","[-0.85268, -91.333873, 0.606602, 339.113667, 1.30753, 2.992562, -0.255496, -161.319066]"
M2H,"{""tau"": 0.0}",1,500001,inner,M3L,4,84,38,14,-7462.03134573958,-7462.0313455785945,1.6098510968731716e-07,0,1,4,84,84,-2688.376235976232,-2688.3769158882023,2352,0.6,12.7,cold,extra,extra,,,"[-0.8886, -18.64785, 0.631326, 2.647147, 0.953209, 2.548295, -0.280634, -4.71408]","[-0.888603, -19.133917, 0.63133, 2.647066, 0.953205, 2.548299, -0.28063, -4.92868]"
M2H,"{""tau"": 0.0}",1,500001,inner,M3V,4,84,38,14,-7297.028497350933,-7297.028497177011,1.7392267182003707e-07,0,1,4,84,84,-2645.0117013417307,-2645.0119700875152,2352,0.5,9.2,cold,extra,extra,,,"[-0.906525, -18.802399, 0.645784, 2.823384, 0.825777, 2.447922, -0.616965, -0.227162]","[-0.906519, -21.90512, 0.645779, 2.823475, 0.825809, 2.44794, -0.616956, -0.227159]"
M2H,"{""tau"": 0.0}",1,500001,outer,M2B,8,88,52,12,-9810.859121463494,-9810.859121463473,2.1827872842550278e-11,0,1,8,88,86,-2233.2757894188244,-2233.275785643511,2016,0.3,3.5,cold,extra,extra,,,"[3.003219, 1.431016, 2.028351, 0.158782, 0.754707, 0.998925]","[3.003219, 1.431016, 2.028351, 0.158782, 0.754707, 0.998925]"
M2H,"{""tau"": 0.0}",1,500001,outer,M2H,8,88,52,12,-9810.859122423895,-9810.859122088239,3.3565629564691335e-07,0,1,8,88,86,-2233.2754107890596,-2233.275793238026,2016,112.6,1220.8,cold,extra,extra,,,"[3.00321, 1.431, 2.028361, 0.158781, 0.754706, 0.998928, -9.867742]","[3.003217, 1.431012, 2.028353, 0.158782, 0.754707, 0.998926, -10.042547]"
M2H,"{""tau"": 0.0}",1,500001,outer,M2K,8,88,52,12,-9809.40204163491,-9809.402041558726,7.618473318871111e-08,0,1,8,88,88,-2233.6097222956314,-2233.6098746883717,2016,1.5,16.3,cold,extra,extra,,,"[3.066061, 1.427922, 2.251876, 0.106419, 0.827961, 0.886126, 0.401248, -0.279403]","[3.066051, 1.427931, 2.251858, 0.106419, 0.827968, 0.886098, 0.401273, -0.279404]"
M2H,"{""tau"": 0.0}",1,500001,outer,M2S,8,88,52,12,-9810.859122366226,-9810.859122077081,2.891447365982458e-07,0,1,8,88,87,-2233.276246832243,-2233.2758593948042,2016,67.9,690.3,cold,extra,extra,,,"[3.003228, 1.431008, 2.028348, 0.158784, 0.754708, 0.998924, -10.603947]","[3.00322, 1.431026, 2.028347, 0.158782, 0.754707, 0.998924, -10.762467]"
M2H,"{""tau"": 0.0}",1,500001,outer,M3,8,88,52,12,-10074.143536768175,-10074.142715842923,0.0008209252519009169,0,1,8,88,88,-2289.699237209892,-2289.6991340529926,2016,2.5,26.0,cold,challenge,challenge,,,"[1.99967, 36501.846113, -0.962334, -2.359979, 3.401902, 0.896678, 0.76662]","[1.999759, 51426.478293, -0.962334, -2.359838, 3.401759, 0.896696, 0.766621]"
M2H,"{""tau"": 0.0}",1,500001,outer,M3H,8,88,52,12,-10148.299116598493,-10144.717007132433,3.5821094660605013,1,1,8,88,1,-2310.0309239190474,-2309.735249535363,2016,264.8,2592.6,cold,challenge,challenge,,,"[-0.90306, -19.206249, 0.644753, 2.728253, 0.932015, 2.50814, -0.287712, -25.360498]","[-0.859243, -104.873171, 0.616784, 222.549457, 1.311178, 2.986806, -0.262352, -156.540126]"
M2H,"{""tau"": 0.0}",1,500001,outer,M3L,8,88,52,12,-10148.299116853177,-10148.299116430917,4.222602001391351e-07,0,1,8,88,88,-2310.0313368382594,-2310.0309657520584,2016,1.8,17.2,cold,extra,extra,,,"[-0.903054, -18.863947, 0.644747, 2.728253, 0.932016, 2.508127, -0.287711, -4.792839]","[-0.903063, -19.563873, 0.644754, 2.728297, 0.932006, 2.508133, -0.287712, -4.679541]"
M2H,"{""tau"": 0.0}",1,500001,outer,M3V,8,88,52,12,-9939.291725207406,-9939.291725207406,0.0,0,1,8,88,88,-2264.4417768845487,-2264.4417768845487,2016,1.4,13.7,cold,cold,cold:pipeline,,,"[-0.921713, -20.62453, 0.658839, 2.90684, 0.813752, 2.405741, -0.61639, -0.240766]","[-0.921713, -20.62453, 0.658839, 2.90684, 0.813752, 2.405741, -0.61639, -0.240766]"
M2H,"{""tau"": 0.0}",2,500002,inner,M2B,4,84,38,14,-7149.365941867206,-7149.365941867183,2.2737367544323206e-11,0,1,4,84,84,-2649.4585284810296,-2649.4585240497613,2352,0.1,2.5,cold,extra,extra,0,84,"[2.998889, 1.533041, 2.027541, 0.167314, 0.752084, 1.012051]","[2.998889, 1.533041, 2.027541, 0.167314, 0.752084, 1.012051]"
M2H,"{""tau"": 0.0}",2,500002,inner,M2H,4,84,38,14,-7149.365943044872,-7149.365942118177,9.266950655728579e-07,0,1,4,83,80,-2649.4585201862437,-2649.4586939272003,2352,40.0,865.7,cold,extra,extra,0,84,"[2.998882, 1.533062, 2.027539, 0.167312, 0.752084, 1.01205, -9.607079]","[2.998888, 1.533055, 2.027536, 0.167314, 0.752084, 1.012049, -10.540887]"
M2H,"{""tau"": 0.0}",2,500002,inner,M2K,4,84,38,14,-7145.075746061361,-7145.075746060321,1.04046193882823e-09,0,1,4,84,83,-2651.0397582741934,-2651.039790277769,2352,0.6,14.1,cold,challenge,challenge,1,84,"[3.009214, 1.529266, 2.344012, 0.193047, 0.78976, 1.620784, -0.767351, -0.116043]","[3.009214, 1.529264, 2.344014, 0.193048, 0.789761, 1.620786, -0.767353, -0.116044]"
M2H,"{""tau"": 0.0}",2,500002,inner,M2S,4,84,38,14,-7149.365943610932,-7149.365942306951,1.3039807527093217e-06,0,1,4,84,82,-2649.456747959397,-2649.4588019858306,2352,26.2,498.6,cold,extra,extra,0,84,"[2.998878, 1.532992, 2.027541, 0.167308, 0.752084, 1.01205, -9.826589]","[2.99888, 1.53305, 2.027536, 0.167316, 0.752085, 1.012046, -10.20315]"
M2H,"{""tau"": 0.0}",2,500002,inner,M3,4,84,38,14,-7381.929726396027,-7372.798239318778,9.131487077249403,1,1,4,84,7,-2727.404300467961,-2711.61828073193,2352,0.4,8.3,cold,extra,extra,0,84,"[2.076612, 1.758103, -0.909632, -1.912608, 2.954622, 0.99726, 0.745993]","[1.999701, 39124.005176, -0.954383, -2.436788, 3.488025, 0.948264, 0.767933]"
M2H,"{""tau"": 0.0}",2,500002,inner,M3H,4,84,38,14,-7407.153104018627,-7407.153103558485,4.6014247345738113e-07,0,1,4,84,84,-2742.9386148878048,-2742.9384943792397,2352,86.7,1730.8,cold,extra,extra,0,84,"[-0.896195, -18.366198, 0.641459, 2.304591, 1.192453, 2.563194, -0.297793, -27.682749]","[-0.896198, -19.782212, 0.641461, 2.304584, 1.192428, 2.563181, -0.297795, -29.55215]"
M2H,"{""tau"": 0.0}",2,500002,inner,M3L,4,84,38,14,-7407.153104071016,-7407.153103487886,5.831298039993271e-07,0,1,4,84,84,-2742.9383714425458,-2742.938236924329,2352,0.6,12.7,cold,challenge,challenge,0,84,"[-0.896197, -18.305744, 0.641457, 2.304688, 1.192443, 2.563192, -0.297793, -5.022053]","[-0.896196, -20.654148, 0.641459, 2.30469, 1.192419, 2.563187, -0.297794, -6.178683]"
M2H,"{""tau"": 0.0}",2,500002,inner,M3V,4,84,38,14,-7245.369250477438,-7245.369250477438,0.0,0,1,4,84,84,-2704.8040885785335,-2704.8040885785335,2352,0.5,8.9,cold,cold,cold:pipeline,0,84,"[-0.907717, -21.304367, 0.652797, 2.914169, 0.966496, 2.482761, -0.620884, -0.236028]","[-0.907717, -21.304367, 0.652797, 2.914169, 0.966496, 2.482761, -0.620884, -0.236028]"
M2H,"{""tau"": 0.0}",2,500002,outer,M2B,8,88,52,12,-9797.89337527426,-9797.893375274154,1.0550138540565968e-10,0,1,8,88,87,-2247.0384751597007,-2247.038473603078,2016,0.3,3.0,cold,extra,extra,0,88,"[2.994178, 1.488877, 2.038046, 0.160253, 0.752543, 1.013229]","[2.994178, 1.488877, 2.038046, 0.160253, 0.752543, 1.013229]"
M2H,"{""tau"": 0.0}",2,500002,outer,M2H,8,88,52,12,-9797.893375936268,-9797.893375936268,0.0,0,1,8,88,83,-2247.0383711326717,-2247.0383711326717,2016,113.1,1198.5,cold,cold,cold:pipeline,0,88,"[2.994178, 1.488873, 2.038051, 0.160251, 0.752543, 1.013234, -10.009334]","[2.994178, 1.488873, 2.038051, 0.160251, 0.752543, 1.013234, -10.009334]"
M2H,"{""tau"": 0.0}",2,500002,outer,M2K,8,88,52,12,-9794.763551904554,-9794.763551560925,3.4362892620265484e-07,0,1,8,88,55,-2246.786823974102,-2246.786885838587,2016,1.6,17.2,cold,extra,extra,1,88,"[3.004679, 1.487001, 2.306836, 0.179426, 0.782216, 1.55377, -0.686872, -0.090145]","[3.004676, 1.486991, 2.30684, 0.179426, 0.782211, 1.553758, -0.686855, -0.090148]"
M2H,"{""tau"": 0.0}",2,500002,outer,M2S,8,88,52,12,-9797.893376293925,-9797.893375635213,6.587124516954646e-07,0,1,8,88,88,-2247.038514695136,-2247.0386822363757,2016,70.3,734.5,cold,extra,extra,0,88,"[2.994172, 1.488859, 2.038046, 0.160252, 0.752544, 1.013221, -9.585133]","[2.994176, 1.48886, 2.038049, 0.160254, 0.752544, 1.013229, -10.157604]"
M2H,"{""tau"": 0.0}",2,500002,outer,M3,8,88,52,12,-10084.099856917137,-10084.098386388823,0.001470528313802788,0,1,8,88,59,-2295.5804218405174,-2295.5815946515504,2016,1.6,23.1,cold,challenge,challenge,0,88,"[1.999608, 29558.883632, -0.959373, -2.40862, 3.458019, 0.937959, 0.767495]","[1.999727, 43748.874015, -0.959362, -2.408117, 3.457469, 0.93794, 0.767495]"
M2H,"{""tau"": 0.0}",2,500002,outer,M3H,8,88,52,12,-10149.503778008231,-10142.047087858187,7.456690150043869,1,1,8,88,1,-2315.430394161626,-2309.157654595973,2016,259.1,2675.5,cold,challenge,challenge,0,88,"[-0.894842, -18.48748, 0.639606, 2.448987, 1.129931, 2.555573, -0.291789, -23.959179]","[-0.864493, -103.048277, 0.621785, 102.386505, 1.459148, 2.972628, -0.263043, -146.926663]"
M2H,"{""tau"": 0.0}",2,500002,outer,M3L,8,88,52,12,-10149.50377785863,-10149.503777657523,2.011074684560299e-07,0,1,8,88,88,-2315.4303369575837,-2315.4302194790534,2016,1.7,17.9,cold,extra,extra,0,88,"[-0.894841, -19.356572, 0.639609, 2.448841, 1.129915, 2.555568, -0.291792, -5.454402]","[-0.894833, -19.616254, 0.639602, 2.449112, 1.129933, 2.555584, -0.291788, -5.482708]"
M2H,"{""tau"": 0.0}",2,500002,outer,M3V,8,88,52,12,-9949.014662995545,-9949.014662443991,5.515539669431746e-07,0,1,8,88,88,-2278.9698918340373,-2278.9704430975107,2016,1.4,14.3,cold,extra,extra,0,88,"[-0.905702, -19.199349, 0.649934, 2.920778, 0.95034, 2.478552, -0.602042, -0.239009]","[-0.905711, -19.314038, 0.649942, 2.920773, 0.950293, 2.478516, -0.602047, -0.239008]"
M2H,"{""tau"": 0.0}",3,500003,inner,M2B,4,84,38,14,-7171.4953037540145,-7171.495303752519,1.495209289714694e-09,0,1,4,84,82,-2652.2746229771756,-2652.2746260001704,2352,0.1,2.4,cold,extra,extra,0,84,"[2.993763, 1.654584, 1.947951, 0.161731, 0.755836, 0.958832]","[2.993763, 1.654583, 1.947952, 0.161731, 0.755836, 0.958832]"
M2H,"{""tau"": 0.0}",3,500003,inner,M2H,4,84,38,14,-7171.462769038602,-7171.462769021291,1.7311322153545916e-08,0,1,4,84,82,-2652.2638601398526,-2652.2638478129784,2352,30.4,597.1,cold,extra,extra,0,84,"[2.994225, 1.655307, 1.94802, 0.161689, 0.755706, 0.958987, -3.353756]","[2.994224, 1.655305, 1.948018, 0.161689, 0.755706, 0.958985, -3.353466]"
M2H,"{""tau"": 0.0}",3,500003,inner,M2K,4,84,38,14,-7171.128698073412,-7171.128697986012,8.739971235627308e-08,0,1,4,84,83,-2653.141378989322,-2653.1417418728884,2352,0.5,10.9,cold,extra,extra,1,84,"[2.994987, 1.655367, 1.831434, 0.1833, 0.868021, 0.602103, 0.519294, -0.009261]","[2.994994, 1.655382, 1.831438, 0.1833, 0.868022, 0.602106, 0.5193, -0.009265]"
M2H,"{""tau"": 0.0}",3,500003,inner,M2S,4,84,38,14,-7171.018450189129,-7171.0184501891235,5.4569682106375694e-12,0,1,4,84,83,-2652.28219220562,-2652.2822539305985,2352,15.6,332.4,cold,extra,extra,0,84,"[2.993524, 1.651649, 1.948164, 0.161949, 0.755308, 0.958886, -3.600824]","[2.993525, 1.651651, 1.948163, 0.16195, 0.755308, 0.958886, -3.600819]"
M2H,"{""tau"": 0.0}",3,500003,inner,M3,4,84,38,14,-7367.273694726834,-7367.273053215555,0.0006415112793547451,0,1,4,84,84,-2694.196758693155,-2694.1969081759594,2352,1.0,18.7,cold,extra,extra,0,84,"[1.999705, 39615.358613, -0.945108, -2.409414, 3.409531, 0.978907, 0.76727]","[1.999791, 57349.520972, -0.945109, -2.409155, 3.409235, 0.978963, 0.76727]"
M2H,"{""tau"": 0.0}",3,500003,inner,M3H,4,84,38,14,-7410.264598715941,-7405.172298943343,5.0922997725983805,1,1,4,84,1,-2713.6548211702284,-2720.4276280158065,2352,88.4,1737.2,cold,challenge,challenge,0,84,"[-0.88679, -18.470903, 0.613906, 2.829041, 1.126142, 2.565464, -0.28634, -19.95623]","[-0.862554, -40.571488, 0.589404, 22.833291, 1.519791, 2.883516, -0.267129, -152.53088]"
M2H,"{""tau"": 0.0}",3,500003,inner,M3L,4,84,38,14,-7410.264598620208,-7397.139965542855,13.124633077352883,1,1,4,84,1,-2713.6551901542084,-2717.8724808598586,2352,0.7,13.3,cold,challenge,challenge,0,84,"[-0.886781, -18.575549, 0.613904, 2.829257, 1.126139, 2.565497, -0.286342, -4.856937]","[-0.864676, -9647.57621, 0.597435, 20704.197452, 1.565105, 2.999614, -0.260267, -822.601806]"
M2H,"{""tau"": 0.0}",3,500003,inner,M3V,4,84,38,14,-7250.1723874940535,-7250.172387070243,4.2381088860565796e-07,0,1,4,84,84,-2682.0028131455683,-2682.0033258729645,2352,0.4,9.4,cold,extra,extra,0,84,"[-0.899472, -18.052772, 0.626309, 3.230267, 0.945713, 2.479096, -0.610492, -0.229529]","[-0.899472, -18.952491, 0.626308, 3.230361, 0.945709, 2.479091, -0.610493, -0.229526]"
M2H,"{""tau"": 0.0}",3,500003,outer,M2B,8,88,52,12,-9821.395986518372,-9821.395986518284,8.731149137020111e-11,0,1,8,88,88,-2294.7756338121826,-2294.775636447252,2016,0.3,2.8,cold,extra,extra,0,88,"[2.991126, 1.544895, 1.982625, 0.153156, 0.754399, 0.978979]","[2.991127, 1.544895, 1.982625, 0.153156, 0.754399, 0.978979]"
M2H,"{""tau"": 0.0}",3,500003,outer,M2H,8,88,52,12,-9821.364179511585,-9821.364179507062,4.523826646618545e-09,0,1,8,87,84,-2294.80710792962,-2294.807136047646,2016,93.9,1043.3,cold,extra,extra,0,88,"[2.991357, 1.545298, 1.982703, 0.153154, 0.754292, 0.979074, -3.408397]","[2.991353, 1.545298, 1.982703, 0.153154, 0.754292, 0.979073, -3.408381]"
M2H,"{""tau"": 0.0}",3,500003,outer,M2K,8,88,52,12,-9821.306602125718,-9821.306601975259,1.5045952750369906e-07,0,1,8,88,88,-2294.8602364186945,-2294.8600669725643,2016,1.4,15.1,cold,challenge,challenge,1,88,"[2.965724, 1.542865, 1.832209, 0.154183, 0.749745, 0.986889, -0.186199, 0.178668]","[2.965718, 1.542862, 1.832116, 0.154197, 0.749749, 0.986754, -0.186049, 0.178724]"
M2H,"{""tau"": 0.0}",3,500003,outer,M2S,8,88,52,12,-9820.959015719003,-9820.959015717446,1.5570549294352531e-09,0,1,8,88,88,-2294.6968003313814,-2294.6968317632623,2016,45.0,513.8,cold,challenge,challenge,0,88,"[2.991082, 1.543648, 1.982384, 0.153338, 0.754002, 0.978692, -3.715518]","[2.991082, 1.543648, 1.982384, 0.153338, 0.754002, 0.978692, -3.715507]"
M2H,"{""tau"": 0.0}",3,500003,outer,M3,8,88,52,12,-10060.135208340063,-10060.134892444654,0.00031589540958520956,0,1,8,88,88,-2371.465155764199,-2371.465603720955,2016,2.6,27.2,cold,extra,extra,0,88,"[1.999735, 45226.231847, -0.947834, -2.382745, 3.404651, 0.943336, 0.765393]","[1.99977, 52785.536828, -0.947834, -2.382623, 3.404515, 0.943344, 0.765393]"
M2H,"{""tau"": 0.0}",3,500003,outer,M3H,8,88,52,12,-10122.217740229426,-10114.488173458536,7.729566770889505,1,1,8,88,1,-2383.8606797554808,-2379.5889428680553,2016,267.8,2568.7,cold,challenge,challenge,0,88,"[-0.891321, -18.53469, 0.629053, 2.729617, 1.026437, 2.532904, -0.290566, -24.654693]","[-0.855031, -57.62039, 0.606184, 227.136321, 1.384358, 2.984652, -0.262479, -165.258754]"
M2H,"{""tau"": 0.0}",3,500003,outer,M3L,8,88,52,12,-10122.217740991066,-10122.217739931857,1.0592084436211735e-06,0,1,8,88,88,-2383.860372221888,-2383.860635193263,2016,1.8,17.5,cold,extra,extra,0,88,"[-0.891314, -17.882888, 0.629048, 2.729445, 1.026469, 2.532909, -0.29057, -4.774973]","[-0.891317, -18.95327, 0.629051, 2.72959, 1.026435, 2.532904, -0.290568, -4.995463]"
M2H,"{""tau"": 0.0}",3,500003,outer,M3V,8,88,52,12,-9929.781958770436,-9929.781958770436,0.0,0,1,8,88,88,-2321.1833433370975,-2321.1833433370975,2016,1.3,13.7,cold,cold,cold:pipeline,0,88,"[-0.904095, -19.623682, 0.640475, 3.066872, 0.885398, 2.449737, -0.599956, -0.242492]","[-0.904095, -19.623682, 0.640475, 3.066872, 0.885398, 2.449737, -0.599956, -0.242492]"
M2H,"{""tau"": 0.0}",4,500004,inner,M2B,4,84,38,14,-7115.061613754227,-7115.061613754143,8.458300726488233e-11,0,1,4,84,81,-2691.2664124775524,-2691.2664132285145,2352,0.1,2.6,cold,extra,extra,0,84,"[3.017302, 1.567384, 1.989999, 0.157359, 0.749422, 0.980966]","[3.017302, 1.567384, 1.989999, 0.157359, 0.749422, 0.980966]"
M2H,"{""tau"": 0.0}",4,500004,inner,M2H,4,84,38,14,-7115.061614926981,-7115.0616139353815,9.915993359754793e-07,0,1,4,83,81,-2691.265792123643,-2691.2665792698026,2352,39.7,842.3,cold,extra,extra,0,84,"[3.017284, 1.567349, 1.99, 0.15736, 0.749423, 0.980958, -9.155032]","[3.017303, 1.567387, 1.989992, 0.157358, 0.749422, 0.980963, -10.538029]"
M2H,"{""tau"": 0.0}",4,500004,inner,M2K,4,84,38,14,-7113.393309543293,-7113.168373591369,0.22493595192372595,0,1,4,84,37,-2692.0548596395274,-2691.9595570659963,2352,0.6,15.1,cold,extra,extra,1,84,"[3.137835, 1.57369, 2.527601, 0.095709, 0.800242, 1.194481, 0.206051, -0.421435]","[3.043246, 1.579127, 2.431791, 0.183911, 0.761176, 1.505016, -0.416093, -0.263199]"
M2H,"{""tau"": 0.0}",4,500004,inner,M2S,4,84,38,14,-7114.340008875648,-7114.340008873536,2.1118466975167394e-09,0,1,4,84,83,-2691.7410049446707,-2691.7409644324393,2352,17.9,417.7,cold,challenge,challenge,0,84,"[3.016402, 1.567625, 1.989691, 0.157565, 0.748797, 0.980537, -3.498963]","[3.016401, 1.567623, 1.989693, 0.157565, 0.748796, 0.980538, -3.498974]"
M2H,"{""tau"": 0.0}",4,500004,inner,M3,4,84,38,14,-7307.02341920415,-7301.748901629531,5.274517574618585,1,1,4,84,5,-2756.0845685093373,-2745.1011766025304,2352,0.5,10.0,cold,extra,extra,0,84,"[2.052389, 1.440552, -0.905701, -1.942196, 2.968144, 0.995518, 0.730261]","[1.999664, 34958.46927, -0.954745, -2.44933, 3.481803, 0.92727, 0.759434]"
M2H,"{""tau"": 0.0}",4,500004,inner,M3H,4,84,38,14,-7334.611064108104,-7334.61106351994,5.881638571736403e-07,0,1,4,84,84,-2766.0247005928736,-2766.025653163568,2352,107.3,2126.4,cold,extra,extra,0,84,"[-0.903048, -18.3903, 0.635179, 1.966361, 1.218239, 2.571706, -0.317841, -31.283805]","[-0.903046, -20.923725, 0.63518, 1.966297, 1.21825, 2.571716, -0.317844, -32.652237]"
M2H,"{""tau"": 0.0}",4,500004,inner,M3L,4,84,38,14,-7334.611064247212,-7334.611063466853,7.803591870469972e-07,0,1,4,84,84,-2766.0258378315193,-2766.0255157280826,2352,0.8,16.0,cold,extra,extra,0,84,"[-0.903045, -18.13493, 0.635178, 1.96634, 1.218283, 2.571725, -0.317844, -5.037863]","[-0.903049, -20.079527, 0.635182, 1.9663, 1.218258, 2.571711, -0.317844, -5.281173]"
M2H,"{""tau"": 0.0}",4,500004,inner,M3V,4,84,38,14,-7182.110525455446,-7182.110525011796,4.4364969653543085e-07,0,1,4,84,84,-2722.616428638932,-2722.617197839889,2352,0.6,11.6,cold,extra,extra,0,84,"[-0.913483, -18.88641, 0.65159, 2.974926, 0.884629, 2.487932, -0.62811, -0.248271]","[-0.91348, -22.087998, 0.651586, 2.975022, 0.884639, 2.487931, -0.628116, -0.248268]"
M2H,"{""tau"": 0.0}",4,500004,outer,M2B,8,88,52,12,-9805.084339930545,-9805.084339930396,1.4915713109076023e-10,0,1,8,88,87,-2191.398986103065,-2191.3989929885156,2016,0.3,3.1,cold,extra,extra,0,88,"[2.998538, 1.539051, 2.004239, 0.153715, 0.755099, 0.979753]","[2.998538, 1.53905, 2.004239, 0.153715, 0.755099, 0.979753]"
M2H,"{""tau"": 0.0}",4,500004,outer,M2H,8,88,52,12,-9805.084340757485,-9805.084340335838,4.2164720071014017e-07,0,1,8,88,87,-2191.398991868999,-2191.398998399134,2016,115.3,1161.0,cold,extra,extra,0,88,"[2.998541, 1.539048, 2.004235, 0.153716, 0.755099, 0.97975, -9.023821]","[2.998544, 1.53904, 2.004241, 0.153715, 0.755099, 0.979755, -9.495897]"
M2H,"{""tau"": 0.0}",4,500004,outer,M2K,8,88,52,12,-9803.673452496307,-9803.673452481904,1.4402758097276092e-08,0,1,8,88,33,-2190.9653882638663,-2190.965450600884,2016,1.5,17.8,cold,challenge,challenge,1,88,"[3.02455, 1.546052, 2.390662, -0.173699, -0.762464, 1.447832, -0.381109, -0.224065]","[3.024553, 1.546053, 2.390676, 0.173697, 0.762463, 1.447826, -0.381081, -0.224075]"
M2H,"{""tau"": 0.0}",4,500004,outer,M2S,8,88,52,12,-9804.798052479573,-9804.798052471015,8.558345143683255e-09,0,1,8,88,86,-2190.8231812714725,-2190.8232443405386,2016,47.7,497.0,cold,extra,extra,0,88,"[2.99843, 1.538941, 2.004351, 0.153795, 0.754751, 0.979827, -3.817004]","[2.998431, 1.538937, 2.004352, 0.153796, 0.754751, 0.979829, -3.817023]"
M2H,"{""tau"": 0.0}",4,500004,outer,M3,8,88,52,12,-10046.338320805728,-10046.337506876018,0.0008139297096931841,0,1,8,88,12,-2244.7001075635885,-2244.699097394875,2016,1.3,14.1,cold,extra,extra,0,88,"[1.9996, 29461.122671, -0.963223, -2.445302, 3.474895, 0.93089, 0.764187]","[1.999724, 44211.728973, -0.96323, -2.445086, 3.474644, 0.930977, 0.764185]"
M2H,"{""tau"": 0.0}",4,500004,outer,M3H,8,88,52,12,-10098.753284533732,-10098.753284533732,0.0,0,1,8,88,88,-2255.950482857248,-2255.950482857248,2016,271.7,2584.7,cold,cold,cold:pipeline,0,88,"[-0.912475, -22.064809, 0.641156, 2.254116, 1.10417, 2.547338, -0.303442, -28.847899]","[-0.912475, -22.064809, 0.641156, 2.254116, 1.10417, 2.547338, -0.303442, -28.847899]"
M2H,"{""tau"": 0.0}",4,500004,outer,M3L,8,88,52,12,-10098.753284965136,-10098.753284715109,2.5002736947499216e-07,0,1,8,88,88,-2255.950464038056,-2255.9504868128915,2016,2.1,19.5,cold,extra,extra,0,88,"[-0.912477, -18.583536, 0.641159, 2.254119, 1.104161, 2.547335, -0.303444, -5.119405]","[-0.912474, -19.552175, 0.641155, 2.25414, 1.104175, 2.547343, -0.303443, -5.178605]"
M2H,"{""tau"": 0.0}",4,500004,outer,M3V,8,88,52,12,-9902.974548040032,-9902.974547839167,2.008655428653583e-07,0,1,8,88,88,-2216.1812467996324,-2216.1809341496282,2016,1.4,15.3,cold,challenge,challenge,0,88,"[-0.920654, -21.881925, 0.655657, 3.106674, 0.860569, 2.472948, -0.606524, -0.243761]","[-0.920653, -20.848037, 0.655652, 3.106751, 0.860599, 2.472942, -0.606524, -0.243763]"
M2H,"{""tau"": 0.0}",5,500005,inner,M2B,4,84,38,14,-7186.755744502728,-7186.755744502728,0.0,0,1,4,84,83,-2597.06855117628,-2597.06855117628,2352,0.1,3.1,cold,cold,cold:pipeline,0,84,"[3.005138, 1.602081, 1.994102, 0.146861, 0.755616, 0.98538]","[3.005138, 1.602081, 1.994102, 0.146861, 0.755616, 0.98538]"
M2H,"{""tau"": 0.0}",5,500005,inner,M2H,4,84,38,14,-7186.718724304414,-7186.718724304414,0.0,0,1,4,83,81,-2596.9555971164123,-2596.9555971164123,2352,34.8,769.3,cold,cold,cold:pipeline,0,84,"[3.005187, 1.602149, 1.994358, 0.146832, 0.755471, 0.985503, -3.287521]","[3.005187, 1.602149, 1.994358, 0.146832, 0.755471, 0.985503, -3.287521]"
M2H,"{""tau"": 0.0}",5,500005,inner,M2K,4,84,38,14,-7185.820690118888,-7185.820689889207,2.2968106350162998e-07,0,1,4,84,17,-2597.292316504645,-2597.2923654398032,2352,0.6,13.6,cold,extra,extra,1,84,"[3.025795, 1.607652, 2.386312, 0.170614, 0.766443, 1.470666, -0.4037, -0.230233]","[3.025797, 1.60766, 2.386344, 0.170622, 0.766446, 1.470701, -0.403716, -0.230254]"
M2H,"{""tau"": 0.0}",5,500005,inner,M2S,4,84,38,14,-7186.755745630222,-7186.755744917156,7.130656740628183e-07,0,1,4,84,84,-2597.068225585458,-2597.0683156644727,2352,27.4,615.7,cold,extra,extra,0,84,"[3.005146, 1.602044, 1.994108, 0.146862, 0.755616, 0.985384, -10.809802]","[3.005134, 1.602054, 1.994109, 0.14686, 0.755614, 0.985383, -11.462016]"
M2H,"{""tau"": 0.0}",5,500005,inner,M3,4,84,38,14,-7365.555536703148,-7365.554643886437,0.0008928167117119301,0,1,4,84,50,-2652.471086190851,-2652.4712629095766,2352,0.9,17.5,cold,extra,extra,0,84,"[1.999674, 34813.852847, -0.960447, -2.432977, 3.455638, 0.964169, 0.767062]","[1.999759, 48252.152875, -0.960423, -2.432413, 3.455005, 0.964169, 0.767062]"
M2H,"{""tau"": 0.0}",5,500005,inner,M3H,4,84,38,14,-7408.039541203276,-7408.039540969487,2.337892510695383e-07,0,1,4,84,84,-2668.1115347619875,-2668.1117198872903,2352,110.8,2123.2,cold,extra,extra,0,84,"[-0.897411, -18.493733, 0.626815, 2.337353, 1.231478, 2.574311, -0.294263, -20.940861]","[-0.897411, -19.171819, 0.626814, 2.33734, 1.231492, 2.574307, -0.294264, -21.360185]"
M2H,"{""tau"": 0.0}",5,500005,inner,M3L,4,84,38,14,-7408.039542432547,-7408.039540818336,1.614211214473471e-06,0,1,4,84,84,-2668.111301644828,-2668.111664792717,2352,0.7,15.0,cold,extra,extra,0,84,"[-0.897414, -17.229018, 0.626816, 2.337354, 1.231446, 2.574303, -0.294265, -5.086521]","[-0.897409, -19.784466, 0.626813, 2.337358, 1.231514, 2.574314, -0.294264, -5.400805]"
M2H,"{""tau"": 0.0}",5,500005,inner,M3V,4,84,38,14,-7276.428434061634,-7276.42843398199,7.964445103425533e-08,0,1,4,84,84,-2630.3141673760606,-2630.3145400066805,2352,0.5,10.2,cold,challenge,challenge,0,84,"[-0.918052, -19.262061, 0.642095, 2.607881, 1.014971, 2.470036, -0.597427, -0.249674]","[-0.918058, -18.996229, 0.6421, 2.607858, 1.014956, 2.470028, -0.597425, -0.249677]"
M2H,"{""tau"": 0.0}",5,500005,outer,M2B,8,88,52,12,-9782.343897811537,-9782.343897811468,6.912159733474255e-11,0,1,8,88,87,-2270.4229183205007,-2270.4229108521345,2016,0.4,3.9,cold,challenge,challenge,0,88,"[3.033771, 1.600509, 1.986566, 0.144413, 0.749902, 0.995635]","[3.033771, 1.600508, 1.986566, -0.144413, -0.749902, 0.995635]"
M2H,"{""tau"": 0.0}",5,500005,outer,M2H,8,88,52,12,-9782.154493416017,-9782.154493416017,0.0,0,1,8,88,87,-2270.284224020589,-2270.284224020589,2016,96.2,1026.4,cold,cold,cold:pipeline,0,88,"[3.0337, 1.600417, 1.987142, -0.144342, -0.749617, 0.995863, -2.94427]","[3.0337, 1.600417, 1.987142, -0.144342, -0.749617, 0.995863, -2.94427]"
M2H,"{""tau"": 0.0}",5,500005,outer,M2K,8,88,52,12,-9781.543778510477,-9781.54377851043,4.729372449219227e-11,0,1,8,88,34,-2271.058276283611,-2271.0582590454305,2016,1.8,21.8,cold,extra,extra,1,88,"[3.051758, 1.602734, 2.308983, 0.163424, 0.757969, 1.43579, -0.404938, -0.18204]","[3.051758, 1.602734, 2.308983, 0.163424, 0.757969, 1.43579, -0.404938, -0.18204]"
M2H,"{""tau"": 0.0}",5,500005,outer,M2S,8,88,52,12,-9782.34389879903,-9782.34389847401,3.2502066460438073e-07,0,1,8,88,86,-2270.4228671876012,-2270.422787927282,2016,85.6,857.5,cold,extra,extra,0,88,"[3.033769, 1.600504, 1.986568, 0.144415, 0.749904, 0.995636, -11.024899]","[3.033777, 1.600497, 1.986572, 0.144413, 0.749903, 0.995639, -11.267266]"
M2H,"{""tau"": 0.0}",5,500005,outer,M3,8,88,52,12,-10016.598228395866,-10016.596877360686,0.0013510351800505305,0,1,8,88,38,-2318.488373473082,-2318.4893572505034,2016,2.4,22.8,cold,extra,extra,0,88,"[1.999643, 31473.941711, -0.945177, -2.440575, 3.480089, 0.938876, 0.761588]","[1.999743, 45020.375408, -0.945173, -2.440464, 3.479972, 0.938923, 0.761587]"
M2H,"{""tau"": 0.0}",5,500005,outer,M3H,8,88,52,12,-10074.779574327677,-10074.779574103835,2.23841198021546e-07,0,1,8,88,88,-2339.9104973741546,-2339.9107010214207,2016,313.0,3371.1,cold,extra,extra,0,88,"[-0.884661, -18.488243, 0.627817, 2.365182, 1.183487, 2.590163, -0.301602, -20.004506]","[-0.884658, -18.839501, 0.627816, 2.365278, 1.183482, 2.590169, -0.301599, -20.699832]"
M2H,"{""tau"": 0.0}",5,500005,outer,M3L,8,88,52,12,-10074.779574294265,-10074.779573980537,3.1372837838716805e-07,0,1,8,88,88,-2339.910384933842,-2339.9105226327133,2016,2.3,22.2,cold,extra,extra,0,88,"[-0.884663, -18.398576, 0.627819, 2.365244, 1.183476, 2.590159, -0.301599, -5.062364]","[-0.88466, -18.867684, 0.627818, 2.36527, 1.183464, 2.590165, -0.3016, -5.391968]"
M2H,"{""tau"": 0.0}",5,500005,outer,M3V,8,88,52,12,-9905.089475899891,-9905.089475362014,5.378769856179133e-07,0,1,8,88,88,-2304.200705003447,-2304.200752449345,2016,1.7,17.1,cold,challenge,challenge,0,88,"[-0.901831, -18.796171, 0.641617, 2.671397, 0.983442, 2.496025, -0.594401, -0.258522]","[-0.901835, -25.133211, 0.641622, 2.671321, 0.983444, 2.496023, -0.594406, -0.258525]"
M2H,"{""tau"": 0.5}",0,500000,inner,M2B,4,84,38,14,-7198.8781259223915,-7198.878125922387,4.547473508864641e-12,0,1,4,84,84,-2769.3272952743773,-2769.3272948199865,2352,0.3,2.4,cold,extra,extra,,,"[2.853293, 1.403728, 2.03086, 0.152454, 0.753058, 0.986279]","[2.853293, 1.403728, 2.03086, 0.152454, 0.753058, 0.986279]"
M2H,"{""tau"": 0.5}",0,500000,inner,M2H,4,84,38,14,-7103.894323618202,-7103.894323617045,1.1568772606551647e-09,0,1,4,84,84,-2698.7152060338312,-2698.715251035214,2352,28.9,539.6,cold,extra,extra,,,"[2.860179, 1.460075, 2.039928, 0.153498, 0.73803, 0.992524, -0.925011]","[2.86018, 1.460075, 2.039928, 0.153498, 0.73803, 0.992523, -0.925009]"
M2H,"{""tau"": 0.5}",0,500000,inner,M2K,4,84,38,14,-7196.7545147230385,-7196.7545147230385,0.0,0,1,4,84,61,-2766.89088039143,-2766.89088039143,2352,0.9,11.3,cold,cold,cold:pipeline,,,"[2.846679, 1.402776, 1.75971, 0.226752, 0.931876, 0.471307, 0.729023, 0.141821]","[2.846679, 1.402776, 1.75971, 0.226752, 0.931876, 0.471307, 0.729023, 0.141821]"
M2H,"{""tau"": 0.5}",0,500000,inner,M2S,4,84,38,14,-7196.059059997223,-7196.059059994193,3.029526851605624e-09,0,1,4,84,84,-2765.843538064048,-2765.8435907841863,2352,18.7,343.4,cold,extra,extra,,,"[2.863341, 1.405384, 2.03281, 0.153114, 0.752406, 0.986129, -3.177693]","[2.863342, 1.405384, 2.03281, 0.153114, 0.752406, 0.98613, -3.177713]"
M2H,"{""tau"": 0.5}",0,500000,inner,M3,4,84,38,14,-7370.523487011775,-7370.5229972323705,0.000489779404233559,0,1,4,84,84,-2814.9852239065835,-2814.989145118137,2352,1.4,18.5,cold,challenge,challenge,,,"[1.999614, 32218.913604, -0.946914, -2.237799, 3.25605, 0.972122, 0.76766]","[1.999762, 53888.423622, -0.946824, -2.237192, 3.255301, 0.972354, 0.76766]"
M2H,"{""tau"": 0.5}",0,500000,inner,M3H,4,84,38,14,-7355.540312735922,-7355.540312237575,4.983476173947565e-07,0,1,4,84,84,-2773.294529022129,-2773.294595412738,2352,106.6,2156.4,cold,extra,extra,,,"[-0.899946, -18.653314, 0.639821, 3.567095, 0.949692, 2.427173, -0.294281, -0.937291]","[-0.89995, -21.341871, 0.639823, 3.566991, 0.949694, 2.42717, -0.294282, -0.9373]"
M2H,"{""tau"": 0.5}",0,500000,inner,M3L,4,84,38,14,-7421.953341679813,-7421.953341679813,0.0,0,1,4,84,84,-2824.4684700176194,-2824.4684700176194,2352,1.0,13.2,cold,cold,cold:pipeline,,,"[-0.892063, -19.017456, 0.635134, 2.860049, 0.927475, 2.406509, -0.283539, -5.411296]","[-0.892063, -19.017456, 0.635134, 2.860049, 0.927475, 2.406509, -0.283539, -5.411296]"
M2H,"{""tau"": 0.5}",0,500000,inner,M3V,4,84,38,14,-7279.368736067359,-7279.368735430782,6.36577169643715e-07,0,1,4,84,84,-2774.7959982300226,-2774.796392518346,2352,0.8,9.7,cold,extra,extra,,,"[-0.91047, -18.92274, 0.64853, 2.908343, 0.834693, 2.316591, -0.608504, -0.24633]","[-0.910468, -20.904548, 0.648526, 2.908327, 0.834671, 2.316576, -0.608511, -0.24633]"
M2H,"{""tau"": 0.5}",0,500000,outer,M2B,8,88,52,12,-9965.86906019881,-9965.869060198776,3.2741809263825417e-11,0,1,8,88,88,-2397.7349427236386,-2397.734943314854,2016,0.8,2.2,cold,extra,extra,,,"[2.86534, 1.359436, 2.042407, 0.149809, 0.761966, 0.996975]","[2.86534, 1.359436, 2.042407, 0.149809, 0.761966, 0.996975]"
M2H,"{""tau"": 0.5}",0,500000,outer,M2H,8,88,52,12,-9800.870696532975,-9800.870696532975,0.0,0,1,8,88,86,-2326.2058220409854,-2326.2058220409854,2016,83.4,851.0,cold,cold,cold:pipeline,,,"[2.877746, 1.482526, 2.03433, 0.150965, 0.743433, 0.998149, -0.806435]","[2.877746, 1.482526, 2.03433, 0.150965, 0.743433, 0.998149, -0.806435]"
M2H,"{""tau"": 0.5}",0,500000,outer,M2K,8,88,52,12,-9960.270273816659,-9960.270273804756,1.1903466656804085e-08,0,1,8,88,52,-2393.6060056936913,-2393.605680914009,2016,2.0,18.9,cold,challenge,challenge,,,"[2.84766, 1.331102, 1.47525, 0.294211, 0.874741, 0.505997, 0.450122, 0.624398]","[2.847656, 1.331097, 1.475251, 0.294207, 0.874736, 0.506005, 0.450102, 0.624402]"
M2H,"{""tau"": 0.5}",0,500000,outer,M2S,8,88,52,12,-9960.08749305429,-9960.087493053055,1.2350938050076365e-09,0,1,8,88,87,-2390.7271552824614,-2390.7270750226708,2016,50.4,518.3,cold,challenge,challenge,,,"[2.878912, 1.365953, 2.04238, 0.151031, 0.760999, 0.996657, -3.050435]","[2.878912, 1.365954, 2.04238, 0.151031, 0.760999, 0.996656, -3.050435]"
M2H,"{""tau"": 0.5}",0,500000,outer,M3,8,88,52,12,-10183.73368313289,-10183.732995554197,0.0006875786930322647,0,1,8,88,88,-2447.254596562042,-2447.2545388368717,2016,3.0,26.7,cold,extra,extra,,,"[1.999647, 34912.167215, -0.939063, -2.238261, 3.272451, 0.94032, 0.776299]","[1.999767, 54915.275529, -0.939062, -2.238041, 3.272222, 0.94035, 0.776298]"
M2H,"{""tau"": 0.5}",0,500000,outer,M3H,8,88,52,12,-10127.4500867154,-10127.45008633259,3.828099579550326e-07,0,1,8,88,88,-2388.5866223829116,-2388.585949224811,2016,352.0,3276.7,cold,extra,extra,,,"[-0.895837, -18.558042, 0.642182, 3.354115, 0.960408, 2.440971, -0.289247, -0.822283]","[-0.895842, -19.819582, 0.642188, 3.353963, 0.960385, 2.440973, -0.28925, -0.822277]"
M2H,"{""tau"": 0.5}",0,500000,outer,M3L,8,88,52,12,-10243.94015395252,-10243.94015376242,1.9010076357517391e-07,0,1,8,88,88,-2442.067037726459,-2442.068103797895,2016,2.2,17.4,cold,extra,extra,,,"[-0.886289, -19.013804, 0.638085, 2.50452, 0.940413, 2.420286, -0.278749, -5.797442]","[-0.886294, -19.103706, 0.638091, 2.504625, 0.94037, 2.42027, -0.278744, -6.167559]"
M2H,"{""tau"": 0.5}",0,500000,outer,M3V,8,88,52,12,-10051.807304747974,-10051.807303853453,8.945207810029387e-07,0,1,8,88,88,-2398.6600635297195,-2398.6595661207853,2016,1.7,13.5,cold,extra,extra,,,"[-0.904774, -18.026735, 0.652525, 2.606661, 0.83421, 2.332444, -0.601281, -0.239376]","[-0.904774, -21.161135, 0.652525, 2.60663, 0.83421, 2.332444, -0.601281, -0.239375]"
M2H,"{""tau"": 0.5}",1,500001,inner,M2B,4,84,38,14,-7371.197214087562,-7371.197214087199,3.6288838600739837e-10,0,1,4,84,83,-2754.576422959019,-2754.576381154456,2352,0.1,2.5,cold,extra,extra,,,"[3.001662, 1.271252, 2.021148, 0.171634, 0.779455, 0.986466]","[3.001661, 1.271254, 2.021147, 0.171634, 0.779455, 0.986466]"
M2H,"{""tau"": 0.5}",1,500001,inner,M2H,4,84,38,14,-7257.3914816724455,-7257.391481636421,3.6024175642523915e-08,0,1,4,84,79,-2648.9278921528858,-2648.928085419339,2352,22.7,561.7,cold,extra,extra,,,"[3.034284, 1.426441, 1.995924, 0.173123, 0.761715, 0.986054, -0.754065]","[3.034286, 1.426441, 1.995925, 0.173122, 0.761714, 0.986056, -0.754093]"
M2H,"{""tau"": 0.5}",1,500001,inner,M2K,4,84,38,14,-7366.9705326979765,-7366.274705311445,0.6958273865311639,1,1,4,84,24,-2749.8858089738205,-2752.494937240537,2352,0.4,9.4,cold,challenge,challenge,,,"[2.967459, 1.246167, 1.43886, 0.318975, 0.884148, 0.509777, 0.380205, 0.64246]","[3.013376, 1.280936, 1.826516, 0.216847, 1.015426, 0.42029, 0.84931, -0.027011]"
M2H,"{""tau"": 0.5}",1,500001,inner,M2S,4,84,38,14,-7366.683183884978,-7366.68318385687,2.8107933758292347e-08,0,1,4,84,84,-2751.4081898658046,-2751.4080458488315,2352,14.8,310.1,cold,extra,extra,,,"[3.017957, 1.282616, 2.017867, 0.172339, 0.778547, 0.985076, -3.044013]","[3.017954, 1.282617, 2.017869, 0.17234, 0.778549, 0.985076, -3.044014]"
M2H,"{""tau"": 0.5}",1,500001,inner,M3,4,84,38,14,-7570.688462997705,-7560.179489345608,10.508973652096756,1,1,4,84,15,-2795.1871522977617,-2794.1033931982524,2352,0.4,9.8,cold,extra,extra,,,"[1.740897, 1.385322, -0.900373, -2.203509, 3.254798, 0.76367, 0.770272]","[1.99977, 54674.193013, -0.935214, -2.27011, 3.313337, 0.821637, 0.790803]"
M2H,"{""tau"": 0.5}",1,500001,inner,M3H,4,84,38,14,-7522.626032803295,-7522.626032411887,3.9140832086559385e-07,0,1,4,84,84,-2722.7573218743364,-2722.7583506019537,2352,99.1,2127.3,cold,challenge,challenge,,,"[-0.881499, -18.538098, 0.626526, 2.420467, 0.989293, 2.558904, -0.279408, -0.786251]","[-0.881497, -19.932258, 0.626524, 2.420371, 0.989287, 2.558906, -0.279408, -0.786253]"
M2H,"{""tau"": 0.5}",1,500001,inner,M3L,4,84,38,14,-7599.184131216534,-7599.184130973635,2.428996594971977e-07,0,1,4,84,84,-2805.4645983556816,-2805.464205934897,2352,0.6,12.9,cold,extra,extra,,,"[-0.879517, -19.075126, 0.628984, 2.075154, 0.912238, 2.508927, -0.267878, -5.194792]","[-0.879519, -20.906734, 0.628985, 2.075133, 0.912257, 2.508927, -0.267876, -5.356259]"
M2H,"{""tau"": 0.5}",1,500001,inner,M3V,4,84,38,14,-7422.8732496872935,-7422.873249298782,3.885115802404471e-07,0,1,4,84,84,-2752.169123095059,-2752.169232680722,2352,0.5,9.4,cold,extra,extra,,,"[-0.902358, -18.398243, 0.649428, 2.333139, 0.760247, 2.398673, -0.620531, -0.209809]","[-0.902359, -19.490665, 0.649425, 2.333178, 0.760265, 2.398676, -0.620525, -0.209808]"
M2H,"{""tau"": 0.5}",1,500001,outer,M2B,8,88,52,12,-10121.545239482988,-10121.545239482883,1.0550138540565968e-10,0,1,8,88,86,-2279.384165026794,-2279.3841748247746,2016,0.4,3.3,cold,extra,extra,,,"[2.928263, 1.26956, 2.04253, 0.163316, 0.779442, 0.99084]","[2.928263, 1.269559, 2.04253, 0.163316, 0.779442, 0.99084]"
M2H,"{""tau"": 0.5}",1,500001,outer,M2H,8,88,52,12,-9903.178615452445,-9903.178615452274,1.709850039333105e-10,0,1,8,88,86,-2259.252787363438,-2259.2527921166375,2016,73.5,791.1,cold,extra,extra,,,"[2.975444, 1.46291, 2.014463, 0.162915, 0.755607, 0.993369, -0.64192]","[2.975445, 1.462909, 2.014463, 0.162915, 0.755607, 0.99337, -0.641919]"
M2H,"{""tau"": 0.5}",1,500001,outer,M2K,8,88,52,12,-10112.40115411381,-10112.401154109937,3.8726284401491284e-09,0,1,8,88,48,-2277.3810288275104,-2277.380972402084,2016,1.5,14.3,cold,extra,extra,,,"[2.891294, 1.228908, 1.399323, 0.315656, 0.879497, 0.508244, 0.343774, 0.76695]","[2.891292, 1.228909, 1.39933, 0.315651, 0.879494, 0.508251, 0.343762, 0.766938]"
M2H,"{""tau"": 0.5}",1,500001,outer,M2S,8,88,52,12,-10113.976455104737,-10113.976455104668,6.912159733474255e-11,0,1,8,88,86,-2276.574430162938,-2276.5744548373104,2016,44.9,468.0,cold,extra,extra,,,"[2.949385, 1.278557, 2.041652, 0.16362, 0.77813, 0.991855, -2.953855]","[2.949386, 1.278558, 2.041651, 0.16362, 0.77813, 0.991855, -2.953855]"
M2H,"{""tau"": 0.5}",1,500001,outer,M3,8,88,52,12,-10362.726290306186,-10351.49121710903,11.235073197156453,1,1,8,88,6,-2338.5420456592424,-2332.7139812036635,2016,1.1,11.9,cold,extra,extra,,,"[1.623517, 1.220094, -0.908378, -2.291717, 3.350461, 0.770721, 0.765859]","[1.999669, 37409.748871, -0.942232, -2.22323, 3.268837, 0.843979, 0.79135]"
M2H,"{""tau"": 0.5}",1,500001,outer,M3H,8,88,52,12,-10242.659077886463,-10242.659076617489,1.2689743016380817e-06,0,1,8,88,88,-2334.523172212514,-2334.522604152671,2016,332.0,3252.7,cold,extra,extra,,,"[-0.892753, -18.014679, 0.637497, 2.604504, 0.994603, 2.512143, -0.284562, -0.650743]","[-0.892752, -20.194835, 0.6375, 2.604489, 0.994565, 2.512068, -0.284563, -0.65079]"
M2H,"{""tau"": 0.5}",1,500001,outer,M3L,8,88,52,12,-10401.413894535563,-10401.413894128204,4.0735903894528747e-07,0,1,8,88,88,-2350.394001857887,-2350.3942603835258,2016,1.7,17.7,cold,extra,extra,,,"[-0.892214, -18.272294, 0.641116, 2.002715, 0.905198, 2.438391, -0.270651, -5.137539]","[-0.892217, -19.125548, 0.641118, 2.002705, 0.905187, 2.438381, -0.270649, -5.096464]"
M2H,"{""tau"": 0.5}",1,500001,outer,M3V,8,88,52,12,-10171.548058219816,-10171.548057871896,3.479199222056195e-07,0,1,8,88,88,-2302.2140338611466,-2302.2137258741977,2016,1.3,14.0,cold,extra,extra,,,"[-0.91659, -17.986741, 0.662752, 2.286713, 0.749949, 2.327758, -0.62171, -0.217169]","[-0.916593, -18.739687, 0.662757, 2.286709, 0.749943, 2.327759, -0.621716, -0.217171]"
M2H,"{""tau"": 0.5}",2,500002,inner,M2B,4,84,38,14,-7350.607351105681,-7350.607351104459,1.2223608791828156e-09,0,1,4,84,84,-2694.556259091358,-2694.556285504853,2352,0.1,2.6,cold,extra,extra,0,84,"[2.980816, 1.337886, 2.041458, 0.172063, 0.775864, 1.004596]","[2.980817, 1.337889, 2.041457, 0.172063, 0.775864, 1.004596]"
M2H,"{""tau"": 0.5}",2,500002,inner,M2H,4,84,38,14,-7198.127664421986,-7198.127664421651,3.346940502524376e-10,0,1,4,84,79,-2665.540711412735,-2665.5406818661986,2352,26.0,584.9,cold,extra,extra,0,84,"[3.009497, 1.545883, 2.01799, 0.166625, 0.752358, 1.003983, -0.661762]","[3.009495, 1.545882, 2.01799, 0.166625, 0.752358, 1.003983, -0.661763]"
M2H,"{""tau"": 0.5}",2,500002,inner,M2K,4,84,38,14,-7341.321414045737,-7339.47434069276,1.8470733529766221,1,1,4,84,23,-2699.427626844608,-2698.6002686785814,2352,0.5,10.8,cold,extra,extra,1,84,"[2.873982, 1.276234, 1.408284, 0.240138, 0.81889, 0.669792, -0.078452, 0.850865]","[3.05017, 1.420498, 2.83138, 0.185664, 0.814554, 1.654078, -0.228411, -0.485421]"
M2H,"{""tau"": 0.5}",2,500002,inner,M2S,4,84,38,14,-7350.607288559098,-7350.6072885395315,1.9566869013942778e-08,0,1,4,84,80,-2694.567606805179,-2694.567747595315,2352,22.2,450.5,cold,extra,extra,0,84,"[2.980869, 1.337908, 2.041454, 0.17206, 0.77586, 1.004596, -5.886074]","[2.980875, 1.337904, 2.04146, 0.17206, 0.775859, 1.004602, -5.882549]"
M2H,"{""tau"": 0.5}",2,500002,inner,M3,4,84,38,14,-7539.542489061112,-7539.542489048126,1.298576535191387e-08,0,1,4,84,84,-2769.2826581786985,-2769.2828611415184,2352,0.3,7.1,cold,extra,extra,0,84,"[1.832697, 0.823382, -0.891777, -2.009114, 3.099314, 0.900435, 0.731516]","[1.832709, 0.82338, -0.891777, -2.009094, 3.099292, 0.90044, 0.731516]"
M2H,"{""tau"": 0.5}",2,500002,inner,M3H,4,84,38,14,-7454.7359457831635,-7454.7359449004,8.827637429931201e-07,0,1,4,84,84,-2755.326969088986,-2755.326667294809,2352,99.6,2146.7,cold,extra,extra,0,84,"[-0.90209, -18.230245, 0.643919, 2.215712, 1.158079, 2.555524, -0.297822, -0.682672]","[-0.902088, -20.275616, 0.643914, 2.216018, 1.158062, 2.55551, -0.297816, -0.682561]"
M2H,"{""tau"": 0.5}",2,500002,inner,M3L,4,84,38,14,-7562.595287589822,-7562.595287589822,0.0,0,1,4,84,84,-2780.3654493706445,-2780.3654493706445,2352,0.7,12.6,cold,cold,cold:pipeline,0,84,"[-0.893637, -18.951367, 0.642923, 1.500331, 1.187035, 2.511331, -0.294458, -5.253256]","[-0.893637, -18.951367, 0.642923, 1.500331, 1.187035, 2.511331, -0.294458, -5.253256]"
M2H,"{""tau"": 0.5}",2,500002,inner,M3V,4,84,38,14,-7402.986224836039,-7402.986224121016,7.150229066610336e-07,0,1,4,84,84,-2742.1757372131706,-2742.175830287689,2352,0.5,9.1,cold,extra,extra,0,84,"[-0.91051, -17.727584, 0.658821, 2.273395, 0.862039, 2.422376, -0.616171, -0.221144]","[-0.910506, -19.585473, 0.65882, 2.273504, 0.862038, 2.422387, -0.61617, -0.221143]"
M2H,"{""tau"": 0.5}",2,500002,outer,M2B,8,88,52,12,-10044.396450811651,-10044.396450811608,4.3655745685100555e-11,0,1,8,88,87,-2284.574054252433,-2284.574055665185,2016,0.3,3.2,cold,extra,extra,0,88,"[2.969871, 1.312815, 2.054778, 0.16361, 0.773426, 1.007928]","[2.969871, 1.312815, 2.054778, 0.16361, 0.773426, 1.007928]"
M2H,"{""tau"": 0.5}",2,500002,outer,M2H,8,88,52,12,-9862.15204467,-9862.152044668615,1.3842509360983968e-09,0,1,8,87,84,-2264.3236938792406,-2264.32369278271,2016,70.6,838.7,cold,extra,extra,0,88,"[2.99251, 1.475635, 2.037246, 0.158867, 0.752423, 1.008124, -0.714156]","[2.99251, 1.475635, 2.037245, 0.158867, 0.752423, 1.008124, -0.714155]"
M2H,"{""tau"": 0.5}",2,500002,outer,M2K,8,88,52,12,-10036.284677760581,-10036.284677565964,1.9461731426417828e-07,0,1,8,88,22,-2284.35661748301,-2284.35678934082,2016,1.6,16.3,cold,extra,extra,1,88,"[3.02587, 1.362335, 2.739507, 0.182516, 0.798805, 1.605994, -0.262972, -0.414897]","[3.025859, 1.362333, 2.739488, 0.182518, 0.798803, 1.60598, -0.262978, -0.414892]"
M2H,"{""tau"": 0.5}",2,500002,outer,M2S,8,88,52,12,-10044.396451642218,-10044.39645126074,3.81478457711637e-07,0,1,8,88,88,-2284.5741078323726,-2284.5742054898337,2016,71.9,732.4,cold,extra,extra,0,88,"[2.969874, 1.312807, 2.054789, 0.16361, 0.773428, 1.007938, -10.848315]","[2.969866, 1.312805, 2.054784, 0.16361, 0.773426, 1.007929, -11.130127]"
M2H,"{""tau"": 0.5}",2,500002,outer,M3,8,88,52,12,-10306.987910450225,-10300.565659152478,6.422251297746698,1,1,8,88,4,-2331.458177789228,-2327.873092013543,2016,1.1,12.5,cold,challenge,challenge,0,88,"[1.767841, 0.984528, -0.90452, -2.105741, 3.181936, 0.845596, 0.744806]","[1.999705, 41209.898688, -0.944521, -2.322234, 3.377726, 0.868224, 0.78675]"
M2H,"{""tau"": 0.5}",2,500002,outer,M3H,8,88,52,12,-10209.124365081701,-10209.124364345153,7.365488272625953e-07,0,1,8,88,88,-2332.111252779177,-2332.111105510903,2016,351.4,3388.6,cold,extra,extra,0,88,"[-0.903457, -18.116002, 0.64529, 2.402166, 1.06619, 2.527511, -0.29205, -0.723479]","[-0.903456, -19.040012, 0.645289, 2.402256, 1.066192, 2.527521, -0.292048, -0.723499]"
M2H,"{""tau"": 0.5}",2,500002,outer,M3L,8,88,52,12,-10341.673416165077,-10341.673415280202,8.848746801959351e-07,0,1,8,88,88,-2343.9370392546175,-2343.9371391324607,2016,1.9,18.9,cold,extra,extra,0,88,"[-0.892534, -18.14701, 0.64033, 1.794759, 1.078886, 2.502477, -0.283463, -5.360735]","[-0.892532, -21.851605, 0.640333, 1.794874, 1.078828, 2.502482, -0.283457, -6.02655]"
M2H,"{""tau"": 0.5}",2,500002,outer,M3V,8,88,52,12,-10144.03417386289,-10144.034172859487,1.0034036677097902e-06,0,1,8,88,88,-2309.4232168763206,-2309.4233085578535,2016,1.6,14.6,cold,extra,extra,0,88,"[-0.909509, -18.039787, 0.655923, 2.29225, 0.857689, 2.411236, -0.598346, -0.227205]","[-0.909505, -21.844247, 0.655922, 2.292217, 0.85769, 2.41125, -0.598347, -0.227203]"
M2H,"{""tau"": 0.5}",3,500003,inner,M2B,4,84,38,14,-7431.362372297186,-7431.362372297039,1.4733814168721437e-10,0,1,4,84,81,-2698.3461182580195,-2698.346102038986,2352,0.1,2.4,cold,challenge,challenge,0,84,"[2.914876, 1.48631, 1.947806, 0.168501, 0.784536, 0.947178]","[2.914877, 1.48631, 1.947806, 0.168501, 0.784536, 0.947178]"
M2H,"{""tau"": 0.5}",3,500003,inner,M2H,4,84,38,14,-7238.206269211974,-7238.206269210783,1.191438059322536e-09,0,1,4,83,82,-2665.9365762158736,-2665.9364703141714,2352,23.4,577.6,cold,extra,extra,0,84,"[2.966192, 1.655982, 1.958958, 0.161162, 0.75561, 0.965576, -0.586905]","[2.966193, 1.655979, 1.958958, 0.161161, 0.75561, 0.965576, -0.586907]"
M2H,"{""tau"": 0.5}",3,500003,inner,M2K,4,84,38,14,-7420.38724560095,-7420.387245578291,2.2659150999970734e-08,0,1,4,84,65,-2696.382119381691,-2696.3818817837,2352,0.5,10.2,cold,challenge,challenge,1,84,"[2.858061, 1.399622, 1.253935, 0.298898, 0.860742, 0.516345, 0.145414, 0.990193]","[2.858066, 1.399612, 1.25393, 0.298906, 0.860747, 0.516334, 0.145444, 0.990205]"
M2H,"{""tau"": 0.5}",3,500003,inner,M2S,4,84,38,14,-7423.893990950701,-7423.893990949433,1.267835614271462e-09,0,1,4,84,84,-2697.4789408239194,-2697.478887528247,2352,14.7,321.3,cold,extra,extra,0,84,"[2.92826, 1.489924, 1.947689, 0.168681, 0.782438, 0.947893, -2.849086]","[2.92826, 1.489924, 1.947689, 0.16868, 0.782437, 0.947893, -2.849092]"
M2H,"{""tau"": 0.5}",3,500003,inner,M3,4,84,38,14,-7604.133839129263,-7603.259962226006,0.8738769032570417,1,1,4,84,2,-2746.528278621986,-2743.1678666445755,2352,0.3,6.8,cold,challenge,challenge,0,84,"[2.007255, 1.502412, -0.885456, -1.80002, 2.790043, 0.986486, 0.770118]","[1.999668, 36243.399389, -0.925846, -2.272256, 3.271493, 0.9384, 0.796163]"
M2H,"{""tau"": 0.5}",3,500003,inner,M3H,4,84,38,14,-7477.579128421785,-7477.579126219749,2.20203583012335e-06,0,1,4,84,84,-2735.7610333075727,-2735.761624530287,2352,110.3,2166.1,cold,extra,extra,0,84,"[-0.88666, -19.039616, 0.614518, 2.60025, 1.21926, 2.55023, -0.285378, -0.609449]","[-0.886663, -27.379535, 0.614513, 2.599907, 1.219396, 2.550163, -0.285382, -0.609588]"
M2H,"{""tau"": 0.5}",3,500003,inner,M3L,4,84,38,14,-7620.191633387647,-7620.191633387647,0.0,0,1,4,84,84,-2758.7117668467918,-2758.7117668467918,2352,0.6,12.3,cold,cold,cold:pipeline,0,84,"[-0.877632, -24.586218, 0.60797, 1.908211, 1.173331, 2.485655, -0.268788, -6.648304]","[-0.877632, -24.586218, 0.60797, 1.908211, 1.173331, 2.485655, -0.268788, -6.648304]"
M2H,"{""tau"": 0.5}",3,500003,inner,M3V,4,84,38,14,-7454.1360132874215,-7454.136012364939,9.224822861142457e-07,0,1,4,84,84,-2720.460032419995,-2720.4597539404162,2352,0.4,8.9,cold,extra,extra,0,84,"[-0.893605, -17.377157, 0.62657, 2.471894, 0.899622, 2.401682, -0.604436, -0.203361]","[-0.893606, -25.198052, 0.62657, 2.471829, 0.899609, 2.401673, -0.604439, -0.203363]"
M2H,"{""tau"": 0.5}",3,500003,outer,M2B,8,88,52,12,-10128.134828120696,-10128.134828120685,1.0913936421275139e-11,0,1,8,88,87,-2325.781363276411,-2325.7813628443546,2016,0.3,3.7,cold,extra,extra,0,88,"[2.934666, 1.408093, 1.984016, 0.160112, 0.779804, 0.968911]","[2.934666, 1.408093, 1.984016, 0.160112, 0.779804, 0.968911]"
M2H,"{""tau"": 0.5}",3,500003,outer,M2H,8,88,52,12,-9901.45982442595,-9901.459824425947,3.637978807091713e-12,0,1,8,87,84,-2294.618093682326,-2294.618091512345,2016,77.8,968.2,cold,extra,extra,0,88,"[2.992944, 1.530185, 1.993735, 0.154321, 0.754529, 0.988331, -0.635932]","[2.992944, 1.530185, 1.993735, 0.154321, 0.754529, 0.988331, -0.635933]"
M2H,"{""tau"": 0.5}",3,500003,outer,M2K,8,88,52,12,-10115.235183325782,-10115.235183325782,0.0,0,1,8,88,87,-2324.6706724952514,-2324.6706724952514,2016,1.6,15.4,cold,cold,cold:pipeline,1,88,"[2.87716, 1.340313, 1.31665, 0.272072, 0.846146, 0.558896, 0.119162, 0.904132]","[2.87716, 1.340313, 1.31665, 0.272072, 0.846146, 0.558896, 0.119162, 0.904132]"
M2H,"{""tau"": 0.5}",3,500003,outer,M2S,8,88,52,12,-10119.77153444399,-10119.7715344421,1.889929990284145e-09,0,1,8,88,88,-2325.488492679947,-2325.488524325762,2016,40.9,448.6,cold,extra,extra,0,88,"[2.948554, 1.408221, 1.983479, 0.160228, 0.778086, 0.968742, -2.909651]","[2.948553, 1.408222, 1.983477, 0.160229, 0.778086, 0.968741, -2.909652]"
M2H,"{""tau"": 0.5}",3,500003,outer,M3,8,88,52,12,-10348.725136954781,-10344.982626695783,3.7425102589986636,1,1,8,88,4,-2397.1819404334697,-2396.9488061847105,2016,1.0,11.2,cold,challenge,challenge,0,88,"[1.901229, 1.432867, -0.893758, -1.958181, 2.977826, 0.898015, 0.765241]","[1.999739, 47105.5879, -0.931302, -2.273421, 3.297112, 0.897348, -0.790759]"
M2H,"{""tau"": 0.5}",3,500003,outer,M3H,8,88,52,12,-10211.428285135913,-10211.428284533315,6.025984475854784e-07,0,1,8,88,88,-2379.5664860239594,-2379.5665486603384,2016,318.9,3155.2,cold,challenge,challenge,0,88,"[-0.887837, -18.357312, 0.627431, 2.43105, 1.11921, 2.544805, -0.290691, -0.658812]","[-0.887837, -19.262897, 0.627431, 2.430906, 1.119214, 2.544774, -0.290693, -0.65877]"
M2H,"{""tau"": 0.5}",3,500003,outer,M3L,8,88,52,12,-10377.279053673119,-10377.279052790385,8.827337296679616e-07,0,1,8,88,88,-2403.346786733106,-2403.346629255412,2016,1.5,15.7,cold,extra,extra,0,88,"[-0.88336, -18.403493, 0.624112, 1.976701, 1.047833, 2.477923, -0.274164, -5.301965]","[-0.883362, -22.165324, 0.624113, 1.976563, 1.047855, 2.477913, -0.274167, -5.920224]"
M2H,"{""tau"": 0.5}",3,500003,outer,M3V,8,88,52,12,-10172.937903084643,-10172.937902783555,3.010882210219279e-07,0,1,8,88,88,-2341.6491427324136,-2341.649305762862,2016,1.3,13.4,cold,challenge,challenge,0,88,"[-0.899406, -18.543786, 0.64147, 2.446388, 0.840735, 2.392187, -0.596191, -0.217715]","[-0.899404, -19.410577, 0.641469, 2.44645, 0.840728, 2.392186, -0.596189, -0.217714]"
M2H,"{""tau"": 0.5}",4,500004,inner,M2B,4,84,38,14,-7334.963763155736,-7334.963763155623,1.127773430198431e-10,0,1,4,84,82,-2722.2674014010604,-2722.2674021039356,2352,0.2,3.4,cold,extra,extra,0,84,"[2.920768, 1.365127, 2.003164, 0.159106, 0.771213, 0.976958]","[2.920768, 1.365126, 2.003164, 0.159105, 0.771213, 0.976958]"
M2H,"{""tau"": 0.5}",4,500004,inner,M2H,4,84,38,14,-7191.861393542352,-7191.861393528106,1.4245415513869375e-08,0,1,4,84,82,-2688.063479577787,-2688.0633932945975,2352,30.5,616.4,cold,extra,extra,0,84,"[2.939839, 1.54239, 1.989253, 0.155856, 0.749313, 0.977799, -0.729168]","[2.939846, 1.542385, 1.989256, 0.155857, 0.749313, 0.9778, -0.729164]"
M2H,"{""tau"": 0.5}",4,500004,inner,M2K,4,84,38,14,-7323.057268666036,-7323.0572683174,3.486366040306166e-07,0,1,4,84,26,-2721.459863290478,-2721.460443087981,2352,0.7,12.5,cold,extra,extra,1,84,"[3.056048, 1.452743, 2.806312, 0.133099, 0.829295, 1.507687, -0.022096, -0.525496]","[3.056043, 1.452782, 2.806332, 0.1331, 0.829305, 1.5077, -0.022094, -0.525516]"
M2H,"{""tau"": 0.5}",4,500004,inner,M2S,4,84,38,14,-7332.314239530842,-7332.3142395260475,4.794856067746878e-09,0,1,4,84,82,-2723.7477291244004,-2723.747651996924,2352,18.4,434.8,cold,extra,extra,0,84,"[2.926549, 1.369024, 2.003064, 0.159049, 0.770087, 0.976891, -3.141909]","[2.926552, 1.369023, 2.003065, 0.159049, 0.770087, 0.976892, -3.141894]"
M2H,"{""tau"": 0.5}",4,500004,inner,M3,4,84,38,14,-7481.903725229933,-7481.903725229874,5.911715561524034e-11,0,1,4,84,84,-2785.011139742169,-2785.0111697017624,2352,0.4,8.8,cold,extra,extra,0,84,"[1.800948, 0.920969, -0.88828, -1.993463, 3.043201, 0.918446, 0.7319]","[1.800947, 0.920968, -0.88828, -1.993465, 3.043203, 0.918446, 0.7319]"
M2H,"{""tau"": 0.5}",4,500004,inner,M3H,4,84,38,14,-7403.070841545961,-7403.070840555705,9.902560123009607e-07,0,1,4,84,84,-2759.3644925494277,-2759.363361809895,2352,132.5,2722.3,cold,extra,extra,0,84,"[-0.899937, -17.864371, 0.634018, 2.075043, 1.147984, 2.48991, -0.31008, -0.739505]","[-0.899949, -23.188421, 0.63403, 2.075158, 1.147911, 2.489893, -0.310077, -0.739595]"
M2H,"{""tau"": 0.5}",4,500004,inner,M3L,4,84,38,14,-7503.969384436906,-7503.96938386131,5.755955498898402e-07,0,1,4,84,84,-2790.3253180316606,-2790.324639527579,2352,0.9,16.0,cold,extra,extra,0,84,"[-0.890619, -18.127807, 0.631488, 1.474803, 1.180702, 2.45121, -0.306182, -5.208345]","[-0.890619, -18.587668, 0.631492, 1.474957, 1.18067, 2.451221, -0.306174, -5.389161]"
M2H,"{""tau"": 0.5}",4,500004,inner,M3V,4,84,38,14,-7358.030315219413,-7358.030314922547,2.968654371215962e-07,0,1,4,84,84,-2744.554973114717,-2744.5543553850443,2352,0.6,12.0,cold,challenge,challenge,0,84,"[-0.907922, -17.94286, 0.652067, 2.265435, 0.82534, 2.363416, -0.621601, -0.236537]","[-0.907919, -18.619034, 0.652072, 2.265503, 0.825318, 2.36343, -0.621595, -0.236535]"
M2H,"{""tau"": 0.5}",4,500004,outer,M2B,8,88,52,12,-10053.126547126201,-10053.126547126196,5.4569682106375694e-12,0,1,8,88,87,-2292.8307661809313,-2292.8307628109865,2016,0.3,3.6,cold,extra,extra,0,88,"[2.962348, 1.358081, 2.018356, 0.156244, 0.775255, 0.976475]","[2.962348, 1.358081, 2.018356, 0.156244, 0.775255, 0.976475]"
M2H,"{""tau"": 0.5}",4,500004,outer,M2H,8,88,52,12,-9878.485020738746,-9878.485020738575,1.709850039333105e-10,0,1,8,87,86,-2228.757381319238,-2228.7573709590447,2016,76.3,933.3,cold,challenge,challenge,0,88,"[2.994791, 1.531173, 2.001064, 0.151543, 0.754935, 0.9794, -0.762074]","[2.994791, 1.531172, 2.001065, 0.151543, 0.754935, 0.9794, -0.762074]"
M2H,"{""tau"": 0.5}",4,500004,outer,M2K,8,88,52,12,-10040.12877100626,-10040.12877100522,1.04046193882823e-09,0,1,8,88,23,-2286.6870375035305,-2286.6869710157544,2016,1.4,17.4,cold,challenge,challenge,1,88,"[3.1063, 1.425523, 2.784675, -0.122119, -0.830548, 1.4563, 0.0155, -0.501475]","[3.106299, 1.425519, 2.784677, 0.122119, 0.830549, 1.456302, 0.015497, -0.501475]"
M2H,"{""tau"": 0.5}",4,500004,outer,M2S,8,88,52,12,-10051.786956385218,-10051.786956370746,1.4471879694610834e-08,0,1,8,88,86,-2292.5961333133364,-2292.596026091479,2016,44.5,475.9,cold,extra,extra,0,88,"[2.966107, 1.359657, 2.018921, 0.156208, 0.774603, 0.976925, -3.42777]","[2.966104, 1.359658, 2.01892, 0.156208, 0.774602, 0.976924, -3.427785]"
M2H,"{""tau"": 0.5}",4,500004,outer,M3,8,88,52,12,-10261.739415170872,-10261.739415170145,7.275957614183426e-10,0,1,8,88,88,-2332.2059359091113,-2332.2059875726018,2016,1.1,10.5,cold,extra,extra,0,88,"[1.914644, 1.163389, -0.911116, -1.924627, 2.957781, 0.903335, 0.745932]","[1.914647, 1.163392, -0.911116, -1.924624, 2.957778, 0.903336, 0.745932]"
M2H,"{""tau"": 0.5}",4,500004,outer,M3H,8,88,52,12,-10161.34864812775,-10161.348647793082,3.3466858440078795e-07,0,1,8,88,88,-2288.7501559598186,-2288.750085798867,2016,310.0,3319.2,cold,challenge,challenge,0,88,"[-0.909953, -19.1659, 0.640414, 2.228296, 1.09694, 2.53838, -0.302697, -0.758425]","[-0.909947, -22.656499, 0.640412, 2.228379, 1.096922, 2.538397, -0.302697, -0.758407]"
M2H,"{""tau"": 0.5}",4,500004,outer,M3L,8,88,52,12,-10290.647182121927,-10290.647182121927,0.0,0,1,8,88,88,-2338.804807541111,-2338.804807541111,2016,2.2,22.2,cold,cold,cold:pipeline,0,88,"[-0.905533, -19.291474, 0.63836, 1.640488, 1.107156, 2.489418, -0.296834, -5.29976]","[-0.905533, -19.291474, 0.63836, 1.640488, 1.107156, 2.489418, -0.296834, -5.29976]"
M2H,"{""tau"": 0.5}",4,500004,outer,M3V,8,88,52,12,-10098.679758880586,-10098.67975840284,4.777448339154944e-07,0,1,8,88,88,-2298.319503522671,-2298.319797845733,2016,1.7,17.7,cold,challenge,challenge,0,88,"[-0.919734, -18.514185, 0.659017, 2.367617, 0.804967, 2.407857, -0.603803, -0.232978]","[-0.919737, -19.307215, 0.659012, 2.367701, 0.804976, 2.407848, -0.603812, -0.232969]"
M2H,"{""tau"": 0.5}",5,500005,inner,M2B,4,84,38,14,-7386.835879455378,-7386.835879455293,8.458300726488233e-11,0,1,4,84,84,-2721.8044472520346,-2721.804445621529,2352,0.1,2.9,cold,extra,extra,0,84,"[2.979918, 1.438482, 2.001929, 0.14968, 0.778995, 0.978219]","[2.979917, 1.438481, 2.00193, 0.14968, 0.778995, 0.978219]"
M2H,"{""tau"": 0.5}",5,500005,inner,M2H,4,84,38,14,-7235.176543631012,-7235.1765436305195,4.920366336591542e-10,0,1,4,83,82,-2629.294740074896,-2629.294752315851,2352,29.0,631.5,cold,challenge,challenge,0,84,"[2.995196, 1.574965, 2.006802, 0.145988, 0.755612, 0.984975, -0.688731]","[2.995195, 1.574965, 2.006803, 0.145988, 0.755612, 0.984975, -0.688732]"
M2H,"{""tau"": 0.5}",5,500005,inner,M2K,4,84,38,14,-7378.255920771317,-7378.2559207553895,1.592707121744752e-08,0,1,4,84,22,-2717.3235021729865,-2717.32349734094,2352,0.5,12.8,cold,extra,extra,1,84,"[3.031654, 1.495416, 2.741842, 0.160764, 0.81721, 1.558961, -0.196227, -0.461176]","[3.031647, 1.495415, 2.741851, 0.160766, 0.817211, 1.55897, -0.196236, -0.461181]"
M2H,"{""tau"": 0.5}",5,500005,inner,M2S,4,84,38,14,-7386.8260902301345,-7386.826090225575,4.559296939987689e-09,0,1,4,84,84,-2721.505465624823,-2721.505317187483,2352,23.0,481.2,cold,extra,extra,0,84,"[2.980506, 1.438657, 2.00187, 0.149694, 0.778943, 0.978232, -4.631521]","[2.980504, 1.438656, 2.001872, 0.149694, 0.778943, 0.978232, -4.631298]"
M2H,"{""tau"": 0.5}",5,500005,inner,M3,4,84,38,14,-7541.789312542484,-7541.789312534365,8.11905920272693e-09,0,1,4,84,83,-2763.063563597021,-2763.063404911427,2352,0.5,9.6,cold,challenge,challenge,0,84,"[1.948575, 0.849728, -0.893869, -1.848786, 2.904131, 0.988598, 0.730418]","[1.948583, 0.849731, -0.893867, -1.848775, 2.904118, 0.988604, 0.730418]"
M2H,"{""tau"": 0.5}",5,500005,inner,M3H,4,84,38,14,-7446.747095609826,-7446.747093187008,2.422817487968132e-06,0,1,4,84,84,-2698.250751688823,-2698.250456894857,2352,144.9,2409.0,cold,challenge,challenge,0,84,"[-0.907476, -17.547148, 0.634006, 2.323481, 1.211546, 2.561306, -0.296354, -0.703615]","[-0.907475, -20.572538, 0.633998, 2.323561, 1.211559, 2.561202, -0.296355, -0.703628]"
M2H,"{""tau"": 0.5}",5,500005,inner,M3L,4,84,38,14,-7559.4836160528375,-7559.483615906887,1.4595025277230889e-07,0,1,4,84,84,-2766.73063622638,-2766.730539979087,2352,0.7,13.3,cold,challenge,challenge,0,84,"[-0.898545, -19.07384, 0.630639, 1.591032, 1.241791, 2.515258, -0.290245, -6.488381]","[-0.898546, -20.17106, 0.630639, 1.591003, 1.241793, 2.515252, -0.290247, -6.630516]"
M2H,"{""tau"": 0.5}",5,500005,inner,M3V,4,84,38,14,-7423.843157737432,-7423.843157221794,5.156380211701617e-07,0,1,4,84,84,-2726.865716493441,-2726.8664816266287,2352,0.4,9.3,cold,extra,extra,0,84,"[-0.924853, -17.688906, 0.649361, 2.041453, 0.947296, 2.405651, -0.601293, -0.235626]","[-0.924857, -18.493068, 0.649359, 2.041439, 0.947309, 2.405642, -0.601298, -0.235625]"
M2H,"{""tau"": 0.5}",5,500005,outer,M2B,8,88,52,12,-10105.957956560444,-10105.957956560434,9.094947017729282e-12,0,1,8,88,87,-2321.064439766973,-2321.0644432834542,2016,0.3,3.8,cold,challenge,challenge,0,88,"[2.97877, 1.411962, 1.997897, 0.145481, 0.775964, 0.990142]","[2.97877, 1.411962, 1.997897, 0.145481, 0.775964, 0.990142]"
M2H,"{""tau"": 0.5}",5,500005,outer,M2H,8,88,52,12,-9862.879739448515,-9862.879739448515,0.0,0,1,8,88,86,-2284.8834207674045,-2284.8834207674045,2016,85.3,917.2,cold,cold,cold:pipeline,0,88,"[2.98887, 1.588509, 1.99686, 0.143088, 0.749581, 0.993683, -0.631581]","[2.98887, 1.588509, 1.99686, 0.143088, 0.749581, 0.993683, -0.631581]"
M2H,"{""tau"": 0.5}",5,500005,outer,M2K,8,88,52,12,-10092.854500160194,-10092.854500040043,1.20151526061818e-07,0,1,8,88,87,-2320.44711530574,-2320.4471343886653,2016,1.8,18.9,cold,extra,extra,1,88,"[3.03522, 1.47081, 2.746721, 0.152795, 0.816916, 1.557894, -0.163188, -0.471117]","[3.035223, 1.470816, 2.74675, 0.152791, 0.816921, 1.557898, -0.163167, -0.471135]"
M2H,"{""tau"": 0.5}",5,500005,outer,M2S,8,88,52,12,-10104.886922028905,-10104.886922028905,0.0,0,1,8,88,85,-2321.338083900351,-2321.338083900351,2016,55.2,596.1,cold,cold,cold:pipeline,0,88,"[2.985321, 1.417726, 1.996287, 0.14556, 0.775539, 0.989738, -3.537039]","[2.985321, 1.417726, 1.996287, 0.14556, 0.775539, 0.989738, -3.537039]"
M2H,"{""tau"": 0.5}",5,500005,outer,M3,8,88,52,12,-10301.33890162715,-10301.33890162464,2.510205376893282e-09,0,1,8,88,88,-2369.6641495065182,-2369.664084307702,2016,1.3,12.6,cold,extra,extra,0,88,"[1.929252, 1.035454, -0.886298, -1.859809, 2.90826, 0.940735, 0.742872]","[1.929255, 1.035459, -0.886298, -1.859806, 2.908255, 0.940736, 0.742873]"
M2H,"{""tau"": 0.5}",5,500005,outer,M3H,8,88,52,12,-10143.541520174073,-10143.541519204799,9.692739695310593e-07,0,1,8,88,88,-2348.439518359849,-2348.4388578975377,2016,381.2,4162.1,cold,extra,extra,0,88,"[-0.894224, -18.038442, 0.634957, 2.432991, 1.147972, 2.543195, -0.300473, -0.641038]","[-0.89423, -20.048692, 0.634962, 2.433006, 1.147944, 2.543183, -0.300472, -0.641031]"
M2H,"{""tau"": 0.5}",5,500005,outer,M3L,8,88,52,12,-10323.825091962448,-10323.825091372719,5.897290975553915e-07,0,1,8,88,88,-2378.180296225084,-2378.1797389383205,2016,2.3,22.1,cold,extra,extra,0,88,"[-0.883571, -18.236874, 0.630987, 1.709746, 1.133865, 2.496767, -0.288971, -5.69093]","[-0.883576, -19.812468, 0.630986, 1.709778, 1.133869, 2.496762, -0.288969, -5.95797]"
M2H,"{""tau"": 0.5}",5,500005,outer,M3V,8,88,52,12,-10148.152419503196,-10148.152419240478,2.627184585435316e-07,0,1,8,88,88,-2342.6672064478976,-2342.666824919412,2016,1.7,17.1,cold,extra,extra,0,88,"[-0.908396, -18.159142, 0.650472, 2.062957, 0.896346, 2.390637, -0.596464, -0.241287]","[-0.908397, -18.574253, 0.650477, 2.063005, 0.896299, 2.390627, -0.596466, -0.241284]"
M2H,"{""tau"": 1.0}",0,500000,inner,M2B,4,84,38,14,-7631.172176758277,-7631.1721767581075,1.6916601452976465e-10,0,1,4,84,84,-2986.254129091366,-2986.2541900902042,2352,0.4,2.3,cold,extra,extra,,,"[2.765398, 1.116559, 2.066672, 0.136651, 0.79978, 0.987582]","[2.765398, 1.116559, 2.066671, 0.136651, 0.79978, 0.987582]"
M2H,"{""tau"": 1.0}",0,500000,inner,M2H,4,84,38,14,-7154.310183226718,-7154.310183225491,1.2278178473934531e-09,0,1,4,84,83,-2733.6588039994695,-2733.658866713025,2352,30.7,544.1,cold,extra,extra,,,"[2.80864, 1.44906, 2.037477, 0.15409, 0.737712, 0.993545, -0.160089]","[2.808637, 1.449061, 2.037476, 0.15409, 0.737712, 0.993544, -0.160091]"
M2H,"{""tau"": 1.0}",0,500000,inner,M2K,4,84,38,14,-7606.016779124142,-7606.016779080899,4.3242835090495646e-08,0,1,4,84,23,-2973.414115575543,-2973.4140233766984,2352,1.1,10.9,cold,challenge,challenge,,,"[2.836661, 1.155794, 1.924409, 0.150524, 1.108706, 0.315669, 1.12793, -0.167428]","[2.836655, 1.155799, 1.924394, -0.15053, -1.108709, 0.315663, 1.127932, -0.167412]"
M2H,"{""tau"": 1.0}",0,500000,inner,M2S,4,84,38,14,-7564.130665946386,-7564.130665945644,7.421476766467094e-10,0,1,4,84,84,-2956.6130010722964,-2956.613041168157,2352,18.1,320.0,cold,extra,extra,,,"[2.87017, 1.179516, 2.059286, 0.149846, 0.793325, 0.982152, -2.112867]","[2.870171, 1.179517, 2.059286, 0.149846, 0.793324, 0.982153, -2.112866]"
M2H,"{""tau"": 1.0}",0,500000,inner,M3,4,84,38,14,-7744.320373785168,-7738.6501201689125,5.67025361625565,1,1,4,84,8,-3002.305072727225,-3007.4065146412545,2352,0.8,8.4,cold,challenge,challenge,,,"[1.688604, 1.766602, -0.884554, -1.9666, 3.016643, 0.724548, 0.798376]","[1.999634, 34380.387955, -0.88656, -2.043677, 3.070657, 0.862927, 0.81323]"
M2H,"{""tau"": 1.0}",0,500000,inner,M3H,4,84,38,14,-7414.327817891626,-7414.3278128106085,5.081017661723308e-06,0,1,4,84,84,-2814.1894779481627,-2814.188568864434,2352,103.3,2146.9,cold,extra,extra,,,"[-0.893143, -16.470714, 0.636852, 3.032471, 0.977362, 2.372215, -0.292401, -0.164562]","[-0.893142, -21.996234, 0.636852, 3.032778, 0.977347, 2.372274, -0.292399, -0.164441]"
M2H,"{""tau"": 1.0}",0,500000,inner,M3L,4,84,38,14,-7758.682706539701,-7758.682706049631,4.900703061139211e-07,0,1,4,84,84,-3000.087644763864,-3000.085842682081,2352,1.2,13.2,cold,extra,extra,,,"[-0.861625, -17.230605, 0.631407, 2.049523, 0.770629, 2.296216, -0.242724, -6.371449]","[-0.861625, -17.934772, 0.631408, 2.049455, 0.770629, 2.296207, -0.242722, -6.705149]"
M2H,"{""tau"": 1.0}",0,500000,inner,M3V,4,84,38,14,-7614.563908849046,-7614.563908299432,5.496140147442929e-07,0,1,4,84,84,-2949.2178934529284,-2949.2190305403533,2352,0.9,10.2,cold,extra,extra,,,"[-0.915767, -17.779446, 0.670714, 1.779018, 0.6602, 2.107498, -0.614926, -0.215299]","[-0.915762, -18.316787, 0.670709, 1.779046, 0.660219, 2.107533, -0.614919, -0.2153]"
M2H,"{""tau"": 1.0}",0,500000,outer,M2B,8,88,52,12,-10611.739276746783,-10611.739276746463,3.2014213502407074e-10,0,1,8,88,88,-2547.4814862476233,-2547.481511643201,2016,0.8,2.4,cold,extra,extra,,,"[2.748169, 1.069216, 2.082978, 0.13191, 0.813422, 0.999039]","[2.748169, 1.069215, 2.082978, 0.13191, 0.813422, 0.99904]"
M2H,"{""tau"": 1.0}",0,500000,outer,M2H,8,88,52,12,-9886.409159469527,-9886.409159469053,4.747562343254685e-10,0,1,8,88,88,-2329.0910005405785,-2329.091034995949,2016,84.5,870.2,cold,extra,extra,,,"[2.794312, 1.496868, 2.026416, 0.152429, 0.743572, 0.99571, -0.083455]","[2.794312, 1.496868, 2.026416, 0.152429, 0.743572, 0.99571, -0.083457]"
M2H,"{""tau"": 1.0}",0,500000,outer,M2K,8,88,52,12,-10569.553962300131,-10569.55396227667,2.3461325326934457e-08,0,1,8,88,8,-2529.3962643791174,-2529.3961572781195,2016,2.2,19.6,cold,challenge,challenge,,,"[3.147364, 1.167635, 3.03295, 0.030744, 0.934246, 1.431475, 0.335483, -0.679578]","[3.147358, 1.167637, 3.032939, 0.030744, 0.934245, 1.431467, 0.335481, -0.679574]"
M2H,"{""tau"": 1.0}",0,500000,outer,M2S,8,88,52,12,-10518.201635286077,-10518.201635285952,1.255102688446641e-10,0,1,8,88,87,-2506.6512917452096,-2506.651297530035,2016,46.7,477.2,cold,extra,extra,,,"[2.857205, 1.1441, 2.067121, 0.146703, 0.806039, 0.993114, -2.097746]","[2.857205, 1.1441, 2.067121, 0.146703, 0.806039, 0.993114, -2.097745]"
M2H,"{""tau"": 1.0}",0,500000,outer,M3,8,88,52,12,-10740.98609715539,-10740.98609715539,0.0,0,1,8,88,88,-2560.4038721767165,-2560.4038721767165,2016,1.3,9.4,cold,cold,cold:pipeline,,,"[1.66336, 1.364831, -0.874446, -1.861872, 2.919606, 0.727129, 0.802897]","[1.66336, 1.364831, -0.874446, -1.861872, 2.919606, 0.727129, 0.802897]"
M2H,"{""tau"": 1.0}",0,500000,outer,M3H,8,88,52,12,-10227.02469627914,-10227.02469398682,2.2923213691683486e-06,0,1,8,88,88,-2391.0164358054913,-2391.0175916999447,2016,340.5,3320.4,cold,extra,extra,,,"[-0.886075, -17.683261, 0.635054, 3.037975, 1.009013, 2.364622, -0.282509, -0.095829]","[-0.886074, -21.549158, 0.635056, 3.03805, 1.00902, 2.364621, -0.282508, -0.095943]"
M2H,"{""tau"": 1.0}",0,500000,outer,M3L,8,88,52,12,-10753.983232823393,-10753.983231328646,1.4947472664061934e-06,0,1,8,88,88,-2559.9617113943223,-2559.961106050561,2016,2.1,17.3,cold,extra,extra,,,"[-0.852223, -16.834533, 0.631501, 1.724228, 0.792431, 2.27429, -0.23447, -7.168028]","[-0.85223, -20.504652, 0.631503, 1.72414, 0.792454, 2.274273, -0.234471, -7.881592]"
M2H,"{""tau"": 1.0}",0,500000,outer,M3V,8,88,52,12,-10559.816868971768,-10559.816868783944,1.878233888419345e-07,0,1,8,88,88,-2517.157176592019,-2517.1571757474735,2016,1.8,14.4,cold,extra,extra,,,"[-0.906221, -17.988495, 0.672625, 1.620239, 0.659159, 2.089003, -0.6025, -0.204041]","[-0.906219, -18.380808, 0.672622, 1.620243, 0.659166, 2.089006, -0.602495, -0.204042]"
M2H,"{""tau"": 1.0}",1,500001,inner,M2B,4,84,38,14,-7771.127189239119,-7771.127189239033,8.549250196665525e-11,0,1,4,84,83,-3001.096225000112,-3001.096252928134,2352,0.1,2.6,cold,extra,extra,,,"[2.934547, 1.040575, 2.041865, 0.168039, 0.824769, 0.975538]","[2.934547, 1.040575, 2.041865, 0.168039, 0.824769, 0.975538]"
M2H,"{""tau"": 1.0}",1,500001,inner,M2H,4,84,38,14,-7295.443359378274,-7295.443359376943,1.331500243395567e-09,0,1,4,83,78,-2677.2674097036115,-2677.267362412217,2352,23.6,598.9,cold,extra,extra,,,"[3.042255, 1.453284, 1.985436, 0.175855, 0.76153, 0.983421, -0.016651]","[3.042256, 1.453283, 1.985436, 0.175855, 0.76153, 0.983421, -0.016648]"
M2H,"{""tau"": 1.0}",1,500001,inner,M2K,4,84,38,14,-7749.635403351209,-7743.626720028873,6.008683322335855,1,1,4,84,29,-2977.674707321325,-2981.177745892742,2352,0.5,11.1,cold,challenge,challenge,,,"[2.892344, 0.940116, 1.152856, 0.447931, 0.981702, 0.356947, 0.490817, 1.382049]","[3.415988, 1.074843, 3.043905, 0.051911, 0.952091, 1.437623, 0.356948, -0.688871]"
M2H,"{""tau"": 1.0}",1,500001,inner,M2S,4,84,38,14,-7708.6126821323705,-7708.612682131883,4.874891601502895e-10,0,1,4,84,84,-2978.8247631289464,-2978.8247936721623,2352,13.7,295.2,cold,extra,extra,,,"[3.012814, 1.098908, 2.031286, 0.178145, 0.818424, 0.972365, -2.205923]","[3.012815, 1.098909, 2.031285, 0.178145, 0.818424, 0.972365, -2.205922]"
M2H,"{""tau"": 1.0}",1,500001,inner,M3,4,84,38,14,-7896.765594496817,-7896.7655944957405,1.076841726899147e-09,0,1,4,84,84,-3005.79234392672,-3005.7925482305477,2352,0.4,7.6,cold,extra,extra,,,"[1.419418, 0.736475, -0.856344, -2.311869, 3.38782, 0.702617, 0.787155]","[1.419415, 0.736475, -0.856345, -2.311876, 3.387828, 0.702615, 0.787155]"
M2H,"{""tau"": 1.0}",1,500001,inner,M3H,4,84,38,14,-7574.892655842847,-7574.892655016175,8.266715667559765e-07,0,1,4,84,84,-2754.6563018213296,-2754.6568913604815,2352,112.9,2292.9,cold,extra,extra,,,"[-0.872621, -18.046071, 0.621048, 2.319826, 1.024459, 2.561324, -0.274164, -0.024088]","[-0.872624, -21.653599, 0.621051, 2.319842, 1.024425, 2.561328, -0.274164, -0.02411]"
M2H,"{""tau"": 1.0}",1,500001,inner,M3L,4,84,38,14,-7914.741414091988,-7914.741413543999,5.479887477122247e-07,0,1,4,84,84,-3006.995352291003,-3006.9951244859667,2352,0.6,12.6,cold,extra,extra,,,"[-0.849492, -17.627357, 0.614658, 1.208311, 0.933114, 2.429743, -0.242635, -5.525123]","[-0.849496, -19.617555, 0.614656, 1.208382, 0.933107, 2.429733, -0.242631, -5.833367]"
M2H,"{""tau"": 1.0}",1,500001,inner,M3V,4,84,38,14,-7737.93117643387,-7737.931175322446,1.1114243534393609e-06,0,1,4,84,84,-2942.366249985055,-2942.3635252681165,2352,0.5,10.0,cold,extra,extra,,,"[-0.889157, -17.004764, 0.658835, 1.631264, 0.636223, 2.286718, -0.609205, -0.173044]","[-0.889161, -19.269707, 0.658836, 1.631308, 0.636201, 2.286678, -0.609208, -0.173041]"
M2H,"{""tau"": 1.0}",1,500001,outer,M2B,8,88,52,12,-10761.713824440118,-10761.71382443995,1.673470251262188e-10,0,1,8,88,87,-2393.869546456431,-2393.869564768775,2016,0.4,3.7,cold,extra,extra,,,"[2.783645, 1.002296, 2.080357, 0.162899, 0.832588, 0.974884]","[2.783645, 1.002296, 2.080357, 0.162899, 0.832588, 0.974884]"
M2H,"{""tau"": 1.0}",1,500001,outer,M2H,8,88,52,12,-9970.142394551262,-9970.142394551262,0.0,0,1,8,88,86,-2281.0199548137753,-2281.0199548137753,2016,72.5,771.1,cold,cold,cold:pipeline,,,"[2.95949, 1.478079, 2.008691, 0.166179, 0.755525, 0.993966, 0.055218]","[2.95949, 1.478079, 2.008691, 0.166179, 0.755525, 0.993966, 0.055218]"
M2H,"{""tau"": 1.0}",1,500001,outer,M2K,8,88,52,12,-10716.179865666092,-10710.364376775353,5.815488890739289,1,1,8,88,15,-2385.6857443577996,-2384.8229738237596,2016,2.3,20.3,cold,extra,extra,,,"[2.698198, 0.856977, 1.110796, 0.45789, 0.986604, 0.346082, 0.449317, 1.701304]","[3.180375, 1.166047, 3.136008, 0.081201, 0.956447, 1.581482, 0.194065, -0.706031]"
M2H,"{""tau"": 1.0}",1,500001,outer,M2S,8,88,52,12,-10680.376173600118,-10680.376173600118,0.0,0,1,8,88,87,-2382.766561054809,-2382.766561054809,2016,40.5,433.7,cold,cold,cold:pipeline,,,"[2.89579, 1.058326, 2.068363, 0.169878, 0.82563, 0.97969, -2.172378]","[2.89579, 1.058326, 2.068363, 0.169878, 0.82563, 0.97969, -2.172378]"
M2H,"{""tau"": 1.0}",1,500001,outer,M3,8,88,52,12,-10894.85957355774,-10894.859573557693,4.729372449219227e-11,0,1,8,88,88,-2434.1694867608207,-2434.169462026438,2016,1.0,10.7,cold,extra,extra,,,"[1.348406, 0.70411, -0.860931, -2.270321, 3.338367, 0.735312, 0.789649]","[1.348407, 0.70411, -0.860931, -2.270322, 3.338367, 0.735313, 0.789649]"
M2H,"{""tau"": 1.0}",1,500001,outer,M3H,8,88,52,12,-10327.687738386816,-10327.687737734661,6.521549948956817e-07,0,1,8,88,88,-2354.9697855043432,-2354.970108202475,2016,339.9,3437.2,cold,challenge,challenge,,,"[-0.880758, -18.078411, 0.629739, 2.371912, 1.070215, 2.501436, -0.278882, 0.046546]","[-0.880761, -18.692108, 0.629736, 2.371711, 1.070275, 2.501393, -0.278884, 0.046486]"
M2H,"{""tau"": 1.0}",1,500001,outer,M3L,8,88,52,12,-10914.124067277553,-10914.124065590866,1.6866870282683522e-06,0,1,8,88,88,-2442.6131498122613,-2442.612488887154,2016,1.8,18.0,cold,challenge,challenge,,,"[-0.856792, -16.70986, 0.622855, 1.067065, 0.960594, 2.303036, -0.243725, -6.030902]","[-0.85679, -18.378866, 0.62285, 1.067123, 0.960612, 2.303052, -0.243722, -5.850477]"
M2H,"{""tau"": 1.0}",1,500001,outer,M3V,8,88,52,12,-10673.79710735018,-10673.797107152393,1.9778599380515516e-07,0,1,8,88,88,-2393.224752952945,-2393.224360819656,2016,1.4,14.9,cold,extra,extra,,,"[-0.901302, -17.513103, 0.672228, 1.535076, 0.62118, 2.168479, -0.616006, -0.1728]","[-0.901308, -17.69416, 0.672226, 1.534996, 0.621224, 2.168481, -0.616012, -0.172801]"
M2H,"{""tau"": 1.0}",2,500002,inner,M2B,4,84,38,14,-7840.169973680269,-7840.169973679285,9.840732673183084e-10,0,1,4,84,82,-2823.8203803940614,-2823.8203436119475,2352,0.1,2.7,cold,extra,extra,0,84,"[2.868594, 0.979581, 2.11117, 0.175794, 0.833434, 0.991739]","[2.868594, 0.979581, 2.111172, 0.175794, 0.833433, 0.99174]"
M2H,"{""tau"": 1.0}",2,500002,inner,M2H,4,84,38,14,-7230.8689209525455,-7230.868920947133,5.412402970250696e-09,0,1,4,81,79,-2678.3526404179793,-2678.3525415138274,2352,26.3,584.4,cold,extra,extra,0,84,"[3.01411, 1.569641, 2.009788, 0.16703, 0.752082, 0.995875, 0.060149]","[3.014112, 1.569638, 2.009789, 0.167029, 0.752082, 0.995875, 0.060155]"
M2H,"{""tau"": 1.0}",2,500002,inner,M2K,4,84,38,14,-7795.264045546228,-7794.342647477992,0.921398068236158,1,1,4,84,18,-2823.9087908571273,-2822.0914439007583,2352,0.6,13.1,cold,extra,extra,1,84,"[2.586437, 0.7867, 1.158179, 0.401836, 0.944726, 0.422835, 0.148203, 1.837724]","[3.051707, 1.176902, 3.191576, 0.16169, 0.926945, 1.775437, -0.109358, -0.67824]"
M2H,"{""tau"": 1.0}",2,500002,inner,M2S,4,84,38,14,-7818.165810477807,-7818.1658104764365,1.3706085155718029e-09,0,1,4,84,83,-2829.1740875102655,-2829.173992409363,2352,15.4,296.0,cold,extra,extra,0,84,"[2.98023, 1.031689, 2.09196, 0.176509, 0.831279, 0.997048, -2.458574]","[2.980228, 1.03169, 2.091959, 0.176509, 0.831279, 0.997048, -2.45858]"
M2H,"{""tau"": 1.0}",2,500002,inner,M3,4,84,38,14,-7932.593261647854,-7932.593261646507,1.3469616533257067e-09,0,1,4,84,84,-2873.7508436352,-2873.750863053889,2352,0.3,7.0,cold,challenge,challenge,0,84,"[1.814733, 0.642299, -0.867328, -1.674613, 2.768744, 0.85241, 0.761843]","[1.814736, 0.642299, -0.867328, -1.67461, 2.768741, 0.85241, 0.761843]"
M2H,"{""tau"": 1.0}",2,500002,inner,M3H,4,84,38,14,-7486.493268377739,-7486.493268377739,0.0,0,1,4,84,84,-2759.865851692392,-2759.865851692392,2352,102.5,2242.7,cold,cold,cold:pipeline,0,84,"[-0.904566, -19.053042, 0.644375, 1.995907, 1.182419, 2.551287, -0.297602, 0.065431]","[-0.904566, -19.053042, 0.644375, 1.995907, 1.182419, 2.551287, -0.297602, 0.065431]"
M2H,"{""tau"": 1.0}",2,500002,inner,M3L,4,84,38,14,-7940.089764707834,-7940.089763798754,9.090799721889198e-07,0,1,4,84,84,-2882.0564283832523,-2882.05664716395,2352,0.6,12.7,cold,extra,extra,0,84,"[-0.865532, -16.82272, 0.651038, 0.7818, 1.102047, 2.370593, -0.280046, -6.752803]","[-0.865523, -18.411549, 0.651033, 0.781792, 1.102082, 2.370612, -0.280047, -7.091403]"
M2H,"{""tau"": 1.0}",2,500002,inner,M3V,4,84,38,14,-7782.9723370841675,-7782.972336327817,7.563503459095955e-07,0,1,4,84,84,-2841.957394316806,-2841.9570263363694,2352,0.4,9.3,cold,extra,extra,0,84,"[-0.918094, -16.735583, 0.67763, 1.316658, 0.693745, 2.218349, -0.622307, -0.1869]","[-0.918088, -17.90958, 0.67762, 1.316632, 0.693789, 2.218366, -0.622303, -0.186904]"
M2H,"{""tau"": 1.0}",2,500002,outer,M2B,8,88,52,12,-10662.964783850897,-10662.96478385088,1.6370904631912708e-11,0,1,8,88,88,-2379.7603180115093,-2379.760321616409,2016,0.3,3.2,cold,extra,extra,0,88,"[2.848323, 0.981588, 2.12811, 0.167763, 0.826386, 0.996596]","[2.848323, 0.981588, 2.12811, 0.167763, 0.826386, 0.996596]"
M2H,"{""tau"": 1.0}",2,500002,outer,M2H,8,88,52,12,-9907.613685870438,-9907.613685870008,4.2928149923682213e-10,0,1,8,87,84,-2280.2316711517155,-2280.2316976689685,2016,70.7,853.8,cold,extra,extra,0,88,"[2.995847, 1.505211, 2.027144, 0.157841, 0.75192, 1.001671, 0.005792]","[2.995847, 1.505212, 2.027144, 0.157842, 0.75192, 1.001671, 0.005793]"
M2H,"{""tau"": 1.0}",2,500002,outer,M2K,8,88,52,12,-10617.188349576787,-10614.753260796011,2.4350887807759136,1,1,8,88,12,-2380.854981412212,-2374.4686420876365,2016,2.0,18.4,cold,extra,extra,1,88,"[2.613922, 0.830451, 1.22862, 0.346273, 0.919959, 0.471011, 0.105288, 1.544131]","[3.011005, 1.144288, 3.149363, 0.160353, 0.906568, 1.740425, -0.124775, -0.632235]"
M2H,"{""tau"": 1.0}",2,500002,outer,M2S,8,88,52,12,-10645.292585823125,-10645.292585822437,6.875779945403337e-10,0,1,8,88,88,-2378.90471448617,-2378.904738343327,2016,42.1,470.1,cold,extra,extra,0,88,"[2.919306, 1.016891, 2.113834, 0.168328, 0.824613, 0.999764, -2.668243]","[2.919307, 1.016892, 2.113833, 0.168328, 0.824613, 0.999763, -2.668239]"
M2H,"{""tau"": 1.0}",2,500002,outer,M3,8,88,52,12,-10804.846260218297,-10804.846260216478,1.8189894035458565e-09,0,1,8,88,88,-2406.2844294470874,-2406.2844654299183,2016,1.0,10.6,cold,extra,extra,0,88,"[1.572494, 0.64121, -0.880079, -2.000617, 3.103863, 0.768315, 0.764314]","[1.572488, 0.641208, -0.880079, -2.000624, 3.10387, 0.768313, 0.764314]"
M2H,"{""tau"": 1.0}",2,500002,outer,M3H,8,88,52,12,-10245.148222645055,-10245.148220118916,2.5261397240683436e-06,0,1,8,88,88,-2347.1051402435346,-2347.104355006221,2016,335.0,3445.6,cold,extra,extra,0,88,"[-0.905925, -17.472948, 0.6474, 2.311349, 1.063776, 2.519093, -0.291, 0.015319]","[-0.905925, -19.454682, 0.647405, 2.31122, 1.063731, 2.519001, -0.291003, 0.015248]"
M2H,"{""tau"": 1.0}",2,500002,outer,M3L,8,88,52,12,-10821.558115525728,-10821.55811421089,1.314838300459087e-06,0,1,8,88,88,-2414.3591948435983,-2414.35953929441,2016,1.7,17.2,cold,extra,extra,0,88,"[-0.871641, -17.465442, 0.649024, 0.839308, 1.070828, 2.356219, -0.278068, -6.858436]","[-0.871642, -19.066195, 0.649019, 0.839261, 1.070832, 2.356197, -0.278074, -6.71569]"
M2H,"{""tau"": 1.0}",2,500002,outer,M3V,8,88,52,12,-10623.524101879006,-10623.524101127567,7.514390745200217e-07,0,1,8,88,88,-2388.193408636478,-2388.1928696881,2016,1.5,14.5,cold,extra,extra,0,88,"[-0.91994, -17.588511, 0.674771, 1.374522, 0.699949, 2.207898, -0.60663, -0.195802]","[-0.919929, -18.659478, 0.674767, 1.374573, 0.699941, 2.207914, -0.606633, -0.195798]"
M2H,"{""tau"": 1.0}",3,500003,inner,M2B,4,84,38,14,-7916.202204888497,-7916.202204888497,0.0,0,1,4,84,84,-2831.440886596551,-2831.440886596551,2352,0.1,2.6,cold,cold,cold:pipeline,0,84,"[2.783153, 1.158752, 1.966052, 0.171938, 0.840428, 0.930581]","[2.783153, 1.158752, 1.966052, 0.171938, 0.840428, 0.930581]"
M2H,"{""tau"": 1.0}",3,500003,inner,M2H,4,84,38,14,-7284.520668337047,-7284.520668336199,8.476490620523691e-10,0,1,4,83,82,-2674.0848306272105,-2674.0848575611085,2352,26.1,541.1,cold,extra,extra,0,84,"[2.933416, 1.650083, 1.97407, 0.159214, 0.755108, 0.971816, 0.060957]","[2.933413, 1.650085, 1.97407, 0.159214, 0.755108, 0.971817, 0.060955]"
M2H,"{""tau"": 1.0}",3,500003,inner,M2K,4,84,38,14,-7869.626907194901,-7868.841024862789,0.7858823321121235,1,1,4,84,16,-2821.3712170037797,-2816.7144079443297,2352,0.7,14.3,cold,challenge,challenge,1,84,"[2.631778, 0.920118, 0.974677, 0.454128, 0.977037, 0.336663, 0.27912, 2.130453]","[3.082718, 1.364085, 3.08891, 0.108066, 0.965046, 1.627645, 0.085275, -0.724408]"
M2H,"{""tau"": 1.0}",3,500003,inner,M2S,4,84,38,14,-7867.634916094894,-7867.634916094199,6.948539521545172e-10,0,1,4,84,84,-2819.934417553914,-2819.9344211969405,2352,13.8,296.1,cold,extra,extra,0,84,"[2.875083, 1.221516, 1.953138, 0.173278, 0.833831, 0.931882, -2.214028]","[2.875084, 1.221518, 1.953137, 0.173278, 0.833831, 0.931882, -2.214031]"
M2H,"{""tau"": 1.0}",3,500003,inner,M3,4,84,38,14,-8003.372574826028,-8003.372574811359,1.4668330550193787e-08,0,1,4,84,84,-2863.5911588310337,-2863.5912908793,2352,0.4,8.7,cold,extra,extra,0,84,"[1.921094, 0.77722, -0.839987, -1.479541, 2.481458, 1.037082, 0.785339]","[1.921088, 0.777216, -0.839985, -1.479543, 2.48146, 1.03708, 0.785338]"
M2H,"{""tau"": 1.0}",3,500003,inner,M3H,4,84,38,14,-7533.134238348397,-7533.134232597473,5.750924174208194e-06,0,1,4,84,84,-2746.208816670939,-2746.207815784275,2352,115.1,2139.4,cold,extra,extra,0,84,"[-0.890261, -16.384771, 0.619525, 2.317665, 1.264556, 2.516376, -0.281273, 0.064011]","[-0.89027, -21.560576, 0.619536, 2.317692, 1.264477, 2.516585, -0.281278, 0.064142]"
M2H,"{""tau"": 1.0}",3,500003,inner,M3L,4,84,38,14,-8008.684635524986,-8008.6846341629225,1.3620638128486462e-06,0,1,4,84,83,-2870.7225583978657,-2870.7231568958027,2352,0.6,12.2,cold,extra,extra,0,84,"[-0.843707, -16.278893, 0.59528, 0.964227, 1.272603, 2.323772, -0.243478, -6.459724]","[-0.843716, -17.995546, 0.595277, 0.964301, 1.272552, 2.32374, -0.243474, -7.282443]"
M2H,"{""tau"": 1.0}",3,500003,inner,M3V,4,84,38,14,-7851.25931182706,-7851.259311388813,4.382463885121979e-07,0,1,4,84,84,-2824.9934843225597,-2824.9934259047996,2352,0.5,10.0,cold,extra,extra,0,84,"[-0.886042, -16.481132, 0.62797, 1.480138, 0.79428, 2.207451, -0.588308, -0.165347]","[-0.886041, -17.194225, 0.627966, 1.480096, 0.794307, 2.207458, -0.588312, -0.16535]"
M2H,"{""tau"": 1.0}",3,500003,outer,M2B,8,88,52,12,-10745.430588064375,-10745.430588064311,6.366462912410498e-11,0,1,8,88,87,-2431.0857030303564,-2431.085703494239,2016,0.3,3.6,cold,extra,extra,0,88,"[2.826577, 1.120222, 2.00672, 0.164363, 0.832364, 0.954313]","[2.826577, 1.120222, 2.00672, 0.164363, 0.832364, 0.954314]"
M2H,"{""tau"": 1.0}",3,500003,outer,M2H,8,88,52,12,-9956.608535748706,-9956.608535745916,2.790329745039344e-09,0,1,8,87,84,-2291.457679060736,-2291.4577070612618,2016,85.4,889.6,cold,challenge,challenge,0,88,"[2.985191, 1.55303, 1.996452, 0.154478, 0.754365, 0.991067, 0.02494]","[2.985185, 1.553031, 1.996453, 0.154478, 0.754364, 0.991067, 0.024938]"
M2H,"{""tau"": 1.0}",3,500003,outer,M2K,8,88,52,12,-10683.573617360224,-10683.573617115682,2.4454129743389785e-07,0,1,8,88,13,-2419.1656222951356,-2419.1665454879544,2016,2.3,18.5,cold,extra,extra,1,88,"[3.120925, 1.318037, 3.109157, 0.105141, 0.953881, 1.638371, 0.084918, -0.713431]","[3.120923, 1.318072, 3.109151, 0.105138, 0.953886, 1.638366, 0.084928, -0.713445]"
M2H,"{""tau"": 1.0}",3,500003,outer,M2S,8,88,52,12,-10686.029522515935,-10686.029522514891,1.0440999176353216e-09,0,1,8,88,87,-2422.3636482011293,-2422.3636867018586,2016,38.9,430.5,cold,extra,extra,0,88,"[2.911676, 1.162323, 1.997229, 0.165695, 0.826487, 0.95496, -2.260043]","[2.911674, 1.162322, 1.997229, 0.165695, 0.826487, 0.95496, -2.260044]"
M2H,"{""tau"": 1.0}",3,500003,outer,M3,8,88,52,12,-10864.197429402473,-10864.197429402473,0.0,0,1,8,88,88,-2469.3454371392804,-2469.3454371392804,2016,1.0,10.8,cold,cold,cold:pipeline,0,88,"[1.774328, 0.744287, -0.849414, -1.74514, 2.77922, 0.91683, 0.778643]","[1.774328, 0.744287, -0.849414, -1.74514, 2.77922, 0.91683, 0.778643]"
M2H,"{""tau"": 1.0}",3,500003,outer,M3H,8,88,52,12,-10277.010788497657,-10277.010787847676,6.499813025584444e-07,0,1,8,88,88,-2371.0611696153546,-2371.061064505034,2016,307.0,3120.9,cold,extra,extra,0,88,"[-0.884642, -18.436116, 0.627063, 1.992182, 1.250488, 2.554862, -0.291477, 0.03288]","[-0.884642, -21.19513, 0.627064, 1.992208, 1.250466, 2.554921, -0.291479, 0.032875]"
M2H,"{""tau"": 1.0}",3,500003,outer,M3L,8,88,52,12,-10877.307203705883,-10877.307202611832,1.0940511856460944e-06,0,1,8,88,88,-2473.1334014080867,-2473.132943882789,2016,1.6,17.4,cold,challenge,challenge,0,88,"[-0.852258, -17.18609, 0.611406, 0.981325, 1.177379, 2.35003, -0.253596, -6.157557]","[-0.852261, -18.881795, 0.611408, 0.981264, 1.177399, 2.35001, -0.253598, -6.632153]"
M2H,"{""tau"": 1.0}",3,500003,outer,M3V,8,88,52,12,-10674.620192702832,-10674.620192521577,1.8125501810573041e-07,0,1,8,88,88,-2420.453358217669,-2420.454715068554,2016,1.4,13.2,cold,extra,extra,0,88,"[-0.892784, -17.503779, 0.645048, 1.514272, 0.746325, 2.232187, -0.586091, -0.179038]","[-0.892788, -18.646606, 0.645055, 1.514281, 0.746297, 2.232168, -0.586092, -0.179039]"
M2H,"{""tau"": 1.0}",4,500004,inner,M2B,4,84,38,14,-7828.520458896666,-7828.5204588965335,1.3278622645884752e-10,0,1,4,84,82,-2841.53525907955,-2841.5352456685246,2352,0.2,3.7,cold,extra,extra,0,84,"[2.75691, 1.018765, 2.056304, 0.154632, 0.825616, 0.969863]","[2.75691, 1.018765, 2.056304, 0.154632, 0.825616, 0.969863]"
M2H,"{""tau"": 1.0}",4,500004,inner,M2H,4,84,38,14,-7255.4687946474705,-7255.468794647182,2.8830982046201825e-10,0,1,4,84,83,-2681.8314065977884,-2681.8313924709278,2352,31.4,618.7,cold,extra,extra,0,84,"[2.867023, 1.509631, 1.991577, 0.152644, 0.748987, 0.978532, -0.00359]","[2.867023, 1.509631, 1.991576, 0.152644, 0.748987, 0.978532, -0.003592]"
M2H,"{""tau"": 1.0}",4,500004,inner,M2K,4,84,38,14,-7781.0719639562685,-7780.494085430726,0.5778785255424737,1,1,4,84,16,-2832.377467425019,-2832.4332921719524,2352,1.1,17.4,cold,extra,extra,1,84,"[2.528351, 0.805422, 1.072418, 0.401837, 0.946629, 0.383166, 0.217783, 2.051538]","[2.984882, 1.217098, 3.125543, 0.124993, 0.931113, 1.681839, -0.01617, -0.697672]"
M2H,"{""tau"": 1.0}",4,500004,inner,M2S,4,84,38,14,-7796.428410405018,-7796.428410404513,5.056790541857481e-10,0,1,4,84,82,-2832.4182130042645,-2832.4180738195405,2352,19.2,404.0,cold,extra,extra,0,84,"[2.841701, 1.067877, 2.043998, 0.155985, 0.82112, 0.972046, -2.349814]","[2.841701, 1.067877, 2.043998, 0.155985, 0.821121, 0.972046, -2.349816]"
M2H,"{""tau"": 1.0}",4,500004,inner,M3,4,84,38,14,-7885.2661447603705,-7885.266144760317,5.3660187404602766e-11,0,1,4,84,84,-2879.7387902747573,-2879.738784735009,2352,0.4,8.6,cold,extra,extra,0,84,"[1.680302, 0.711963, -0.857461, -1.697556, 2.746915, 0.865585, 0.763916]","[1.680302, 0.711963, -0.857461, -1.697557, 2.746915, 0.865585, 0.763916]"
M2H,"{""tau"": 1.0}",4,500004,inner,M3H,4,84,38,14,-7470.026476520294,-7470.026474090122,2.430171662126668e-06,0,1,4,84,84,-2752.2481323215334,-2752.2484531016366,2352,142.5,2730.6,cold,extra,extra,0,84,"[-0.888499, -16.888851, 0.626051, 1.973742, 1.176753, 2.419594, -0.301402, -0.01993]","[-0.888503, -19.963743, 0.626062, 1.973876, 1.176606, 2.419451, -0.3014, -0.019964]"
M2H,"{""tau"": 1.0}",4,500004,inner,M3L,4,84,38,14,-7892.163995536013,-7892.163994923201,6.128120730863884e-07,0,1,4,84,84,-2883.1571298984977,-2883.1550510785773,2352,0.8,16.6,cold,extra,extra,0,84,"[-0.856261, -16.946757, 0.624248, 0.923536, 1.057758, 2.244156, -0.274181, -7.028639]","[-0.856263, -17.978282, 0.624249, 0.923591, 1.057741, 2.244172, -0.274174, -7.11305]"
M2H,"{""tau"": 1.0}",4,500004,inner,M3V,4,84,38,14,-7752.4840023996385,-7752.484001891032,5.086067176307552e-07,0,1,4,84,84,-2834.056761319827,-2834.0569145309883,2352,0.6,12.7,cold,extra,extra,0,84,"[-0.896195, -16.738774, 0.659733, 1.423992, 0.684546, 2.138377, -0.607564, -0.201567]","[-0.896201, -17.586249, 0.659741, 1.424019, 0.684499, 2.13836, -0.607571, -0.201564]"
M2H,"{""tau"": 1.0}",4,500004,outer,M2B,8,88,52,12,-10657.234274059148,-10657.234274058976,1.7280399333685637e-10,0,1,8,88,86,-2502.1240149156524,-2502.124018347269,2016,0.3,3.7,cold,extra,extra,0,88,"[2.871293, 1.03704, 2.067133, 0.153982, 0.825882, 0.970585]","[2.871293, 1.037039, 2.067134, 0.153982, 0.825882, 0.970586]"
M2H,"{""tau"": 1.0}",4,500004,outer,M2H,8,88,52,12,-9935.8432282618,-9935.843228261529,2.710294211283326e-10,0,1,8,87,83,-2260.7089061623205,-2260.7088955856093,2016,75.9,837.4,cold,extra,extra,0,88,"[2.992027, 1.515952, 2.00102, 0.148506, 0.754557, 0.981079, -0.032096]","[2.992026, 1.515952, 2.00102, 0.148506, 0.754557, 0.981078, -0.032098]"
M2H,"{""tau"": 1.0}",4,500004,outer,M2K,8,88,52,12,-10599.612327166193,-10599.612327166193,0.0,0,1,8,88,13,-2478.3537535257924,-2478.3537535257924,2016,2.1,21.9,cold,cold,cold:pipeline,1,88,"[3.129068, 1.211695, 3.119289, -0.111491, -0.930808, 1.643714, 0.026708, -0.67717]","[3.129068, 1.211695, 3.119289, -0.111491, -0.930808, 1.643714, 0.026708, -0.67717]"
M2H,"{""tau"": 1.0}",4,500004,outer,M2S,8,88,52,12,-10618.451806788311,-10618.451806776739,1.1572410585358739e-08,0,1,8,88,85,-2500.2618171230692,-2500.2619841336686,2016,38.0,431.5,cold,extra,extra,0,88,"[2.944005, 1.08002, 2.059886, 0.155867, 0.822009, 0.973213, -2.41578]","[2.944011, 1.080019, 2.059886, 0.155867, 0.822009, 0.973215, -2.415781]"
M2H,"{""tau"": 1.0}",4,500004,outer,M3,8,88,52,12,-10754.344382351519,-10754.34438235121,3.092281986027956e-10,0,1,8,88,88,-2508.0651485226217,-2508.065215543975,2016,1.0,9.9,cold,extra,extra,0,88,"[1.799257, 0.764193, -0.882209, -1.705803, 2.752105, 0.849662, 0.766228]","[1.799259, 0.764193, -0.882209, -1.705801, 2.752104, 0.849662, 0.766228]"
M2H,"{""tau"": 1.0}",4,500004,outer,M3H,8,88,52,12,-10221.104383694998,-10221.104383614454,8.054303179960698e-08,0,1,8,88,88,-2315.6338109397984,-2315.6340085418924,2016,326.1,3617.6,cold,challenge,challenge,0,88,"[-0.902328, -23.718765, 0.634671, 2.084373, 1.15193, 2.536365, -0.299038, -0.047788]","[-0.902326, -20.305648, 0.634675, 2.084341, 1.151906, 2.536437, -0.299037, -0.047758]"
M2H,"{""tau"": 1.0}",4,500004,outer,M3L,8,88,52,12,-10765.000471073487,-10765.000470609353,4.6413333620876074e-07,0,1,8,88,88,-2507.452192645519,-2507.4505279227733,2016,2.1,21.8,cold,extra,extra,0,88,"[-0.879345, -18.026812, 0.633128, 0.999896, 1.041739, 2.352373, -0.270854, -7.524482]","[-0.879346, -19.01986, 0.633129, 0.999931, 1.041712, 2.352356, -0.270856, -7.995857]"
M2H,"{""tau"": 1.0}",4,500004,outer,M3V,8,88,52,12,-10576.003361921466,-10576.003361796023,1.254429662367329e-07,0,1,8,88,88,-2466.173386937901,-2466.1725737448196,2016,1.9,18.0,cold,challenge,challenge,0,88,"[-0.914435, -17.526142, 0.669735, 1.487202, 0.682605, 2.251861, -0.595096, -0.200994]","[-0.914434, -17.582722, 0.669737, 1.487173, 0.682598, 2.251855, -0.595099, -0.200996]"
M2H,"{""tau"": 1.0}",5,500005,inner,M2B,4,84,38,14,-7819.891958361843,-7819.891958342519,1.9324033928569406e-08,0,1,4,84,83,-2949.533197941795,-2949.533204718204,2352,0.1,3.2,cold,challenge,challenge,0,84,"[2.91015, 1.131147, 2.031508, 0.148485, 0.830267, 0.966983]","[2.910153, 1.131149, 2.031511, 0.148484, 0.830268, 0.966985]"
M2H,"{""tau"": 1.0}",5,500005,inner,M2H,4,84,38,14,-7266.735510118068,-7266.735510109678,8.390088623855263e-09,0,1,4,84,83,-2655.529792954197,-2655.5298386605573,2352,29.7,644.2,cold,challenge,challenge,0,84,"[2.976922, 1.586656, 2.011171, 0.145475, 0.755623, 0.979661, -0.024513]","[2.976925, 1.58666, 2.011173, 0.145475, 0.755623, 0.979663, -0.024516]"
M2H,"{""tau"": 1.0}",5,500005,inner,M2K,4,84,38,14,-7779.553239492685,-7779.553239492685,0.0,0,1,4,84,17,-2929.036889926425,-2929.036889926425,2352,0.6,14.2,cold,cold,cold:pipeline,1,84,"[3.052231, 1.290458, 3.088148, 0.128724, 0.925968, 1.665712, -0.06013, -0.654916]","[3.052231, 1.290458, 3.088148, 0.128724, 0.925968, 1.665712, -0.06013, -0.654916]"
M2H,"{""tau"": 1.0}",5,500005,inner,M2S,4,84,38,14,-7791.288514804064,-7791.288514801818,2.2464519133791327e-09,0,1,4,84,84,-2921.5580506469114,-2921.5580454586784,2352,16.9,381.4,cold,challenge,challenge,0,84,"[2.975423, 1.17667, 2.023441, 0.152515, 0.826408, 0.966912, -2.412037]","[2.975424, 1.17667, 2.023441, 0.152515, 0.826409, 0.966912, -2.412033]"
M2H,"{""tau"": 1.0}",5,500005,inner,M3,4,84,38,14,-7885.284168953527,-7885.284168953429,9.822542779147625e-11,0,1,4,84,84,-2954.998862456072,-2954.9988645262274,2352,0.5,9.6,cold,extra,extra,0,84,"[1.978394, 0.718469, -0.884562, -1.485745, 2.536721, 0.970764, 0.756604]","[1.978393, 0.718468, -0.884563, -1.485748, 2.536724, 0.970763, 0.756604]"
M2H,"{""tau"": 1.0}",5,500005,inner,M3H,4,84,38,14,-7481.5987360459385,-7481.598724715982,1.132995657826541e-05,0,1,4,84,84,-2730.8015263287602,-2730.801150445494,2352,155.3,2561.6,cold,extra,extra,0,84,"[-0.915063, -15.525739, 0.63923, 2.500718, 1.167579, 2.544954, -0.28947, -0.042673]","[-0.915061, -25.077223, 0.639232, 2.501445, 1.167526, 2.544777, -0.289465, -0.04278]"
M2H,"{""tau"": 1.0}",5,500005,inner,M3L,4,84,38,14,-7890.148417922404,-7890.1484168067955,1.115608938562218e-06,0,1,4,84,84,-2956.0580045294196,-2956.058086894785,2352,0.6,13.4,cold,challenge,challenge,0,84,"[-0.88646, -16.583152, 0.646821, 0.834359, 1.181645, 2.365593, -0.285842, -6.754657]","[-0.886474, -17.981005, 0.64683, 0.834355, 1.181581, 2.36556, -0.285845, -6.771025]"
M2H,"{""tau"": 1.0}",5,500005,inner,M3V,4,84,38,14,-7757.960532832458,-7757.960532033847,7.986109267221764e-07,0,1,4,84,84,-2908.476183868685,-2908.477882657638,2352,0.5,10.3,cold,extra,extra,0,84,"[-0.92905, -17.383412, 0.662489, 1.345284, 0.801624, 2.245382, -0.597935, -0.20286]","[-0.929053, -17.53259, 0.662486, 1.34526, 0.801596, 2.245382, -0.597934, -0.202861]"
M2H,"{""tau"": 1.0}",5,500005,outer,M2B,8,88,52,12,-10762.687457499243,-10762.687457499236,7.275957614183426e-12,0,1,8,88,87,-2452.61888247,-2452.618883340284,2016,0.4,4.5,cold,extra,extra,0,88,"[2.885428, 1.090264, 2.032808, 0.139954, 0.831787, 0.982163]","[2.885428, 1.090264, 2.032808, 0.139954, 0.831787, 0.982163]"
M2H,"{""tau"": 1.0}",5,500005,outer,M2H,8,88,52,12,-9920.54046988301,-9920.54046988286,1.4915713109076023e-10,0,1,8,86,84,-2295.414297806754,-2295.414296634888,2016,112.9,970.6,cold,extra,extra,0,88,"[2.945793, 1.589465, 2.005185, 0.142762, 0.749698, 0.991929, 0.021461]","[2.945794, 1.589465, 2.005185, 0.142762, 0.749698, 0.991929, 0.02146]"
M2H,"{""tau"": 1.0}",5,500005,outer,M2K,8,88,52,12,-10701.927966830819,-10701.927966626854,2.0396510080900043e-07,0,1,8,88,78,-2443.4293487479945,-2443.429099884859,2016,2.1,21.9,cold,extra,extra,1,88,"[3.017516, 1.253143, 3.101043, 0.124613, 0.929933, 1.683806, -0.054103, -0.665133]","[3.017535, 1.253115, 3.101033, 0.124611, 0.929928, 1.683794, -0.054095, -0.66512]"
M2H,"{""tau"": 1.0}",5,500005,outer,M2S,8,88,52,12,-10708.76109365034,-10708.76109365034,0.0,0,1,8,88,87,-2445.4152620185964,-2445.4152620185964,2016,49.3,535.6,cold,cold,cold:pipeline,0,88,"[2.967074, 1.154995, 2.017056, 0.145552, 0.826774, 0.978989, -2.317245]","[2.967074, 1.154995, 2.017056, 0.145552, 0.826774, 0.978989, -2.317245]"
M2H,"{""tau"": 1.0}",5,500005,outer,M3,8,88,52,12,-10834.533662519343,-10834.533662519196,1.4733814168721437e-10,0,1,8,88,88,-2478.8211531824472,-2478.8211346880153,2016,1.3,12.6,cold,extra,extra,0,88,"[1.915749, 0.760886, -0.865446, -1.483848, 2.537884, 0.920563, 0.767347]","[1.915749, 0.760886, -0.865446, -1.483847, 2.537883, 0.920563, 0.767347]"
M2H,"{""tau"": 1.0}",5,500005,outer,M3H,8,88,52,12,-10210.765461337633,-10210.765461060699,2.7693386073224247e-07,0,1,8,88,88,-2353.7666285301543,-2353.766699860901,2016,400.0,4361.1,cold,extra,extra,0,88,"[-0.895523, -19.317385, 0.636802, 2.528788, 1.148941, 2.514106, -0.292102, 0.003162]","[-0.89552, -24.902083, 0.636799, 2.528799, 1.148949, 2.514118, -0.292103, 0.003145]"
M2H,"{""tau"": 1.0}",5,500005,outer,M3L,8,88,52,12,-10840.09670419003,-10840.096703727719,4.623107088264078e-07,0,1,8,88,88,-2482.919601065027,-2482.918705319589,2016,2.3,23.9,cold,extra,extra,0,88,"[-0.865987, -16.979811, 0.637562, 0.913795, 1.081027, 2.320092, -0.270801, -7.329112]","[-0.865998, -18.271297, 0.637565, 0.91381, 1.081002, 2.320066, -0.2708, -8.14646]"
M2H,"{""tau"": 1.0}",5,500005,outer,M3V,8,88,52,12,-10661.165711852878,-10661.165711428694,4.2418469092808664e-07,0,1,8,88,88,-2444.195285521325,-2444.195287436361,2016,1.9,19.3,cold,extra,extra,0,88,"[-0.906073, -16.864979, 0.664549, 1.376805, 0.735193, 2.209705, -0.587408, -0.200087]","[-0.906075, -17.681755, 0.664551, 1.37679, 0.735192, 2.209704, -0.587409, -0.200087]"
M2H,"{""tau"": 2.0}",0,500000,inner,M2B,4,84,38,14,-8501.265744525408,-8501.265744525335,7.275957614183426e-11,0,1,4,84,83,-3311.566264919379,-3311.5662475207887,2352,0.4,3.2,cold,extra,extra,,,"[2.895504, 0.805081, 2.009585, 0.033836, 0.913664, 0.995019]","[2.895503, 0.805081, 2.009585, 0.033836, 0.913664, 0.995019]"
M2H,"{""tau"": 2.0}",0,500000,inner,M2H,4,84,38,14,-7223.774990253289,-7223.774990253234,5.4569682106375694e-11,0,1,4,84,83,-2779.9731756113274,-2779.973189652507,2352,34.2,578.5,cold,challenge,challenge,,,"[2.732263, 1.426179, 2.034933, 0.155465, 0.737401, 1.005068, 0.611286]","[2.732262, 1.426178, 2.034933, 0.155465, 0.737401, 1.005068, 0.611287]"
M2H,"{""tau"": 2.0}",0,500000,inner,M2K,4,84,38,14,-8372.597287595136,-8369.737187930714,2.8600996644217958,1,1,4,84,9,-3286.4263778226064,-3276.9408267422523,2352,0.9,11.6,cold,extra,extra,,,"[3.263261, 0.893994, 2.156604, -0.069254, 1.213619, 0.290665, 1.310078, -0.742118]","[3.893099, 0.936366, 3.269688, -0.110306, 1.124286, 1.425887, 0.775493, -1.013875]"
M2H,"{""tau"": 2.0}",0,500000,inner,M2S,4,84,38,14,-8249.642887582824,-8249.642887571246,1.1577867553569376e-08,0,1,4,84,83,-3277.5444045326876,-3277.5443801466827,2352,16.3,270.4,cold,extra,extra,,,"[3.091942, 0.889059, 2.085497, 0.123435, 0.880502, 0.978301, -1.483462]","[3.091944, 0.88906, 2.085497, 0.123434, 0.880497, 0.978302, -1.483457]"
M2H,"{""tau"": 2.0}",0,500000,inner,M3,4,84,38,14,-8485.07520326463,-8485.07508714372,0.0001161209111160133,0,1,4,84,84,-3269.768251068478,-3269.7835998096193,2352,2.1,38.3,cold,challenge,challenge,,,"[2.964163, 1.166947, -0.708749, -11.99558, 25.425984, 0.008863, 0.813361]","[2.963834, 1.167144, -0.708847, -14.396512, 30.227497, 0.007459, 0.813399]"
M2H,"{""tau"": 2.0}",0,500000,inner,M3H,4,84,38,14,-7651.113786301978,-7651.113785274692,1.0272851795889437e-06,0,1,4,84,84,-2917.549003318632,-2917.5483417918795,2352,88.7,2193.1,cold,extra,extra,,,"[-0.807808, -27.618747, 0.593233, 2.860773, 1.115869, 2.395482, -0.25169, 0.586755]","[-0.807811, -23.921893, 0.593227, 2.860528, 1.115984, 2.395597, -0.251691, 0.586648]"
M2H,"{""tau"": 2.0}",0,500000,inner,M3L,4,84,38,14,-8479.094043245797,-8479.094042892732,3.5306584322825074e-07,0,1,4,84,5,-3263.2080782370626,-3263.205573302149,2352,1.4,24.7,cold,challenge,challenge,,,"[-0.721102, 0.331657, -1.079056, 1.057668, 0.446508, 3.136533, -0.2466, -3.421202]","[-0.721102, 0.331718, -1.079347, 1.057665, 0.446523, 3.136565, -0.246599, -3.421498]"
M2H,"{""tau"": 2.0}",0,500000,inner,M3V,4,84,38,14,-8414.482443889434,-8414.48244335857,5.308629624778405e-07,0,1,4,84,84,-3262.827254822869,-3262.826533911939,2352,0.9,10.5,cold,extra,extra,,,"[-0.781412, -2.346106, 0.858817, 1.202157, 0.170056, 2.473559, -0.435732, -0.159954]","[-0.781409, -2.353162, 0.859412, 1.202157, 0.169928, 2.473601, -0.435732, -0.159956]"
M2H,"{""tau"": 2.0}",0,500000,outer,M2B,8,88,52,12,-11804.720068459903,-11804.720068459661,2.419255906715989e-10,0,1,8,88,88,-2759.6143509399826,-2759.6143570346076,2016,0.8,2.6,cold,extra,extra,,,"[2.841834, 0.752137, 2.039642, 0.025396, 0.931845, 1.009516]","[2.841833, 0.752136, 2.039643, 0.025396, 0.931845, 1.009516]"
M2H,"{""tau"": 2.0}",0,500000,outer,M2H,8,88,52,12,-10002.148754067595,-10002.148754066657,9.38598532229662e-10,0,1,8,88,84,-2353.6937477216643,-2353.6937101346725,2016,116.5,1043.4,cold,challenge,challenge,,,"[2.656798, 1.506798, 2.018693, 0.154526, 0.743472, 1.001112, 0.628682]","[2.656805, 1.506797, 2.018693, -0.154526, -0.743472, 1.001112, 0.628682]"
M2H,"{""tau"": 2.0}",0,500000,outer,M2K,8,88,52,12,-11772.075277400367,-11638.201484799843,133.8737926005233,1,1,8,88,7,-2751.8732925632235,-2722.9783865151876,2016,3.0,23.2,cold,extra,extra,,,"[2.87182, 0.615176, 1.007091, 0.280111, 1.032375, 0.356738, 0.401177, 1.918316]","[3.879419, 0.95239, 3.289798, -0.111031, 1.146357, 1.482887, 0.72276, -0.994873]"
M2H,"{""tau"": 2.0}",0,500000,outer,M2S,8,88,52,12,-11520.688912510008,-11520.68891247935,3.0657247407361865e-08,0,1,8,88,88,-2676.6328773928926,-2676.63294880587,2016,40.4,434.1,cold,extra,extra,,,"[3.030788, 0.858219, 2.084466, 0.111694, 0.899636, 0.988438, -1.541119]","[3.030791, 0.858223, 2.08446, 0.111694, 0.89964, 0.988438, -1.541133]"
M2H,"{""tau"": 2.0}",0,500000,outer,M3,8,88,52,12,-11747.172288596372,-11747.172249805804,3.8790567487012595e-05,0,1,8,88,88,-2739.1674528413755,-2739.1589700745717,2016,5.4,38.0,cold,extra,extra,,,"[3.080469, 1.059326, -0.68029, -9.508241, 20.665473, 0.007205, 0.811093]","[3.080509, 1.059373, -0.680298, -10.341906, 22.332644, 0.006671, 0.811095]"
M2H,"{""tau"": 2.0}",0,500000,outer,M3H,8,88,52,12,-10566.947716104085,-10566.947715649516,4.545690899249166e-07,0,1,8,88,88,-2485.371068599022,-2485.3711540202935,2016,380.1,3325.7,cold,extra,extra,,,"[-0.803104, -18.801702, 0.588646, 2.789159, 1.196751, 2.332289, -0.240333, 0.609801]","[-0.803104, -21.850408, 0.588644, 2.78918, 1.196789, 2.332295, -0.240333, 0.609822]"
M2H,"{""tau"": 2.0}",0,500000,outer,M3L,8,88,52,12,-11736.370753876197,-11736.370753684532,1.9166509446222335e-07,0,1,8,88,19,-2735.2427971824154,-2735.2424178949905,2016,3.6,28.6,cold,extra,extra,,,"[-0.698529, 0.399573, -1.499283, 0.988816, 0.457375, 3.180718, -0.243456, -3.458376]","[-0.698525, 0.399584, -1.499399, 0.988791, 0.457438, 3.180745, -0.24346, -3.458399]"
M2H,"{""tau"": 2.0}",0,500000,outer,M3V,8,88,52,12,-11669.694945159268,-11669.694943726978,1.4322904462460428e-06,0,1,8,88,88,-2728.7710077147162,-2728.768797126863,2016,1.7,11.9,cold,challenge,challenge,,,"[-0.753462, -1.658073, 0.841059, 1.104136, 0.139428, 2.563142, -0.415405, -0.16226]","[-0.753456, -1.66671, 0.842485, 1.104091, 0.139208, 2.563192, -0.41541, -0.162268]"
M2H,"{""tau"": 2.0}",1,500001,inner,M2B,4,84,38,14,-8513.738375184075,-8513.738375169705,1.4370016288012266e-08,0,1,4,84,83,-3379.000848829416,-3379.0006579064434,2352,0.1,3.0,cold,extra,extra,,,"[2.841807, 0.710832, 2.082619, 0.097925, 0.91311, 0.978079]","[2.841798, 0.710836, 2.082618, 0.097925, 0.91311, 0.978078]"
M2H,"{""tau"": 2.0}",1,500001,inner,M2H,4,84,38,14,-7392.8527559694985,-7392.852755968241,1.2578311725519598e-09,0,1,4,81,75,-2760.1311467154846,-2760.131247557717,2352,26.8,646.7,cold,extra,extra,,,"[3.026256, 1.51829, 1.964941, 0.178293, 0.759799, 0.971297, 0.657396]","[3.026259, 1.518292, 1.96494, 0.178293, 0.759799, 0.971296, 0.657393]"
M2H,"{""tau"": 2.0}",1,500001,inner,M2K,4,84,38,14,-8487.94602670378,-8424.158381939662,63.78764476411743,1,1,4,84,6,-3361.96201284005,-3333.6244087493383,2352,0.9,15.8,cold,extra,extra,,,"[2.889498, 0.594507, 0.983334, 0.477446, 1.066452, 0.280074, 0.558885, 2.050653]","[3.971304, 0.854338, 3.321674, -0.056298, 1.122447, 1.501617, 0.62186, -0.925766]"
M2H,"{""tau"": 2.0}",1,500001,inner,M2S,4,84,38,14,-8373.196985001014,-8373.19698499712,3.894456312991679e-09,0,1,4,84,84,-3331.584140855628,-3331.5844264556654,2352,13.5,283.7,cold,extra,extra,,,"[3.021366, 0.811597, 2.069847, 0.149196, 0.896745, 0.966881, -1.763689]","[3.021374, 0.811598, 2.069845, 0.149196, 0.896745, 0.966882, -1.763691]"
M2H,"{""tau"": 2.0}",1,500001,inner,M3,4,84,38,14,-8516.727429931718,-8516.724711515302,0.002718416415518732,0,1,4,84,84,-3313.450287344484,-3313.608943402506,2352,0.2,4.2,cold,extra,extra,,,"[3.138255, 1.088087, -0.682156, 0.04726, 1.351655, 0.181112, 0.817092]","[3.137201, 1.086003, -0.682351, 0.134371, 1.17511, 0.21335, 0.817077]"
M2H,"{""tau"": 2.0}",1,500001,inner,M3H,4,84,38,14,-7801.966080775745,-7801.966080040272,7.354728950303979e-07,0,1,4,84,84,-2944.7904466839686,-2944.7923842433283,2352,110.2,2366.9,cold,challenge,challenge,,,"[-0.817624, -18.001808, 0.588783, 3.538132, 0.894914, 2.386454, -0.223426, 0.524648]","[-0.81764, -40.425791, 0.588801, 3.538333, 0.894867, 2.386556, -0.22342, 0.524625]"
M2H,"{""tau"": 2.0}",1,500001,inner,M3L,4,84,38,14,-8516.750751175747,-8514.942509283508,1.8082418922385841,1,1,4,84,7,-3313.0210979935746,-3308.879378538439,2352,1.1,20.4,cold,extra,extra,,,"[-0.681533, -6.392085, 1.034488, 1.092191, 0.082175, 3.142785, -0.202132, -9.371156]","[-0.687013, 0.226905, -0.778556, 1.024806, 0.497481, 3.251519, -0.223241, -4.136596]"
M2H,"{""tau"": 2.0}",1,500001,inner,M3V,4,84,38,14,-8425.364203817127,-8425.364203809979,7.148628355935216e-09,0,1,4,84,84,-3312.242538760442,-3312.2429752061807,2352,0.4,7.4,cold,extra,extra,,,"[-0.766138, -1.288877, 0.568479, 1.128678, 0.306388, 2.439671, -0.448253, -0.128402]","[-0.76614, -1.288871, 0.568478, 1.128676, 0.306389, 2.439672, -0.448253, -0.128401]"
M2H,"{""tau"": 2.0}",1,500001,outer,M2B,8,88,52,12,-11863.32610834833,-11863.326108348112,2.1827872842550278e-10,0,1,8,88,88,-2648.6629709531917,-2648.6629875474177,2016,0.5,4.4,cold,extra,extra,,,"[2.575358, 0.643817, 2.148871, 0.069534, 0.933316, 0.98373]","[2.575359, 0.643817, 2.148871, 0.069534, 0.933316, 0.98373]"
M2H,"{""tau"": 2.0}",1,500001,outer,M2H,8,88,52,12,-10150.904425886867,-10150.9044258853,1.5679688658565283e-09,0,1,8,82,73,-2321.9012784447177,-2321.901257148,2016,102.6,1094.8,cold,extra,extra,,,"[2.907942, 1.475064, 2.004156, 0.17161, 0.753702, 0.991163, 0.745381]","[2.907932, 1.475065, 2.004155, 0.17161, 0.753702, 0.991163, 0.745376]"
M2H,"{""tau"": 2.0}",1,500001,outer,M2K,8,88,52,12,-11820.033930262958,-11733.423067648933,86.61086261402488,1,1,8,88,8,-2635.13290952889,-2625.333890452074,2016,3.4,30.8,cold,extra,extra,,,"[2.432477, 0.476074, 0.982915, 0.458947, 1.059818, 0.283661, 0.443145, 2.544959]","[3.861344, 0.841816, 3.343416, -0.078155, 1.147917, 1.518792, 0.631822, -0.954734]"
M2H,"{""tau"": 2.0}",1,500001,outer,M2S,8,88,52,12,-11687.708223479935,-11687.708223473674,6.260961527004838e-09,0,1,8,88,88,-2612.355007286588,-2612.3551603627757,2016,41.8,477.8,cold,extra,extra,,,"[2.827419, 0.754767, 2.110267, 0.122853, 0.912645, 0.979339, -1.76338]","[2.827425, 0.754767, 2.110265, 0.122854, 0.912645, 0.979339, -1.763385]"
M2H,"{""tau"": 2.0}",1,500001,outer,M3,8,88,52,12,-11807.67726750976,-11807.677231322716,3.6187044315738603e-05,0,1,8,88,88,-2647.420985341402,-2647.4249175092773,2016,2.6,22.3,cold,extra,extra,,,"[3.191086, 0.954335, -0.643094, -7.854078, 17.437246, 0.00652, 0.808246]","[3.191365, 0.954334, -0.643065, -8.572276, 18.873846, 0.006018, 0.808233]"
M2H,"{""tau"": 2.0}",1,500001,outer,M3H,8,88,52,12,-10741.430029641055,-10741.430028421233,1.2198215699754655e-06,0,1,8,88,88,-2404.259509920365,-2404.2598863221633,2016,365.1,3781.6,cold,extra,extra,,,"[-0.77962, -17.426867, 0.575729, 3.515943, 0.931921, 2.289676, -0.214828, 0.611576]","[-0.779621, -20.346142, 0.575727, 3.51591, 0.931938, 2.289692, -0.214826, 0.611596]"
M2H,"{""tau"": 2.0}",1,500001,outer,M3L,8,88,52,12,-11807.684645637926,-11802.047021139348,5.637624498578589,1,1,8,88,2,-2647.426438863893,-2651.114022856673,2016,2.6,26.5,cold,extra,extra,,,"[-0.643053, -8.693585, 1.103729, 0.954299, 0.037696, 3.191631, -0.212928, -9.398163]","[-0.653194, 0.385799, -1.590691, 0.914313, 0.38991, 3.268333, -0.235109, -3.965602]"
M2H,"{""tau"": 2.0}",1,500001,outer,M3V,8,88,52,12,-11713.666788967223,-11713.666787945345,1.0218773240922019e-06,0,1,8,88,88,-2615.3324938641586,-2615.333856995251,2016,1.5,23.4,cold,extra,extra,,,"[-0.723216, -11.96762, 0.964199, 1.044433, 0.118701, 2.534512, -0.42718, -0.142651]","[-0.723217, -12.527394, 0.964216, 1.044386, 0.118694, 2.534548, -0.427183, -0.142653]"
M2H,"{""tau"": 2.0}",2,500002,inner,M2B,4,84,38,14,-8744.714291048404,-8744.714291046086,2.317392500117421e-09,0,1,4,84,82,-3139.023715192722,-3139.023565590595,2352,0.2,3.4,cold,extra,extra,0,84,"[2.694739, 0.495767, 2.454658, 0.085983, 0.946368, 1.008865]","[2.694739, 0.495769, 2.45465, 0.085983, 0.946368, 1.008864]"
M2H,"{""tau"": 2.0}",2,500002,inner,M2H,4,84,38,14,-7339.6059993433555,-7339.6059992807095,6.26459950581193e-08,0,1,4,78,69,-2708.0414266216044,-2708.041182278827,2352,31.4,844.5,cold,challenge,challenge,0,84,"[3.093802, 1.635612, 1.994363, 0.164494, 0.751117, 0.997775, 0.753484]","[3.093707, 1.635608, 1.994366, 0.164494, 0.751117, 0.997777, 0.753464]"
M2H,"{""tau"": 2.0}",2,500002,inner,M2K,4,84,38,14,-8681.932143565638,-8669.211943187396,12.720200378242225,1,1,4,84,9,-3139.345655068259,-3129.6385366723102,2352,2.6,39.1,cold,extra,extra,1,84,"[3.646307, 0.697033, 2.167261, -0.036295, 1.267232, 0.288872, 1.218532, -0.577607]","[4.198952, 0.907171, 3.345848, -0.06426, 1.174328, 1.612271, 0.557071, -0.936866]"
M2H,"{""tau"": 2.0}",2,500002,inner,M2S,4,84,38,14,-8645.329059178055,-8645.329059167812,1.0242729331366718e-08,0,1,4,84,84,-3131.072701012633,-3131.07298565555,2352,14.7,273.3,cold,extra,extra,0,84,"[3.495231, 0.665099, 2.157706, 0.119809, 0.936835, 1.009356, -1.738821]","[3.495236, 0.665102, 2.157696, 0.11981, 0.936835, 1.009352, -1.73882]"
M2H,"{""tau"": 2.0}",2,500002,inner,M3,4,84,38,14,-8646.269733866618,-8646.265060752954,0.004673113664466655,0,1,4,84,84,-3132.5761047259875,-3132.5643355879674,2352,0.1,4.6,cold,challenge,challenge,0,84,"[3.651085, 0.735914, -0.664627, 0.186504, 1.588683, 0.053992, 0.767282]","[3.650758, 0.735963, -0.664657, -3.756436, 9.474152, 0.009047, -0.767305]"
M2H,"{""tau"": 2.0}",2,500002,inner,M3H,4,84,38,14,-7713.813883184914,-7713.813880629836,2.5550780264893547e-06,0,1,4,84,84,-2787.187297778214,-2787.1883440955553,2352,112.0,2299.0,cold,extra,extra,0,84,"[-0.774852, -16.797548, 0.572812, 1.456947, 1.797497, 2.66529, -0.26396, 0.743006]","[-0.77485, -25.519457, 0.572811, 1.456925, 1.797682, 2.665542, -0.263964, 0.742972]"
M2H,"{""tau"": 2.0}",2,500002,inner,M3L,4,84,38,14,-8646.266045482938,-8646.266042576248,2.9066904971841723e-06,0,1,4,84,84,-3132.570943310039,-3132.568057453296,2352,1.4,21.9,cold,challenge,challenge,0,84,"[-0.664645, -8.417452, 1.190989, 0.735924, 0.026037, 3.650878, -0.264882, -9.549665]","[-0.664654, -9.94916, 1.191075, 0.735916, 0.026045, 3.65081, -0.264892, -9.125006]"
M2H,"{""tau"": 2.0}",2,500002,inner,M3V,4,84,38,14,-8579.142135607504,-8579.142134378213,1.2292912288103253e-06,0,1,4,84,84,-3095.5086549940215,-3095.5082817818625,2352,1.2,22.6,cold,extra,extra,0,84,"[-0.761474, -11.490205, 1.033828, 0.809296, 0.106657, 2.749484, -0.471748, -0.161532]","[-0.761481, -13.523543, 1.033845, 0.809277, 0.106653, 2.749495, -0.471754, -0.16154]"
M2H,"{""tau"": 2.0}",2,500002,outer,M2B,8,88,52,12,-11880.120368006246,-11880.12036800591,3.3651303965598345e-10,0,1,8,88,86,-2615.4106256533883,-2615.4106292163883,2016,0.5,4.5,cold,extra,extra,0,88,"[2.379187, 0.48278, 2.61419, 0.099519, 0.936863, 1.005249]","[2.379185, 0.48278, 2.61419, 0.099519, 0.936863, 1.005248]"
M2H,"{""tau"": 2.0}",2,500002,outer,M2H,8,88,52,12,-10045.502881977874,-10045.50288197719,6.83940015733242e-10,0,1,8,83,80,-2310.8296922495174,-2310.8297007586307,2016,80.8,1038.7,cold,extra,extra,0,88,"[3.066523, 1.569865, 2.009089, 0.153291, 0.751571, 1.005483, 0.699063]","[3.066518, 1.569865, 2.009088, 0.153292, 0.751571, 1.005483, 0.699063]"
M2H,"{""tau"": 2.0}",2,500002,outer,M2K,8,88,52,12,-11805.389397783088,-11780.82767735067,24.56172043241895,1,1,8,88,3,-2601.793487802757,-2594.1767738099475,2016,9.3,89.0,cold,challenge,challenge,1,88,"[-29.206216, 0.122126, 39.451805, 0.487091, 1.04636, 0.308598, 0.221588, 2.984494]","[2.986043, 0.780097, 3.567988, 0.087589, 1.072403, 1.802417, 0.021533, -0.792911]"
M2H,"{""tau"": 2.0}",2,500002,outer,M2S,8,88,52,12,-11772.058843643774,-11772.058843639536,4.238245310261846e-09,0,1,8,88,86,-2605.6999558325338,-2605.6999475907337,2016,43.0,459.5,cold,extra,extra,0,88,"[3.17776, 0.62545, 2.264395, 0.125414, 0.929556, 1.003053, -1.871874]","[3.177761, 0.625452, 2.26439, 0.125414, 0.929557, 1.003052, -1.871882]"
M2H,"{""tau"": 2.0}",2,500002,outer,M3,8,88,52,12,-11775.858032675016,-11775.851444182685,0.0065884923315024935,0,1,8,88,88,-2610.156772704019,-2610.1611814248677,2016,0.5,12.7,cold,extra,extra,0,88,"[3.485279, 0.763409, -0.690299, -0.056224, 1.953495, 0.068129, 0.769558]","[3.485344, 0.763555, -0.690289, -4.429304, 10.699643, 0.012359, 0.769563]"
M2H,"{""tau"": 2.0}",2,500002,outer,M3H,8,88,52,12,-10497.388335693344,-10497.388335418349,2.749948180280626e-07,0,1,8,88,88,-2374.4665981134654,-2374.46650999576,2016,323.5,3466.4,cold,extra,extra,0,88,"[-0.800395, -19.386642, 0.586164, 1.908738, 1.43529, 2.634811, -0.259779, 0.690509]","[-0.800394, -72.877127, 0.586163, 1.908733, 1.435277, 2.634834, -0.259778, 0.69047]"
M2H,"{""tau"": 2.0}",2,500002,outer,M3L,8,88,52,12,-11775.853675508602,-11775.85367478993,7.186717994045466e-07,0,1,8,88,88,-2610.1561894973697,-2610.1542771109494,2016,2.6,31.5,cold,extra,extra,0,88,"[-0.690299, -9.266075, 1.169814, 0.763516, 0.041155, 3.4852, -0.261925, -9.700325]","[-0.690313, -12.653114, 1.169854, 0.763503, 0.041162, 3.485087, -0.261923, -6.845193]"
M2H,"{""tau"": 2.0}",2,500002,outer,M3V,8,88,52,12,-11671.575768497101,-11671.575767803086,6.940153980394825e-07,0,1,8,88,88,-2584.0429335677227,-2584.043070273533,2016,1.5,15.2,cold,challenge,challenge,0,88,"[-0.791573, -1.570522, 0.826707, 0.838619, 0.161833, 2.563492, -0.483762, -0.157877]","[-0.791563, -1.572083, 0.827017, 0.838659, 0.16176, 2.563591, -0.483758, -0.157881]"
M2H,"{""tau"": 2.0}",3,500003,inner,M2B,4,84,38,14,-8771.087753352844,-8771.087753352298,5.456968210637569e-10,0,1,4,84,83,-3132.0210011693675,-3132.021043030576,2352,0.2,3.6,cold,extra,extra,0,84,"[2.631464, 0.693688, 2.033583, 0.090988, 0.948703, 0.936426]","[2.631462, 0.693686, 2.033585, 0.090988, 0.948703, 0.936426]"
M2H,"{""tau"": 2.0}",3,500003,inner,M2H,4,84,38,14,-7387.57862630456,-7387.578626304468,9.185896487906575e-11,0,1,4,81,80,-2692.6368116790486,-2692.636793344571,2352,26.3,631.8,cold,extra,extra,0,84,"[2.844264, 1.678452, 1.969726, 0.158303, 0.754419, 0.975752, 0.678351]","[2.844266, 1.678451, 1.969726, 0.158303, 0.754419, 0.975752, 0.67835]"
M2H,"{""tau"": 2.0}",3,500003,inner,M2K,4,84,38,14,-8702.414078403985,-8665.741091864307,36.67298653967737,1,1,4,84,11,-3117.8495481343193,-3093.6481876668645,2352,1.1,18.4,cold,challenge,challenge,1,84,"[3.204572, 0.820686, 1.95676, -0.0023, 1.298964, 0.165366, 1.247665, -0.536932]","[3.754827, 0.993639, 3.33589, -0.036833, 1.18001, 1.639158, 0.468935, -0.980766]"
M2H,"{""tau"": 2.0}",3,500003,inner,M2S,4,84,38,14,-8638.79908572121,-8638.799085718727,2.482920535840094e-09,0,1,4,84,84,-3075.7419438126117,-3075.741932542409,2352,14.6,277.5,cold,challenge,challenge,0,84,"[2.971536, 0.848011, 1.947945, 0.138134, 0.931994, 0.9158, -1.73083]","[2.971534, 0.848008, 1.947947, 0.138134, 0.931995, 0.9158, -1.730833]"
M2H,"{""tau"": 2.0}",3,500003,inner,M3,4,84,38,14,-8686.740508717701,-8686.740306854186,0.0002018635150307091,0,1,4,84,84,-3103.5718279391813,-3103.5721815659863,2352,0.2,4.0,cold,extra,extra,0,84,"[3.430365, 0.861259, -0.658725, 0.207049, 1.502011, 0.019129, 0.793918]","[3.430426, 0.86121, -0.658731, 2.671609, -3.427053, -0.008374, 0.793909]"
M2H,"{""tau"": 2.0}",3,500003,inner,M3H,4,84,38,14,-7724.409928135565,-7724.409927611512,5.240526661509648e-07,0,1,4,84,84,-2790.1311903525734,-2790.130767735908,2352,123.2,2346.9,cold,extra,extra,0,84,"[-0.80972, -19.33713, 0.583035, 3.312605, 1.221504, 2.470551, -0.236976, 0.673257]","[-0.809711, -22.114516, 0.583035, 3.312707, 1.221482, 2.470667, -0.236977, 0.673248]"
M2H,"{""tau"": 2.0}",3,500003,inner,M3L,4,84,38,14,-8685.415936558926,-8685.415935720492,8.384340617340058e-07,0,1,4,84,45,-3103.553574558351,-3103.554250911431,2352,1.1,22.0,cold,challenge,challenge,0,84,"[-0.664369, 0.48027, -3.076277, 0.846556, 0.34894, 3.452529, -0.240585, -4.84171]","[-0.664363, 0.480292, -3.077647, 0.84656, 0.349124, 3.452554, -0.240589, -4.840887]"
M2H,"{""tau"": 2.0}",3,500003,inner,M3V,4,84,38,14,-8621.008921244898,-8621.007751733858,0.001169511040643556,0,1,4,84,84,-3077.054263166084,-3077.0670531261694,2352,0.3,8.8,cold,challenge,challenge,0,84,"[-0.747169, -1.410028, 0.854977, 0.942824, 0.098673, 2.702014, -0.441168, -0.148518]","[-0.747103, -3.407394, 1.020269, 0.943353, 0.083079, 2.702435, -0.441138, -0.148523]"
M2H,"{""tau"": 2.0}",3,500003,outer,M2B,8,88,52,12,-11899.010224571353,-11899.010224570538,8.149072527885437e-10,0,1,8,88,88,-2653.6711435055504,-2653.671175835905,2016,0.4,3.9,cold,extra,extra,0,88,"[2.664923, 0.683195, 2.099711, 0.096902, 0.938497, 0.953927]","[2.664926, 0.683195, 2.099709, 0.096902, 0.938497, 0.953927]"
M2H,"{""tau"": 2.0}",3,500003,outer,M2H,8,88,52,12,-10079.379507737896,-10079.379507737882,1.4551915228366852e-11,0,1,8,85,80,-2298.989781707499,-2298.9897868229777,2016,78.4,955.5,cold,extra,extra,0,88,"[2.933657, 1.630749, 1.979337, 0.155351, 0.754036, 0.988055, 0.654477]","[2.933656, 1.630749, 1.979337, 0.155351, 0.754036, 0.988055, 0.654477]"
M2H,"{""tau"": 2.0}",3,500003,outer,M2K,8,88,52,12,-11750.605283629717,-11750.605283541494,8.822280506137758e-08,0,1,8,88,8,-2630.6326555699857,-2630.633433828857,2016,2.6,30.9,cold,extra,extra,1,88,"[3.436815, 1.099878, 3.327328, 0.007102, 1.152522, 1.693201, 0.316068, -0.949174]","[3.436822, 1.099866, 3.327326, 0.007101, 1.15252, 1.6932, 0.316073, -0.949174]"
M2H,"{""tau"": 2.0}",3,500003,outer,M2S,8,88,52,12,-11713.046233905286,-11713.046233902616,2.6702764444053173e-09,0,1,8,88,88,-2615.2629918366247,-2615.2628579686143,2016,38.6,431.1,cold,extra,extra,0,88,"[2.927261, 0.802209, 2.032551, 0.143477, 0.92141, 0.934529, -1.757916]","[2.927261, 0.802211, 2.032549, 0.143478, 0.921409, 0.934528, -1.757912]"
M2H,"{""tau"": 2.0}",3,500003,outer,M3,8,88,52,12,-11786.845117251123,-11786.844817498988,0.000299752135106246,0,1,8,88,88,-2639.016412496574,-2639.0155498582662,2016,0.5,5.3,cold,challenge,challenge,0,88,"[3.45897, 0.887681, -0.675321, 0.025352, 1.849703, 0.027683, 0.78454]","[3.459006, 0.887713, -0.675314, -0.757009, 3.414429, 0.014986, 0.784551]"
M2H,"{""tau"": 2.0}",3,500003,outer,M3H,8,88,52,12,-10512.157866162153,-10512.157866007929,1.54224835569039e-07,0,1,8,88,88,-2373.7881377909453,-2373.7885640926866,2016,345.8,3569.6,cold,challenge,challenge,0,88,"[-0.817926, -21.4545, 0.595318, 2.51735, 1.250828, 2.556775, -0.250925, 0.639218]","[-0.817922, -26.575726, 0.595318, 2.517448, 1.250781, 2.556793, -0.250922, 0.639226]"
M2H,"{""tau"": 2.0}",3,500003,outer,M3L,8,88,52,12,-11785.48150721882,-11785.481507192973,2.5846020434983075e-08,0,1,8,88,55,-2639.8160463882045,-2639.8159244534595,2016,2.9,28.8,cold,challenge,challenge,0,88,"[-0.680453, 0.460721, -2.162792, 0.874477, 0.450849, 3.473372, -0.250629, -4.98724]","[-0.680452, 0.460725, -2.162872, 0.874475, 0.450855, 3.473381, -0.250631, -4.987193]"
M2H,"{""tau"": 2.0}",3,500003,outer,M3V,8,88,52,12,-11694.356457973136,-11694.356457613818,3.5931770980823785e-07,0,1,8,88,88,-2601.668093876531,-2601.6693656151892,2016,1.3,10.0,cold,challenge,challenge,0,88,"[-0.765384, -0.131029, 0.057204, 0.946426, 0.298618, 2.72238, -0.456521, -0.157934]","[-0.765386, -0.131071, 0.05726, 0.946436, 0.298586, 2.722344, -0.45652, -0.157935]"
M2H,"{""tau"": 2.0}",4,500004,inner,M2B,4,84,38,14,-8728.07198431812,-8728.071984316688,1.431544660590589e-09,0,1,4,84,84,-3120.5959449697884,-3120.5956014300236,2352,0.2,4.0,cold,extra,extra,0,84,"[2.853888, 0.642981, 2.035376, 0.027323, 0.946106, 0.994685]","[2.85389, 0.642979, 2.035379, 0.027323, 0.946106, 0.994686]"
M2H,"{""tau"": 2.0}",4,500004,inner,M2H,4,84,38,14,-7390.023297863123,-7389.819768595292,0.2035292678310725,0,1,4,75,71,-2683.20993148792,-2682.9807494769493,2352,39.8,1023.5,cold,extra,extra,0,84,"[2.739507, 1.408921, 2.028612, 0.142305, 0.748908, 0.985585, 0.769606]","[2.796427, 1.405796, 2.030618, 0.14228, 0.748869, 0.986648, 0.755904]"
M2H,"{""tau"": 2.0}",4,500004,inner,M2K,4,84,38,14,-8647.515837875577,-8647.515837490293,3.8528378354385495e-07,0,1,4,84,27,-3082.9636204337176,-3082.9635773709874,2352,1.4,26.8,cold,challenge,challenge,1,84,"[3.768361, 0.934695, 3.215125, -0.080795, 1.142994, 1.537933, 0.505756, -0.908688]","[3.768399, 0.934668, 3.215127, -0.080798, 1.142989, 1.537929, 0.505747, -0.908677]"
M2H,"{""tau"": 2.0}",4,500004,inner,M2S,4,84,38,14,-8621.01922244238,-8621.019222441999,3.8198777474462986e-10,0,1,4,84,82,-3056.757419324359,-3056.7573508138553,2352,19.7,401.9,cold,challenge,challenge,0,84,"[2.985705, 0.718166, 2.070078, 0.078506, 0.924178, 0.987444, -1.821943]","[2.985706, 0.718167, 2.070076, 0.078506, 0.924178, 0.987444, -1.821943]"
M2H,"{""tau"": 2.0}",4,500004,inner,M3,4,84,38,14,-8659.311474545688,-8659.311435738884,3.8806803786428645e-05,0,1,4,84,84,-3104.655004756153,-3104.6862276578277,2352,2.2,33.2,cold,extra,extra,0,84,"[3.13326, 0.943117, -0.627649, -10.98064, 23.628443, 0.005713, 0.817463]","[3.132682, 0.942999, -0.627677, -12.39593, 26.458601, 0.005109, 0.817493]"
M2H,"{""tau"": 2.0}",4,500004,inner,M3H,4,84,38,14,-7800.886417491512,-7800.886416379535,1.111976416723337e-06,0,1,4,84,84,-2794.0597466968784,-2794.0577372641696,2352,152.1,2936.5,cold,extra,extra,0,84,"[-0.747404, -21.713956, 0.547531, 3.160116, 1.141443, 2.392262, -0.222948, 0.682596]","[-0.747406, -21.827149, 0.547526, 3.159426, 1.141561, 2.392391, -0.222956, 0.682634]"
M2H,"{""tau"": 2.0}",4,500004,inner,M3L,4,84,38,14,-8659.32286783629,-8658.86696041485,0.4559074214394059,0,1,4,84,84,-3104.6947987014264,-3106.2197176664417,2352,1.5,32.0,cold,extra,extra,0,84,"[-0.627619, -8.401131, 1.07242, 0.942869, 0.046263, 3.133538, -0.201586, -9.600836]","[-0.636688, 0.228243, -0.745624, 0.920809, 0.268057, 3.159744, -0.212607, -4.157683]"
M2H,"{""tau"": 2.0}",4,500004,inner,M3V,4,84,38,14,-8629.111472430284,-8629.11147208951,3.407749318284914e-07,0,1,4,84,84,-3071.756512410342,-3071.753864473747,2352,0.9,23.0,cold,extra,extra,0,84,"[-0.683235, -11.992942, 0.988348, 0.982353, 0.096119, 2.692014, -0.36493, -0.17536]","[-0.683238, -12.119409, 0.988328, 0.982351, 0.096131, 2.691973, -0.364936, -0.175351]"
M2H,"{""tau"": 2.0}",4,500004,outer,M2B,8,88,52,12,-11819.615626824107,-11819.615626822397,1.709850039333105e-09,0,1,8,88,87,-2878.1971618822263,-2878.1969817810495,2016,0.3,4.0,cold,extra,extra,0,88,"[2.946955, 0.640795, 2.131698, 0.057402, 0.932827, 0.989622]","[2.946949, 0.640793, 2.131702, 0.057403, 0.932827, 0.989622]"
M2H,"{""tau"": 2.0}",4,500004,outer,M2H,8,88,52,12,-10071.673801093797,-10071.673801083994,9.80253389570862e-09,0,1,8,86,85,-2313.917395901496,-2313.917380288782,2016,85.4,925.1,cold,challenge,challenge,0,88,"[2.957351, 1.414971, 2.044034, 0.140541, 0.754265, 0.989198, 0.761907]","[2.957317, 1.414974, 2.044034, 0.140541, 0.754265, 0.989198, 0.761904]"
M2H,"{""tau"": 2.0}",4,500004,outer,M2K,8,88,52,12,-11746.602600028556,-11704.068901097558,42.53369893099807,1,1,8,88,11,-2858.972308677537,-2838.2202252297043,2016,3.4,33.2,cold,extra,extra,1,88,"[3.399152, 0.726178, 2.225033, 0.049983, -1.195754, 0.354906, 1.101158, -0.492453]","[3.797764, 0.928819, 3.331315, -0.040463, 1.13005, 1.61128, 0.407777, -0.891618]"
M2H,"{""tau"": 2.0}",4,500004,outer,M2S,8,88,52,12,-11654.236084660804,-11654.236084660039,7.657945388928056e-10,0,1,8,88,87,-2860.5817061192515,-2860.581647023365,2016,38.8,448.2,cold,challenge,challenge,0,88,"[3.149326, 0.725801, 2.129305, 0.105503, 0.915576, 0.983088, -1.795285]","[3.149326, 0.725803, 2.129302, 0.105503, 0.915576, 0.983087, -1.795285]"
M2H,"{""tau"": 2.0}",4,500004,outer,M3,8,88,52,12,-11740.387414098957,-11740.387368612197,4.5486760427593254e-05,0,1,8,88,88,-2815.228470846322,-2815.2409131047184,2016,6.1,61.3,cold,extra,extra,0,88,"[3.233915, 0.990046, -0.687684, -14.680563, 30.932245, 0.005827, 0.809204]","[3.233465, 0.989972, -0.687789, -16.244599, 34.059935, 0.005295, 0.809203]"
M2H,"{""tau"": 2.0}",4,500004,outer,M3H,8,88,52,12,-10587.4429298533,-10587.442929834362,1.8937498680315912e-08,0,1,8,87,87,-2416.5319877800193,-2416.5318108121364,2016,385.8,4118.6,cold,extra,extra,0,88,"[-0.795584, -21.403478, 0.577506, 2.692357, 1.13625, 2.586888, -0.238241, 0.622352]","[-0.795583, -22.77141, 0.577505, 2.692352, 1.136256, 2.586883, -0.23824, 0.622359]"
M2H,"{""tau"": 2.0}",4,500004,outer,M3L,8,88,52,12,-11740.422817417653,-11740.422815769765,1.647887984290719e-06,0,1,8,88,88,-2815.1757790529873,-2815.1785932658536,2016,3.6,34.9,cold,challenge,challenge,0,88,"[-0.687645, -10.147021, 1.081002, 0.989559, 0.061275, 3.23497, -0.211794, -10.765583]","[-0.687649, -11.023578, 1.081007, 0.989576, 0.061273, 3.234953, -0.211794, -9.733169]"
M2H,"{""tau"": 2.0}",4,500004,outer,M3V,8,88,52,12,-11672.284654443962,-11672.284654079129,3.648328856797889e-07,0,1,8,88,88,-2820.168519519013,-2820.1679886048414,2016,3.5,33.7,cold,extra,extra,0,88,"[-0.754161, -12.58505, 0.96346, 1.031619, 0.133109, 2.698176, -0.403391, -0.162216]","[-0.754161, -13.181982, 0.963474, 1.031625, 0.133103, 2.698199, -0.403387, -0.162217]"
M2H,"{""tau"": 2.0}",5,500005,inner,M2B,4,84,38,14,-8649.507152461247,-8649.507152461158,8.913048077374697e-11,0,1,4,84,83,-3302.9335117976143,-3302.9334451415475,2352,0.2,3.6,cold,extra,extra,0,84,"[2.850844, 0.683292, 2.141586, 0.08217, 0.935869, 0.966189]","[2.850845, 0.683292, 2.141584, 0.08217, 0.935869, 0.966189]"
M2H,"{""tau"": 2.0}",5,500005,inner,M2H,4,84,38,14,-7332.247154954945,-7332.247154954945,0.0,0,1,4,84,81,-2702.9221582351033,-2702.9221582351033,2352,36.1,711.3,cold,cold,cold:pipeline,0,84,"[2.971944, 1.55189, 2.022048, 0.146718, 0.756041, 0.985731, 0.637497]","[2.971944, 1.55189, 2.022048, 0.146718, 0.756041, 0.985731, 0.637497]"
M2H,"{""tau"": 2.0}",5,500005,inner,M2K,4,84,38,14,-8598.705680590263,-8538.197525543166,60.50815504709681,1,1,4,84,11,-3284.1924916179973,-3264.153772574328,2352,1.2,18.5,cold,challenge,challenge,1,84,"[2.330671, 0.421636, 1.091679, 0.421929, 1.059712, 0.289992, 0.361022, 2.726576]","[3.979635, 0.980563, 3.446998, -0.039153, 1.172364, 1.675861, 0.476253, -0.983991]"
M2H,"{""tau"": 2.0}",5,500005,inner,M2S,4,84,38,14,-8514.17985780687,-8514.17985780687,0.0,0,1,4,84,84,-3250.0717494158193,-3250.0717494158193,2352,16.6,340.8,cold,cold,cold:pipeline,0,84,"[3.130684, 0.795457, 2.089206, 0.132342, 0.921024, 0.951481, -1.745648]","[3.130684, 0.795457, 2.089206, 0.132342, 0.921024, 0.951481, -1.745648]"
M2H,"{""tau"": 2.0}",5,500005,inner,M3,4,84,38,14,-8560.616689305334,-8560.61660289398,8.641135354992002e-05,0,1,4,84,84,-3251.7478096857617,-3251.7379893311872,2352,0.5,13.0,cold,extra,extra,0,84,"[3.403909, 0.910401, -0.735908, -6.127602, 14.014509, 0.00832, 0.779199]","[3.403564, 0.910478, -0.735926, -7.865506, 17.490191, 0.006668, 0.779209]"
M2H,"{""tau"": 2.0}",5,500005,inner,M3H,4,84,38,14,-7648.395679408388,-7648.395677753937,1.6544508980587125e-06,0,1,4,84,84,-2847.416317590545,-2847.41524598214,2352,136.1,2541.1,cold,extra,extra,0,84,"[-0.861483, -18.36086, 0.618044, 3.077216, 1.116589, 2.572625, -0.252319, 0.627318]","[-0.861485, -21.786742, 0.61805, 3.076659, 1.116566, 2.572187, -0.252324, 0.627301]"
M2H,"{""tau"": 2.0}",5,500005,inner,M3L,4,84,38,14,-8558.278404180659,-8558.278402833206,1.347452780464664e-06,0,1,4,84,30,-3247.02047098934,-3247.0193403534913,2352,1.0,23.8,cold,extra,extra,0,84,"[-0.744512, 0.40775, -1.224805, 0.888991, 0.374966, 3.4351, -0.263916, -4.266226]","[-0.744526, 0.407702, -1.224431, 0.888932, 0.374998, 3.435038, -0.26392, -4.266054]"
M2H,"{""tau"": 2.0}",5,500005,inner,M3V,4,84,38,14,-8493.783012609967,-8493.78300650491,6.105057764216326e-06,0,1,4,84,84,-3253.5553926782,-3253.5592835985517,2352,0.9,16.5,cold,challenge,challenge,0,84,"[-0.815609, -8.728617, 1.039067, 1.000605, 0.110581, 2.746359, -0.45968, -0.166776]","[-0.815601, -10.052875, 1.039156, 1.000689, 0.110563, 2.74642, -0.45968, -0.166774]"
M2H,"{""tau"": 2.0}",5,500005,outer,M2B,8,88,52,12,-11939.905789503802,-11939.905789503733,6.912159733474255e-11,0,1,8,88,88,-2720.6608293729605,-2720.6608329014744,2016,0.5,4.9,cold,extra,extra,0,88,"[2.807621, 0.637602, 2.16905, 0.05877, 0.945146, 0.98992]","[2.80762, 0.637602, 2.16905, 0.05877, 0.945146, 0.98992]"
M2H,"{""tau"": 2.0}",5,500005,outer,M2H,8,88,52,12,-10033.204059446165,-10033.204059427444,1.8721038941293955e-08,0,1,8,87,83,-2312.314206646956,-2312.314166464155,2016,104.3,1139.9,cold,extra,extra,0,88,"[2.889172, 1.540398, 2.02444, 0.143212, 0.750274, 1.00286, 0.696821]","[2.8892, 1.540407, 2.024438, 0.143212, 0.750274, 1.002859, 0.696828]"
M2H,"{""tau"": 2.0}",5,500005,outer,M2K,8,88,52,12,-11791.863987135323,-11791.863986668233,4.6708919398952276e-07,0,1,8,88,15,-2693.962092768208,-2693.96262795304,2016,3.3,33.1,cold,extra,extra,1,88,"[3.943591, 0.949579, 3.420359, -0.054912, 1.174757, 1.663699, 0.489445, -0.969803]","[3.94363, 0.949591, 3.420387, -0.054904, 1.174765, 1.663738, 0.489443, -0.969817]"
M2H,"{""tau"": 2.0}",5,500005,outer,M2S,8,88,52,12,-11756.795135332919,-11756.79513533245,4.69299266114831e-10,0,1,8,88,86,-2675.940789360462,-2675.9407683118475,2016,50.4,552.7,cold,extra,extra,0,88,"[3.076213, 0.762226, 2.092373, 0.115512, 0.926316, 0.967154, -1.749099]","[3.076212, 0.762227, 2.092372, 0.115512, 0.926316, 0.967154, -1.749097]"
M2H,"{""tau"": 2.0}",5,500005,outer,M3,8,88,52,12,-11804.15975093348,-11804.159663479188,8.745429295231588e-05,0,1,8,88,88,-2698.2101450212153,-2698.208647224691,2016,2.7,24.6,cold,extra,extra,0,88,"[3.34444, 0.894169, -0.700277, -7.791747, 17.385413, 0.005856, 0.787881]","[3.344472, 0.894151, -0.70027, -9.786383, 21.374592, 0.004765, 0.787891]"
M2H,"{""tau"": 2.0}",5,500005,outer,M3H,8,88,52,12,-10492.69637731837,-10492.69637604879,1.2695800251094624e-06,0,1,8,88,88,-2402.525586655745,-2402.525454667108,2016,422.1,4462.3,cold,extra,extra,0,88,"[-0.832602, -17.433443, 0.611206, 2.966028, 1.122257, 2.498702, -0.249631, 0.681759]","[-0.832604, -21.185177, 0.611206, 2.96578, 1.122239, 2.498632, -0.249634, 0.681784]"
M2H,"{""tau"": 2.0}",5,500005,outer,M3L,8,88,52,12,-11796.85045807946,-11796.85045760242,4.770390660269186e-07,0,1,8,88,19,-2696.510404421892,-2696.5105662235414,2016,3.8,36.2,cold,extra,extra,0,88,"[-0.714332, 0.431627, -1.492789, 0.8662, 0.354238, 3.384761, -0.259818, -3.83857]","[-0.714328, 0.431627, -1.492768, 0.866177, 0.354242, 3.384811, -0.259821, -3.838651]"
M2H,"{""tau"": 2.0}",5,500005,outer,M3V,8,88,52,12,-11736.11970550488,-11736.119704292261,1.212618371937424e-06,0,1,8,88,88,-2682.244729753942,-2682.2441399387267,2016,4.0,38.9,cold,extra,extra,0,88,"[-0.769929, -11.833611, 1.055811, 0.968709, 0.091687, 2.77691, -0.427472, -0.175995]","[-0.769928, -12.734062, 1.055822, 0.968754, 0.091681, 2.77695, -0.427473, -0.175996]"
M2K,"{""alpha"": 0.0}",0,500000,inner,M2B,4,84,38,14,-7131.186161551101,-7131.186161550595,5.056790541857481e-10,0,1,4,84,84,-2625.9688574686616,-2625.9688422603767,2352,0.1,2.2,cold,extra,extra,,,"[3.033834, 1.478746, 2.043181, 0.145343, 0.747789, 1.023221]","[3.033834, 1.478745, 2.043181, 0.145343, 0.74779, 1.023221]"
M2K,"{""alpha"": 0.0}",0,500000,inner,M2H,4,84,38,14,-7130.59059659523,-7130.590596591364,3.865352482534945e-09,0,1,4,84,84,-2626.5216104306332,-2626.521599546931,2352,26.0,559.7,cold,challenge,challenge,,,"[3.033842, 1.488544, 2.041216, 0.145356, 0.747217, 1.022492, -2.573567]","[3.033841, 1.488547, 2.041213, 0.145356, 0.747217, 1.02249, -2.573568]"
M2K,"{""alpha"": 0.0}",0,500000,inner,M2K,4,84,38,14,-7130.873315002236,-7130.873314917908,8.43283487483859e-08,0,1,4,84,81,-2626.051669580512,-2626.0517291551128,2352,0.5,10.7,cold,extra,extra,,,"[3.039944, 1.477646, 1.996404, 0.148041, 0.83491, 0.732258, 0.460964, -0.057994]","[3.039947, 1.477628, 1.996462, 0.14803, 0.834905, 0.732295, 0.460947, -0.058039]"
M2K,"{""alpha"": 0.0}",0,500000,inner,M2S,4,84,38,14,-7131.18616257664,-7131.186161870558,7.06081664247904e-07,0,1,4,84,84,-2625.969007720118,-2625.9687476064655,2352,22.5,490.3,cold,extra,extra,,,"[3.033837, 1.478765, 2.043166, 0.145344, 0.747791, 1.023215, -10.449675]","[3.033831, 1.478736, 2.043184, 0.145343, 0.747789, 1.023221, -11.095699]"
M2K,"{""alpha"": 0.0}",0,500000,inner,M3,4,84,38,14,-7307.1685932626415,-7307.16840671039,0.0001865522517618956,0,1,4,84,84,-2689.7707474714603,-2689.7692887685243,2352,0.9,18.1,cold,extra,extra,,,"[1.999762, 50822.9124, -0.961255, -2.424793, 3.490876, 0.903174, 0.76008]","[1.999786, 57060.965467, -0.961268, -2.42443, 3.490369, 0.903276, 0.760077]"
M2K,"{""alpha"": 0.0}",0,500000,inner,M3H,4,84,38,14,-7360.837561257949,-7360.837560905632,3.523173290886916e-07,0,1,4,84,84,-2710.769915843787,-2710.7702510236513,2352,84.8,1667.5,cold,extra,extra,,,"[-0.892895, -18.953426, 0.646732, 2.510131, 1.063552, 2.578855, -0.300165, -23.84434]","[-0.892893, -20.68503, 0.646732, 2.510046, 1.063552, 2.578854, -0.300166, -23.899775]"
M2K,"{""alpha"": 0.0}",0,500000,inner,M3L,4,84,38,14,-7360.837561800843,-7360.837560857508,9.433351806364954e-07,0,1,4,84,84,-2710.7712309528883,-2710.770533016622,2352,0.6,12.5,cold,challenge,challenge,,,"[-0.892888, -18.334391, 0.646726, 2.509878, 1.063612, 2.578866, -0.300168, -4.952255]","[-0.89289, -21.550631, 0.64673, 2.510046, 1.063562, 2.578864, -0.300167, -4.977807]"
M2K,"{""alpha"": 0.0}",0,500000,inner,M3V,4,84,38,14,-7229.760737285731,-7229.760737285731,0.0,0,1,4,84,84,-2655.168761982,-2655.168761982,2352,0.4,9.0,cold,cold,cold:pipeline,,,"[-0.903833, -18.889301, 0.657135, 2.898914, 0.914623, 2.506028, -0.597324, -0.254113]","[-0.903833, -18.889301, 0.657135, 2.898914, 0.914623, 2.506028, -0.597324, -0.254113]"
M2K,"{""alpha"": 0.0}",0,500000,outer,M2B,8,88,52,12,-9756.71424806094,-9756.714248060876,6.366462912410498e-11,0,1,8,88,88,-2267.41053286074,-2267.4105261363443,2016,0.3,2.7,cold,extra,extra,,,"[3.010944, 1.487437, 2.044097, 0.147294, 0.748142, 1.016342]","[3.010944, 1.487437, 2.044097, 0.147294, 0.748142, 1.016342]"
M2K,"{""alpha"": 0.0}",0,500000,outer,M2H,8,88,52,12,-9756.519300486018,-9756.519300486018,0.0,0,1,8,88,86,-2267.3780293623645,-2267.3780293623645,2016,90.1,983.5,cold,cold,cold:pipeline,,,"[3.011094, 1.492306, 2.043122, 0.147248, 0.747865, 1.016019, -2.952772]","[3.011094, 1.492306, 2.043122, 0.147248, 0.747865, 1.016019, -2.952772]"
M2K,"{""alpha"": 0.0}",0,500000,outer,M2K,8,88,52,12,-9756.257389005865,-9756.257388998489,7.376002031378448e-09,0,1,8,88,87,-2268.9632339501577,-2268.963364407988,2016,1.9,21.0,cold,extra,extra,,,"[3.003461, 1.488098, 1.838794, 0.192543, 0.859476, 0.621419, 0.527593, 0.094457]","[3.003461, 1.488095, 1.838784, 0.192546, 0.859479, 0.621411, 0.527601, 0.09447]"
M2K,"{""alpha"": 0.0}",0,500000,outer,M2S,8,88,52,12,-9756.714249661716,-9756.714248599888,1.0618277883622795e-06,0,1,8,88,86,-2267.4098113445007,-2267.410727910891,2016,69.4,761.6,cold,extra,extra,,,"[3.010939, 1.48745, 2.044089, 0.147296, 0.748146, 1.016334, -10.288993]","[3.01094, 1.487406, 2.044102, 0.147293, 0.748142, 1.016342, -11.105203]"
M2K,"{""alpha"": 0.0}",0,500000,outer,M3,8,88,52,12,-9996.728492277327,-9996.727610425405,0.0008818519218039,0,1,8,88,88,-2346.4076595824517,-2346.404589749473,2016,2.7,27.3,cold,challenge,challenge,,,"[1.999694, 38611.700401, -0.964577, -2.432703, 3.491722, 0.919428, 0.759861]","[1.999771, 53262.308025, -0.96459, -2.433453, 3.492492, 0.91974, 0.759855]"
M2K,"{""alpha"": 0.0}",0,500000,outer,M3H,8,88,52,12,-10070.876572842655,-10056.785863062223,14.090709780432007,1,1,8,88,1,-2365.0029103976144,-2359.0651877231826,2016,274.2,2675.7,cold,extra,extra,,,"[-0.901723, -18.396127, 0.651519, 2.697769, 1.013879, 2.553774, -0.297697, -19.307622]","[-0.871738, -97.835151, 0.634994, 259.509634, 1.323706, 2.987882, -0.271522, -173.679826]"
M2K,"{""alpha"": 0.0}",0,500000,outer,M3L,8,88,52,12,-10070.876572804385,-10070.876572060391,7.439939508913085e-07,0,1,8,88,88,-2365.002748579731,-2365.0030998383263,2016,1.6,17.6,cold,extra,extra,,,"[-0.901734, -18.443717, 0.651524, 2.697674, 1.013875, 2.553761, -0.297698, -4.851646]","[-0.901729, -19.590289, 0.651523, 2.697685, 1.013859, 2.553758, -0.297698, -5.013724]"
M2K,"{""alpha"": 0.0}",0,500000,outer,M3V,8,88,52,12,-9883.885373686868,-9883.885372368699,1.3181688700569794e-06,0,1,8,88,88,-2306.2524336496244,-2306.2521087688715,2016,1.3,13.5,cold,extra,extra,,,"[-0.912553, -18.106003, 0.661498, 3.1056, 0.880263, 2.478368, -0.600973, -0.250945]","[-0.912555, -31.832473, 0.661494, 3.105482, 0.880281, 2.478353, -0.600976, -0.250944]"
M2K,"{""alpha"": 0.0}",1,500001,inner,M2B,4,84,38,14,-7109.858620251482,-7109.8586202395945,1.1887095752172172e-08,0,1,4,84,82,-2656.4224124076577,-2656.4224829571895,2352,0.1,2.3,cold,extra,extra,,,"[2.995542, 1.586796, 1.980848, 0.143874, 0.747876, 0.964618]","[2.995543, 1.586799, 1.980846, 0.143875, 0.747876, 0.964616]"
M2K,"{""alpha"": 0.0}",1,500001,inner,M2H,4,84,38,14,-7108.488760764052,-7108.488760741528,2.252454578410834e-08,0,1,4,83,79,-2657.6715426539004,-2657.671246703185,2352,25.0,560.4,cold,extra,extra,,,"[3.000931, 1.594133, 1.980786, 0.143222, 0.746833, 0.966059, -2.317941]","[3.00093, 1.594141, 1.980782, 0.143222, 0.746833, 0.966058, -2.317984]"
M2K,"{""alpha"": 0.0}",1,500001,inner,M2K,4,84,38,14,-7109.723478241411,-7109.723478044535,1.9687558960868046e-07,0,1,4,84,83,-2656.4390132174494,-2656.4389574469033,2352,0.5,10.5,cold,extra,extra,,,"[3.001051, 1.584346, 1.949309, 0.144947, 0.812058, 0.729876, 0.374922, -0.050097]","[3.001059, 1.58434, 1.949304, 0.144951, 0.812043, 0.729912, 0.374855, -0.050084]"
M2K,"{""alpha"": 0.0}",1,500001,inner,M2S,4,84,38,14,-7109.846818533491,-7109.846818507751,2.5740519049577415e-08,0,1,4,84,84,-2656.398906146554,-2656.399251094505,2352,16.4,373.6,cold,extra,extra,,,"[2.995581, 1.586291, 1.980895, 0.143826, 0.747799, 0.96461, -4.598821]","[2.995576, 1.586282, 1.980899, 0.143826, 0.747799, 0.964609, -4.598899]"
M2K,"{""alpha"": 0.0}",1,500001,inner,M3,4,84,38,14,-7284.35003119632,-7284.348805303445,0.0012258928745723097,0,1,4,84,84,-2724.583280218638,-2724.590692429997,2352,0.9,18.5,cold,extra,extra,,,"[1.999661, 34567.894381, -0.974286, -2.373, 3.376122, 0.948637, 0.757363]","[1.999768, 52264.664489, -0.974315, -2.372292, 3.375381, 0.94846, 0.75737]"
M2K,"{""alpha"": 0.0}",1,500001,inner,M3H,4,84,38,14,-7340.701302834448,-7327.562887864918,13.138414969530459,1,1,4,84,1,-2741.4821949466914,-2734.8645444707313,2352,115.0,2168.7,cold,extra,extra,,,"[-0.894557, -18.664573, 0.615099, 2.930279, 1.14143, 2.587014, -0.295787, -2.369515]","[-0.874778, -81.520532, 0.59768, 354.788068, 1.674568, 2.991016, -0.27387, -150.793511]"
M2K,"{""alpha"": 0.0}",1,500001,inner,M3L,4,84,38,14,-7341.412489079371,-7327.0086041781415,14.403884901229503,1,1,4,84,1,-2740.245583042766,-2734.7448580266905,2352,0.6,14.1,cold,challenge,challenge,,,"[-0.895474, -18.020288, 0.615142, 2.846524, 1.143016, 2.580891, -0.295768, -5.233432]","[-0.874168, -3623.445602, 0.596847, 4474.285871, 1.675128, 2.999238, -0.273824, -609.910935]"
M2K,"{""alpha"": 0.0}",1,500001,inner,M3V,4,84,38,14,-7215.219522286366,-7215.219521534962,7.514036042266525e-07,0,1,4,84,84,-2687.3064334468127,-2687.305575755017,2352,0.5,10.0,cold,extra,extra,,,"[-0.906137, -18.443433, 0.624445, 3.039937, 1.014353, 2.514051, -0.586926, -0.25581]","[-0.906132, -20.559931, 0.624448, 3.039941, 1.014342, 2.51406, -0.586929, -0.255815]"
M2K,"{""alpha"": 0.0}",1,500001,outer,M2B,8,88,52,12,-9764.45328508532,-9764.45328508311,2.2100721253082156e-09,0,1,8,88,87,-2277.511640824334,-2277.5116365995927,2016,0.3,3.0,cold,extra,extra,,,"[3.014718, 1.596945, 1.981386, 0.145984, 0.749204, 0.983417]","[3.014718, 1.596945, 1.981385, 0.145983, 0.749204, 0.983417]"
M2K,"{""alpha"": 0.0}",1,500001,outer,M2H,8,88,52,12,-9764.03184643759,-9764.031846436636,9.549694368615746e-10,0,1,8,87,86,-2277.4306784708474,-2277.430692942227,2016,90.0,956.3,cold,extra,extra,,,"[3.016641, 1.599262, 1.981642, 0.14572, 0.748742, 0.98405, -2.722947]","[3.016641, 1.599264, 1.981642, 0.14572, 0.748742, 0.98405, -2.72292]"
M2K,"{""alpha"": 0.0}",1,500001,outer,M2K,8,88,52,12,-9764.160868589322,-9764.160868587423,1.899024937301874e-09,0,1,8,88,87,-2277.048961866034,-2277.048942645542,2016,1.8,17.7,cold,extra,extra,,,"[3.038608, 1.592019, 2.084133, 0.121962, 0.801778, 0.844449, 0.328612, -0.15699]","[3.038608, 1.592019, 2.084137, 0.121961, 0.801778, 0.844449, 0.328615, -0.156995]"
M2K,"{""alpha"": 0.0}",1,500001,outer,M2S,8,88,52,12,-9764.418483756053,-9764.418483751957,4.096364136785269e-09,0,1,8,88,87,-2277.173581631533,-2277.1735653813053,2016,49.6,518.4,cold,challenge,challenge,,,"[3.014741, 1.596499, 1.981373, 0.145883, 0.749082, 0.983375, -4.390636]","[3.014741, 1.596498, 1.981373, 0.145882, 0.749082, 0.983375, -4.390599]"
M2K,"{""alpha"": 0.0}",1,500001,outer,M3,8,88,52,12,-10007.14584336519,-10007.14451025733,0.0013331078589544632,0,1,8,88,88,-2333.9535552872785,-2333.9507783762856,2016,2.7,26.9,cold,extra,extra,,,"[1.999683, 36802.208528, -0.95745, -2.388712, 3.412137, 0.943829, 0.760764]","[1.99977, 51602.370897, -0.957412, -2.388402, 3.411852, 0.943741, 0.760768]"
M2K,"{""alpha"": 0.0}",1,500001,outer,M3H,8,88,52,12,-10079.624246051302,-10079.62387893237,0.000367118931535515,0,1,8,88,87,-2357.058720517227,-2357.0594229475246,2016,265.0,2706.2,cold,extra,extra,,,"[-0.880577, -18.390723, 0.617437, 2.694778, 1.171508, 2.59969, -0.294121, -9.9369]","[-0.880589, -11.64608, 0.617433, 2.694039, 1.171588, 2.599658, -0.294126, -5.273742]"
M2K,"{""alpha"": 0.0}",1,500001,outer,M3L,8,88,52,12,-10079.624246210893,-10079.62424562053,5.90363924857229e-07,0,1,8,88,88,-2357.058843044864,-2357.0588205251997,2016,1.7,17.7,cold,extra,extra,,,"[-0.880577, -18.603586, 0.617434, 2.694679, 1.171568, 2.599677, -0.294123, -5.192126]","[-0.880574, -19.357164, 0.617435, 2.694787, 1.171517, 2.599695, -0.294121, -5.491321]"
M2K,"{""alpha"": 0.0}",1,500001,outer,M3V,8,88,52,12,-9900.5305428869,-9900.530541352997,1.5339028323069215e-06,0,1,8,88,88,-2314.4642220190244,-2314.463445178996,2016,1.3,13.5,cold,extra,extra,,,"[-0.889909, -18.179912, 0.626036, 3.01341, 1.028625, 2.537952, -0.586222, -0.249508]","[-0.88992, -22.379371, 0.626049, 3.013281, 1.028627, 2.537942, -0.586223, -0.249513]"
M2K,"{""alpha"": 0.0}",2,500002,inner,M2B,4,84,38,14,-7128.235709044225,-7128.235709044016,2.0827428670600057e-10,0,1,4,84,84,-2634.569031993746,-2634.5690169818913,2352,0.1,2.4,cold,extra,extra,0,84,"[2.976303, 1.475823, 2.033376, 0.145217, 0.746862, 1.006214]","[2.976303, 1.475824, 2.033375, 0.145217, 0.746862, 1.006214]"
M2K,"{""alpha"": 0.0}",2,500002,inner,M2H,4,84,38,14,-7127.192489971187,-7127.192489968336,2.850356395356357e-09,0,1,4,83,79,-2633.941891018164,-2633.941863132177,2352,26.2,672.8,cold,extra,extra,0,84,"[2.976951, 1.480395, 2.033522, 0.144892, 0.746063, 1.006499, -2.437557]","[2.976953, 1.480394, 2.033523, 0.144892, 0.746064, 1.0065, -2.437549]"
M2K,"{""alpha"": 0.0}",2,500002,inner,M2K,4,84,38,14,-7123.3681550968495,-7123.3681549999565,9.689301805337891e-08,0,1,4,84,45,-2635.760185891284,-2635.760346509807,2352,0.5,9.9,cold,extra,extra,1,84,"[2.973736, 1.483114, 2.161856, 0.147923, 0.807, 1.523254, -0.890841, 0.05549]","[2.973728, 1.483108, 2.161867, 0.147923, 0.807002, 1.52326, -0.890839, 0.055483]"
M2K,"{""alpha"": 0.0}",2,500002,inner,M2S,4,84,38,14,-7128.137163061107,-7128.137163055719,5.387846613302827e-09,0,1,4,84,81,-2634.7798337266304,-2634.7798136791007,2352,19.2,374.9,cold,extra,extra,0,84,"[2.975721, 1.477252, 2.032749, 0.145013, 0.746618, 1.005691, -4.02105]","[2.97572, 1.47725, 2.032751, 0.145012, 0.746618, 1.005691, -4.021107]"
M2K,"{""alpha"": 0.0}",2,500002,inner,M3,4,84,38,14,-7294.4831335856725,-7294.482765047344,0.000368538328075374,0,1,4,84,84,-2686.062560267294,-2686.0584693573282,2352,0.9,19.0,cold,extra,extra,0,84,"[1.999636, 34781.945934, -0.960824, -2.372253, 3.424561, 0.916815, 0.758571]","[1.999754, 53202.657682, -0.960829, -2.372214, 3.424517, 0.916898, 0.758571]"
M2K,"{""alpha"": 0.0}",2,500002,inner,M3H,4,84,38,14,-7355.043468221051,-7355.043466366538,1.8545124476077035e-06,0,1,4,84,70,-2700.5522609858376,-2700.5530635001164,2352,108.7,2047.5,cold,extra,extra,0,84,"[-0.89364, -17.538499, 0.651929, 3.317054, 0.891621, 2.52413, -0.29148, -2.357254]","[-0.893643, -46.057361, 0.651938, 3.317037, 0.891576, 2.524108, -0.291479, -2.357479]"
M2K,"{""alpha"": 0.0}",2,500002,inner,M3L,4,84,38,14,-7355.790577671779,-7345.676558930806,10.114018740972824,1,1,4,84,1,-2700.617362833356,-2694.5889507104835,2352,0.7,13.5,cold,extra,extra,0,84,"[-0.893622, -18.94901, 0.651278, 3.233359, 0.89598, 2.522452, -0.29122, -4.934214]","[-0.862305, -9864.342684, 0.626676, 18082.002234, 1.314243, 2.999589, -0.268355, -982.841907]"
M2K,"{""alpha"": 0.0}",2,500002,inner,M3V,4,84,38,14,-7232.588263186104,-7232.58826295471,2.313936420250684e-07,0,1,4,84,84,-2656.0603844111147,-2656.0602609410726,2352,0.4,9.3,cold,extra,extra,0,84,"[-0.903728, -18.798019, 0.660348, 3.395325, 0.811576, 2.45213, -0.582026, -0.254576]","[-0.903729, -20.643242, 0.660346, 3.39538, 0.811591, 2.452131, -0.582024, -0.254574]"
M2K,"{""alpha"": 0.0}",2,500002,outer,M2B,8,88,52,12,-9762.025428861776,-9762.025428861776,0.0,0,1,8,88,87,-2278.723209145048,-2278.723209145048,2016,0.3,3.0,cold,cold,cold:pipeline,0,88,"[2.992623, 1.533775, 2.021799, 0.141915, 0.747181, 1.00653]","[2.992623, 1.533775, 2.021799, 0.141915, 0.747181, 1.00653]"
M2K,"{""alpha"": 0.0}",2,500002,outer,M2H,8,88,52,12,-9760.381113065307,-9760.381113065017,2.892193151637912e-10,0,1,8,88,83,-2278.7431750404025,-2278.743163962662,2016,82.3,863.7,cold,extra,extra,0,88,"[2.993314, 1.538853, 2.022013, 0.14164, 0.746316, 1.006853, -2.404359]","[2.993314, 1.538852, 2.022013, 0.14164, 0.746316, 1.006853, -2.404359]"
M2K,"{""alpha"": 0.0}",2,500002,outer,M2K,8,88,52,12,-9758.011185194357,-9758.011185109593,8.476308721583337e-08,0,1,8,88,47,-2281.070060593138,-2281.070184160773,2016,1.6,16.7,cold,challenge,challenge,1,88,"[2.982964, 1.539448, 2.094769, 0.137212, 0.796367, 1.449803, -0.805311, 0.090582]","[2.982959, 1.539446, 2.094786, 0.137215, 0.796366, 1.449812, -0.805308, 0.090566]"
M2K,"{""alpha"": 0.0}",2,500002,outer,M2S,8,88,52,12,-9762.025187621779,-9762.02518751783,1.0394978744443506e-07,0,1,8,88,87,-2278.7200173113038,-2278.7201453571292,2016,64.1,648.1,cold,extra,extra,0,88,"[2.992609, 1.533838, 2.021773, 0.141908, 0.74717, 1.006511, -5.609753]","[2.992602, 1.53384, 2.021771, 0.141908, 0.747171, 1.006508, -5.618157]"
M2K,"{""alpha"": 0.0}",2,500002,outer,M3,8,88,52,12,-9979.982482333957,-9979.982265451239,0.00021688271772291046,0,1,8,88,88,-2327.1910205611443,-2327.193928295495,2016,2.6,27.0,cold,extra,extra,0,88,"[1.999704, 42038.21946, -0.956947, -2.414431, 3.468435, 0.929849, 0.758401]","[1.999746, 49405.802563, -0.956934, -2.414052, 3.467943, 0.929941, 0.758405]"
M2K,"{""alpha"": 0.0}",2,500002,outer,M3H,8,88,52,12,-10054.700832377155,-10054.700832243274,1.3388125807978213e-07,0,1,8,88,77,-2341.861053143065,-2341.861415907225,2016,325.2,3438.6,cold,extra,extra,0,88,"[-0.889467, -89.309596, 0.648181, 3.275577, 0.953568, 2.559734, -0.293103, -2.453697]","[-0.889461, -786.094817, 0.648181, 3.275767, 0.953553, 2.559749, -0.293101, -2.453689]"
M2K,"{""alpha"": 0.0}",2,500002,outer,M3L,8,88,52,12,-10055.491442800496,-10039.820166145259,15.671276655237307,1,1,8,88,2,-2341.870446227366,-2339.8290765158868,2016,1.8,18.8,cold,challenge,challenge,0,88,"[-0.889264, -18.928548, 0.647736, 3.213456, 0.956471, 2.558971, -0.292822, -5.153114]","[-0.865476, -3819.895287, 0.628099, 8056.971318, 1.366089, 2.999429, -0.270606, -438.951843]"
M2K,"{""alpha"": 0.0}",2,500002,outer,M3V,8,88,52,12,-9887.601150443055,-9887.601150121056,3.2199932320509106e-07,0,1,8,88,88,-2299.0686707022724,-2299.068756704344,2016,1.3,13.8,cold,challenge,challenge,0,88,"[-0.898668, -19.122149, 0.656415, 3.361956, 0.866435, 2.494792, -0.580331, -0.255268]","[-0.898669, -20.383225, 0.656417, 3.361955, 0.866428, 2.494788, -0.580328, -0.255271]"
M2K,"{""alpha"": 0.0}",3,500003,inner,M2B,4,84,38,14,-7191.265479940837,-7191.265479940057,7.803464541211724e-10,0,1,4,84,80,-2627.7882690949796,-2627.7882272950837,2352,0.1,2.7,cold,extra,extra,0,84,"[2.962064, 1.408198, 2.051062, 0.147583, 0.756397, 0.994727]","[2.962064, 1.4082, 2.051061, 0.147583, 0.756397, 0.994726]"
M2K,"{""alpha"": 0.0}",3,500003,inner,M2H,4,84,38,14,-7188.550340933181,-7188.550340932408,7.73070496506989e-10,0,1,4,84,82,-2628.0791340161104,-2628.0791180319115,2352,29.1,708.8,cold,extra,extra,0,84,"[2.966196, 1.419252, 2.04969, 0.147241, 0.754998, 0.995365, -2.125008]","[2.966197, 1.419252, 2.049689, 0.147242, 0.754998, 0.995365, -2.125006]"
M2K,"{""alpha"": 0.0}",3,500003,inner,M2K,4,84,38,14,-7191.193252042654,-7191.193251634308,4.0834675019141287e-07,0,1,4,84,84,-2627.9559696647425,-2627.955881496021,2352,0.6,12.5,cold,extra,extra,1,84,"[2.957666, 1.407946, 1.915481, 0.171855, 0.834076, 0.689699, 0.411168, 0.03956]","[2.957663, 1.407974, 1.915344, 0.171886, 0.83407, 0.689663, 0.411132, 0.039706]"
M2K,"{""alpha"": 0.0}",3,500003,inner,M2S,4,84,38,14,-7191.2654806916125,-7191.2654801862445,5.053680069977418e-07,0,1,4,84,84,-2627.7881970437443,-2627.7886902299097,2352,22.8,495.0,cold,extra,extra,0,84,"[2.962058, 1.408213, 2.051052, 0.147582, 0.756398, 0.994719, -10.365327]","[2.962069, 1.408184, 2.051063, 0.147582, 0.756397, 0.994726, -11.371397]"
M2K,"{""alpha"": 0.0}",3,500003,inner,M3,4,84,38,14,-7359.09428470714,-7359.09361415352,0.0006705536197841866,0,1,4,84,84,-2707.4910951845773,-2707.4885674024295,2352,1.0,20.0,cold,extra,extra,0,84,"[1.999659, 35761.222926, -0.978959, -2.348316, 3.384003, 0.90802, 0.766287]","[1.999767, 54118.115874, -0.978934, -2.348536, 3.384235, 0.90818, 0.766286]"
M2K,"{""alpha"": 0.0}",3,500003,inner,M3H,4,84,38,14,-7416.711227070444,-7416.711225613688,1.4567558537237346e-06,0,1,4,84,58,-2733.7367047928965,-2733.736787695865,2352,96.8,1982.1,cold,extra,extra,0,84,"[-0.915594, -17.591477, 0.64858, 2.777851, 0.943819, 2.493935, -0.287672, -2.21241]","[-0.915601, -45.247546, 0.648585, 2.777841, 0.943816, 2.493934, -0.287671, -2.212523]"
M2K,"{""alpha"": 0.0}",3,500003,inner,M3L,4,84,38,14,-7417.904190418916,-7417.9041900522425,3.666737029561773e-07,0,1,4,84,84,-2733.4151033982107,-2733.4164569035097,2352,0.7,13.6,cold,challenge,challenge,0,84,"[-0.916454, -18.848794, 0.64949, 2.73262, 0.934306, 2.487153, -0.28699, -4.841081]","[-0.916461, -29.438404, 0.649498, 2.732612, 0.934256, 2.487129, -0.286992, -5.99814]"
M2K,"{""alpha"": 0.0}",3,500003,inner,M3V,4,84,38,14,-7288.290218755457,-7288.290217391732,1.3637254596687853e-06,0,1,4,84,84,-2674.8736398495307,-2674.8726039605385,2352,0.5,9.5,cold,challenge,challenge,0,84,"[-0.929998, -17.819728, 0.660349, 2.986763, 0.829166, 2.405187, -0.590583, -0.247418]","[-0.929998, -30.458958, 0.660352, 2.986497, 0.829194, 2.405204, -0.590592, -0.247427]"
M2K,"{""alpha"": 0.0}",3,500003,outer,M2B,8,88,52,12,-9818.012673113633,-9818.01267311359,4.3655745685100555e-11,0,1,8,88,88,-2295.6846849632666,-2295.684684062127,2016,0.3,3.0,cold,extra,extra,0,88,"[2.968207, 1.474368, 2.030845, 0.151212, 0.754397, 0.992751]","[2.968207, 1.474368, 2.030845, 0.151212, 0.754397, 0.992751]"
M2K,"{""alpha"": 0.0}",3,500003,outer,M2H,8,88,52,12,-9815.496855048055,-9815.496855048055,0.0,0,1,8,87,84,-2297.0601116703815,-2297.0601116703815,2016,86.1,979.1,cold,cold,cold:pipeline,0,88,"[2.97007, 1.48469, 2.029547, 0.151177, 0.753315, 0.992788, -2.253918]","[2.97007, 1.48469, 2.029547, 0.151177, 0.753315, 0.992788, -2.253918]"
M2K,"{""alpha"": 0.0}",3,500003,outer,M2K,8,88,52,12,-9817.704663884899,-9817.704663819452,6.544723873957992e-08,0,1,8,88,88,-2295.9688327066206,-2295.9687647136093,2016,1.5,17.1,cold,extra,extra,1,88,"[2.996715, 1.471352, 2.14048, 0.125891, 0.808099, 0.857278, 0.327905, -0.163092]","[2.996717, 1.471358, 2.140493, 0.125891, 0.808084, 0.857323, 0.327845, -0.163087]"
M2K,"{""alpha"": 0.0}",3,500003,outer,M2S,8,88,52,12,-9817.997446503192,-9817.997446496423,6.768459570594132e-09,0,1,8,88,87,-2295.8176802613966,-2295.8177119997335,2016,55.8,576.8,cold,challenge,challenge,0,88,"[2.968176, 1.474256, 2.03099, 0.151135, 0.754305, 0.992846, -4.578263]","[2.968176, 1.474262, 2.030988, 0.151135, 0.754305, 0.992845, -4.578345]"
M2K,"{""alpha"": 0.0}",3,500003,outer,M3,8,88,52,12,-10066.19082872083,-10066.19082872083,0.0,0,1,8,88,88,-2353.5300829278053,-2353.5300829278053,2016,2.8,28.4,cold,cold,cold:pipeline,0,88,"[1.999775, 55321.816588, -0.977237, -2.341426, 3.372044, 0.928312, 0.765927]","[1.999775, 55321.816588, -0.977237, -2.341426, 3.372044, 0.928312, 0.765927]"
M2K,"{""alpha"": 0.0}",3,500003,outer,M3H,8,88,52,12,-10148.909471236664,-10148.909471236664,0.0,0,1,8,88,22,-2378.758318766675,-2378.758318766675,2016,290.6,2868.7,cold,cold,cold:pipeline,0,88,"[-0.909073, -30.137227, 0.638839, 2.536437, 1.049928, 2.508758, -0.290095, -2.413911]","[-0.909073, -30.137227, 0.638839, 2.536437, 1.049928, 2.508758, -0.290095, -2.413911]"
M2K,"{""alpha"": 0.0}",3,500003,outer,M3L,8,88,52,12,-10149.717025364165,-10149.717024949061,4.151042958255857e-07,0,1,8,88,88,-2377.873862381647,-2377.8737924823427,2016,1.8,18.3,cold,extra,extra,0,88,"[-0.909228, -18.525781, 0.639043, 2.503137, 1.046779, 2.505898, -0.289746, -4.621265]","[-0.909223, -18.999051, 0.639038, 2.503168, 1.04679, 2.505903, -0.289745, -4.703561]"
M2K,"{""alpha"": 0.0}",3,500003,outer,M3V,8,88,52,12,-9961.981121168768,-9961.981120906354,2.6241468731313944e-07,0,1,8,88,88,-2332.766179331309,-2332.7667385342093,2016,1.4,14.3,cold,extra,extra,0,88,"[-0.92344, -21.319483, 0.650583, 2.881481, 0.89826, 2.418565, -0.599055, -0.244671]","[-0.923442, -20.466894, 0.650583, 2.881552, 0.898288, 2.418579, -0.599053, -0.244669]"
M2K,"{""alpha"": 0.0}",4,500004,inner,M2B,4,84,38,14,-7150.669567802811,-7150.669567802688,1.227817847393453e-10,0,1,4,84,81,-2649.2317337009217,-2649.2317413278183,2352,0.1,3.3,cold,extra,extra,0,84,"[3.007936, 1.387582, 2.021322, 0.160641, 0.753432, 0.989636]","[3.007936, 1.387582, 2.021322, 0.160641, 0.753432, 0.989636]"
M2K,"{""alpha"": 0.0}",4,500004,inner,M2H,4,84,38,14,-7150.669568867151,-7150.669568226665,6.404852683772333e-07,0,1,4,84,82,-2649.2319479496978,-2649.2314550710566,2352,49.2,987.4,cold,extra,extra,0,84,"[3.00792, 1.387574, 2.021332, 0.160639, 0.753434, 0.989641, -9.983646]","[3.007935, 1.387585, 2.021324, 0.160643, 0.753432, 0.989638, -10.291386]"
M2K,"{""alpha"": 0.0}",4,500004,inner,M2K,4,84,38,14,-7150.574785277859,-7150.574785264729,1.3129465514793992e-08,0,1,4,84,83,-2649.2130470649195,-2649.2130526645824,2352,0.8,13.6,cold,challenge,challenge,1,84,"[3.025079, 1.388121, 2.23827, 0.166205, 0.750137, 1.324572, -0.345921, -0.100287]","[3.025078, 1.388123, 2.238271, 0.166205, 0.750136, 1.324562, -0.3459, -0.100293]"
M2K,"{""alpha"": 0.0}",4,500004,inner,M2S,4,84,38,14,-7150.669568874677,-7150.669568034205,8.404713298659772e-07,0,1,4,84,82,-2649.231710875201,-2649.2317242936138,2352,29.5,624.1,cold,extra,extra,0,84,"[3.007938, 1.387557, 2.021333, 0.160644, 0.753433, 0.989643, -10.502753]","[3.00793, 1.387586, 2.021322, 0.160642, 0.753432, 0.989635, -11.400523]"
M2K,"{""alpha"": 0.0}",4,500004,inner,M3,4,84,38,14,-7341.029325963343,-7341.028646533578,0.0006794297651140369,0,1,4,84,84,-2738.914802027964,-2738.914889582415,2352,1.1,22.4,cold,challenge,challenge,0,84,"[1.999583, 28793.079781, -0.9545, -2.352489, 3.390866, 0.87361, 0.764132]","[1.999738, 48281.880757, -0.954489, -2.352296, 3.390708, 0.873597, 0.764123]"
M2K,"{""alpha"": 0.0}",4,500004,inner,M3H,4,84,38,14,-7401.6520628450035,-7401.652062594612,2.5039116735570133e-07,0,1,4,84,84,-2763.5107953035954,-2763.511045682337,2352,106.1,2123.2,cold,extra,extra,0,84,"[-0.892254, -18.834631, 0.639154, 2.887958, 0.874169, 2.527823, -0.287047, -20.518396]","[-0.892251, -19.715418, 0.639153, 2.888079, 0.874161, 2.527824, -0.287047, -17.18901]"
M2K,"{""alpha"": 0.0}",4,500004,inner,M3L,4,84,38,14,-7401.6520633909495,-7401.652062427346,9.63603270065505e-07,0,1,4,84,84,-2763.510298017584,-2763.5109407077266,2352,0.8,15.6,cold,extra,extra,0,84,"[-0.89225, -17.94229, 0.63915, 2.888003, 0.874191, 2.527836, -0.287047, -4.683872]","[-0.892252, -20.722506, 0.639156, 2.887998, 0.874161, 2.527825, -0.287049, -5.039146]"
M2K,"{""alpha"": 0.0}",4,500004,inner,M3V,4,84,38,14,-7248.857446655218,-7248.857446282007,3.732111508725211e-07,0,1,4,84,84,-2697.618626477471,-2697.6186684012355,2352,0.5,10.5,cold,challenge,challenge,0,84,"[-0.905325, -19.662267, 0.650116, 3.140123, 0.776786, 2.441539, -0.608589, -0.238564]","[-0.905327, -20.537378, 0.650114, 3.140138, 0.776794, 2.441517, -0.608587, -0.238559]"
M2K,"{""alpha"": 0.0}",4,500004,outer,M2B,8,88,52,12,-9798.679967412067,-9798.679967412067,0.0,0,1,8,88,87,-2200.336118234014,-2200.336118234014,2016,0.4,4.2,cold,cold,cold:pipeline,0,88,"[3.019617, 1.412951, 2.036689, 0.163009, 0.755446, 0.999625]","[3.019617, 1.412951, 2.036689, 0.163009, 0.755446, 0.999625]"
M2K,"{""alpha"": 0.0}",4,500004,outer,M2H,8,88,52,12,-9798.679968303433,-9798.679967745913,5.57520252186805e-07,0,1,8,88,87,-2200.336078015076,-2200.3356748328542,2016,137.8,1513.6,cold,challenge,challenge,0,88,"[3.019621, 1.412986, 2.036679, 0.163008, 0.755448, 0.999623, -9.834048]","[3.019618, 1.412972, 2.03669, -0.163009, -0.755446, 0.999629, -10.817631]"
M2K,"{""alpha"": 0.0}",4,500004,outer,M2K,8,88,52,12,-9798.469489585423,-9798.469489582614,2.8085196390748024e-09,0,1,8,88,86,-2200.1004815855595,-2200.1004267222816,2016,2.0,19.4,cold,extra,extra,1,88,"[3.026457, 1.413322, 2.195582, 0.166365, 0.755529, 1.337466, -0.426842, -0.039678]","[3.026456, 1.413322, 2.195587, 0.166365, 0.755529, 1.337471, -0.426845, -0.039681]"
M2K,"{""alpha"": 0.0}",4,500004,outer,M2S,8,88,52,12,-9798.67996813931,-9798.679967909306,2.3000393412075937e-07,0,1,8,88,86,-2200.335719419687,-2200.3366659368376,2016,89.9,850.6,cold,extra,extra,0,88,"[3.01961, 1.41297, 2.036678, 0.163009, 0.755446, 0.999618, -10.917439]","[3.01962, 1.412944, 2.036685, 0.163011, 0.755447, 0.999623, -11.191772]"
M2K,"{""alpha"": 0.0}",4,500004,outer,M3,8,88,52,12,-10079.06109607868,-10079.060591208716,0.0005048699640610721,0,1,8,88,88,-2270.9753003484293,-2270.9778776078174,2016,3.7,34.4,cold,extra,extra,0,88,"[1.999726, 44884.168577, -0.965947, -2.388098, 3.432407, 0.884532, 0.767053]","[1.999783, 57870.803084, -0.965943, -2.388249, 3.432621, 0.884524, 0.767053]"
M2K,"{""alpha"": 0.0}",4,500004,outer,M3H,8,88,52,12,-10163.762525590057,-10149.401528272181,14.360997317875444,1,1,8,88,1,-2291.007938145927,-2287.005456322092,2016,292.0,3216.9,cold,challenge,challenge,0,88,"[-0.898916, -18.910593, 0.641905, 2.810184, 0.940039, 2.551102, -0.28377, -16.944042]","[-0.865474, -93.152296, 0.616852, 114.749738, 1.266565, 2.974209, -0.261763, -165.005979]"
M2K,"{""alpha"": 0.0}",4,500004,outer,M3L,8,88,52,12,-10163.762525295864,-10147.224672784787,16.53785251107729,1,1,8,88,1,-2291.008291384527,-2286.3096444301686,2016,2.2,23.6,cold,extra,extra,0,88,"[-0.898913, -18.954781, 0.641903, 2.810046, 0.940066, 2.551116, -0.28377, -4.845376]","[-0.869295, -3805.233122, 0.620588, 6512.928248, 1.28588, 2.999443, -0.259603, -320.048329]"
M2K,"{""alpha"": 0.0}",4,500004,outer,M3V,8,88,52,12,-9944.999138978279,-9944.99913808328,8.949991752160713e-07,0,1,8,88,88,-2239.086521511144,-2239.0860076850267,2016,1.8,17.7,cold,extra,extra,0,88,"[-0.91254, -18.40105, 0.653058, 3.070146, 0.826946, 2.463167, -0.610296, -0.231712]","[-0.912543, -26.713526, 0.65306, 3.070211, 0.826938, 2.463157, -0.610299, -0.231713]"
M2K,"{""alpha"": 0.0}",5,500005,inner,M2B,4,84,38,14,-7194.096143122744,-7194.096143122716,2.8194335754960775e-11,0,1,4,84,80,-2603.948999005238,-2603.9490005350845,2352,0.1,2.6,cold,extra,extra,0,84,"[2.985441, 1.543572, 2.015748, 0.161264, 0.759059, 0.985844]","[2.985441, 1.543572, 2.015748, 0.161264, 0.759059, 0.985844]"
M2K,"{""alpha"": 0.0}",5,500005,inner,M2H,4,84,38,14,-7194.09614407206,-7194.096143525763,5.462970875669271e-07,0,1,4,84,82,-2603.9488154064575,-2603.9487391314606,2352,38.9,809.7,cold,challenge,challenge,0,84,"[2.985443, 1.543552, 2.015762, 0.161263, 0.759058, 0.985846, -9.702332]","[2.98544, 1.543563, 2.015748, -0.161264, -0.759058, 0.985843, -10.005884]"
M2K,"{""alpha"": 0.0}",5,500005,inner,M2K,4,84,38,14,-7193.179118725113,-7193.179118686736,3.837703843601048e-08,0,1,4,84,83,-2604.5472904894978,-2604.547298420651,2352,0.5,10.0,cold,extra,extra,1,84,"[2.925786, 1.533452, 1.684008, 0.155959, 0.765572, 0.928782, -0.305089, 0.418553]","[2.925786, 1.533446, 1.68401, 0.155957, 0.765573, 0.928786, -0.305099, 0.41856]"
M2K,"{""alpha"": 0.0}",5,500005,inner,M2S,4,84,38,14,-7194.096144597172,-7194.0961434888595,1.108312062569894e-06,0,1,4,84,84,-2603.948421077277,-2603.9489402643176,2352,22.2,484.1,cold,challenge,challenge,0,84,"[2.985442, 1.543589, 2.015734, 0.161261, 0.759054, 0.985847, -8.952915]","[2.985445, 1.543565, 2.015747, 0.161264, 0.759058, 0.985844, -9.292572]"
M2K,"{""alpha"": 0.0}",5,500005,inner,M3,4,84,38,14,-7389.418985074579,-7389.418671385485,0.00031368909367301967,0,1,4,84,62,-2673.0631378337835,-2673.0655523361406,2352,0.9,15.1,cold,extra,extra,0,84,"[1.999668, 37664.424373, -0.970216, -2.43211, 3.474759, 0.918036, 0.769937]","[1.999749, 51060.859453, -0.970213, -2.43209, 3.474767, 0.91804, 0.769936]"
M2K,"{""alpha"": 0.0}",5,500005,inner,M3H,4,84,38,14,-7430.855602980758,-7430.855602070114,9.106433935812674e-07,0,1,4,84,84,-2703.066563711602,-2703.066775074523,2352,88.0,1769.3,cold,extra,extra,0,84,"[-0.907408, -17.618753, 0.648433, 2.773407, 0.999428, 2.558033, -0.285555, -13.375717]","[-0.907406, -18.680885, 0.648433, 2.773525, 0.999385, 2.558026, -0.28555, -15.621071]"
M2K,"{""alpha"": 0.0}",5,500005,inner,M3L,4,84,38,14,-7430.8556018254785,-7430.8556018254785,0.0,0,1,4,84,84,-2703.0673979561225,-2703.0673979561225,2352,0.7,13.3,cold,cold,cold:pipeline,0,84,"[-0.907407, -19.479065, 0.648435, 2.773576, 0.999392, 2.558035, -0.285549, -6.0315]","[-0.907407, -19.479065, 0.648435, 2.773576, 0.999392, 2.558035, -0.285549, -6.0315]"
M2K,"{""alpha"": 0.0}",5,500005,inner,M3V,4,84,38,14,-7268.97247064791,-7268.972470248638,3.992718120571226e-07,0,1,4,84,84,-2653.4592319061207,-2653.4582759733084,2352,0.5,9.2,cold,extra,extra,0,84,"[-0.918385, -18.04704, 0.663362, 3.175852, 0.843311, 2.485928, -0.609287, -0.230064]","[-0.918388, -20.725566, 0.663373, 3.175812, 0.843257, 2.485915, -0.609289, -0.230064]"
M2K,"{""alpha"": 0.0}",5,500005,outer,M2B,8,88,52,12,-9796.112287191514,-9796.112287191068,4.4565240386873484e-10,0,1,8,88,87,-2259.502298025999,-2259.5023056618816,2016,0.3,3.1,cold,extra,extra,0,88,"[2.961735, 1.447641, 2.044966, 0.158533, 0.754031, 0.994382]","[2.961734, 1.447641, 2.044966, 0.158533, 0.754031, 0.994382]"
M2K,"{""alpha"": 0.0}",5,500005,outer,M2H,8,88,52,12,-9796.112287744561,-9796.112287444605,2.9995680961292237e-07,0,1,8,88,87,-2259.5022310714876,-2259.502248959679,2016,114.3,1190.5,cold,challenge,challenge,0,88,"[2.961733, 1.44765, 2.044966, 0.158531, 0.75403, 0.994383, -10.036299]","[2.961736, 1.447646, 2.044965, 0.158533, 0.754032, 0.994382, -10.556917]"
M2K,"{""alpha"": 0.0}",5,500005,outer,M2K,8,88,52,12,-9795.542172210808,-9795.542172100179,1.1062911653425545e-07,0,1,8,88,86,-2259.312935192304,-2259.313026386644,2016,1.5,17.8,cold,extra,extra,1,88,"[2.909696, 1.440919, 1.792793, 0.150267, 0.75593, 0.995808, -0.318387, 0.321049]","[2.909702, 1.440896, 1.792817, 0.150273, 0.755927, 0.995802, -0.318338, 0.321013]"
M2K,"{""alpha"": 0.0}",5,500005,outer,M2S,8,88,52,12,-9796.05697846139,-9796.05697842926,3.213062882423401e-08,0,1,8,88,86,-2259.2773394995857,-2259.277227961024,2016,51.8,580.6,cold,extra,extra,0,88,"[2.961455, 1.447444, 2.045017, 0.158593, 0.753889, 0.994366, -4.266889]","[2.961456, 1.447452, 2.045018, 0.158592, 0.753889, 0.994368, -4.266798]"
M2K,"{""alpha"": 0.0}",5,500005,outer,M3,8,88,52,12,-10061.272483264862,-10061.271938232398,0.0005450324642879423,0,1,8,88,88,-2319.1164687517366,-2319.1159469696067,2016,2.9,27.7,cold,extra,extra,0,88,"[1.999663, 37077.528916, -0.975945, -2.379763, 3.42377, 0.907934, 0.765495]","[1.999753, 51916.91782, -0.975945, -2.379647, 3.42369, 0.907893, 0.765491]"
M2K,"{""alpha"": 0.0}",5,500005,outer,M3H,8,88,52,12,-10132.066557346956,-10132.066556492166,8.547904144506902e-07,0,1,8,88,88,-2330.471641146906,-2330.471350412899,2016,267.5,2615.4,cold,extra,extra,0,88,"[-0.915631, -18.007388, 0.650362, 2.383022, 1.009741, 2.508961, -0.295546, -17.281006]","[-0.915633, -19.050292, 0.650363, 2.382954, 1.009757, 2.508966, -0.295546, -22.993272]"
M2K,"{""alpha"": 0.0}",5,500005,outer,M3L,8,88,52,12,-10132.066556922073,-10132.066556086163,8.359093044418842e-07,0,1,8,88,88,-2330.470972043736,-2330.4712854899217,2016,1.8,17.9,cold,extra,extra,0,88,"[-0.915634, -18.390401, 0.650363, 2.382834, 1.009775, 2.508964, -0.295546, -5.113297]","[-0.915633, -20.521517, 0.650364, 2.382957, 1.00976, 2.508966, -0.295547, -5.408197]"
M2K,"{""alpha"": 0.0}",5,500005,outer,M3V,8,88,52,12,-9919.488245366298,-9919.488244976037,3.902605385519564e-07,0,1,8,88,88,-2285.350865470905,-2285.3507551224275,2016,1.3,14.1,cold,extra,extra,0,88,"[-0.93051, -18.571093, 0.667592, 2.880324, 0.823106, 2.417792, -0.620508, -0.242477]","[-0.930507, -19.265113, 0.667587, 2.88037, 0.823126, 2.417795, -0.620508, -0.242476]"
M2K,"{""alpha"": 1.0}",0,500000,inner,M2B,4,84,38,14,-5944.45128999852,-5944.451289998161,3.5925040720030665e-10,0,1,4,84,83,-2147.2953126954494,-2147.2952971389745,2352,0.1,2.8,cold,extra,extra,,,"[3.03679, 1.495687, 2.208928, 0.114557, 0.573178, 1.528407]","[3.03679, 1.495688, 2.208928, -0.114557, -0.573178, 1.528407]"
M2K,"{""alpha"": 1.0}",0,500000,inner,M2H,4,84,38,14,-5944.029395247837,-5944.029395247526,3.1104718800634146e-10,0,1,4,84,81,-2147.2663440348406,-2147.2663300000527,2352,31.2,661.1,cold,extra,extra,,,"[3.036555, 1.499226, 2.208313, 0.114626, 0.572763, 1.528113, -2.933635]","[3.036555, 1.499228, 2.208313, 0.114626, 0.572763, 1.528113, -2.933633]"
M2K,"{""alpha"": 1.0}",0,500000,inner,M2K,4,84,38,14,-5929.890509984381,-5929.890509977209,7.172275218181312e-09,0,1,4,84,82,-2145.7688945144673,-2145.768920285368,2352,0.6,11.3,cold,extra,extra,,,"[3.030631, 1.492019, 2.024661, 0.154658, 0.778774, 0.974749, 1.117214, -0.003716]","[3.030632, 1.492015, 2.024665, 0.154658, 0.778774, 0.974751, 1.117212, -0.00372]"
M2K,"{""alpha"": 1.0}",0,500000,inner,M2S,4,84,38,14,-5944.40041179718,-5944.400411758314,3.8866346585564315e-08,0,1,4,84,79,-2147.517166624926,-2147.516871394297,2352,20.2,460.4,cold,extra,extra,,,"[3.036804, 1.496084, 2.208586, 0.114545, 0.57305, 1.528152, -4.178096]","[3.036805, 1.496087, 2.208588, 0.114546, 0.573049, 1.528154, -4.17831]"
M2K,"{""alpha"": 1.0}",0,500000,inner,M3,4,84,38,14,-6140.139361416853,-6140.136964491039,0.002396925813627604,0,1,4,84,84,-2219.156042694181,-2219.155283407856,2352,0.9,18.0,cold,challenge,challenge,,,"[1.999637, 32097.412353, -0.618255, -2.221147, 3.795309, 0.910141, 0.633093]","[1.999795, 60036.08438, -0.618255, -2.220868, 3.795021, 0.910188, 0.633093]"
M2K,"{""alpha"": 1.0}",0,500000,inner,M3H,4,84,38,14,-6215.412818520602,-6214.834002304171,0.5788162164308233,1,1,4,84,22,-2240.693648008754,-2240.4272326448145,2352,63.8,1249.1,cold,challenge,challenge,,,"[-0.524753, -92.470964, 0.704984, 521.747343, 1.472731, 2.990917, -0.447397, -174.623747]","[-0.524148, -141.663244, 0.704651, 824.835353, 1.469702, 2.993811, -0.447046, -166.000796]"
M2K,"{""alpha"": 1.0}",0,500000,inner,M3L,4,84,38,14,-6213.594606737686,-6213.576338370064,0.018268367622113146,0,1,4,84,84,-2239.63014694136,-2239.630185445634,2352,0.9,19.2,cold,extra,extra,,,"[-0.524923, -10709.276459, 0.707662, 32374.928602, 1.427535, 2.999743, -0.445662, -929.822904]","[-0.524875, -17836.390207, 0.707523, 61406.274069, 1.4288, 2.999854, -0.445644, -1452.766452]"
M2K,"{""alpha"": 1.0}",0,500000,inner,M3V,4,84,38,14,-6132.836134197446,-6132.836133643577,5.538686309591867e-07,0,1,4,84,84,-2203.679264752269,-2203.6790503200677,2352,0.4,8.5,cold,extra,extra,,,"[-0.550997, -19.350824, 0.729107, 3.549289, 0.884285, 2.508708, -0.78851, -0.438262]","[-0.550999, -29.629509, 0.729107, 3.549236, 0.884283, 2.508695, -0.78851, -0.438264]"
M2K,"{""alpha"": 1.0}",0,500000,outer,M2B,8,88,52,12,-8090.972480202018,-8090.972480201932,8.640199666842818e-11,0,1,8,88,84,-1856.3155664970939,-1856.3155647860926,2016,0.3,3.7,cold,extra,extra,,,"[3.018942, 1.518032, 2.203461, 0.11629, 0.569751, 1.520807]","[3.018941, 1.518032, 2.203461, 0.11629, 0.569751, 1.520807]"
M2K,"{""alpha"": 1.0}",0,500000,outer,M2H,8,88,52,12,-8090.550261292576,-8090.550261272863,1.9712388166226447e-08,0,1,8,86,79,-1855.5958530654989,-1855.5960168830752,2016,103.9,1379.1,cold,extra,extra,,,"[3.018988, 1.520623, 2.203124, 0.11626, 0.569427, 1.520704, -3.029362]","[3.018988, 1.520624, 2.203123, 0.11626, 0.569427, 1.520703, -3.029469]"
M2K,"{""alpha"": 1.0}",0,500000,outer,M2K,8,88,52,12,-8074.814459883243,-8074.814459833551,4.969206202076748e-08,0,1,8,88,82,-1858.7061018584398,-1858.7059936020087,2016,2.1,18.9,cold,challenge,challenge,,,"[3.014173, 1.515117, 2.015608, 0.15765, 0.763804, 0.983482, 1.062705, 0.009492]","[3.014173, 1.515117, 2.015609, 0.157648, 0.763803, 0.983484, 1.062702, 0.009484]"
M2K,"{""alpha"": 1.0}",0,500000,outer,M2S,8,88,52,12,-8090.972480671608,-8090.972480671608,0.0,0,1,8,88,79,-1856.3149988148948,-1856.3149988148948,2016,85.1,853.9,cold,cold,cold:pipeline,,,"[3.018939, 1.518022, 2.203465, 0.116292, 0.56975, 1.520807, -10.723723]","[3.018939, 1.518022, 2.203465, 0.116292, 0.56975, 1.520807, -10.723723]"
M2K,"{""alpha"": 1.0}",0,500000,outer,M3,8,88,52,12,-8358.740210217693,-8358.739897994845,0.00031222284815157764,0,1,8,88,88,-1944.001964158204,-1944.0017881305873,2016,2.7,27.3,cold,extra,extra,,,"[1.999767, 52204.128362, -0.619299, -2.22826, 3.794706, 0.927466, 0.629945]","[1.999785, 56901.714689, -0.619299, -2.228217, 3.794659, 0.927471, 0.629945]"
M2K,"{""alpha"": 1.0}",0,500000,outer,M3H,8,88,52,12,-8454.310864199877,-8454.199682576935,0.11118162294224021,0,1,8,88,10,-1966.9759007290493,-1966.7294835043465,2016,194.8,1887.7,cold,extra,extra,,,"[-0.526243, -120.083825, 0.711301, 789.001201, 1.364416, 2.992922, -0.450498, -175.465833]","[-0.526688, -98.075137, 0.709907, 774.907488, 1.394818, 2.992204, -0.451494, -148.275885]"
M2K,"{""alpha"": 1.0}",0,500000,outer,M3L,8,88,52,12,-8452.81140378744,-8452.81140378744,0.0,0,1,8,88,88,-1966.5983112647937,-1966.5983112647937,2016,2.7,26.7,cold,cold,cold:pipeline,,,"[-0.526599, -9996.520889, 0.710559, 46585.399318, 1.400345, 2.99978, -0.45136, -829.889761]","[-0.526599, -9996.520889, 0.710559, 46585.399318, 1.400345, 2.99978, -0.45136, -829.889761]"
M2K,"{""alpha"": 1.0}",0,500000,outer,M3V,8,88,52,12,-8334.854131343913,-8334.854131343269,6.439222488552332e-10,0,1,8,88,88,-1918.711436343845,-1918.7113149915215,2016,1.3,13.1,cold,extra,extra,,,"[-0.559115, -22.690284, 0.732278, 3.749001, 0.861167, 2.478413, -0.801414, -0.440318]","[-0.559116, -20.218839, 0.732275, 3.748934, 0.861189, 2.478409, -0.801417, -0.440321]"
M2K,"{""alpha"": 1.0}",1,500001,inner,M2B,4,84,38,14,-5933.080930096814,-5933.080930096801,1.2732925824820995e-11,0,1,4,84,81,-2195.976846017122,-2195.976852462568,2352,0.1,2.8,cold,extra,extra,,,"[3.001392, 1.575839, 2.16221, 0.111371, 0.574343, 1.484222]","[3.001392, 1.575839, 2.16221, 0.111371, 0.574343, 1.484222]"
M2K,"{""alpha"": 1.0}",1,500001,inner,M2H,4,84,38,14,-5932.407544191008,-5932.40754418943,1.5779733075760305e-09,0,1,4,82,80,-2196.751874658398,-2196.751810594534,2352,30.8,775.7,cold,challenge,challenge,,,"[3.003328, 1.578366, 2.162254, 0.1111, 0.573894, 1.484817, -2.794585]","[3.003328, 1.578367, 2.162255, 0.1111, 0.573894, 1.484817, -2.794576]"
M2K,"{""alpha"": 1.0}",1,500001,inner,M2K,4,84,38,14,-5917.097784756374,-5917.097784717633,3.874083631671965e-08,0,1,4,84,83,-2198.198969005954,-2198.1985154535214,2352,0.5,11.2,cold,extra,extra,,,"[2.993981, 1.570135, 1.967686, 0.157097, 0.776709, 0.929639, 1.106104, 0.03584]","[2.993981, 1.570125, 1.967697, 0.157093, 0.776707, 0.929646, 1.106099, 0.035821]"
M2K,"{""alpha"": 1.0}",1,500001,inner,M2S,4,84,38,14,-5933.080930739992,-5933.080930328587,4.114053808734752e-07,0,1,4,84,83,-2195.9770612833413,-2195.976914129656,2352,26.3,559.6,cold,challenge,challenge,,,"[3.001384, 1.575835, 2.162211, 0.111371, 0.574343, 1.48422, -10.984064]","[3.001392, 1.575826, 2.162216, 0.111371, 0.574343, 1.484224, -11.75031]"
M2K,"{""alpha"": 1.0}",1,500001,inner,M3,4,84,38,14,-6129.8369918674125,-6129.834609054741,0.0023828126713851816,0,1,4,84,84,-2264.513055392429,-2264.5010645846182,2352,1.0,19.5,cold,extra,extra,,,"[1.999664, 34598.727562, -0.629247, -2.167707, 3.690096, 0.952851, 0.632073]","[1.999785, 56320.842355, -0.629227, -2.167766, 3.690284, 0.952807, 0.632068]"
M2K,"{""alpha"": 1.0}",1,500001,inner,M3H,4,84,38,14,-6199.207018894269,-6198.995110310119,0.21190858414956892,0,1,4,84,6,-2294.6608079731973,-2294.3879410849463,2352,66.4,1254.6,cold,extra,extra,,,"[-0.524601, -151.819074, 0.678622, 745.087202, 1.734676, 2.99322, -0.446277, -176.126545]","[-0.527774, -171.395386, 0.682503, 918.960576, 1.679835, 2.994523, -0.449803, -170.020216]"
M2K,"{""alpha"": 1.0}",1,500001,inner,M3L,4,84,38,14,-6197.7552251201305,-6197.748271815804,0.006953304326088983,0,1,4,84,84,-2294.37999514961,-2294.363010294051,2352,1.0,20.5,cold,challenge,challenge,,,"[-0.527967, -14337.815042, 0.681136, 42270.21525, 1.731519, 2.999779, -0.448123, -1382.692868]","[-0.52797, -30406.760438, 0.681196, 52154.566912, 1.730269, 2.999816, -0.448121, -3278.748167]"
M2K,"{""alpha"": 1.0}",1,500001,inner,M3V,4,84,38,14,-6132.976242460381,-6132.976241665629,7.947528501972556e-07,0,1,4,84,84,-2260.9398520600284,-2260.9402378701698,2352,0.5,9.8,cold,extra,extra,,,"[-0.557164, -18.825198, 0.706472, 3.407991, 0.969614, 2.496339, -0.781576, -0.443366]","[-0.557162, -20.569542, 0.706466, 3.408021, 0.969631, 2.496331, -0.781573, -0.443365]"
M2K,"{""alpha"": 1.0}",1,500001,outer,M2B,8,88,52,12,-8127.71770641691,-8127.717706416714,1.964508555829525e-10,0,1,8,88,81,-1876.8555632296839,-1876.8555574323225,2016,0.4,5.0,cold,extra,extra,,,"[3.012283, 1.551771, 2.172424, 0.111199, 0.573944, 1.501371]","[3.012283, 1.551771, 2.172424, 0.111199, 0.573944, 1.501371]"
M2K,"{""alpha"": 1.0}",1,500001,outer,M2H,8,88,52,12,-8127.5791495145695,-8127.579149497913,1.6656485968269408e-08,0,1,8,88,82,-1876.7374327357174,-1876.7375124306577,2016,103.0,1077.6,cold,extra,extra,,,"[3.012909, 1.552627, 2.172448, 0.111118, 0.573775, 1.501568, -3.291996]","[3.012908, 1.552632, 2.172447, 0.111118, 0.573775, 1.501567, -3.292101]"
M2K,"{""alpha"": 1.0}",1,500001,outer,M2K,8,88,52,12,-8112.2198501246885,-8112.219850120833,3.855348040815443e-09,0,1,8,88,86,-1871.1060747984404,-1871.1060829831665,2016,1.5,17.0,cold,challenge,challenge,,,"[3.016165, 1.542711, 2.082983, 0.120749, 0.752874, 1.033171, 1.020011, -0.117145]","[3.016166, 1.542715, 2.082983, 0.120749, 0.752873, 1.033173, 1.020007, -0.117145]"
M2K,"{""alpha"": 1.0}",1,500001,outer,M2S,8,88,52,12,-8127.71770698358,-8127.717706756495,2.2708445612806827e-07,0,1,8,88,84,-1876.8555166228223,-1876.855554740392,2016,80.3,818.8,cold,extra,extra,,,"[3.012278, 1.551764, 2.172428, 0.111199, 0.573944, 1.501371, -11.088151]","[3.012279, 1.551769, 2.172423, 0.1112, 0.573944, 1.501369, -11.447254]"
M2K,"{""alpha"": 1.0}",1,500001,outer,M3,8,88,52,12,-8393.001555072264,-8393.001555072264,0.0,0,1,8,88,87,-1946.5929249774551,-1946.5929249774551,2016,2.7,27.7,cold,cold,cold:pipeline,,,"[1.999771, 52484.720101, -0.619777, -2.168043, 3.71011, 0.937464, 0.63242]","[1.999771, 52484.720101, -0.619777, -2.168043, 3.71011, 0.937464, 0.63242]"
M2K,"{""alpha"": 1.0}",1,500001,outer,M3H,8,88,52,12,-8493.118737133616,-8492.760654370075,0.35808276354146074,0,1,8,88,11,-1973.00696295823,-1972.3302388877999,2016,192.2,1923.8,cold,extra,extra,,,"[-0.522014, -74.366838, 0.686354, 524.279254, 1.635805, 2.991876, -0.447991, -164.281733]","[-0.51983, -77.05849, 0.68899, 607.615334, 1.624793, 2.992265, -0.446612, -169.301275]"
M2K,"{""alpha"": 1.0}",1,500001,outer,M3L,8,88,52,12,-8490.658458837801,-8490.648665371362,0.009793466439077747,0,1,8,88,88,-1971.8580155120997,-1971.8541855056396,2016,2.9,28.8,cold,extra,extra,,,"[-0.519721, -11507.641862, 0.686152, 35123.096472, 1.654711, 2.999766, -0.447055, -1279.8715]","[-0.519728, -5000.542679, 0.686154, 42723.305132, 1.654795, 2.999804, -0.447051, -492.963607]"
M2K,"{""alpha"": 1.0}",1,500001,outer,M3V,8,88,52,12,-8392.506659141542,-8392.506658864611,2.7693022275343537e-07,0,1,8,88,88,-1945.4838031850434,-1945.4832473960885,2016,1.3,13.5,cold,extra,extra,,,"[-0.547398, -19.510521, 0.710734, 3.346247, 0.95718, 2.505264, -0.784325, -0.443364]","[-0.547397, -21.48654, 0.710738, 3.346283, 0.957165, 2.505261, -0.784321, -0.44336]"
M2K,"{""alpha"": 1.0}",2,500002,inner,M2B,4,84,38,14,-5933.821967466319,-5933.821967466318,9.094947017729282e-13,0,1,4,84,79,-2213.625889375272,-2213.625886888881,2352,0.2,3.4,cold,extra,extra,0,84,"[2.973754, 1.502201, 2.195365, 0.114007, 0.571639, 1.509003]","[2.973754, 1.502201, 2.195365, 0.114007, 0.571639, 1.509003]"
M2K,"{""alpha"": 1.0}",2,500002,inner,M2H,4,84,38,14,-5933.347099047515,-5933.347099028671,1.88438207260333e-08,0,1,4,83,75,-2213.2323604221674,-2213.232422961103,2352,32.0,783.5,cold,extra,extra,0,84,"[2.973817, 1.505013, 2.195073, 0.113957, 0.571236, 1.508925, -2.910123]","[2.973818, 1.505009, 2.195073, 0.113957, 0.571237, 1.508926, -2.910115]"
M2K,"{""alpha"": 1.0}",2,500002,inner,M2K,4,84,38,14,-5930.734871645418,-5930.734871608398,3.702007234096527e-08,0,1,4,84,82,-2211.1581327488366,-2211.1580937557515,2352,0.5,13.9,cold,extra,extra,1,84,"[2.980975, 1.491405, 2.157579, 0.111713, 0.691813, 1.163436, 0.755709, -0.116484]","[2.980971, 1.491399, 2.157566, 0.111718, 0.691815, 1.163421, 0.755717, -0.116465]"
M2K,"{""alpha"": 1.0}",2,500002,inner,M2S,4,84,38,14,-5933.821968025373,-5933.821967810305,2.1506821212824434e-07,0,1,4,84,83,-2213.6254299920474,-2213.6262543278513,2352,33.3,581.8,cold,extra,extra,0,84,"[2.973755, 1.502212, 2.195368, 0.114006, 0.57164, 1.509006, -10.215302]","[2.973749, 1.502194, 2.195367, 0.114007, 0.571639, 1.509003, -10.47058]"
M2K,"{""alpha"": 1.0}",2,500002,inner,M3,4,84,38,14,-6116.692539310678,-6116.691514238473,0.0010250722043565474,0,1,4,84,84,-2260.503159748383,-2260.5032946321635,2352,1.0,18.4,cold,extra,extra,0,84,"[1.99964, 34127.510705, -0.617374, -2.156533, 3.713495, 0.93075, 0.630772]","[1.999759, 53479.667713, -0.61734, -2.156279, 3.713241, 0.930738, 0.630775]"
M2K,"{""alpha"": 1.0}",2,500002,inner,M3H,4,84,38,14,-6199.621665236129,-6198.821041820802,0.8006234153272089,1,1,4,84,5,-2274.032176641839,-2273.646163963374,2352,62.5,1267.2,cold,challenge,challenge,0,84,"[-0.512336, -121.080929, 0.703441, 492.225937, 1.360385, 2.987172, -0.449029, -167.133602]","[-0.511302, -419.768756, 0.700749, 1770.493633, 1.402823, 2.99581, -0.44824, -156.869031]"
M2K,"{""alpha"": 1.0}",2,500002,inner,M3L,4,84,38,14,-6198.48108842479,-6198.47633794094,0.004750483850330056,0,1,4,84,84,-2273.5143205387676,-2273.5125764372806,2352,1.0,20.2,cold,extra,extra,0,84,"[-0.5128, -7526.593186, 0.701973, 38971.023182, 1.402179, 2.999725, -0.448001, -707.67693]","[-0.512795, -22027.624355, 0.701973, 51549.624087, 1.402255, 2.999786, -0.448001, -1854.060205]"
M2K,"{""alpha"": 1.0}",2,500002,inner,M3V,4,84,38,14,-6114.622554997835,-6114.622554366724,6.311111064860597e-07,0,1,4,84,84,-2249.345589351533,-2249.345497878911,2352,0.5,9.2,cold,extra,extra,0,84,"[-0.542, -19.300919, 0.724299, 3.985242, 0.853644, 2.49001, -0.776724, -0.440031]","[-0.542002, -20.767822, 0.724296, 3.985196, 0.853665, 2.49002, -0.776736, -0.440026]"
M2K,"{""alpha"": 1.0}",2,500002,outer,M2B,8,88,52,12,-8146.280370475268,-8146.2803704739845,1.2832970242016017e-09,0,1,8,88,84,-1871.6637015338365,-1871.663713357178,2016,0.4,4.0,cold,extra,extra,0,88,"[2.986331, 1.551632, 2.179922, 0.110028, 0.574692, 1.506051]","[2.986331, 1.551633, 2.179921, 0.110028, 0.574692, 1.506051]"
M2K,"{""alpha"": 1.0}",2,500002,outer,M2H,8,88,52,12,-8145.417789231629,-8145.417789229487,2.141860022675246e-09,0,1,8,87,82,-1871.510484413664,-1871.510498621886,2016,115.7,1132.4,cold,extra,extra,0,88,"[2.986584, 1.554226, 2.179883, 0.109919, 0.574233, 1.506131, -2.836479]","[2.986584, 1.554228, 2.179883, 0.109919, 0.574233, 1.506132, -2.836478]"
M2K,"{""alpha"": 1.0}",2,500002,outer,M2K,8,88,52,12,-8139.627618420184,-8139.627618419801,3.828972694464028e-10,0,1,8,88,79,-1867.2830821377524,-1867.2830822999076,2016,1.9,24.6,cold,extra,extra,1,88,"[2.983116, 1.544509, 2.019721, 0.143011, 0.722104, 1.045342, 0.860684, 0.02285]","[2.983115, 1.54451, 2.01972, 0.143011, 0.722104, 1.045341, 0.860684, 0.02285]"
M2K,"{""alpha"": 1.0}",2,500002,outer,M2S,8,88,52,12,-8146.280371080307,-8146.280370998406,8.190090738935396e-08,0,1,8,88,87,-1871.6637003190694,-1871.663761891962,2016,83.5,878.1,cold,extra,extra,0,88,"[2.986325, 1.551633, 2.179919, 0.110028, 0.574692, 1.506049, -10.174747]","[2.986333, 1.551648, 2.179915, 0.110028, 0.574693, 1.506049, -10.297806]"
M2K,"{""alpha"": 1.0}",2,500002,outer,M3,8,88,52,12,-8376.514590736298,-8376.514083035627,0.0005077006717328914,0,1,8,88,88,-1924.901763335412,-1924.9017876064493,2016,2.8,28.9,cold,extra,extra,0,88,"[1.999717, 43645.653985, -0.611926, -2.189711, 3.743641, 0.945138, 0.631228]","[1.999758, 51560.327396, -0.611924, -2.189566, 3.743475, 0.945158, 0.631228]"
M2K,"{""alpha"": 1.0}",2,500002,outer,M3H,8,88,52,12,-8473.191024220076,-8472.417357162522,0.7736670575541211,1,1,8,88,3,-1944.434282014077,-1944.5274695951193,2016,204.9,1935.4,cold,challenge,challenge,0,88,"[-0.514638, -108.201322, 0.703697, 654.622408, 1.382617, 2.991474, -0.449281, -163.437783]","[-0.51412, -248.37786, 0.699412, 1937.733923, 1.443869, 2.99615, -0.449041, -143.584194]"
M2K,"{""alpha"": 1.0}",2,500002,outer,M3L,8,88,52,12,-8471.914368783033,-8471.909323700867,0.005045082165452186,0,1,8,88,88,-1944.3058621314467,-1944.3028097748092,2016,2.8,27.2,cold,challenge,challenge,0,88,"[-0.515044, -9577.719073, 0.702598, 43171.014916, 1.421608, 2.999751, -0.449168, -962.931097]","[-0.515035, -9783.787366, 0.702622, 54614.595679, 1.42123, 2.999799, -0.449158, -1474.833715]"
M2K,"{""alpha"": 1.0}",2,500002,outer,M3V,8,88,52,12,-8363.628121242571,-8363.628121038477,2.040942490566522e-07,0,1,8,88,88,-1908.5208945550753,-1908.521356738285,2016,1.5,13.9,cold,extra,extra,0,88,"[-0.539876, -20.517646, 0.722384, 4.04937, 0.878737, 2.511073, -0.771894, -0.442134]","[-0.539873, -20.156758, 0.722381, 4.049532, 0.878743, 2.51108, -0.771893, -0.442127]"
M2K,"{""alpha"": 1.0}",3,500003,inner,M2B,4,84,38,14,-5934.8215203853515,-5934.8215203853515,0.0,0,1,4,84,83,-2156.7376071824992,-2156.7376071824992,2352,0.1,2.6,cold,cold,cold:pipeline,0,84,"[2.968059, 1.426486, 2.209042, 0.113046, 0.57293, 1.502419]","[2.968059, 1.426486, 2.209042, 0.113046, 0.57293, 1.502419]"
M2K,"{""alpha"": 1.0}",3,500003,inner,M2H,4,84,38,14,-5934.308532756651,-5934.30853275321,3.4415279515087605e-09,0,1,4,84,76,-2156.6470709506802,-2156.647046040627,2352,34.0,825.1,cold,extra,extra,0,84,"[2.969367, 1.42888, 2.208797, 0.112868, 0.572536, 1.502717, -2.85215]","[2.969366, 1.42888, 2.208797, 0.112868, 0.572535, 1.502717, -2.852162]"
M2K,"{""alpha"": 1.0}",3,500003,inner,M2K,4,84,38,14,-5923.070521230197,-5923.070521227672,2.5256667868234217e-09,0,1,4,84,50,-2156.0201448489806,-2156.0201481268305,2352,0.6,11.0,cold,extra,extra,1,84,"[2.968336, 1.423673, 2.005148, 0.160776, 0.759695, 0.968178, 1.029011, 0.051942]","[2.968336, 1.423673, 2.005151, 0.160775, 0.759694, 0.968182, 1.029002, 0.051939]"
M2K,"{""alpha"": 1.0}",3,500003,inner,M2S,4,84,38,14,-5934.821507893548,-5934.821507830109,6.343907443806529e-08,0,1,4,84,82,-2156.7371663946587,-2156.737141331195,2352,25.8,555.1,cold,extra,extra,0,84,"[2.96805, 1.426493, 2.209034, 0.113044, 0.572929, 1.502411, -6.319086]","[2.968053, 1.426488, 2.209038, 0.113044, 0.572928, 1.502415, -6.280807]"
M2K,"{""alpha"": 1.0}",3,500003,inner,M3,4,84,38,14,-6108.855436733764,-6108.855134120695,0.00030261306892498396,0,1,4,84,84,-2239.754087040565,-2239.7543250149656,2352,0.9,18.6,cold,challenge,challenge,0,84,"[1.99973, 46024.782237, -0.62321, -2.136621, 3.685471, 0.913061, 0.629993]","[1.999761, 52472.199114, -0.623208, -2.136612, 3.685475, 0.913054, 0.629998]"
M2K,"{""alpha"": 1.0}",3,500003,inner,M3H,4,84,38,14,-6197.130186335835,-6196.979408377263,0.1507779585717799,0,1,4,84,52,-2270.566042005355,-2270.097615877909,2352,79.6,1557.3,cold,extra,extra,0,84,"[-0.512125, -108.681673, 0.698895, 548.009754, 1.324285, 2.992482, -0.450503, -160.451128]","[-0.513268, -194.569914, 0.698365, 788.464063, 1.342182, 2.994607, -0.450839, -177.235029]"
M2K,"{""alpha"": 1.0}",3,500003,inner,M3L,4,84,38,14,-6196.641279178346,-6196.626857753173,0.014421425173168245,0,1,4,84,30,-2269.9898685571948,-2270.06833267839,2352,0.7,17.8,cold,extra,extra,0,84,"[-0.514101, -2843.725084, 0.699786, 5969.104308, 1.339183, 2.999266, -0.450051, -286.806587]","[-0.513853, -2291.722289, 0.699927, 8002.662367, 1.335027, 2.999454, -0.450323, -168.038918]"
M2K,"{""alpha"": 1.0}",3,500003,inner,M3V,4,84,38,14,-6085.895716068515,-6085.895715882824,1.8569062376627699e-07,0,1,4,84,84,-2238.645287405716,-2238.6449800220885,2352,0.5,8.9,cold,extra,extra,0,84,"[-0.568023, -20.062015, 0.732331, 3.444909, 0.808805, 2.415998, -0.812085, -0.449192]","[-0.568022, -22.965711, 0.732331, 3.444935, 0.808814, 2.415999, -0.812084, -0.449193]"
M2K,"{""alpha"": 1.0}",3,500003,outer,M2B,8,88,52,12,-8090.625101485615,-8090.625101485552,6.366462912410498e-11,0,1,8,88,83,-1876.6136395168717,-1876.6136324093661,2016,0.4,4.3,cold,extra,extra,0,88,"[2.978072, 1.472668, 2.196413, 0.115555, 0.56994, 1.502459]","[2.978072, 1.472667, 2.196413, 0.115555, 0.56994, 1.502459]"
M2K,"{""alpha"": 1.0}",3,500003,outer,M2H,8,88,52,12,-8090.017855893505,-8090.017855893505,0.0,0,1,8,88,80,-1877.2873209128363,-1877.2873209128363,2016,102.3,1180.5,cold,cold,cold:pipeline,0,88,"[2.978798, 1.475078, 2.196162, 0.115494, 0.569548, 1.502584, -2.906854]","[2.978798, 1.475078, 2.196162, 0.115494, 0.569548, 1.502584, -2.906854]"
M2K,"{""alpha"": 1.0}",3,500003,outer,M2K,8,88,52,12,-8078.0360648641035,-8078.036064863672,4.31100488640368e-10,0,1,8,88,86,-1874.3356746300585,-1874.3356848394703,2016,1.6,17.6,cold,extra,extra,1,88,"[2.976999, 1.470154, 2.004356, 0.158721, 0.744957, 0.991155, 0.975391, 0.036758]","[2.976999, 1.470154, 2.004355, 0.158721, 0.744958, 0.991153, 0.975393, 0.03676]"
M2K,"{""alpha"": 1.0}",3,500003,outer,M2S,8,88,52,12,-8090.623404832834,-8090.623404824037,8.797542250249535e-09,0,1,8,88,84,-1876.6573064991437,-1876.6574663788176,2016,68.7,718.9,cold,extra,extra,0,88,"[2.978024, 1.472654, 2.196414, 0.115535, 0.569926, 1.502439, -5.141788]","[2.978025, 1.472659, 2.19641, 0.115535, 0.569926, 1.502436, -5.141375]"
M2K,"{""alpha"": 1.0}",3,500003,outer,M3,8,88,52,12,-8348.38097055185,-8348.380561146634,0.0004094052164873574,0,1,8,88,88,-1934.7262400606219,-1934.731664083684,2016,2.7,26.8,cold,extra,extra,0,88,"[1.999722, 43239.517823, -0.62346, -2.140523, 3.686864, 0.925499, 0.629192]","[1.999741, 47378.969295, -0.623479, -2.14108, 3.687539, 0.925521, 0.629198]"
M2K,"{""alpha"": 1.0}",3,500003,outer,M3H,8,88,52,12,-8466.644266752453,-8466.395956811724,0.24830994072908652,0,1,8,88,14,-1969.8817946412607,-1969.850383309675,2016,215.2,2124.1,cold,challenge,challenge,0,88,"[-0.512689, -135.660957, 0.695664, 577.769857, 1.41285, 2.992359, -0.450373, -135.453231]","[-0.511763, -324.320518, 0.694667, 806.694687, 1.410939, 2.99465, -0.451462, -161.380529]"
M2K,"{""alpha"": 1.0}",3,500003,outer,M3L,8,88,52,12,-8465.654305751887,-8465.63880490301,0.015500848876399687,0,1,8,88,80,-1969.6761947221996,-1969.6648350635637,2016,3.1,32.1,cold,challenge,challenge,0,88,"[-0.515147, -3300.36713, 0.696417, 11012.318667, 1.424687, 2.999553, -0.450979, -332.160675]","[-0.515248, -8317.569909, 0.696493, 15343.820414, 1.424445, 2.999677, -0.45086, -1082.594545]"
M2K,"{""alpha"": 1.0}",3,500003,outer,M3V,8,88,52,12,-8323.723045409524,-8323.723044467555,9.419691195944324e-07,0,1,8,88,88,-1941.1807484590897,-1941.180327902891,2016,1.3,13.2,cold,extra,extra,0,88,"[-0.563293, -18.756698, 0.725198, 3.408558, 0.856689, 2.433102, -0.812628, -0.447214]","[-0.563291, -19.883607, 0.725198, 3.408569, 0.856677, 2.433101, -0.812627, -0.447217]"
M2K,"{""alpha"": 1.0}",4,500004,inner,M2B,4,84,38,14,-5950.532815949067,-5950.532815948925,1.418811734765768e-10,0,1,4,84,78,-2206.140809660566,-2206.140812216752,2352,0.2,4.2,cold,extra,extra,0,84,"[3.014088, 1.434012, 2.197269, 0.122437, 0.571841, 1.509187]","[3.014088, 1.434012, 2.197269, 0.122437, 0.571841, 1.509187]"
M2K,"{""alpha"": 1.0}",4,500004,inner,M2H,4,84,38,14,-5950.532816663912,-5950.5328161560265,5.078854883322492e-07,0,1,4,83,75,-2206.1412427839946,-2206.140918285237,2352,77.5,1114.7,cold,extra,extra,0,84,"[3.014079, 1.434021, 2.197264, 0.122436, 0.571841, 1.509186, -9.51922]","[3.014087, 1.434016, 2.197266, -0.122436, -0.571841, 1.509186, -10.170855]"
M2K,"{""alpha"": 1.0}",4,500004,inner,M2K,4,84,38,14,-5936.385935705736,-5936.385935680516,2.52202880801633e-08,0,1,4,84,44,-2202.3802686757303,-2202.3805464762095,2352,0.5,13.3,cold,extra,extra,1,84,"[3.016125, 1.424863, 2.0098, 0.16428, 0.778733, 0.959723, 1.103445, -0.011956]","[3.016124, 1.424861, 2.009791, 0.164282, 0.778734, 0.959717, 1.103449, -0.011948]"
M2K,"{""alpha"": 1.0}",4,500004,inner,M2S,4,84,38,14,-5950.532816389652,-5950.532816296938,9.27138898987323e-08,0,1,4,84,79,-2206.140815003671,-2206.1408313651978,2352,35.1,706.8,cold,extra,extra,0,84,"[3.014091, 1.434008, 2.197271, 0.122437, 0.571841, 1.509191, -10.52661]","[3.014088, 1.434016, 2.197266, 0.122437, 0.571841, 1.509185, -10.643746]"
M2K,"{""alpha"": 1.0}",4,500004,inner,M3,4,84,38,14,-6148.6791909587555,-6148.6780054180035,0.0011855407519760774,0,1,4,84,84,-2296.6919056449915,-2296.6908541425846,2352,1.1,22.3,cold,challenge,challenge,0,84,"[1.99964, 33684.28467, -0.612403, -2.165431, 3.728875, 0.885416, 0.633941]","[1.999766, 53812.533354, -0.612406, -2.16521, 3.728649, 0.885447, 0.633942]"
M2K,"{""alpha"": 1.0}",4,500004,inner,M3H,4,84,38,14,-6232.347758270903,-6231.957048612188,0.39070965871451335,0,1,4,84,18,-2327.120367168884,-2327.167016970902,2352,88.4,1697.1,cold,challenge,challenge,0,84,"[-0.514799, -116.698511, 0.699447, 606.723691, 1.307238, 2.993192, -0.44509, -169.395861]","[-0.511779, -246.866618, 0.698452, 1101.204362, 1.303231, 2.996015, -0.444193, -171.580219]"
M2K,"{""alpha"": 1.0}",4,500004,inner,M3L,4,84,38,14,-6231.525692283651,-6231.525692283651,0.0,0,1,4,84,84,-2326.8368164529866,-2326.8368164529866,2352,1.5,28.9,cold,cold,cold:pipeline,0,84,"[-0.513128, -3889.312988, 0.699923, 14555.44508, 1.301408, 2.999665, -0.443534, -401.058838]","[-0.513128, -3889.312988, 0.699923, 14555.44508, 1.301408, 2.999665, -0.443534, -401.058838]"
M2K,"{""alpha"": 1.0}",4,500004,inner,M3V,4,84,38,14,-6114.102031750703,-6114.102031340935,4.097673809155822e-07,0,1,4,84,84,-2279.3715307068023,-2279.371553471461,2352,0.5,10.8,cold,extra,extra,0,84,"[-0.549901, -19.141982, 0.728021, 3.529927, 0.803999, 2.470669, -0.811674, -0.43215]","[-0.549899, -20.008313, 0.72802, 3.52995, 0.804013, 2.470674, -0.81167, -0.432152]"
M2K,"{""alpha"": 1.0}",4,500004,outer,M2B,8,88,52,12,-8155.778677692728,-8155.778677692717,1.0913936421275139e-11,0,1,8,88,82,-1852.2267023596069,-1852.2267046397453,2016,0.5,5.2,cold,extra,extra,0,88,"[3.020955, 1.449127, 2.20975, 0.124433, 0.572407, 1.51746]","[3.020955, 1.449127, 2.20975, 0.124433, 0.572407, 1.51746]"
M2K,"{""alpha"": 1.0}",4,500004,outer,M2H,8,88,52,12,-8155.644247907201,-8155.6442478979625,9.238647180609405e-09,0,1,8,87,83,-1852.3755539118597,-1852.3754927295904,2016,129.3,1318.8,cold,extra,extra,0,88,"[3.020919, 1.45077, 2.20942, 0.124479, 0.57221, 1.517328, -3.297158]","[3.020918, 1.450767, 2.209421, 0.124478, 0.572211, 1.517329, -3.297222]"
M2K,"{""alpha"": 1.0}",4,500004,outer,M2K,8,88,52,12,-8137.817476067882,-8137.817476063287,4.5947672333568335e-09,0,1,8,88,81,-1849.7349151385206,-1849.7348663032108,2016,2.5,33.7,cold,extra,extra,1,88,"[3.020234, 1.444668, 2.000245, 0.173265, 0.776379, 0.961349, 1.079432, 0.021934]","[3.020233, 1.44467, 2.000244, -0.173265, -0.776379, 0.961348, 1.079433, 0.021933]"
M2K,"{""alpha"": 1.0}",4,500004,outer,M2S,8,88,52,12,-8155.778678171977,-8155.778677984223,1.8775426724459976e-07,0,1,8,88,83,-1852.22666241784,-1852.226708390558,2016,96.0,969.8,cold,extra,extra,0,88,"[3.020953, 1.449119, 2.209754, 0.124433, 0.572407, 1.517461, -10.933451]","[3.020957, 1.449125, 2.209753, 0.124433, 0.572407, 1.517462, -11.281314]"
M2K,"{""alpha"": 1.0}",4,500004,outer,M3,8,88,52,12,-8444.689009233789,-8444.688630976425,0.00037825736399099696,0,1,8,88,88,-1919.9005941556482,-1919.9007638346964,2016,3.8,34.0,cold,extra,extra,0,88,"[1.999721, 43511.513236, -0.621109, -2.187855, 3.75701, 0.891312, 0.636174]","[1.999743, 47739.959018, -0.621106, -2.18776, 3.756903, 0.891311, 0.636173]"
M2K,"{""alpha"": 1.0}",4,500004,outer,M3H,8,88,52,12,-8558.917679600916,-8558.6636805932,0.2539990077166294,0,1,8,88,8,-1944.0387038641418,-1943.8091980680913,2016,246.6,2564.2,cold,extra,extra,0,88,"[-0.520113, -125.12254, 0.703014, 565.458148, 1.334445, 2.992031, -0.443203, -164.700084]","[-0.524925, -191.408295, 0.708082, 697.848468, 1.340446, 2.99369, -0.439525, -176.188012]"
M2K,"{""alpha"": 1.0}",4,500004,outer,M3L,8,88,52,12,-8557.459448506735,-8557.449707552267,0.00974095446872525,0,1,8,88,88,-1943.7448417182234,-1943.6169468758574,2016,4.2,41.9,cold,extra,extra,0,88,"[-0.522064, -3351.478597, 0.705229, 16161.949571, 1.346436, 2.999669, -0.440015, -306.662855]","[-0.522003, -4197.905749, 0.704786, 20482.071408, 1.352232, 2.999736, -0.439985, -378.350166]"
M2K,"{""alpha"": 1.0}",4,500004,outer,M3V,8,88,52,12,-8392.186421188606,-8392.186420701993,4.866124072577804e-07,0,1,8,88,88,-1906.118421047089,-1906.1176440076315,2016,1.7,16.9,cold,extra,extra,0,88,"[-0.561502, -19.44357, 0.73377, 3.397736, 0.822862, 2.460673, -0.818902, -0.427884]","[-0.561506, -22.386016, 0.733771, 3.397677, 0.822864, 2.460665, -0.818902, -0.427887]"
M2K,"{""alpha"": 1.0}",5,500005,inner,M2B,4,84,38,14,-5944.025965873027,-5944.025965872977,5.002220859751105e-11,0,1,4,84,82,-2159.5184743546133,-2159.5184846317843,2352,0.1,3.4,cold,extra,extra,0,84,"[2.985421, 1.552301, 2.175895, 0.114196, 0.574137, 1.490244]","[2.985421, 1.552302, 2.175895, 0.114196, 0.574137, 1.490244]"
M2K,"{""alpha"": 1.0}",5,500005,inner,M2H,4,84,38,14,-5944.025966577696,-5944.025966200656,3.7704012356698513e-07,0,1,4,84,78,-2159.519479795065,-2159.518346523788,2352,52.5,941.1,cold,extra,extra,0,84,"[2.985421, 1.552316, 2.175885, 0.114196, 0.574141, 1.490237, -10.641134]","[2.985412, 1.552296, 2.17589, 0.114196, 0.574137, 1.490237, -11.068269]"
M2K,"{""alpha"": 1.0}",5,500005,inner,M2K,4,84,38,14,-5933.323711513208,-5933.323711492316,2.0892002794425935e-08,0,1,4,84,53,-2159.632971097188,-2159.6326325736727,2352,0.5,13.0,cold,extra,extra,1,84,"[2.983694, 1.546828, 1.980074, 0.160269, 0.765697, 0.952703, 1.046194, 0.036418]","[2.983693, 1.546822, 1.980077, 0.160268, 0.765694, 0.952708, 1.04618, 0.036414]"
M2K,"{""alpha"": 1.0}",5,500005,inner,M2S,4,84,38,14,-5944.025966630936,-5944.025966165469,4.6546665544155985e-07,0,1,4,84,81,-2159.51953830356,-2159.518354368639,2352,26.7,580.4,cold,challenge,challenge,0,84,"[2.985426, 1.552327, 2.175882, 0.114195, 0.574137, 1.490238, -10.549999]","[2.985423, 1.552297, 2.175898, 0.114196, 0.574137, 1.490247, -10.979999]"
M2K,"{""alpha"": 1.0}",5,500005,inner,M3,4,84,38,14,-6122.739099397956,-6122.738900702041,0.00019869591505994322,0,1,4,84,84,-2230.8905397722865,-2230.8872163559954,2352,1.0,19.9,cold,extra,extra,0,84,"[1.999746, 49154.137406, -0.625033, -2.191732, 3.735004, 0.933573, 0.63137]","[1.999768, 54312.008341, -0.62503, -2.191572, 3.734843, 0.933532, 0.631372]"
M2K,"{""alpha"": 1.0}",5,500005,inner,M3H,4,84,38,14,-6196.569247915041,-6196.388543151315,0.18070476372577104,0,1,4,84,52,-2275.4596907971086,-2275.1378542751704,2352,78.6,1496.4,cold,challenge,challenge,0,84,"[-0.525521, -79.857563, 0.699042, 644.236841, 1.455837, 2.994416, -0.453251, -176.431286]","[-0.52355, -200.408637, 0.697635, 1138.917214, 1.46963, 2.996729, -0.452967, -158.174096]"
M2K,"{""alpha"": 1.0}",5,500005,inner,M3L,4,84,38,14,-6196.184728172941,-6196.1687952528355,0.015932920105115045,0,1,4,84,84,-2274.8527185250377,-2274.8040010165764,2352,1.3,26.4,cold,extra,extra,0,84,"[-0.523834, -3327.461166, 0.697422, 7338.802949, 1.472906, 2.99947, -0.451169, -644.351056]","[-0.523469, -2931.133625, 0.697814, 9155.915294, 1.464308, 2.999578, -0.451438, -275.336684]"
M2K,"{""alpha"": 1.0}",5,500005,inner,M3V,4,84,38,14,-6086.191874699045,-6086.191874469017,2.3002758098300546e-07,0,1,4,84,84,-2239.5848887494403,-2239.5844207593163,2352,0.5,9.2,cold,extra,extra,0,84,"[-0.563973, -19.387546, 0.729771, 3.528413, 0.856606, 2.475664, -0.802299, -0.448264]","[-0.563976, -20.721408, 0.729768, 3.528384, 0.85662, 2.475655, -0.802302, -0.448264]"
M2K,"{""alpha"": 1.0}",5,500005,outer,M2B,8,88,52,12,-8102.136854139111,-8102.136854138349,7.621565600857139e-10,0,1,8,88,85,-1842.6387783054008,-1842.6387822769746,2016,0.4,4.3,cold,extra,extra,0,88,"[2.97446, 1.483501, 2.200977, 0.114178, 0.571572, 1.500643]","[2.97446, 1.483502, 2.200977, 0.114178, 0.571572, 1.500643]"
M2K,"{""alpha"": 1.0}",5,500005,outer,M2H,8,88,52,12,-8102.136854781539,-8102.136854570275,2.1126379579072818e-07,0,1,8,88,81,-1842.6387260261652,-1842.638715004618,2016,142.8,1435.8,cold,challenge,challenge,0,88,"[2.97446, 1.483492, 2.20098, 0.114178, 0.571572, 1.500644, -10.288226]","[2.974465, 1.483497, 2.200982, -0.114178, -0.571572, 1.500646, -10.60651]"
M2K,"{""alpha"": 1.0}",5,500005,outer,M2K,8,88,52,12,-8090.691251916136,-8090.691251886635,2.9501279641408473e-08,0,1,8,88,47,-1842.2616487106059,-1842.2615774519077,2016,1.6,17.8,cold,challenge,challenge,1,88,"[2.978563, 1.48047, 2.088977, 0.13047, 0.741205, 1.037632, 0.968451, -0.083054]","[2.978562, 1.480466, 2.088971, 0.130472, 0.741204, 1.037629, 0.968448, -0.08304]"
M2K,"{""alpha"": 1.0}",5,500005,outer,M2S,8,88,52,12,-8102.136157638322,-8102.136157634564,3.7580321077257395e-09,0,1,8,88,87,-1842.6554259978068,-1842.655363387957,2016,73.8,747.0,cold,extra,extra,0,88,"[2.974422, 1.483486, 2.200982, 0.114178, 0.571559, 1.500626, -5.346593]","[2.974421, 1.483485, 2.200982, 0.114178, 0.571559, 1.500625, -5.348673]"
M2K,"{""alpha"": 1.0}",5,500005,outer,M3,8,88,52,12,-8352.85021214367,-8352.849161106731,0.0010510369393159635,0,1,8,88,88,-1908.5662309634538,-1908.566214674019,2016,2.8,28.5,cold,extra,extra,0,88,"[1.999681, 38398.263172, -0.629003, -2.160932, 3.710729, 0.921952, 0.62952]","[1.999759, 51866.683973, -0.628987, -2.16072, 3.710465, 0.922032, 0.629522]"
M2K,"{""alpha"": 1.0}",5,500005,outer,M3H,8,88,52,12,-8471.280156532945,-8471.26601247067,0.014144062273771851,0,1,8,88,42,-1934.043818023933,-1934.1760356713771,2016,214.0,2205.6,cold,extra,extra,0,88,"[-0.518713, -94.980887, 0.697265, 530.629587, 1.420352, 2.991898, -0.451315, -176.858888]","[-0.523474, -95.036228, 0.701266, 515.578092, 1.421575, 2.991609, -0.451011, -164.741566]"
M2K,"{""alpha"": 1.0}",5,500005,outer,M3L,8,88,52,12,-8470.25985236308,-8470.251888216335,0.007964146745507605,0,1,8,88,37,-1934.1960128257792,-1934.2282316819515,2016,2.8,25.4,cold,extra,extra,0,88,"[-0.521728, -6043.130559, 0.69943, 11161.878971, 1.433548, 2.999556, -0.450515, -604.622727]","[-0.522204, -5435.526372, 0.699588, 12561.011225, 1.435639, 2.999602, -0.450399, -883.499934]"
M2K,"{""alpha"": 1.0}",5,500005,outer,M3V,8,88,52,12,-8324.249805195239,-8324.24980420062,9.946197678800672e-07,0,1,8,88,88,-1897.7421690180943,-1897.7421912747477,2016,1.5,14.1,cold,extra,extra,0,88,"[-0.571716, -18.919063, 0.734129, 3.346717, 0.83584, 2.43336, -0.810338, -0.452733]","[-0.571716, -20.64518, 0.734124, 3.346761, 0.835866, 2.433366, -0.810335, -0.452732]"
M2K,"{""alpha"": 3.0}",0,500000,inner,M2B,4,84,38,14,-4444.000207264369,-4444.0002072642765,9.276845958083868e-11,0,1,4,84,81,-1584.945404250158,-1584.9454126974504,2352,0.2,3.4,cold,extra,extra,,,"[3.028852, 1.504223, 2.26058, 0.091147, 0.440305, 1.694539]","[3.028852, 1.504223, 2.26058, 0.091147, 0.440305, 1.694539]"
M2K,"{""alpha"": 3.0}",0,500000,inner,M2H,4,84,38,14,-4443.996061707965,-4443.996061666637,4.132834874326363e-08,0,1,4,83,78,-1584.89317587317,-1584.8931903793423,2352,41.8,890.6,cold,challenge,challenge,,,"[3.028855, 1.504352, 2.260566, 0.091157, 0.440272, 1.694534, -4.366613]","[3.028853, 1.504348, 2.260569, 0.091156, 0.440272, 1.694535, -4.366904]"
M2K,"{""alpha"": 3.0}",0,500000,inner,M2K,4,84,38,14,-4158.809568759836,-4158.809568740538,1.929765858221799e-08,0,1,4,84,76,-1505.9935461809214,-1505.9934221186031,2352,0.6,14.0,cold,extra,extra,,,"[3.006464, 1.484789, 2.024555, 0.156361, 0.756538, 0.996735, 3.115688, -0.023055]","[3.006465, 1.484788, 2.024559, 0.15636, 0.756537, 0.996738, 3.115673, -0.023064]"
M2K,"{""alpha"": 3.0}",0,500000,inner,M2S,4,84,38,14,-4443.322185388255,-4443.322185384351,3.904460754711181e-09,0,1,4,84,75,-1585.5817830603946,-1585.5817538613417,2352,21.8,480.4,cold,extra,extra,,,"[3.028378, 1.504413, 2.259853, 0.090991, 0.440004, 1.693481, -3.525316]","[3.028377, 1.504415, 2.259852, 0.090991, 0.440004, 1.69348, -3.5253]"
M2K,"{""alpha"": 3.0}",0,500000,inner,M3,4,84,38,14,-4664.6553418115245,-4664.651802659335,0.0035391521896599443,0,1,4,84,84,-1654.8447073595248,-1654.84792439849,2352,0.9,19.3,cold,extra,extra,,,"[1.999646, 33417.871401, -0.501627, -2.144417, 3.885524, 0.917208, 0.502442]","[1.999792, 59648.330397, -0.501637, -2.144288, 3.885461, 0.917191, 0.502449]"
M2K,"{""alpha"": 3.0}",0,500000,inner,M3H,4,84,38,14,-4785.188918948128,-4783.713292172715,1.4756267754128203,1,1,4,84,1,-1691.417268111179,-1691.217702967715,2352,60.1,1257.2,cold,challenge,challenge,,,"[-0.404202, -157.954212, 0.728782, 907.024494, 1.440095, 2.992234, -0.670121, -168.358183]","[-0.407831, -554.165014, 0.731604, 3416.042215, 1.449304, 2.997681, -0.669411, -161.307618]"
M2K,"{""alpha"": 3.0}",0,500000,inner,M3L,4,84,38,14,-4783.0785630148075,-4783.067786287043,0.010776727764095995,0,1,4,84,84,-1691.0086979630616,-1691.0092380968094,2352,1.0,20.4,cold,extra,extra,,,"[-0.406106, -4447.936719, 0.731357, 47134.055304, 1.440151, 2.999761, -0.669711, -295.712912]","[-0.406096, -10859.011457, 0.731241, 59380.808677, 1.442095, 2.999807, -0.66973, -647.76325]"
M2K,"{""alpha"": 3.0}",0,500000,inner,M3V,4,84,38,14,-4757.956093559926,-4757.956093291543,2.683827915461734e-07,0,1,4,84,84,-1668.2712350394177,-1668.27154803418,2352,0.5,9.7,cold,extra,extra,,,"[-0.440476, -20.478203, 0.752867, 4.496878, 0.81775, 2.447052, -1.061227, -0.6503]","[-0.440476, -21.361084, 0.752866, 4.496751, 0.817759, 2.44705, -1.061231, -0.6503]"
M2K,"{""alpha"": 3.0}",0,500000,outer,M2B,8,88,52,12,-6028.149317513633,-6028.149317512591,1.0422809282317758e-09,0,1,8,88,82,-1389.911814859717,-1389.911798134637,2016,0.4,4.7,cold,extra,extra,,,"[3.016713, 1.529593, 2.252292, 0.09058, 0.437618, 1.687981]","[3.016713, 1.529592, 2.252291, 0.09058, 0.437618, 1.687981]"
M2K,"{""alpha"": 3.0}",0,500000,outer,M2H,8,88,52,12,-6028.003632564666,-6028.003632562447,2.219167072325945e-09,0,1,8,87,78,-1389.0805027005417,-1389.0805053538998,2016,134.3,1414.8,cold,extra,extra,,,"[3.016808, 1.530151, 2.252268, 0.090591, 0.437461, 1.688004, -3.560004]","[3.016809, 1.530149, 2.252269, 0.090591, 0.437461, 1.688004, -3.559993]"
M2K,"{""alpha"": 3.0}",0,500000,outer,M2K,8,88,52,12,-5663.957623811947,-5663.957623783928,2.80188032775186e-08,0,1,8,88,78,-1322.2067303324816,-1322.2064961954916,2016,2.0,22.2,cold,challenge,challenge,,,"[3.002634, 1.508633, 2.027214, 0.151816, 0.747396, 1.005938, 3.009451, -0.063363]","[3.002632, 1.508636, 2.02721, 0.151817, 0.747396, 1.005935, 3.009447, -0.063351]"
M2K,"{""alpha"": 3.0}",0,500000,outer,M2S,8,88,52,12,-6027.948443467462,-6027.948443466921,5.411493475548923e-10,0,1,8,88,74,-1389.1563933302948,-1389.1563772269851,2016,75.2,773.1,cold,extra,extra,,,"[3.0164, 1.529792, 2.252017, 0.090539, 0.437474, 1.687536, -3.939316]","[3.0164, 1.529793, 2.252017, 0.090539, 0.437474, 1.687536, -3.939309]"
M2K,"{""alpha"": 3.0}",0,500000,outer,M3,8,88,52,12,-6318.705422669187,-6318.702929239749,0.0024934294378908817,0,1,8,88,87,-1475.4752099495447,-1475.4760135965205,2016,2.8,28.2,cold,extra,extra,,,"[1.999684, 37726.979889, -0.5009, -2.14898, 3.884264, 0.930454, 0.498753]","[1.999766, 52267.753401, -0.500897, -2.148895, 3.884185, 0.930476, 0.498753]"
M2K,"{""alpha"": 3.0}",0,500000,outer,M3H,8,88,52,12,-6475.1591612245775,-6474.645985711137,0.5131755134407285,1,1,8,88,1,-1516.125407733236,-1516.0516605451555,2016,188.4,1938.5,cold,challenge,challenge,,,"[-0.406222, -192.905973, 0.732104, 1405.98592, 1.416053, 2.994203, -0.679014, -174.261544]","[-0.406262, -790.657137, 0.733399, 2157.791383, 1.41263, 2.996277, -0.679003, -164.71705]"
M2K,"{""alpha"": 3.0}",0,500000,outer,M3L,8,88,52,12,-6473.491031491547,-6473.477499228197,0.013532263349588902,0,1,8,88,88,-1515.827700741982,-1515.8275442646125,2016,2.8,28.4,cold,extra,extra,,,"[-0.40622, -7159.216164, 0.732209, 44229.943095, 1.432831, 2.999742, -0.677929, -563.003601]","[-0.406215, -11484.656798, 0.732237, 55195.579724, 1.432367, 2.999789, -0.677929, -598.430376]"
M2K,"{""alpha"": 3.0}",0,500000,outer,M3V,8,88,52,12,-6425.019683965145,-6425.019683834951,1.3019416655879468e-07,0,1,8,88,88,-1476.0116298613423,-1476.0112735255798,2016,1.4,13.6,cold,extra,extra,,,"[-0.443043, -20.457433, 0.753898, 4.69211, 0.810855, 2.433305, -1.074637, -0.657803]","[-0.443042, -21.008791, 0.753899, 4.692044, 0.810847, 2.4333, -1.074642, -0.657802]"
M2K,"{""alpha"": 3.0}",1,500001,inner,M2B,4,84,38,14,-4491.755302868627,-4491.755302868623,3.637978807091713e-12,0,1,4,84,76,-1618.0175879845212,-1618.0175904932028,2352,0.4,5.1,cold,extra,extra,0,84,"[3.000038, 1.556464, 2.233996, 0.088258, 0.445486, 1.669729]","[3.000038, 1.556464, 2.233996, 0.088258, 0.445486, 1.669729]"
M2K,"{""alpha"": 3.0}",1,500001,inner,M2H,4,84,38,14,-4491.744315956846,-4491.744315940859,1.598618837306276e-08,0,1,3,82,75,-1618.052149736437,-1618.05195006095,2352,48.6,921.7,cold,extra,extra,0,84,"[3.000084, 1.556655, 2.233989, 0.088259, 0.445436, 1.669741, -4.117895]","[3.000086, 1.556648, 2.233991, -0.08826, -0.445436, 1.669742, -4.117892]"
M2K,"{""alpha"": 3.0}",1,500001,inner,M2K,4,84,38,14,-4188.7985619395695,-4188.79856193008,9.489667718298733e-09,0,1,4,83,77,-1539.235893822129,-1539.2360050302304,2352,1.0,11.2,cold,extra,extra,1,84,"[2.994905, 1.548948, 2.017932, 0.145345, 0.764299, 0.981938, 3.20488, -0.107797]","[2.994906, 1.548952, 2.01793, 0.145344, 0.764299, 0.981937, 3.204886, -0.107797]"
M2K,"{""alpha"": 3.0}",1,500001,inner,M2S,4,84,38,14,-4491.755303361528,-4491.7553031532325,2.0829520508414134e-07,0,1,4,84,81,-1618.0170479128565,-1618.0173937683298,2352,33.4,592.2,cold,extra,extra,0,84,"[3.000045, 1.556449, 2.234, 0.088258, 0.445486, 1.669732, -10.350839]","[3.000037, 1.556461, 2.233993, 0.088258, 0.445486, 1.669728, -10.627145]"
M2K,"{""alpha"": 3.0}",1,500001,inner,M3,4,84,38,14,-4711.987199084693,-4711.985311521701,0.0018875629921240034,0,1,4,84,84,-1689.3901899297894,-1689.3894940060525,2352,1.5,19.4,cold,challenge,challenge,0,84,"[1.999702, 39595.442665, -0.508102, -2.105766, 3.817033, 0.947456, 0.506189]","[1.999763, 50780.253583, -0.5081, -2.105465, 3.816684, 0.947483, 0.506187]"
M2K,"{""alpha"": 3.0}",1,500001,inner,M3H,4,84,38,14,-4825.74904285351,-4825.357338548034,0.39170430547619617,0,1,4,84,4,-1750.3667942225804,-1749.357451438406,2352,67.3,1232.6,cold,challenge,challenge,0,84,"[-0.407912, -185.196604, 0.712959, 1101.729292, 1.689379, 2.993824, -0.66263, -144.325445]","[-0.406802, -200.112674, 0.715067, 1535.218539, 1.654853, 2.995863, -0.663291, -173.484105]"
M2K,"{""alpha"": 3.0}",1,500001,inner,M3L,4,84,38,14,-4823.772250948179,-4823.748963303308,0.0232876448708339,0,1,4,84,84,-1748.934599994561,-1748.927089540984,2352,1.5,21.4,cold,extra,extra,0,84,"[-0.406041, -4978.247472, 0.714143, 34162.902751, 1.671984, 2.999686, -0.663343, -421.913248]","[-0.406023, -6476.466934, 0.714126, 47937.37394, 1.672368, 2.999769, -0.663365, -636.102399]"
M2K,"{""alpha"": 3.0}",1,500001,inner,M3V,4,84,38,14,-4813.325578264021,-4813.3255778510365,4.1298426367575303e-07,0,1,4,84,84,-1734.0833021833414,-1734.0834337334043,2352,0.8,9.6,cold,extra,extra,0,84,"[-0.448898, -20.036449, 0.742201, 4.013091, 0.866072, 2.424483, -1.054447, -0.650255]","[-0.448897, -22.013161, 0.742199, 4.013072, 0.866085, 2.42449, -1.054446, -0.650255]"
M2K,"{""alpha"": 3.0}",1,500001,outer,M2B,8,88,52,12,-6108.592222500112,-6108.592222500092,2.000888343900442e-11,0,1,8,88,78,-1387.6888629886344,-1387.6888603182354,2016,0.9,3.5,cold,extra,extra,0,88,"[3.002946, 1.516131, 2.24901, 0.086898, 0.443574, 1.681324]","[3.002946, 1.516131, 2.24901, 0.086898, 0.443574, 1.681324]"
M2K,"{""alpha"": 3.0}",1,500001,outer,M2H,8,88,52,12,-6108.592222873048,-6108.592222873048,0.0,0,1,8,87,74,-1387.6889981872444,-1387.6889981872444,2016,189.7,1723.0,cold,cold,cold:pipeline,0,88,"[3.002946, 1.516131, 2.24901, 0.086897, 0.443574, 1.681324, -9.46511]","[3.002946, 1.516131, 2.24901, 0.086897, 0.443574, 1.681324, -9.46511]"
M2K,"{""alpha"": 3.0}",1,500001,outer,M2K,8,88,52,12,-5726.612049301191,-5726.612049256119,4.507273843046278e-08,0,1,8,88,77,-1309.3400294213168,-1309.3399001554603,2016,2.0,18.4,cold,extra,extra,1,88,"[3.005083, 1.522009, 2.040242, 0.139007, 0.757442, 1.004722, 3.119908, -0.205273]","[3.005082, 1.522004, 2.040241, 0.139008, 0.757442, 1.004721, 3.119904, -0.205259]"
M2K,"{""alpha"": 3.0}",1,500001,outer,M2S,8,88,52,12,-6108.575677560246,-6108.575677560246,0.0,0,1,8,88,79,-1387.656007233757,-1387.656007233757,2016,87.6,757.8,cold,cold,cold:pipeline,0,88,"[3.002978, 1.515881, 2.249074, 0.086882, 0.443535, 1.681269, -4.551055]","[3.002978, 1.515881, 2.249074, 0.086882, 0.443535, 1.681269, -4.551055]"
M2K,"{""alpha"": 3.0}",1,500001,outer,M3,8,88,52,12,-6400.172638041068,-6400.169559495928,0.0030785451399424346,0,1,8,88,88,-1470.8712734177182,-1470.8752057727847,2016,3.0,27.4,cold,extra,extra,0,88,"[1.999722, 43035.39544, -0.506073, -2.096452, 3.821492, 0.929903, 0.503426]","[1.999797, 60378.517143, -0.506088, -2.0961, 3.821106, 0.9299, 0.503423]"
M2K,"{""alpha"": 3.0}",1,500001,outer,M3H,8,88,52,12,-6575.807216326977,-6574.374908617527,1.4323077094504697,1,1,8,88,3,-1509.8865576130854,-1509.863241156434,2016,200.6,1933.1,cold,extra,extra,0,88,"[-0.400519, -101.417497, 0.718314, 744.199347, 1.567569, 2.9916, -0.668674, -149.786066]","[-0.402262, -134.557418, 0.719293, 1224.198966, 1.599174, 2.994712, -0.664605, -173.190983]"
M2K,"{""alpha"": 3.0}",1,500001,outer,M3L,8,88,52,12,-6571.762058700093,-6571.735357421493,0.026701278599830403,0,1,8,88,88,-1509.4494234265483,-1509.420383460042,2016,3.4,29.3,cold,extra,extra,0,88,"[-0.401923, -7418.951985, 0.717521, 37286.119102, 1.612036, 2.999713, -0.666686, -696.167103]","[-0.401936, -11018.413867, 0.717613, 49921.751055, 1.610518, 2.99978, -0.666698, -1082.05435]"
M2K,"{""alpha"": 3.0}",1,500001,outer,M3V,8,88,52,12,-6546.356082787001,-6546.356082772513,1.4487341104540974e-08,0,1,8,88,88,-1490.6050140864381,-1490.6055003786817,2016,1.6,13.8,cold,extra,extra,0,88,"[-0.445995, -25.718883, 0.746416, 3.871892, 0.852979, 2.426352, -1.062273, -0.658468]","[-0.445993, -27.41809, 0.746414, 3.871847, 0.853001, 2.426372, -1.062271, -0.658476]"
M2K,"{""alpha"": 3.0}",2,500002,inner,M2B,4,84,38,14,-4467.874872797207,-4467.874872797207,0.0,0,1,4,84,78,-1673.5997384982124,-1673.5997384982124,2352,0.2,4.3,cold,cold,cold:pipeline,0,84,"[2.978343, 1.502867, 2.252491, 0.087565, 0.44312, 1.68055]","[2.978343, 1.502867, 2.252491, 0.087565, 0.44312, 1.68055]"
M2K,"{""alpha"": 3.0}",2,500002,inner,M2H,4,84,38,14,-4467.872632029694,-4467.872632027511,2.1827872842550278e-09,0,1,4,81,65,-1673.4949876109486,-1673.4949217642622,2352,70.3,953.0,cold,extra,extra,0,84,"[2.978361, 1.502991, 2.25247, 0.087571, 0.443095, 1.680549, -4.523617]","[2.97836, 1.502992, 2.252469, 0.087571, 0.443096, 1.680547, -4.523728]"
M2K,"{""alpha"": 3.0}",2,500002,inner,M2K,4,84,38,14,-4217.009105651561,-4217.009105636222,1.5339537640102208e-08,0,1,4,84,69,-1565.3676966267046,-1565.3677634336043,2352,0.5,14.0,cold,extra,extra,1,84,"[2.974268, 1.469596, 2.030273, 0.150787, 0.759351, 0.992545, 3.060843, -0.057999]","[2.974267, 1.469596, 2.030273, 0.150787, 0.759352, 0.992544, 3.060852, -0.058014]"
M2K,"{""alpha"": 3.0}",2,500002,inner,M2S,4,84,38,14,-4467.598880755689,-4467.598880710579,4.511002771323547e-08,0,1,4,84,78,-1672.8084831528222,-1672.8087150809129,2352,21.3,483.6,cold,extra,extra,0,84,"[2.978442, 1.503109, 2.251741, 0.087444, 0.442934, 1.679897, -3.755427]","[2.978438, 1.503104, 2.251741, 0.087444, 0.442934, 1.679896, -3.755505]"
M2K,"{""alpha"": 3.0}",2,500002,inner,M3,4,84,38,14,-4662.151695474154,-4662.148325116254,0.0033703579001667094,0,1,4,84,84,-1725.1913849293094,-1725.1906385326968,2352,0.9,18.5,cold,extra,extra,0,84,"[1.999646, 34231.447191, -0.500717, -2.091272, 3.818388, 0.935837, 0.502253]","[1.999822, 72067.694508, -0.500718, -2.090951, 3.818065, 0.935875, 0.502253]"
M2K,"{""alpha"": 3.0}",2,500002,inner,M3H,4,84,38,14,-4791.880221939753,-4790.541854494753,1.338367444999676,1,1,4,84,1,-1753.486935534392,-1753.2789952194748,2352,63.4,1288.6,cold,challenge,challenge,0,84,"[-0.397311, -158.001194, 0.72656, 889.591077, 1.42289, 2.992108, -0.669506, -169.859959]","[-0.397356, -829.53957, 0.724516, 4386.738184, 1.475342, 2.998071, -0.668589, -177.196443]"
M2K,"{""alpha"": 3.0}",2,500002,inner,M3L,4,84,38,14,-4790.206755701762,-4790.189985458339,0.016770243422797648,0,1,4,84,84,-1753.1710732246831,-1753.1705131994481,2352,1.0,20.4,cold,extra,extra,0,84,"[-0.395953, -5489.104841, 0.724451, 35994.812267, 1.467606, 2.999685, -0.668571, -476.493229]","[-0.395922, -8497.793114, 0.724367, 54589.937368, 1.469012, 2.999784, -0.66859, -803.111321]"
M2K,"{""alpha"": 3.0}",2,500002,inner,M3V,4,84,38,14,-4751.493479226197,-4751.493478950699,2.754986780928448e-07,0,1,4,84,84,-1746.0020164383577,-1746.0019098868668,2352,0.5,9.4,cold,extra,extra,0,84,"[-0.437821, -20.557709, 0.750634, 4.456078, 0.811513, 2.422692, -1.05206, -0.659463]","[-0.437822, -23.815502, 0.750633, 4.456081, 0.811517, 2.422693, -1.052056, -0.659464]"
M2K,"{""alpha"": 3.0}",2,500002,outer,M2B,8,88,52,12,-6140.498628965313,-6140.498628965295,1.8189894035458565e-11,0,1,8,88,78,-1393.5082516835125,-1393.50824979167,2016,0.4,6.4,cold,extra,extra,0,88,"[2.984982, 1.542045, 2.236178, 0.085344, 0.445581, 1.675117]","[2.984982, 1.542045, 2.236178, 0.085344, 0.445581, 1.675117]"
M2K,"{""alpha"": 3.0}",2,500002,outer,M2H,8,88,52,12,-6139.674587702355,-6139.674587700038,2.317392500117421e-09,0,1,6,82,74,-1393.3782858963266,-1393.3782911687572,2016,148.3,1387.0,cold,extra,extra,0,88,"[2.985394, 1.543537, 2.236093, 0.085403, 0.445171, 1.675212, -3.091753]","[2.985393, 1.543536, 2.236093, 0.085403, 0.445171, 1.675212, -3.091743]"
M2K,"{""alpha"": 3.0}",2,500002,outer,M2K,8,88,52,12,-5780.949002470419,-5780.949002470419,0.0,0,1,8,88,83,-1300.7476685785186,-1300.7476685785186,2016,1.7,19.8,cold,cold,cold:pipeline,1,88,"[2.978584, 1.512782, 2.019621, 0.146434, 0.760309, 0.988997, 3.068364, -0.014765]","[2.978584, 1.512782, 2.019621, 0.146434, 0.760309, 0.988997, 3.068364, -0.014765]"
M2K,"{""alpha"": 3.0}",2,500002,outer,M2S,8,88,52,12,-6139.282749643342,-6139.282749643151,1.9099388737231493e-10,0,1,8,88,84,-1392.5513769294682,-1392.5513805054038,2016,71.9,934.9,cold,extra,extra,0,88,"[2.984972, 1.540893, 2.235842, 0.085262, 0.445172, 1.674287, -3.437846]","[2.984972, 1.540893, 2.235842, 0.085262, 0.445172, 1.674287, -3.437843]"
M2K,"{""alpha"": 3.0}",2,500002,outer,M3,8,88,52,12,-6386.793837716409,-6386.792791643123,0.0010460732864885358,0,1,8,88,88,-1451.8638002481655,-1451.863779779241,2016,2.8,28.3,cold,extra,extra,0,88,"[1.99974, 47532.523039, -0.495861, -2.10848, 3.830276, 0.947342, 0.502657]","[1.999779, 56829.857678, -0.495851, -2.10862, 3.830419, 0.947412, 0.502657]"
M2K,"{""alpha"": 3.0}",2,500002,outer,M3H,8,88,52,12,-6544.908194492571,-6543.80007553816,1.1081189544111112,1,1,8,88,1,-1484.9850020378071,-1484.7630880184252,2016,198.9,1976.7,cold,challenge,challenge,0,88,"[-0.397032, -162.378021, 0.724786, 1064.290345, 1.449444, 2.992753, -0.668177, -156.436344]","[-0.397822, -664.228402, 0.725684, 3998.660744, 1.447148, 2.99778, -0.669715, -159.708671]"
M2K,"{""alpha"": 3.0}",2,500002,outer,M3L,8,88,52,12,-6543.336525575143,-6543.324440579565,0.012084995578334201,0,1,8,88,88,-1484.7270863052158,-1484.725837367035,2016,2.7,28.3,cold,extra,extra,0,88,"[-0.396101, -6715.989485, 0.724398, 40297.722018, 1.460072, 2.999712, -0.669932, -495.600505]","[-0.396094, -8866.789278, 0.724399, 52029.571422, 1.460151, 2.999772, -0.669935, -690.824826]"
M2K,"{""alpha"": 3.0}",2,500002,outer,M3V,8,88,52,12,-6497.171658355986,-6497.171657963765,3.9222140912897885e-07,0,1,8,88,88,-1454.2253166731412,-1454.2254033814506,2016,1.4,14.0,cold,challenge,challenge,0,88,"[-0.435022, -19.986136, 0.748137, 4.561092, 0.822116, 2.435053, -1.04536, -0.661263]","[-0.435022, -20.933693, 0.748137, 4.561069, 0.822116, 2.435052, -1.045359, -0.661266]"
M2K,"{""alpha"": 3.0}",3,500003,inner,M2B,4,84,38,14,-4405.207620855757,-4405.207620855757,0.0,0,1,4,84,81,-1611.6722241890998,-1611.6722241890998,2352,0.2,4.5,cold,cold,cold:pipeline,0,84,"[2.982113, 1.451105, 2.256803, 0.088575, 0.438188, 1.678797]","[2.982113, 1.451105, 2.256803, 0.088575, 0.438188, 1.678797]"
M2K,"{""alpha"": 3.0}",3,500003,inner,M2H,4,84,38,14,-4404.963987887252,-4404.963987886227,1.0250005288980901e-09,0,1,4,84,73,-1611.6398799942135,-1611.6398805187478,2352,38.8,871.5,cold,extra,extra,0,84,"[2.982403, 1.4517, 2.25683, 0.088593, 0.437939, 1.678897, -3.303142]","[2.982403, 1.4517, 2.25683, 0.088593, 0.437939, 1.678898, -3.303157]"
M2K,"{""alpha"": 3.0}",3,500003,inner,M2K,4,84,38,14,-4160.574392103397,-4160.574391892133,2.1126470528542995e-07,0,1,4,84,80,-1516.848518098341,-1516.8481893936885,2352,0.5,13.9,cold,challenge,challenge,1,84,"[2.989358, 1.459476, 2.02461, 0.150284, 0.746359, 1.001846, 2.957796, 0.052894]","[2.989359, 1.459487, 2.024617, 0.150278, 0.746357, 1.001853, 2.957777, 0.052805]"
M2K,"{""alpha"": 3.0}",3,500003,inner,M2S,4,84,38,14,-4405.006166479392,-4405.006166479392,0.0,0,1,4,84,76,-1611.5869459886678,-1611.5869459886678,2352,24.8,507.0,cold,cold,cold:pipeline,0,84,"[2.981815, 1.452124, 2.256194, 0.088444, 0.438053, 1.678145, -3.846482]","[2.981815, 1.452124, 2.256194, 0.088444, 0.438053, 1.678145, -3.846482]"
M2K,"{""alpha"": 3.0}",3,500003,inner,M3,4,84,38,14,-4597.15139390865,-4597.149992638334,0.0014012703159096418,0,1,4,84,84,-1696.5166609279495,-1696.5147284064872,2352,0.9,18.2,cold,extra,extra,0,84,"[1.999676, 37780.505359, -0.497077, -2.079514, 3.805874, 0.918236, 0.497165]","[1.999754, 51275.14448, -0.497067, -2.079438, 3.805789, 0.91829, 0.497168]"
M2K,"{""alpha"": 3.0}",3,500003,inner,M3H,4,84,38,14,-4733.453361509815,-4732.654983344813,0.79837816500185,1,1,4,84,5,-1742.4582946435453,-1741.6383861971206,2352,63.4,1304.0,cold,challenge,challenge,0,84,"[-0.394082, -180.687087, 0.726353, 1025.386683, 1.347667, 2.993546, -0.676801, -170.007683]","[-0.39454, -318.189977, 0.724279, 1997.387675, 1.384808, 2.996297, -0.679226, -166.436531]"
M2K,"{""alpha"": 3.0}",3,500003,inner,M3L,4,84,38,14,-4731.889690707505,-4731.888027276218,0.0016634312869427959,0,1,4,84,84,-1741.3559954729246,-1741.3353652758692,2352,1.0,20.6,cold,extra,extra,0,84,"[-0.393061, -9238.741702, 0.723152, 51618.241532, 1.387543, 2.999777, -0.677729, -604.952868]","[-0.393092, -10118.477218, 0.723081, 54684.138718, 1.389041, 2.999788, -0.677741, -852.71384]"
M2K,"{""alpha"": 3.0}",3,500003,inner,M3V,4,84,38,14,-4672.215306025848,-4672.215305649549,3.762988853850402e-07,0,1,4,84,84,-1734.0486841659963,-1734.0484950279833,2352,0.4,9.2,cold,challenge,challenge,0,84,"[-0.442712, -20.413589, 0.751898, 4.183972, 0.785061, 2.400186, -1.084688, -0.673668]","[-0.442711, -26.239596, 0.751897, 4.183911, 0.785067, 2.40019, -1.084689, -0.673669]"
M2K,"{""alpha"": 3.0}",3,500003,outer,M2B,8,88,52,12,-6016.343355669487,-6016.343355669486,9.094947017729282e-13,0,1,8,88,77,-1367.4427111582388,-1367.44271035209,2016,0.4,4.5,cold,extra,extra,0,88,"[2.991554, 1.475781, 2.25197, 0.089994, 0.436994, 1.679804]","[2.991554, 1.475781, 2.25197, 0.089994, 0.436994, 1.679804]"
M2K,"{""alpha"": 3.0}",3,500003,outer,M2H,8,88,52,12,-6016.082109437057,-6016.082109437057,0.0,0,1,7,81,68,-1367.725413418356,-1367.725413418356,2016,162.1,1432.9,cold,cold,cold:pipeline,0,88,"[2.991698, 1.476308, 2.251997, 0.090035, 0.436766, 1.679861, -3.375877]","[2.991698, 1.476308, 2.251997, 0.090035, 0.436766, 1.679861, -3.375877]"
M2K,"{""alpha"": 3.0}",3,500003,outer,M2K,8,88,52,12,-5676.810112275439,-5676.810112272518,2.9203874873928726e-09,0,1,8,88,85,-1297.1207715375522,-1297.12076605711,2016,1.6,18.1,cold,extra,extra,1,88,"[2.993091, 1.487242, 2.014458, 0.153325, 0.742132, 1.002779, 2.90361, 0.068106]","[2.993092, 1.487242, 2.014458, 0.153325, 0.742131, 1.002779, 2.903608, 0.068109]"
M2K,"{""alpha"": 3.0}",3,500003,outer,M2S,8,88,52,12,-6016.068536133998,-6016.068536129409,4.589310265146196e-09,0,1,8,88,83,-1367.7525780308106,-1367.7525288476052,2016,70.5,761.5,cold,challenge,challenge,0,88,"[2.991173, 1.476335, 2.25157, 0.089868, 0.436857, 1.679191, -3.839139]","[2.991172, 1.476333, 2.25157, 0.089868, 0.436857, 1.67919, -3.83913]"
M2K,"{""alpha"": 3.0}",3,500003,outer,M3,8,88,52,12,-6293.561389191118,-6293.561389191118,0.0,0,1,8,88,88,-1429.5418644369854,-1429.5418644369854,2016,2.7,27.6,cold,cold,cold:pipeline,0,88,"[1.999762, 51982.024242, -0.498474, -2.089131, 3.815468, 0.92292, 0.49732]","[1.999762, 51982.024242, -0.498474, -2.089131, 3.815468, 0.92292, 0.49732]"
M2K,"{""alpha"": 3.0}",3,500003,outer,M3H,8,88,52,12,-6475.644571018522,-6474.626581950552,1.0179890679701202,1,1,8,88,6,-1484.5788756939878,-1484.3171409748222,2016,200.7,1972.7,cold,challenge,challenge,0,88,"[-0.395486, -171.446728, 0.721628, 753.886724, 1.413441, 2.99087, -0.676762, -152.406815]","[-0.393166, -371.964426, 0.720729, 1385.096427, 1.428778, 2.994857, -0.679348, -159.87237]"
M2K,"{""alpha"": 3.0}",3,500003,outer,M3L,8,88,52,12,-6472.977549391666,-6472.976156883966,0.0013925077000749297,0,1,8,88,88,-1483.9214188262538,-1483.9218026088038,2016,2.8,28.1,cold,extra,extra,0,88,"[-0.395515, -7552.307904, 0.723249, 50720.277731, 1.421164, 2.999775, -0.677985, -443.962656]","[-0.395526, -10532.858314, 0.723249, 52069.699742, 1.421196, 2.99978, -0.677972, -678.103619]"
M2K,"{""alpha"": 3.0}",3,500003,outer,M3V,8,88,52,12,-6405.886263727048,-6405.886263275057,4.5199067244539037e-07,0,1,8,88,88,-1474.672572647029,-1474.6724687976287,2016,1.3,13.7,cold,extra,extra,0,88,"[-0.44161, -20.509885, 0.749488, 4.162948, 0.805211, 2.412465, -1.083885, -0.669435]","[-0.441608, -24.469339, 0.749488, 4.163005, 0.805205, 2.41247, -1.083881, -0.669435]"
M2K,"{""alpha"": 3.0}",4,500004,inner,M2B,4,84,38,14,-4468.251532374879,-4468.251532374845,3.456079866737127e-11,0,1,4,84,80,-1681.7156368880483,-1681.7156329739987,2352,0.2,4.1,cold,extra,extra,0,84,"[3.017158, 1.479193, 2.258182, 0.09425, 0.440596, 1.690767]","[3.017158, 1.479193, 2.258183, 0.09425, 0.440596, 1.690767]"
M2K,"{""alpha"": 3.0}",4,500004,inner,M2H,4,84,38,14,-4468.244431208703,-4468.24443119946,9.242285159416497e-09,0,1,4,83,76,-1681.662082356513,-1681.6619946750477,2352,48.9,1107.1,cold,extra,extra,0,84,"[3.017194, 1.479554, 2.258092, 0.094262, 0.440553, 1.690742, -4.221248]","[3.017195, 1.479555, 2.258094, -0.094262, -0.440553, 1.690744, -4.221037]"
M2K,"{""alpha"": 3.0}",4,500004,inner,M2K,4,84,38,14,-4203.537184127497,-4203.537184124898,2.599335857667029e-09,0,1,4,84,70,-1576.8597717418083,-1576.8598276638922,2352,0.7,17.1,cold,extra,extra,1,84,"[3.016902, 1.467255, 2.006349, 0.166074, 0.766233, 0.982616, 3.172809, 0.088308]","[3.016901, 1.467255, 2.006348, 0.166074, 0.766233, 0.982615, 3.172811, 0.088315]"
M2K,"{""alpha"": 3.0}",4,500004,inner,M2S,4,84,38,14,-4467.637507545705,-4467.637507538586,7.119524525478482e-09,0,1,4,84,78,-1681.7526307292246,-1681.7526722634009,2352,31.2,624.5,cold,challenge,challenge,0,84,"[3.017983, 1.479089, 2.258285, 0.094382, 0.44019, 1.690634, -3.554715]","[3.017985, 1.479089, 2.258283, 0.094382, 0.44019, 1.690634, -3.554722]"
M2K,"{""alpha"": 3.0}",4,500004,inner,M3,4,84,38,14,-4683.826469670589,-4683.825364635315,0.0011050352741222014,0,1,4,84,84,-1773.3089643320716,-1773.3096996371723,2352,1.1,22.5,cold,extra,extra,0,84,"[1.999682, 38280.620444, -0.498047, -2.115523, 3.859813, 0.901413, 0.503961]","[1.999739, 47412.595229, -0.498048, -2.115296, 3.859558, 0.901425, 0.503961]"
M2K,"{""alpha"": 3.0}",4,500004,inner,M3H,4,84,38,14,-4815.991548389825,-4815.040703043029,0.9508453467960862,1,1,4,84,4,-1821.934565965195,-1821.872892261318,2352,77.1,1514.8,cold,challenge,challenge,0,84,"[-0.400409, -108.836751, 0.731039, 908.225744, 1.377941, 2.992532, -0.663649, -170.608065]","[-0.39914, -333.71599, 0.727485, 2008.750282, 1.411428, 2.996308, -0.666353, -134.222017]"
M2K,"{""alpha"": 3.0}",4,500004,inner,M3L,4,84,38,14,-4814.070902059482,-4814.056455000389,0.014447059093072312,0,1,4,84,84,-1821.404675203517,-1821.3994386863844,2352,1.2,24.3,cold,extra,extra,0,84,"[-0.399135, -10056.337497, 0.728848, 37997.751858, 1.394667, 2.999714, -0.664848, -787.381485]","[-0.399124, -5837.933666, 0.72885, 49768.185499, 1.394743, 2.999776, -0.66486, -568.056947]"
M2K,"{""alpha"": 3.0}",4,500004,inner,M3V,4,84,38,14,-4773.540127911975,-4773.54012774943,1.6254489310085773e-07,0,1,4,84,84,-1796.620824466851,-1796.620854454144,2352,0.5,11.2,cold,extra,extra,0,84,"[-0.433566, -20.842661, 0.751731, 4.132419, 0.807585, 2.454532, -1.061646, -0.650837]","[-0.433564, -22.084371, 0.751729, 4.132401, 0.807596, 2.454541, -1.061644, -0.650835]"
M2K,"{""alpha"": 3.0}",4,500004,outer,M2B,8,88,52,12,-6149.468167110442,-6149.468167110434,8.185452315956354e-12,0,1,8,88,81,-1424.2217326657046,-1424.2217328368968,2016,0.6,6.5,cold,challenge,challenge,0,88,"[3.019886, 1.486234, 2.264451, 0.09619, 0.441735, 1.695373]","[3.019886, 1.486234, 2.264451, 0.09619, 0.441735, 1.695373]"
M2K,"{""alpha"": 3.0}",4,500004,outer,M2H,8,88,52,12,-6149.346976488594,-6149.346976479679,8.914867066778243e-09,0,1,8,88,78,-1424.2506520374475,-1424.2506757406445,2016,137.3,1653.7,cold,extra,extra,0,88,"[3.019941, 1.487353, 2.264208, 0.096228, 0.441579, 1.695297, -3.580344]","[3.019942, 1.487354, 2.264208, 0.096228, 0.441578, 1.695298, -3.580428]"
M2K,"{""alpha"": 3.0}",4,500004,outer,M2K,8,88,52,12,-5779.87292297541,-5779.872922892981,8.242932381108403e-08,0,1,8,88,71,-1337.0887889669305,-1337.0888853291317,2016,2.1,31.4,cold,extra,extra,1,88,"[3.021878, 1.474335, 2.010951, 0.167987, 0.771404, 0.982861, 3.210292, 0.054236]","[3.02188, 1.47433, 2.010955, 0.167987, 0.771404, 0.982864, 3.210286, 0.054249]"
M2K,"{""alpha"": 3.0}",4,500004,outer,M2S,8,88,52,12,-6148.912157863502,-6148.912157863124,3.7834979593753815e-10,0,1,8,88,82,-1424.1871731781448,-1424.1871889692025,2016,88.9,932.4,cold,extra,extra,0,88,"[3.02059, 1.486074, 2.264414, 0.096263, 0.441419, 1.695223, -3.662065]","[3.02059, 1.486073, 2.264414, 0.096263, 0.441419, 1.695223, -3.662065]"
M2K,"{""alpha"": 3.0}",4,500004,outer,M3,8,88,52,12,-6456.652008322522,-6456.650617767883,0.0013905546393289114,0,1,8,88,88,-1494.5647670600306,-1494.562947921666,2016,3.4,35.5,cold,extra,extra,0,88,"[1.999706, 41336.869371, -0.502477, -2.122768, 3.870864, 0.903001, -0.506692]","[1.999753, 50154.477252, -0.502493, -2.122679, 3.87077, 0.903016, 0.506691]"
M2K,"{""alpha"": 3.0}",4,500004,outer,M3H,8,88,52,12,-6637.008852750166,-6636.762833431962,0.24601931820416212,0,1,8,88,4,-1533.364061251844,-1533.246671313891,2016,227.6,2329.2,cold,extra,extra,0,88,"[-0.406608, -194.87764, 0.735857, 1347.388209, 1.39344, 2.994727, -0.659515, -171.247048]","[-0.402515, -216.755573, 0.731445, 1486.171872, 1.412698, 2.995272, -0.66137, -175.667378]"
M2K,"{""alpha"": 3.0}",4,500004,outer,M3L,8,88,52,12,-6634.990072423261,-6634.96354979263,0.026522630631006905,0,1,8,88,88,-1533.0719890908836,-1533.022305077915,2016,3.4,33.6,cold,challenge,challenge,0,88,"[-0.402476, -3986.989037, 0.732004, 39627.938381, 1.406264, 2.999724, -0.65944, -248.083453]","[-0.402482, -10627.107873, 0.731884, 58913.122248, 1.408478, 2.999808, -0.659422, -886.493641]"
M2K,"{""alpha"": 3.0}",4,500004,outer,M3V,8,88,52,12,-6569.417913245106,-6569.417912109584,1.1355223250575364e-06,0,1,8,88,88,-1514.0405937871535,-1514.0404074892142,2016,1.6,16.3,cold,challenge,challenge,0,88,"[-0.440069, -19.567441, 0.755536, 4.1053, 0.807065, 2.440941, -1.067394, -0.642233]","[-0.440071, -21.762891, 0.755539, 4.105248, 0.807058, 2.440934, -1.067403, -0.642234]"
M2K,"{""alpha"": 3.0}",5,500005,inner,M2B,4,84,38,14,-4415.130428029097,-4415.130428020396,8.701135811861604e-09,0,1,4,84,75,-1634.1283179901902,-1634.1283080893727,2352,0.1,5.5,cold,extra,extra,0,84,"[2.988598, 1.549269, 2.230768, 0.081122, 0.442638, 1.665679]","[2.988597, 1.549269, 2.230769, -0.081122, -0.442638, 1.665679]"
M2K,"{""alpha"": 3.0}",5,500005,inner,M2H,4,84,38,14,-4415.130428490504,-4415.130428159275,3.3122887543868273e-07,0,1,4,81,75,-1634.12821303223,-1634.128288351582,2352,53.1,1032.1,cold,extra,extra,0,84,"[2.988595, 1.549263, 2.230771, 0.081122, 0.442637, 1.665678, -10.735647]","[2.988597, 1.54927, 2.23077, 0.081122, 0.442638, 1.66568, -11.581789]"
M2K,"{""alpha"": 3.0}",5,500005,inner,M2K,4,84,38,14,-4136.853323540579,-4136.85332353827,2.309207047801465e-09,0,1,4,84,77,-1555.7496389843973,-1555.7496743109411,2352,0.5,13.1,cold,extra,extra,1,84,"[2.988015, 1.546017, 2.014309, 0.140804, 0.757438, 0.981952, 3.220049, -0.040089]","[2.988016, 1.546018, 2.014308, 0.140804, 0.757438, 0.981952, 3.220053, -0.040092]"
M2K,"{""alpha"": 3.0}",5,500005,inner,M2S,4,84,38,14,-4415.130009537768,-4415.130009513485,2.4283508537337184e-08,0,1,4,84,78,-1634.0843621758622,-1634.0843985796635,2352,24.9,542.4,cold,extra,extra,0,84,"[2.988573, 1.549244, 2.230779, 0.081121, 0.442629, 1.66566, -5.397684]","[2.988573, 1.54925, 2.230776, 0.081121, 0.44263, 1.665659, -5.395217]"
M2K,"{""alpha"": 3.0}",5,500005,inner,M3,4,84,38,14,-4585.9759436687345,-4585.9759436687345,0.0,0,1,4,84,84,-1712.3753315169731,-1712.3753315169731,2352,1.0,18.9,cold,cold,cold:pipeline,0,84,"[1.99985, 86022.3747, -0.505048, -2.100511, 3.815396, 0.938949, 0.496296]","[1.99985, 86022.3747, -0.505048, -2.100511, 3.815396, 0.938949, 0.496296]"
M2K,"{""alpha"": 3.0}",5,500005,inner,M3H,4,84,38,14,-4713.045358670017,-4712.153667875262,0.8916907947550499,1,1,4,84,1,-1769.8366661942825,-1769.873993615818,2352,62.9,1280.3,cold,challenge,challenge,0,84,"[-0.403089, -123.460475, 0.721764, 1178.335941, 1.472951, 2.993761, -0.679473, -170.609596]","[-0.404657, -613.441547, 0.71983, 4432.58163, 1.531629, 2.997999, -0.679478, -165.998971]"
M2K,"{""alpha"": 3.0}",5,500005,inner,M3L,4,84,38,14,-4711.738912090623,-4711.7246245325,0.014287558123214694,0,1,4,84,84,-1769.5970954579566,-1769.5715682247035,2352,0.9,19.8,cold,extra,extra,0,84,"[-0.402552, -5987.997662, 0.71989, 36265.039811, 1.510093, 2.999693, -0.680886, -375.502101]","[-0.402551, -7954.296993, 0.720037, 51296.083226, 1.507532, 2.999776, -0.680892, -486.064109]"
M2K,"{""alpha"": 3.0}",5,500005,inner,M3V,4,84,38,14,-4694.737005708122,-4694.7370053122595,3.958621164201759e-07,0,1,4,84,84,-1757.4182882517373,-1757.4179549553494,2352,0.4,7.9,cold,extra,extra,0,84,"[-0.442523, -20.314046, 0.747511, 4.226429, 0.828008, 2.441635, -1.04683, -0.682695]","[-0.442527, -25.665551, 0.747512, 4.226397, 0.828, 2.441621, -1.046835, -0.682696]"
M2K,"{""alpha"": 3.0}",5,500005,outer,M2B,8,88,52,12,-6048.438517821893,-6048.438517821815,7.73070496506989e-11,0,1,8,88,84,-1352.1840528420812,-1352.1840594526893,2016,0.4,5.3,cold,challenge,challenge,0,88,"[2.988126, 1.51186, 2.247216, 0.083445, 0.441828, 1.674833]","[2.988126, 1.51186, 2.247216, -0.083445, -0.441828, 1.674833]"
M2K,"{""alpha"": 3.0}",5,500005,outer,M2H,8,88,52,12,-6048.438518477851,-6048.438518215844,2.6200723368674517e-07,0,1,7,87,77,-1352.1843128164587,-1352.1839012520886,2016,172.6,1655.1,cold,extra,extra,0,88,"[2.988121, 1.511862, 2.247214, 0.083445, 0.441828, 1.67483, -10.394815]","[2.988133, 1.511856, 2.247217, 0.083445, 0.441828, 1.674835, -10.857775]"
M2K,"{""alpha"": 3.0}",5,500005,outer,M2K,8,88,52,12,-5690.07352320458,-5690.07352320208,2.5002009351737797e-09,0,1,8,88,77,-1307.2599130413628,-1307.2599142808456,2016,1.7,17.1,cold,extra,extra,1,88,"[2.988182, 1.508643, 2.03905, -0.138106, -0.751291, 1.00243, 3.071037, -0.184092]","[2.988182, 1.508642, 2.03905, 0.138106, 0.751291, 1.002429, 3.07104, -0.18409]"
M2K,"{""alpha"": 3.0}",5,500005,outer,M2S,8,88,52,12,-6047.789288775859,-6047.789288774358,1.5006662579253316e-09,0,1,8,88,79,-1352.8663360318956,-1352.8663638672192,2016,65.8,690.0,cold,extra,extra,0,88,"[2.987048, 1.511762, 2.247283, 0.083463, 0.441518, 1.6742, -3.640461]","[2.987047, 1.511761, 2.247284, 0.083463, 0.441518, 1.6742, -3.640464]"
M2K,"{""alpha"": 3.0}",5,500005,outer,M3,8,88,52,12,-6297.92853268675,-6297.923226702815,0.005305983935613767,0,1,8,88,88,-1417.4017998186216,-1417.4002243625712,2016,2.5,26.5,cold,extra,extra,0,88,"[1.999603, 29937.638456, -0.506747, -2.092587, 3.815268, 0.92958, 0.497569]","[1.999791, 60241.177697, -0.506746, -2.092251, 3.814926, 0.929626, -0.497568]"
M2K,"{""alpha"": 3.0}",5,500005,outer,M3H,8,88,52,12,-6482.931702873204,-6482.213563961609,0.718138911594906,1,1,8,88,3,-1460.44583915521,-1460.3464262283576,2016,188.7,2003.6,cold,extra,extra,0,88,"[-0.398151, -148.674642, 0.719952, 1117.014531, 1.477159, 2.993318, -0.676712, -177.216097]","[-0.402428, -459.224301, 0.722964, 1828.944429, 1.487153, 2.996003, -0.678212, -172.40601]"
M2K,"{""alpha"": 3.0}",5,500005,outer,M3L,8,88,52,12,-6480.986680663238,-6480.971443590731,0.015237072507261473,0,1,8,88,88,-1460.0843267197681,-1460.0835428609769,2016,2.8,26.6,cold,extra,extra,0,88,"[-0.401503, -7183.949278, 0.722543, 41871.051224, 1.48696, 2.999731, -0.677111, -571.802591]","[-0.401445, -8595.819184, 0.722491, 54647.967432, 1.487275, 2.999789, -0.677067, -554.579955]"
M2K,"{""alpha"": 3.0}",5,500005,outer,M3V,8,88,52,12,-6451.74477039504,-6451.744770045648,3.493923941277899e-07,0,1,8,88,88,-1449.25594567728,-1449.2563611469247,2016,1.4,13.7,cold,extra,extra,0,88,"[-0.444739, -21.389305, 0.750483, 4.196448, 0.817362, 2.426831, -1.051397, -0.676352]","[-0.444741, -26.945476, 0.750486, 4.196295, 0.817347, 2.426816, -1.0514, -0.676346]"
M2S,"{""omega"": 0.0}",0,500000,inner,M2B,4,84,38,14,-7046.432298360983,-7046.432298360487,4.956746124662459e-10,0,1,4,84,84,-2661.576550966232,-2661.5765174527696,2352,0.4,2.3,cold,extra,extra,,,"[2.923155, 1.552644, 2.018039, 0.154141, 0.738812, 0.986357]","[2.923155, 1.552643, 2.018039, 0.154141, 0.738812, 0.986357]"
M2S,"{""omega"": 0.0}",0,500000,inner,M2H,4,84,38,14,-7046.332750176918,-7046.332750176412,5.056790541857481e-10,0,1,4,84,84,-2660.993177837568,-2660.9932321968668,2352,33.3,625.5,cold,extra,extra,,,"[2.923569, 1.552944, 2.01839, 0.154068, 0.738581, 0.986621, -3.077325]","[2.923569, 1.552945, 2.01839, 0.154068, 0.738581, 0.98662, -3.077343]"
M2S,"{""omega"": 0.0}",0,500000,inner,M2K,4,84,38,14,-7046.254065026364,-7046.254065019021,7.34235072741285e-09,0,1,4,84,82,-2661.292134064459,-2661.292000971895,2352,1.1,12.1,cold,extra,extra,,,"[2.918502, 1.552411, 1.861685, 0.185405, 0.836045, 0.64022, 0.480567, 0.046261]","[2.918503, 1.552411, 1.86168, 0.185405, 0.836043, 0.640221, 0.48056, 0.046266]"
M2S,"{""omega"": 0.0}",0,500000,inner,M2S,4,84,38,14,-7046.432299157756,-7046.432298501582,6.561731424881145e-07,0,1,4,84,84,-2661.576089648583,-2661.5766261710373,2352,26.7,510.1,cold,extra,extra,,,"[2.923161, 1.552612, 2.018049, 0.154141, 0.738812, 0.986363, -10.939888]","[2.923153, 1.552645, 2.018038, 0.154141, 0.738813, 0.986355, -12.104096]"
M2S,"{""omega"": 0.0}",0,500000,inner,M3,4,84,38,14,-7241.3043730701775,-7241.304272602893,0.00010046728402812732,0,1,4,84,84,-2718.666194858054,-2718.6656150742433,2352,1.3,17.6,cold,extra,extra,,,"[1.999711, 42723.620235, -0.966586, -2.373667, 3.392803, 0.997856, 0.752277]","[1.99973, 45924.393611, -0.96658, -2.373635, 3.392772, 0.997855, 0.752278]"
M2S,"{""omega"": 0.0}",0,500000,inner,M3H,4,84,38,14,-7287.472289475574,-7287.325165067941,0.14712440763287304,0,1,4,84,77,-2729.960661788248,-2729.3726252908195,2352,75.1,1407.5,cold,challenge,challenge,,,"[-0.867073, -68.362471, 0.616027, 249.474337, 1.510755, 2.977091, -0.277997, -151.979653]","[-0.866723, -91.487604, 0.618208, 388.219015, 1.47934, 2.982692, -0.276968, -158.956576]"
M2S,"{""omega"": 0.0}",0,500000,inner,M3L,4,84,38,14,-7287.146400257087,-7287.1462712815455,0.00012897554188384674,0,1,4,84,75,-2728.6930563110254,-2728.6919469770087,2352,1.3,18.3,cold,extra,extra,,,"[-0.865557, -12301.160761, 0.617709, 40324.558433, 1.510872, 2.999666, -0.277466, -1416.454795]","[-0.86557, -17613.168743, 0.617724, 47838.990036, 1.51107, 2.999714, -0.277471, -2301.008888]"
M2S,"{""omega"": 0.0}",0,500000,inner,M3V,4,84,38,14,-7152.6983078553985,-7152.69830698164,8.737588359508663e-07,0,1,4,84,84,-2684.9123947899943,-2684.9115948410176,2352,0.8,8.7,cold,extra,extra,,,"[-0.910062, -17.639162, 0.644966, 3.563803, 0.912077, 2.43349, -0.612653, -0.25348]","[-0.91006, -19.397289, 0.644959, 3.563708, 0.912104, 2.433498, -0.612652, -0.253477]"
M2S,"{""omega"": 0.0}",0,500000,outer,M2B,8,88,52,12,-9705.732344135859,-9705.732344135795,6.366462912410498e-11,0,1,8,88,88,-2317.3318692223465,-2317.3318630993354,2016,0.8,2.1,cold,extra,extra,,,"[2.968051, 1.518335, 2.027496, 0.15106, 0.744337, 0.997473]","[2.968052, 1.518335, 2.027496, 0.15106, 0.744337, 0.997473]"
M2S,"{""omega"": 0.0}",0,500000,outer,M2H,8,88,52,12,-9704.822246104904,-9704.82224610484,6.366462912410498e-11,0,1,8,87,86,-2317.1259451006185,-2317.125936972387,2016,94.8,976.1,cold,extra,extra,,,"[2.969085, 1.524761, 2.026824, 0.150848, 0.743688, 0.997525, -2.545937]","[2.969086, 1.524761, 2.026824, 0.150848, 0.743688, 0.997525, -2.545936]"
M2S,"{""omega"": 0.0}",0,500000,outer,M2K,8,88,52,12,-9705.145921893556,-9705.145921885982,7.574271876364946e-09,0,1,8,88,56,-2317.83054123105,-2317.830322130573,2016,2.1,19.0,cold,extra,extra,,,"[2.959411, 1.516902, 1.793534, 0.206072, 0.861156, 0.587831, 0.53979, 0.127162]","[2.959414, 1.516904, 1.793535, 0.206071, 0.861157, 0.58783, 0.539793, 0.127157]"
M2S,"{""omega"": 0.0}",0,500000,outer,M2S,8,88,52,12,-9705.732345296929,-9705.732344702905,5.940237315371633e-07,0,1,8,88,85,-2317.33225669033,-2317.331869404963,2016,76.5,735.1,cold,challenge,challenge,,,"[2.968055, 1.518346, 2.027497, 0.151057, 0.744336, 0.997474, -10.646934]","[2.968046, 1.518331, 2.027499, 0.15106, 0.744337, 0.997473, -11.032941]"
M2S,"{""omega"": 0.0}",0,500000,outer,M3,8,88,52,12,-9957.920389716699,-9957.91986665798,0.000523058719409164,0,1,8,88,88,-2373.334599968794,-2373.3311540852774,2016,2.8,24.6,cold,extra,extra,,,"[1.999693, 39246.130852, -0.963441, -2.413473, 3.4502, 0.955782, 0.75649]","[1.999753, 50002.43707, -0.963434, -2.41321, 3.449881, 0.955839, 0.756495]"
M2S,"{""omega"": 0.0}",0,500000,outer,M3H,8,88,52,12,-10016.565337296668,-10015.711683139238,0.8536541574303556,1,1,8,88,8,-2388.865425913392,-2389.6139725914036,2016,259.9,2526.0,cold,challenge,challenge,,,"[-0.868364, -148.072359, 0.621883, 151.243873, 1.394486, 2.975501, -0.274939, -140.691169]","[-0.871863, -116.891147, 0.625628, 417.742311, 1.407677, 2.989632, -0.273553, -175.418068]"
M2S,"{""omega"": 0.0}",0,500000,outer,M3L,8,88,52,12,-10015.164648466714,-10015.160914575648,0.003733891066076467,0,1,8,88,21,-2390.1294673165376,-2390.1426394382233,2016,2.4,21.2,cold,extra,extra,,,"[-0.87104, -3293.110128, 0.623467, 12739.972557, 1.439844, 2.99957, -0.27293, -378.803263]","[-0.871143, -8302.350338, 0.623518, 15490.083974, 1.440358, 2.999644, -0.272895, -1066.97869]"
M2S,"{""omega"": 0.0}",0,500000,outer,M3V,8,88,52,12,-9835.428013648816,-9835.428013648816,0.0,0,1,8,88,88,-2338.7728875616317,-2338.7728875616317,2016,1.6,13.1,cold,cold,cold:pipeline,,,"[-0.908056, -20.262698, 0.650792, 3.310946, 0.904587, 2.475454, -0.606109, -0.250939]","[-0.908056, -20.262698, 0.650792, 3.310946, 0.904587, 2.475454, -0.606109, -0.250939]"
M2S,"{""omega"": 0.0}",1,500001,inner,M2B,4,84,38,14,-7203.8548984678355,-7203.85489846772,1.1550582712516189e-10,0,1,4,84,83,-2609.1176418835516,-2609.1176425651643,2352,0.1,2.4,cold,extra,extra,,,"[3.033959, 1.412983, 2.008792, 0.168297, 0.760644, 0.990961]","[3.033959, 1.412984, 2.008791, 0.168297, 0.760644, 0.990961]"
M2S,"{""omega"": 0.0}",1,500001,inner,M2H,4,84,38,14,-7203.8548994927005,-7203.8548986351525,8.575480023864657e-07,0,1,4,81,79,-2609.1178725382542,-2609.1179106103355,2352,38.6,911.2,cold,extra,extra,,,"[3.033948, 1.412987, 2.008785, 0.168298, 0.760647, 0.990953, -9.739229]","[3.033965, 1.412986, 2.00879, 0.168297, 0.760644, 0.990961, -10.953879]"
M2S,"{""omega"": 0.0}",1,500001,inner,M2K,4,84,38,14,-7203.1219099772625,-7203.121909926012,5.1250026444904506e-08,0,1,4,84,81,-2608.4486169119673,-2608.4492207285484,2352,0.5,10.9,cold,challenge,challenge,,,"[3.08871, 1.409809, 2.187913, 0.123143, 0.834005, 0.856368, 0.392802, -0.24717]","[3.088714, 1.409801, 2.187919, 0.123145, 0.834005, 0.856375, 0.392794, -0.247172]"
M2S,"{""omega"": 0.0}",1,500001,inner,M2S,4,84,38,14,-7203.854899438587,-7203.854898690857,7.477301551261917e-07,0,1,4,84,84,-2609.117422506899,-2609.1169759392815,2352,22.2,472.7,cold,extra,extra,,,"[3.033959, 1.413011, 2.008784, 0.168297, 0.760644, 0.990959, -10.644239]","[3.033952, 1.412988, 2.008793, 0.168296, 0.760643, 0.99096, -11.722755]"
M2S,"{""omega"": 0.0}",1,500001,inner,M3,4,84,38,14,-7413.113081571545,-7413.111952163399,0.001129408145970956,0,1,4,84,74,-2662.969471425647,-2662.968896162415,2352,1.0,18.0,cold,extra,extra,,,"[1.999643, 33213.783579, -0.950875, -2.358301, 3.39472, 0.875934, 0.772797]","[1.999797, 61800.636743, -0.950874, -2.358251, 3.394701, 0.87598, 0.772799]"
M2S,"{""omega"": 0.0}",1,500001,inner,M3H,4,84,38,14,-7462.031345038869,-7459.647429704822,2.3839153340477424,1,1,4,84,1,-2688.3765893332506,-2687.145251923407,2352,84.3,1672.8,cold,extra,extra,,,"[-0.888612, -18.56891, 0.631336, 2.647112, 0.95317, 2.548296, -0.280633, -21.991108]","[-0.850832, -92.897075, 0.603877, 345.016125, 1.326132, 2.992792, -0.256893, -164.118008]"
M2S,"{""omega"": 0.0}",1,500001,inner,M3L,4,84,38,14,-7462.031344821702,-7462.031344235225,5.864767445018515e-07,0,1,4,84,84,-2688.3768825236393,-2688.3768018650117,2352,0.6,12.6,cold,extra,extra,,,"[-0.888601, -18.233049, 0.631326, 2.647135, 0.953215, 2.548304, -0.280632, -4.677766]","[-0.888598, -20.748591, 0.631327, 2.647164, 0.953219, 2.548316, -0.280633, -5.100803]"
M2S,"{""omega"": 0.0}",1,500001,inner,M3V,4,84,38,14,-7297.028496526693,-7297.028495866262,6.604304871871136e-07,0,1,4,84,84,-2645.0122850579332,-2645.011891401133,2352,0.4,9.6,cold,extra,extra,,,"[-0.906521, -18.40551, 0.645784, 2.823334, 0.825775, 2.447915, -0.616968, -0.227156]","[-0.90652, -21.920881, 0.645778, 2.823473, 0.825811, 2.447938, -0.616957, -0.227159]"
M2S,"{""omega"": 0.0}",1,500001,outer,M2B,8,88,52,12,-9810.859115005402,-9810.859115005367,3.456079866737127e-11,0,1,8,88,86,-2233.275786484172,-2233.275781388148,2016,0.3,3.2,cold,extra,extra,,,"[3.003219, 1.431016, 2.028351, 0.158782, 0.754707, 0.998925]","[3.003219, 1.431017, 2.028351, 0.158782, 0.754707, 0.998925]"
M2S,"{""omega"": 0.0}",1,500001,outer,M2H,8,88,52,12,-9810.85911591804,-9810.859115740634,1.7740603652782738e-07,0,1,8,88,86,-2233.27572091941,-2233.275703689228,2016,112.1,1269.9,cold,extra,extra,,,"[3.003217, 1.431036, 2.028348, 0.158783, 0.754708, 0.998923, -9.87557]","[3.003223, 1.431024, 2.028349, 0.15878, 0.754706, 0.998927, -9.998034]"
M2S,"{""omega"": 0.0}",1,500001,outer,M2K,8,88,52,12,-9809.402035036903,-9809.402035026065,1.0837538866326213e-08,0,1,8,88,88,-2233.6098873244246,-2233.6098994012855,2016,1.8,17.2,cold,challenge,challenge,,,"[3.066053, 1.427924, 2.25187, 0.106419, 0.827966, 0.88611, 0.401264, -0.279408]","[3.06605, 1.427931, 2.251854, 0.10642, 0.827968, 0.886095, 0.401275, -0.279402]"
M2S,"{""omega"": 0.0}",1,500001,outer,M2S,8,88,52,12,-9810.859115909101,-9810.859115566665,3.4243566915392876e-07,0,1,8,88,87,-2233.2762472979844,-2233.27588691765,2016,70.2,733.8,cold,challenge,challenge,,,"[3.003228, 1.431007, 2.028348, 0.158784, 0.754708, 0.998924, -10.605647]","[3.00322, 1.431027, 2.028345, 0.158782, 0.754707, 0.998924, -10.839907]"
M2S,"{""omega"": 0.0}",1,500001,outer,M3,8,88,52,12,-10074.142760396157,-10074.14275941605,9.801060514291748e-07,0,1,8,88,88,-2289.6991641031545,-2289.6990940058813,2016,2.8,28.6,cold,extra,extra,,,"[1.999754, 50180.892707, -0.962334, -2.359845, 3.401766, 0.896697, 0.766621]","[1.999758, 50350.868295, -0.962326, -2.359788, 3.401709, 0.896714, 0.766629]"
M2S,"{""omega"": 0.0}",1,500001,outer,M3H,8,88,52,12,-10148.299111424236,-10145.296805812708,3.002305611527845,1,1,8,88,1,-2310.0312179339435,-2309.884924193652,2016,289.7,2629.1,cold,challenge,challenge,,,"[-0.90306, -18.579814, 0.644751, 2.728249, 0.932011, 2.508131, -0.287711, -21.766862]","[-0.861574, -61.997329, 0.618428, 124.922796, 1.296875, 2.976705, -0.261214, -156.722697]"
M2S,"{""omega"": 0.0}",1,500001,outer,M3L,8,88,52,12,-10148.299111650675,-10148.299110953132,6.97542418492958e-07,0,1,8,88,88,-2310.031017386322,-2310.031048987047,2016,1.7,17.5,cold,extra,extra,,,"[-0.903063, -18.452346, 0.644756, 2.728226, 0.931982, 2.508121, -0.287712, -4.571341]","[-0.903057, -19.236043, 0.644751, 2.728274, 0.932014, 2.508141, -0.287712, -4.647274]"
M2S,"{""omega"": 0.0}",1,500001,outer,M3V,8,88,52,12,-9939.291719362589,-9939.291719362589,0.0,0,1,8,88,88,-2264.441769094862,-2264.441769094862,2016,1.3,13.7,cold,cold,cold:pipeline,,,"[-0.921713, -20.619527, 0.658839, 2.90684, 0.813752, 2.405741, -0.61639, -0.240766]","[-0.921713, -20.619527, 0.658839, 2.90684, 0.813752, 2.405741, -0.61639, -0.240766]"
M2S,"{""omega"": 0.0}",2,500002,inner,M2B,4,84,38,14,-7149.365946258298,-7149.365946258275,2.3646862246096134e-11,0,1,4,84,84,-2649.4585296566993,-2649.4585252252705,2352,0.1,2.3,cold,extra,extra,0,84,"[2.998889, 1.533041, 2.027541, 0.167314, 0.752084, 1.012051]","[2.998889, 1.533041, 2.027541, 0.167314, 0.752084, 1.012051]"
M2S,"{""omega"": 0.0}",2,500002,inner,M2H,4,84,38,14,-7149.3659469694285,-7149.365946510317,4.5911110646557063e-07,0,1,4,81,79,-2649.458266182527,-2649.4586697474306,2352,37.9,826.4,cold,extra,extra,0,84,"[2.998895, 1.533032, 2.02754, 0.167313, 0.752085, 1.01205, -9.872318]","[2.998889, 1.533058, 2.027539, 0.167313, 0.752083, 1.01205, -10.626338]"
M2S,"{""omega"": 0.0}",2,500002,inner,M2K,4,84,38,14,-7145.075750646627,-7145.075750605225,4.140201781410724e-08,0,1,4,84,83,-2651.039800819696,-2651.0397893607064,2352,0.6,12.8,cold,extra,extra,1,84,"[3.009212, 1.529254, 2.344039, 0.193051, 0.789762, 1.620804, -0.767357, -0.116064]","[3.009214, 1.529264, 2.344013, 0.193047, 0.789761, 1.620785, -0.767353, -0.116043]"
M2S,"{""omega"": 0.0}",2,500002,inner,M2S,4,84,38,14,-7149.365948002291,-7149.365946681158,1.3211329132900573e-06,0,1,4,84,82,-2649.456748991773,-2649.4585477844103,2352,23.2,460.6,cold,extra,extra,0,84,"[2.998878, 1.532992, 2.027541, 0.167308, 0.752084, 1.01205, -9.82667]","[2.998882, 1.533043, 2.027538, 0.167314, 0.752084, 1.012047, -10.1704]"
M2S,"{""omega"": 0.0}",2,500002,inner,M3,4,84,38,14,-7381.929730293676,-7372.79793430495,9.131795988725571,1,1,4,84,8,-2727.404300507305,-2711.628026967423,2352,0.4,8.2,cold,extra,extra,0,84,"[2.076612, 1.758103, -0.909632, -1.912608, 2.954622, 0.99726, 0.745993]","[1.999739, 45639.598573, -0.954393, -2.437404, 3.488771, 0.948291, 0.767938]"
M2S,"{""omega"": 0.0}",2,500002,inner,M3H,4,84,38,14,-7407.153108126644,-7407.15310753607,5.905740181333385e-07,0,1,4,84,84,-2742.938704081248,-2742.9383753423253,2352,78.5,1719.2,cold,extra,extra,0,84,"[-0.896199, -17.971236, 0.641462, 2.304477, 1.192437, 2.563181, -0.297796, -24.388868]","[-0.896196, -19.529279, 0.641457, 2.304674, 1.192436, 2.563188, -0.297795, -29.161664]"
M2S,"{""omega"": 0.0}",2,500002,inner,M3L,4,84,38,14,-7407.153107908391,-7407.153107275555,6.328355084406212e-07,0,1,4,84,84,-2742.9383677875417,-2742.9389602126034,2352,0.7,13.5,cold,extra,extra,0,84,"[-0.896197, -18.307333, 0.641457, 2.304688, 1.192443, 2.563192, -0.297793, -5.022216]","[-0.896195, -27.304226, 0.641459, 2.304526, 1.192462, 2.563182, -0.297797, -6.203969]"
M2S,"{""omega"": 0.0}",2,500002,inner,M3V,4,84,38,14,-7245.369254188394,-7245.369254188394,0.0,0,1,4,84,84,-2704.803805338225,-2704.803805338225,2352,0.5,8.6,cold,cold,cold:pipeline,0,84,"[-0.907719, -21.318368, 0.652795, 2.914179, 0.966499, 2.482757, -0.620882, -0.236028]","[-0.907719, -21.318368, 0.652795, 2.914179, 0.966499, 2.482757, -0.620882, -0.236028]"
M2S,"{""omega"": 0.0}",2,500002,outer,M2B,8,88,52,12,-9797.893380848094,-9797.893380847992,1.0186340659856796e-10,0,1,8,88,87,-2247.0384734022678,-2247.038472014535,2016,0.3,3.1,cold,extra,extra,0,88,"[2.994178, 1.488877, 2.038046, 0.160253, 0.752543, 1.013229]","[2.994178, 1.488876, 2.038046, 0.160253, 0.752543, 1.013229]"
M2S,"{""omega"": 0.0}",2,500002,outer,M2H,8,88,52,12,-9797.893381515785,-9797.893381455244,6.054142431821674e-08,0,1,8,88,83,-2247.0383624730143,-2247.0386394027355,2016,120.5,1206.2,cold,extra,extra,0,88,"[2.994178, 1.488873, 2.038051, 0.160251, 0.752543, 1.013234, -10.008766]","[2.994176, 1.488864, 2.038047, 0.160254, 0.752542, 1.013232, -10.240499]"
M2S,"{""omega"": 0.0}",2,500002,outer,M2K,8,88,52,12,-9794.763557485301,-9794.76355722598,2.5932058633770794e-07,0,1,8,88,53,-2246.7865682451325,-2246.786949950533,2016,1.5,17.0,cold,extra,extra,1,88,"[3.004693, 1.487011, 2.306849, 0.179429, 0.782213, 1.553778, -0.686868, -0.09016]","[3.004674, 1.486988, 2.306836, 0.179426, 0.782211, 1.553754, -0.686855, -0.090143]"
M2S,"{""omega"": 0.0}",2,500002,outer,M2S,8,88,52,12,-9797.89338196515,-9797.893381208114,7.570361049147323e-07,0,1,8,88,88,-2247.0385791445055,-2247.0386778189977,2016,68.6,722.4,cold,extra,extra,0,88,"[2.994168, 1.48886, 2.038044, 0.160252, 0.752542, 1.013223, -9.436919]","[2.994176, 1.488861, 2.038049, 0.160254, 0.752543, 1.013229, -10.157835]"
M2S,"{""omega"": 0.0}",2,500002,outer,M3,8,88,52,12,-10084.09786193936,-10084.09786193936,0.0,0,1,8,88,60,-2295.5802894171093,-2295.5802894171093,2016,1.6,23.1,cold,cold,cold:pipeline,0,88,"[1.999771, 53124.554615, -0.959364, -2.408283, 3.457665, 0.937985, 0.767495]","[1.999771, 53124.554615, -0.959364, -2.408283, 3.457665, 0.937985, 0.767495]"
M2S,"{""omega"": 0.0}",2,500002,outer,M3H,8,88,52,12,-10149.503784703047,-10141.925603992442,7.578180710605011,1,1,8,88,1,-2315.430117576979,-2309.111680774218,2016,254.9,2699.8,cold,challenge,challenge,0,88,"[-0.894828, -18.476962, 0.639594, 2.449317, 1.129996, 2.555617, -0.291785, -24.564435]","[-0.865707, -113.014873, 0.622574, 112.149378, 1.462772, 2.974954, -0.263045, -161.267802]"
M2S,"{""omega"": 0.0}",2,500002,outer,M3L,8,88,52,12,-10149.50378335622,-10149.50378263118,7.250400813063607e-07,0,1,8,88,88,-2315.4301663649344,-2315.43041061351,2016,1.7,17.7,cold,extra,extra,0,88,"[-0.894837, -18.142707, 0.639602, 2.449007, 1.129955, 2.555595, -0.29179, -5.184537]","[-0.894841, -18.953174, 0.639606, 2.448973, 1.129951, 2.55558, -0.29179, -5.228628]"
M2S,"{""omega"": 0.0}",2,500002,outer,M3V,8,88,52,12,-9949.014667714628,-9949.014667327632,3.869954525725916e-07,0,1,8,88,88,-2278.9702317618453,-2278.970478261768,2016,1.4,14.0,cold,extra,extra,0,88,"[-0.905707, -18.772546, 0.64994, 2.920857, 0.950287, 2.478518, -0.602039, -0.239004]","[-0.905711, -19.240499, 0.649942, 2.920753, 0.950294, 2.478516, -0.602047, -0.239008]"
M2S,"{""omega"": 0.0}",3,500003,inner,M2B,4,84,38,14,-7171.495297342797,-7171.495297341253,1.5443220036104321e-09,0,1,4,84,82,-2652.2746569500787,-2652.2746272867844,2352,0.1,2.5,cold,extra,extra,0,84,"[2.993762, 1.654584, 1.947951, 0.161731, 0.755836, 0.958831]","[2.993763, 1.654583, 1.947952, 0.161731, 0.755836, 0.958832]"
M2S,"{""omega"": 0.0}",3,500003,inner,M2H,4,84,38,14,-7171.462762711299,-7171.462762687894,2.3404936655424535e-08,0,1,4,82,82,-2652.2638935468144,-2652.263825327319,2352,31.8,668.6,cold,challenge,challenge,0,84,"[2.994217, 1.655309, 1.948015, 0.161689, 0.755706, 0.958982, -3.353406]","[2.994224, -1.655304, -1.948018, -0.161689, -0.755706, 0.958985, -3.353484]"
M2S,"{""omega"": 0.0}",3,500003,inner,M2K,4,84,38,14,-7171.128691627115,-7171.128691618217,8.897586667444557e-09,0,1,4,84,83,-2653.1417363189594,-2653.1416746705263,2352,0.6,11.5,cold,challenge,challenge,1,84,"[2.994992, 1.655382, 1.831429, 0.183303, 0.868026, 0.602098, 0.519306, -0.009256]","[2.994994, 1.655381, 1.831436, 0.1833, 0.868023, 0.602104, 0.519302, -0.009262]"
M2S,"{""omega"": 0.0}",3,500003,inner,M2S,4,84,38,14,-7171.018444054995,-7171.018444054851,1.4370016288012266e-10,0,1,4,84,83,-2652.282193503566,-2652.2822189941335,2352,15.9,335.8,cold,extra,extra,0,84,"[2.993524, 1.651649, 1.948164, 0.161949, 0.755308, 0.958886, -3.600824]","[2.993524, 1.65165, 1.948164, 0.16195, 0.755308, 0.958886, -3.600822]"
M2S,"{""omega"": 0.0}",3,500003,inner,M3,4,84,38,14,-7367.273851149436,-7367.273378897289,0.0004722521471194341,0,1,4,84,84,-2694.1965651777973,-2694.1915692099224,2352,0.9,18.7,cold,challenge,challenge,0,84,"[1.999684, 36714.686189, -0.945109, -2.409413, 3.409524, 0.978902, 0.76727]","[1.999751, 47532.18778, -0.94509, -2.408919, 3.408975, 0.978861, 0.767272]"
M2S,"{""omega"": 0.0}",3,500003,inner,M3H,4,84,38,14,-7410.264592984064,-7405.173440237242,5.091152746821535,1,1,4,84,1,-2713.6549326687077,-2720.4349457404232,2352,89.4,1716.1,cold,challenge,challenge,0,84,"[-0.886789, -18.583619, 0.613905, 2.829039, 1.126144, 2.565467, -0.28634, -20.084222]","[-0.862595, -40.552408, 0.589398, 22.823983, 1.520042, 2.883537, -0.267088, -152.453954]"
M2S,"{""omega"": 0.0}",3,500003,inner,M3L,4,84,38,14,-7410.264592868716,-7397.134501681852,13.130091186863865,1,1,4,84,1,-2713.655542340064,-2717.8681184413836,2352,0.7,13.6,cold,challenge,challenge,0,84,"[-0.886786, -18.347748, 0.613905, 2.829182, 1.126146, 2.565491, -0.286338, -4.802113]","[-0.864677, -13706.032497, 0.597451, 29415.358275, 1.564909, 2.999716, -0.260259, -1167.303782]"
M2S,"{""omega"": 0.0}",3,500003,inner,M3V,4,84,38,14,-7250.172381702901,-7250.172381288182,4.14718670072034e-07,0,1,4,84,84,-2682.0020271538233,-2682.002832958615,2352,0.5,9.5,cold,extra,extra,0,84,"[-0.899478, -18.579711, 0.626315, 3.230265, 0.945667, 2.479069, -0.610495, -0.229526]","[-0.899473, -19.349637, 0.626308, 3.230357, 0.945696, 2.479077, -0.610492, -0.229526]"
M2S,"{""omega"": 0.0}",3,500003,outer,M2B,8,88,52,12,-9821.395981325748,-9821.39598132566,8.731149137020111e-11,0,1,8,88,88,-2294.7756408035975,-2294.7756434386697,2016,0.2,2.7,cold,extra,extra,0,88,"[2.991126, 1.544895, 1.982625, 0.153156, 0.754399, 0.978979]","[2.991127, 1.544895, 1.982625, 0.153156, 0.754399, 0.978979]"
M2S,"{""omega"": 0.0}",3,500003,outer,M2H,8,88,52,12,-9821.364174415012,-9821.364174369737,4.527464625425637e-08,0,1,8,87,84,-2294.8072879104543,-2294.807144238737,2016,96.3,1055.7,cold,extra,extra,0,88,"[2.991352, 1.54529, 1.982707, 0.153153, 0.754292, 0.979075, -3.408774]","[2.991353, 1.545298, 1.982702, 0.153154, 0.754292, 0.979073, -3.408383]"
M2S,"{""omega"": 0.0}",3,500003,outer,M2K,8,88,52,12,-9821.31613648158,-9821.306596794164,0.009539687416690867,0,1,8,88,88,-2294.798974563791,-2294.8600731867446,2016,1.3,15.5,cold,challenge,challenge,1,88,"[2.977168, 1.543197, 1.812518, 0.177718, 0.780128, 0.793272, 0.162231, 0.126143]","[2.965718, 1.542862, 1.832116, 0.154197, 0.749749, 0.986754, -0.186049, 0.178724]"
M2S,"{""omega"": 0.0}",3,500003,outer,M2S,8,88,52,12,-9820.959010823746,-9820.95901082219,1.5570549294352531e-09,0,1,8,88,88,-2294.6968071476094,-2294.6968385050727,2016,46.0,507.8,cold,challenge,challenge,0,88,"[2.991082, 1.543648, 1.982384, 0.153338, 0.754002, 0.978692, -3.715519]","[2.991082, 1.543648, 1.982384, 0.153338, 0.754002, 0.978692, -3.715507]"
M2S,"{""omega"": 0.0}",3,500003,outer,M3,8,88,52,12,-10060.135678191287,-10060.134902688209,0.0007755030783300754,0,1,8,88,88,-2371.4659984701666,-2371.4740683715036,2016,2.8,28.2,cold,extra,extra,0,88,"[1.999682, 37080.933709, -0.947839, -2.382765, 3.404655, 0.943331, 0.765393]","[1.999782, 55648.03217, -0.947918, -2.382137, 3.403839, 0.943581, 0.765393]"
M2S,"{""omega"": 0.0}",3,500003,outer,M3H,8,88,52,12,-10122.21773573667,-10114.490114803819,7.727620932852005,1,1,8,88,1,-2383.861363543329,-2379.591042056436,2016,264.3,2681.4,cold,challenge,challenge,0,88,"[-0.89133, -19.263388, 0.629053, 2.729568, 1.026436, 2.532878, -0.290568, -22.369231]","[-0.854976, -57.483987, 0.606153, 226.581201, 1.384172, 2.984608, -0.262503, -164.851677]"
M2S,"{""omega"": 0.0}",3,500003,outer,M3L,8,88,52,12,-10122.217736360268,-10122.217735370454,9.89813997875899e-07,0,1,8,88,88,-2383.8605704893807,-2383.860572677359,2016,1.8,18.3,cold,extra,extra,0,88,"[-0.891315, -17.80952, 0.629049, 2.729507, 1.026452, 2.532906, -0.29057, -4.765403]","[-0.89132, -18.822362, 0.629053, 2.729564, 1.02644, 2.532901, -0.290567, -4.693935]"
M2S,"{""omega"": 0.0}",3,500003,outer,M3V,8,88,52,12,-9929.781953948837,-9929.781953948837,0.0,0,1,8,88,88,-2321.1833474496293,-2321.1833474496293,2016,1.4,14.7,cold,cold,cold:pipeline,0,88,"[-0.904095, -19.628724, 0.640475, 3.066872, 0.885398, 2.449737, -0.599956, -0.242492]","[-0.904095, -19.628724, 0.640475, 3.066872, 0.885398, 2.449737, -0.599956, -0.242492]"
M2S,"{""omega"": 0.0}",4,500004,inner,M2B,4,84,38,14,-7115.061606660007,-7115.061606659927,8.003553375601768e-11,0,1,4,84,81,-2691.2664214542947,-2691.2664221987843,2352,0.1,3.2,cold,extra,extra,0,84,"[3.017302, 1.567384, 1.989999, 0.157359, 0.749422, 0.980966]","[3.017302, 1.567384, 1.989999, 0.157359, 0.749422, 0.980966]"
M2S,"{""omega"": 0.0}",4,500004,inner,M2H,4,84,38,14,-7115.061607324273,-7115.061606841735,4.825378709938377e-07,0,1,4,84,81,-2691.266372829926,-2691.266588289042,2352,48.9,1051.6,cold,extra,extra,0,84,"[3.017295, 1.567423, 1.989984, 0.157359, 0.749423, 0.980956, -9.475005]","[3.017303, 1.567387, 1.989992, 0.157358, 0.749422, 0.980963, -10.534474]"
M2S,"{""omega"": 0.0}",4,500004,inner,M2K,4,84,38,14,-7113.393301943101,-7113.1683665420205,0.22493540108007437,0,1,4,84,39,-2692.0548482590566,-2691.9591157974965,2352,0.6,15.1,cold,extra,extra,1,84,"[3.13781, 1.573732, 2.52746, 0.095711, 0.800238, 1.194363, 0.206085, -0.421376]","[3.043239, 1.579125, 2.431771, 0.183909, 0.761175, 1.505, -0.416092, -0.263186]"
M2S,"{""omega"": 0.0}",4,500004,inner,M2S,4,84,38,14,-7114.340001470289,-7114.340001468179,2.1100277081131935e-09,0,1,4,84,83,-2691.7410137620827,-2691.7409732509245,2352,20.7,461.9,cold,challenge,challenge,0,84,"[3.016402, 1.567625, 1.989691, 0.157565, 0.748797, 0.980537, -3.498963]","[3.016401, 1.567623, 1.989693, 0.157565, 0.748796, 0.980538, -3.498974]"
M2S,"{""omega"": 0.0}",4,500004,inner,M3,4,84,38,14,-7307.023411334295,-7301.74876687942,5.27464445487476,1,1,4,84,5,-2756.0845714919765,-2745.1021966889984,2352,0.4,9.5,cold,extra,extra,0,84,"[2.05239, 1.440554, -0.905701, -1.942194, 2.968142, 0.995518, 0.730261]","[1.999684, 37480.197101, -0.954717, -2.449335, 3.481812, 0.927263, 0.759435]"
M2S,"{""omega"": 0.0}",4,500004,inner,M3H,4,84,38,14,-7334.611056255288,-7334.611055739376,5.159117790753953e-07,0,1,4,84,84,-2766.0247028880112,-2766.025343930577,2352,111.0,2133.2,cold,extra,extra,0,84,"[-0.903049, -18.474175, 0.635178, 1.966347, 1.218244, 2.571703, -0.317841, -31.439011]","[-0.903049, -19.908865, 0.635183, 1.966275, 1.218244, 2.571709, -0.317843, -40.349861]"
M2S,"{""omega"": 0.0}",4,500004,inner,M3L,4,84,38,14,-7334.611057991835,-7334.611055719055,2.2727799660060555e-06,0,1,4,84,84,-2766.0254835701935,-2766.0252369812497,2352,0.8,15.7,cold,extra,extra,0,84,"[-0.903049, -17.911197, 0.635186, 1.966008, 1.21826, 2.571694, -0.317839, -4.89168]","[-0.90305, -19.507322, 0.635182, 1.966315, 1.218242, 2.571706, -0.317844, -4.85487]"
M2S,"{""omega"": 0.0}",4,500004,inner,M3V,4,84,38,14,-7182.110518267102,-7182.1105175372595,7.298422133317217e-07,0,1,4,84,84,-2722.6159442153566,-2722.617410374927,2352,0.6,11.7,cold,extra,extra,0,84,"[-0.913486, -19.343908, 0.651595, 2.975013, 0.884605, 2.487925, -0.62811, -0.248265]","[-0.913474, -23.48777, 0.651585, 2.97504, 0.884635, 2.487949, -0.628112, -0.248268]"
M2S,"{""omega"": 0.0}",4,500004,outer,M2B,8,88,52,12,-9805.08434161062,-9805.084341610473,1.4733814168721437e-10,0,1,8,88,87,-2191.398980014746,-2191.3989876055953,2016,0.3,3.2,cold,extra,extra,0,88,"[2.998538, 1.539051, 2.004239, 0.153715, 0.755099, 0.979753]","[2.998538, 1.53905, 2.004239, 0.153715, 0.755099, 0.979753]"
M2S,"{""omega"": 0.0}",4,500004,outer,M2H,8,88,52,12,-9805.084342575468,-9805.08434200712,5.683486961061135e-07,0,1,8,88,87,-2191.3989501907877,-2191.398960954049,2016,116.0,1293.6,cold,extra,extra,0,88,"[2.998545, 1.539043, 2.004238, 0.153716, 0.755099, 0.979752, -8.952088]","[2.998544, 1.539041, 2.00424, 0.153715, 0.755099, 0.979755, -9.513977]"
M2S,"{""omega"": 0.0}",4,500004,outer,M2K,8,88,52,12,-9803.673454287644,-9803.673454199752,8.789174898993224e-08,0,1,8,88,34,-2190.965495054157,-2190.965422411912,2016,1.9,22.7,cold,challenge,challenge,1,88,"[3.024546, 1.546039, 2.390652, -0.1737, -0.762466, 1.447847, -0.38115, -0.224052]","[3.024551, 1.546047, 2.390659, 0.173697, 0.762463, 1.447824, -0.381099, -0.224061]"
M2S,"{""omega"": 0.0}",4,500004,outer,M2S,8,88,52,12,-9804.79805383903,-9804.79805383047,8.5601641330868e-09,0,1,8,88,86,-2190.8231747331233,-2190.823237801368,2016,61.2,631.4,cold,extra,extra,0,88,"[2.99843, 1.538941, 2.004351, 0.153795, 0.754751, 0.979827, -3.817004]","[2.998431, 1.538937, 2.004352, 0.153796, 0.754751, 0.979829, -3.817023]"
M2S,"{""omega"": 0.0}",4,500004,outer,M3,8,88,52,12,-10046.338362954622,-10046.337343248948,0.0010197056744800648,0,1,8,88,12,-2244.69645081267,-2244.694706413401,2016,1.7,17.3,cold,extra,extra,0,88,"[1.999595, 29019.749929, -0.963235, -2.445138, 3.47467, 0.93093, 0.764186]","[1.999752, 49511.465907, -0.963249, -2.444825, 3.474349, 0.930958, 0.764183]"
M2S,"{""omega"": 0.0}",4,500004,outer,M3H,8,88,52,12,-10098.753285316212,-10098.753285303468,1.274383976124227e-08,0,1,8,88,88,-2255.9500567031064,-2255.9501406898576,2016,325.1,3172.0,cold,challenge,challenge,0,88,"[-0.912477, -19.691903, 0.641158, 2.254049, 1.104178, 2.547332, -0.303445, -25.555862]","[-0.912477, -19.728464, 0.641159, 2.254066, 1.10417, 2.547331, -0.303445, -23.581776]"
M2S,"{""omega"": 0.0}",4,500004,outer,M3L,8,88,52,12,-10098.753285512399,-10098.753285512399,0.0,0,1,8,88,88,-2255.950608727944,-2255.950608727944,2016,2.2,22.0,cold,cold,cold:pipeline,0,88,"[-0.912479, -18.892935, 0.641161, 2.254134, 1.104147, 2.547333, -0.303443, -5.161127]","[-0.912479, -18.892935, 0.641161, 2.254134, 1.104147, 2.547333, -0.303443, -5.161127]"
M2S,"{""omega"": 0.0}",4,500004,outer,M3V,8,88,52,12,-9902.974549282635,-9902.974549110306,1.723292371025309e-07,0,1,8,88,88,-2216.181241404755,-2216.1809818002002,2016,1.7,16.9,cold,challenge,challenge,0,88,"[-0.920654, -21.877232, 0.655657, 3.106674, 0.860569, 2.472948, -0.606524, -0.243761]","[-0.920653, -20.948068, 0.655652, 3.106762, 0.860598, 2.472941, -0.606523, -0.243763]"
M2S,"{""omega"": 0.0}",5,500005,inner,M2B,4,84,38,14,-7186.7557460330345,-7186.7557460330345,0.0,0,1,4,84,83,-2597.0685456056567,-2597.0685456056567,2352,0.1,2.5,cold,cold,cold:pipeline,0,84,"[3.005138, 1.602081, 1.994102, 0.146861, 0.755616, 0.98538]","[3.005138, 1.602081, 1.994102, 0.146861, 0.755616, 0.98538]"
M2S,"{""omega"": 0.0}",5,500005,inner,M2H,4,84,38,14,-7186.718725872664,-7186.718725872146,5.184119800105691e-10,0,1,4,84,81,-2596.9555860668593,-2596.9556533241766,2352,28.7,678.5,cold,extra,extra,0,84,"[3.005186, 1.602151, 1.994357, 0.146832, 0.755471, 0.985502, -3.287516]","[3.005186, 1.60215, 1.994358, 0.146832, 0.755471, 0.985502, -3.287516]"
M2S,"{""omega"": 0.0}",5,500005,inner,M2K,4,84,38,14,-7185.820691581806,-7185.82069136857,2.1323648979887366e-07,0,1,4,84,17,-2597.2923110016595,-2597.2922467372878,2352,0.4,10.6,cold,challenge,challenge,1,84,"[3.025795, 1.607652, 2.386312, 0.170614, 0.766443, 1.470666, -0.4037, -0.230233]","[3.025798, 1.607666, 2.386344, 0.170622, 0.766447, 1.470709, -0.403729, -0.230255]"
M2S,"{""omega"": 0.0}",5,500005,inner,M2S,4,84,38,14,-7186.755747063486,-7186.755746448447,6.150385161163285e-07,0,1,4,84,84,-2597.0682279570397,-2597.068611814195,2352,25.9,500.3,cold,extra,extra,0,84,"[3.005146, 1.602051, 1.994107, 0.146861, 0.755616, 0.985383, -10.831725]","[3.005135, 1.602095, 1.994095, 0.14686, 0.755616, 0.985375, -11.344523]"
M2S,"{""omega"": 0.0}",5,500005,inner,M3,4,84,38,14,-7365.556495370013,-7365.554533722431,0.00196164758199302,0,1,4,84,51,-2652.4726555626658,-2652.4721757251177,2352,0.7,14.3,cold,challenge,challenge,0,84,"[1.999589, 26941.85018, -0.960449, -2.432902, 3.45553, 0.964135, 0.767063]","[1.999766, 49897.367551, -0.960451, -2.432932, 3.455588, 0.96425, 0.767063]"
M2S,"{""omega"": 0.0}",5,500005,inner,M3H,4,84,38,14,-7408.039542381595,-7408.039542033152,3.4844288165913895e-07,0,1,4,84,84,-2668.1114680993987,-2668.1123449773904,2352,87.5,1693.8,cold,extra,extra,0,84,"[-0.897409, -18.362838, 0.626813, 2.337374, 1.231491, 2.574315, -0.294264, -20.788879]","[-0.897415, -20.837413, 0.626815, 2.337404, 1.231478, 2.574294, -0.294261, -22.330459]"
M2S,"{""omega"": 0.0}",5,500005,inner,M3L,4,84,38,14,-7408.039544655389,-7408.039542251865,2.4035243768594228e-06,0,1,4,84,84,-2668.1110802868475,-2668.111150153245,2352,0.6,13.3,cold,extra,extra,0,84,"[-0.897404, -16.722722, 0.626813, 2.337411, 1.231504, 2.574327, -0.294263, -5.051278]","[-0.897409, -18.559346, 0.626815, 2.337381, 1.231466, 2.574311, -0.294264, -5.151665]"
M2S,"{""omega"": 0.0}",5,500005,inner,M3V,4,84,38,14,-7276.4284356916305,-7276.4284356916305,0.0,0,1,4,84,84,-2630.3140911349683,-2630.3140911349683,2352,0.5,9.4,cold,cold,cold:pipeline,0,84,"[-0.918051, -19.248154, 0.642094, 2.607884, 1.014972, 2.470037, -0.597427, -0.249674]","[-0.918051, -19.248154, 0.642094, 2.607884, 1.014972, 2.470037, -0.597427, -0.249674]"
M2S,"{""omega"": 0.0}",5,500005,outer,M2B,8,88,52,12,-9782.343893696041,-9782.343893695972,6.912159733474255e-11,0,1,8,88,87,-2270.4229190166243,-2270.4229115500752,2016,0.3,3.9,cold,challenge,challenge,0,88,"[3.033771, 1.600509, 1.986566, 0.144413, 0.749902, 0.995635]","[3.033771, 1.600508, 1.986566, -0.144413, -0.749902, 0.995635]"
M2S,"{""omega"": 0.0}",5,500005,outer,M2H,8,88,52,12,-9782.154489417519,-9782.154489417519,0.0,0,1,8,88,87,-2270.2842325470756,-2270.2842325470756,2016,101.6,1067.4,cold,cold,cold:pipeline,0,88,"[3.0337, 1.600417, 1.987141, -0.144343, -0.749617, 0.995863, -2.944255]","[3.0337, 1.600417, 1.987141, -0.144343, -0.749617, 0.995863, -2.944255]"
M2S,"{""omega"": 0.0}",5,500005,outer,M2K,8,88,52,12,-9781.543774329066,-9781.543774329066,0.0,0,1,8,88,33,-2271.058274564432,-2271.058274564432,2016,1.9,23.0,cold,cold,cold:pipeline,1,88,"[3.051759, 1.602734, 2.308983, 0.163424, 0.757969, 1.43579, -0.404937, -0.182041]","[3.051759, 1.602734, 2.308983, 0.163424, 0.757969, 1.43579, -0.404937, -0.182041]"
M2S,"{""omega"": 0.0}",5,500005,outer,M2S,8,88,52,12,-9782.343894682246,-9782.343894198813,4.834328137803823e-07,0,1,8,88,86,-2270.4228655167553,-2270.4228257817344,2016,88.0,877.8,cold,extra,extra,0,88,"[3.033769, 1.600504, 1.986568, 0.144415, 0.749904, 0.995636, -11.025504]","[3.03377, 1.600513, 1.98656, 0.144412, 0.749902, 0.995631, -11.437391]"
M2S,"{""omega"": 0.0}",5,500005,outer,M3,8,88,52,12,-10016.598551623236,-10016.596550089609,0.002001533626753371,0,1,8,88,39,-2318.488256374776,-2318.4935219566655,2016,2.4,22.9,cold,extra,extra,0,88,"[1.999619, 29297.826676, -0.945178, -2.440616, 3.480127, 0.938869, 0.761588]","[1.999768, 50488.810577, -0.94518, -2.440663, 3.48025, 0.938868, 0.761588]"
M2S,"{""omega"": 0.0}",5,500005,outer,M3H,8,88,52,12,-10074.779569891152,-10074.779569629129,2.620236045913771e-07,0,1,8,88,88,-2339.9103200068935,-2339.9104209670927,2016,316.0,2854.5,cold,extra,extra,0,88,"[-0.884662, -18.521841, 0.627816, 2.365215, 1.183482, 2.590168, -0.301602, -20.042417]","[-0.884664, -18.922688, 0.627821, 2.365231, 1.183466, 2.590157, -0.3016, -17.805056]"
M2S,"{""omega"": 0.0}",5,500005,outer,M3L,8,88,52,12,-10074.779569896218,-10074.779569243436,6.527825462399051e-07,0,1,8,88,88,-2339.9108081868067,-2339.9106973941125,2016,1.8,18.0,cold,extra,extra,0,88,"[-0.884657, -18.328145, 0.627815, 2.365307, 1.183491, 2.590175, -0.301599, -5.156389]","[-0.884659, -19.943507, 0.627816, 2.365175, 1.183496, 2.590168, -0.301602, -5.26072]"
M2S,"{""omega"": 0.0}",5,500005,outer,M3V,8,88,52,12,-9905.089471689133,-9905.089471439554,2.4957807909231633e-07,0,1,8,88,88,-2304.2009775475267,-2304.200754452012,2016,1.4,14.1,cold,challenge,challenge,0,88,"[-0.901831, -19.816784, 0.641617, 2.671285, 0.983464, 2.496032, -0.594404, -0.258528]","[-0.901835, -25.195522, 0.641622, 2.67132, 0.983444, 2.496022, -0.594406, -0.258525]"
M2S,"{""omega"": 0.5}",0,500000,inner,M2B,4,84,38,14,-7767.665601712375,-7767.665601712364,1.0913936421275139e-11,0,1,4,84,84,-2800.512161914398,-2800.512158334649,2352,0.3,2.4,cold,extra,extra,,,"[2.88131, 1.562771, 2.018424, 0.172671, 0.825984, 0.982694]","[2.88131, 1.562771, 2.018424, 0.172671, 0.825984, 0.982694]"
M2S,"{""omega"": 0.5}",0,500000,inner,M2H,4,84,38,14,-7720.5572363285955,-7720.5572363285955,0.0,0,1,4,84,83,-2800.3381968049175,-2800.3381968049175,2352,28.4,510.9,cold,cold,cold:pipeline,,,"[2.87796, 1.425776, 2.05143, 0.213387, 0.821493, 0.992415, -1.04506]","[2.87796, 1.425776, 2.05143, 0.213387, 0.821493, 0.992415, -1.04506]"
M2S,"{""omega"": 0.5}",0,500000,inner,M2K,4,84,38,14,-7754.585220500559,-7754.585220360783,1.3977660273667425e-07,0,1,4,84,78,-2797.4118833347366,-2797.410908917438,2352,1.1,11.6,cold,extra,extra,,,"[2.885038, 1.558301, 1.813878, 0.222891, 1.095651, 0.359002, 0.904335, -0.020742]","[2.885056, 1.558288, 1.813891, 0.222889, 1.095649, 0.359013, 0.904332, -0.020753]"
M2S,"{""omega"": 0.5}",0,500000,inner,M2S,4,84,38,14,-6774.310071340279,-6774.310071322856,1.7423190001863986e-08,0,1,4,84,84,-2301.3916928879894,-2301.391606435064,2352,17.2,337.1,cold,extra,extra,,,"[2.969279, 1.531816, 2.01763, 0.146794, 0.700073, 0.992237, -0.811427]","[2.969282, 1.531815, 2.017629, 0.146793, 0.700072, 0.992237, -0.811435]"
M2S,"{""omega"": 0.5}",0,500000,inner,M3,4,84,38,14,-7958.529160510658,-7958.528707780379,0.00045273027899384033,0,1,4,84,37,-2856.2325586989555,-2856.2396121765987,2352,1.5,14.5,cold,extra,extra,,,"[1.999684, 39576.80064, -0.966559, -2.343664, 3.35933, 1.020707, 0.841724]","[1.999818, 71799.240405, -0.966642, -2.343315, 3.358953, 1.02078, 0.841726]"
M2S,"{""omega"": 0.5}",0,500000,inner,M3H,4,84,38,14,-7997.044780748596,-7996.646282587786,0.39849816081004974,0,1,4,84,84,-2860.3314379786984,-2858.803653306093,2352,101.1,1723.9,cold,challenge,challenge,,,"[-0.917401, -17.873214, 0.643716, 2.495594, 1.100215, 2.441575, -0.196747, -25.405656]","[-0.918773, -17.210916, 0.643775, 2.394148, 1.125979, 2.44214, -0.199139, -2.452989]"
M2S,"{""omega"": 0.5}",0,500000,inner,M3L,4,84,38,14,-7997.044780768787,-7997.0447797212,1.047586920321919e-06,0,1,4,84,84,-2860.3304587794205,-2860.3308249729,2352,1.1,13.0,cold,extra,extra,,,"[-0.917404, -17.809555, 0.643714, 2.495407, 1.100283, 2.441586, -0.196749, -4.719902]","[-0.917403, -24.034552, 0.643719, 2.495583, 1.100221, 2.441581, -0.196749, -5.771742]"
M2S,"{""omega"": 0.5}",0,500000,inner,M3V,4,84,38,14,-7830.238931465667,-7830.238930797172,6.684949767077342e-07,0,1,4,84,84,-2819.322772797318,-2819.320622970109,2352,0.7,9.4,cold,extra,extra,,,"[-0.92383, -17.939026, 0.658119, 3.305386, 0.848978, 2.352543, -0.544722, -0.124378]","[-0.923828, -23.171096, 0.658128, 3.3053, 0.848915, 2.352547, -0.544714, -0.124388]"
M2S,"{""omega"": 0.5}",0,500000,outer,M2B,8,88,52,12,-10565.071311028878,-10565.071311028814,6.366462912410498e-11,0,1,8,88,88,-3319.249505172382,-3319.2496034377773,2016,0.8,2.1,cold,extra,extra,,,"[2.943331, 1.519275, 2.02816, 0.167022, 0.820424, 0.996636]","[2.943332, 1.519275, 2.02816, 0.167022, 0.820424, 0.996636]"
M2S,"{""omega"": 0.5}",0,500000,outer,M2H,8,88,52,12,-10518.677962540083,-10518.677962539696,3.8744474295526743e-10,0,1,8,88,88,-3264.830309569568,-3264.8301636531914,2016,86.0,810.8,cold,extra,extra,,,"[2.941415, 1.437717, 2.046599, 0.199238, 0.817006, 1.001414, -1.195553]","[2.941415, 1.437717, 2.046598, 0.199238, 0.817006, 1.001413, -1.195552]"
M2S,"{""omega"": 0.5}",0,500000,outer,M2K,8,88,52,12,-10548.769010598011,-10548.769010584165,1.384614733979106e-08,0,1,8,88,75,-3339.730433012905,-3339.7304186975553,2016,2.2,17.1,cold,challenge,challenge,,,"[2.945062, 1.515403, 1.799946, 0.227342, 1.083253, 0.373145, 0.899854, 0.023355]","[2.945063, 1.515408, 1.79994, 0.227344, 1.083256, 0.373141, 0.899861, 0.023358]"
M2S,"{""omega"": 0.5}",0,500000,outer,M2S,8,88,52,12,-9074.310293065835,-9074.310293060798,5.0367816584184766e-09,0,1,8,88,87,-2512.070841610605,-2512.070789837866,2016,48.9,512.2,cold,extra,extra,,,"[2.994193, 1.505001, 2.025088, 0.140153, 0.684475, 0.997896, -0.769265]","[2.994191, 1.505, 2.025088, 0.140154, 0.684476, 0.997895, -0.769265]"
M2S,"{""omega"": 0.5}",0,500000,outer,M3,8,88,52,12,-10811.38078507236,-10811.38015981317,0.0006252591902011773,0,1,8,88,88,-3420.0429411055584,-3420.041616982233,2016,1.8,11.1,cold,challenge,challenge,,,"[1.999602, 29997.146177, -0.960917, -2.398872, 3.437138, 0.963101, 0.834125]","[1.999713, 42890.072847, -0.960921, -2.398623, 3.43687, 0.963134, -0.834125]"
M2S,"{""omega"": 0.5}",0,500000,outer,M3H,8,88,52,12,-10852.134874486157,-10852.134871248174,3.237983037251979e-06,0,1,8,88,23,-3363.476387920044,-3363.475962115427,2016,302.0,2783.3,cold,extra,extra,,,"[-0.914976, -17.474816, 0.649454, 2.223367, 1.126407, 2.49478, -0.214026, -2.188171]","[-0.914995, -27.532308, 0.649461, 2.223436, 1.126338, 2.494743, -0.214024, -2.188426]"
M2S,"{""omega"": 0.5}",0,500000,outer,M3L,8,88,52,12,-10853.726041279155,-10853.72604069455,5.846050044056028e-07,0,1,8,88,88,-3364.2419347372993,-3364.247972533045,2016,2.1,16.7,cold,extra,extra,,,"[-0.913914, -18.619304, 0.649528, 2.300038, 1.098932, 2.492321, -0.211395, -4.925228]","[-0.913915, -20.259019, 0.64953, 2.300118, 1.098902, 2.492328, -0.211397, -5.075271]"
M2S,"{""omega"": 0.5}",0,500000,outer,M3V,8,88,52,12,-10647.236961294926,-10647.236960419428,8.754977898206562e-07,0,1,8,88,88,-3315.4376877281757,-3315.4380396853544,2016,1.6,13.1,cold,challenge,challenge,,,"[-0.919189, -18.307885, 0.663109, 3.146392, 0.829425, 2.401461, -0.546118, -0.136267]","[-0.919189, -23.201213, 0.663105, 3.146494, 0.829444, 2.401451, -0.546113, -0.136267]"
M2S,"{""omega"": 0.5}",1,500001,inner,M2B,4,84,38,14,-8748.516892703501,-8748.516892703412,8.913048077374697e-11,0,1,4,84,84,-3449.788010021555,-3449.788002223416,2352,0.1,2.2,cold,extra,extra,,,"[3.034253, 1.392161, 1.987982, 0.209089, 0.96613, 0.987414]","[3.034253, 1.39216, 1.987982, 0.209089, 0.96613, 0.987414]"
M2S,"{""omega"": 0.5}",1,500001,inner,M2H,4,84,38,14,-8457.925727934577,-8457.925727934533,4.3655745685100555e-11,0,1,4,84,80,-3290.505872673405,-3290.505903192989,2352,23.2,484.2,cold,extra,extra,,,"[2.865102, 1.01655, 2.070957, 0.407979, 0.952536, 0.964079, 0.049988]","[2.865102, 1.016551, 2.070957, 0.407979, 0.952536, 0.964079, 0.049987]"
M2S,"{""omega"": 0.5}",1,500001,inner,M2K,4,84,38,14,-8696.02807639392,-8696.028076391358,2.5629560695961118e-09,0,1,4,84,73,-3464.9748456354837,-3464.9750463334735,2352,0.4,8.6,cold,extra,extra,,,"[3.243861, 1.347717, 2.515543, 0.073706, 1.132308, 0.861934, 0.573144, -0.518191]","[3.24386, 1.347714, 2.515546, 0.073705, 1.132308, 0.861936, 0.573144, -0.518192]"
M2S,"{""omega"": 0.5}",1,500001,inner,M2S,4,84,38,14,-7262.712181264981,-7262.712180858128,4.068533598911017e-07,0,1,4,84,83,-2426.7772265315507,-2426.7773937702523,2352,14.2,304.2,cold,challenge,challenge,,,"[3.040126, 1.429476, 2.023684, 0.166209, 0.757812, 1.000649, -0.739477]","[3.040125, 1.4295, 2.023667, 0.166216, 0.757839, 1.00064, -0.739429]"
M2S,"{""omega"": 0.5}",1,500001,inner,M3,4,84,38,14,-8865.071498328834,-8865.0070492709,0.06444905793432554,0,1,4,84,84,-3491.7581170579792,-3491.7019969861362,2352,4.0,79.1,cold,extra,extra,,,"[-29.427239, 0.07545, -1.004459, -23326.888454, 23328.469176, 0.299027, 0.914232]","[-30.475832, 0.073274, -1.004607, -32406.161411, 32407.7404, 0.299522, 0.914259]"
M2S,"{""omega"": 0.5}",1,500001,inner,M3H,4,84,38,14,-8925.613587067804,-8925.613587067804,0.0,0,1,4,84,84,-3533.01640819087,-3533.01640819087,2352,95.0,1879.4,cold,cold,cold:pipeline,,,"[-0.891796, -19.18022, 0.676121, 0.768555, 1.471832, 2.558596, -0.108896, -1.37912]","[-0.891796, -19.18022, 0.676121, 0.768555, 1.471832, 2.558596, -0.108896, -1.37912]"
M2S,"{""omega"": 0.5}",1,500001,inner,M3L,4,84,38,14,-8932.414200172021,-8932.414200172021,0.0,0,1,4,84,84,-3527.839306193372,-3527.839306193372,2352,0.6,11.5,cold,cold,cold:pipeline,,,"[-0.898026, -19.200073, 0.66199, 0.926917, 1.33664, 2.517385, -0.089849, -3.857912]","[-0.898026, -19.200073, 0.66199, 0.926917, 1.33664, 2.517385, -0.089849, -3.857912]"
M2S,"{""omega"": 0.5}",1,500001,inner,M3V,4,84,38,14,-8765.69104169044,-8765.691041068225,6.222144293133169e-07,0,1,4,84,84,-3457.0591807274695,-3457.0576688241076,2352,0.5,8.9,cold,extra,extra,,,"[-0.875041, -17.406398, 0.627339, 3.111257, 0.784701, 2.453791, -0.41494, 0.05581]","[-0.875049, -19.171455, 0.627342, 3.111404, 0.784723, 2.453778, -0.414941, 0.055811]"
M2S,"{""omega"": 0.5}",1,500001,outer,M2B,8,88,52,12,-12190.72968004045,-12190.72968004045,0.0,0,1,8,88,86,-2474.874032992984,-2474.874032992984,2016,0.3,2.8,cold,cold,cold:pipeline,,,"[3.018088, 1.433785, 2.017533, 0.215729, 0.991043, 1.001536]","[3.018088, 1.433785, 2.017533, 0.215729, 0.991043, 1.001536]"
M2S,"{""omega"": 0.5}",1,500001,outer,M2H,8,88,52,12,-11731.318046364211,-11731.318046350656,1.3555109035223722e-08,0,1,8,88,86,-2428.8287398651437,-2428.8289307095242,2016,71.3,745.4,cold,extra,extra,,,"[2.807652, 0.888753, 2.129174, 0.477791, 0.983528, 0.963456, 0.231886]","[2.80765, 0.888751, 2.129176, 0.477791, 0.983527, 0.963457, 0.231903]"
M2S,"{""omega"": 0.5}",1,500001,outer,M2K,8,88,52,12,-12146.510193454245,-12146.510193450675,3.5706761991605163e-09,0,1,8,88,80,-2468.191092939385,-2468.191422669099,2016,1.4,14.4,cold,extra,extra,,,"[3.181622, 1.417425, 2.488222, 0.095164, 1.142979, 0.87008, 0.510204, -0.438226]","[3.18162, 1.417423, 2.488218, 0.095164, 1.142981, 0.870075, 0.510206, -0.438226]"
M2S,"{""omega"": 0.5}",1,500001,outer,M2S,8,88,52,12,-9686.826647266733,-9686.826647262813,3.919922164641321e-09,0,1,8,88,87,-2034.5023034388828,-2034.5023246955282,2016,45.7,479.7,cold,extra,extra,,,"[3.005135, 1.446605, 2.029597, 0.153967, 0.734245, 0.999869, -0.653042]","[3.005135, 1.446604, 2.029597, 0.153967, 0.734243, 0.999869, -0.653047]"
M2S,"{""omega"": 0.5}",1,500001,outer,M3,8,88,52,12,-12348.401105355271,-12348.40008932057,0.0010160347010241821,0,1,8,88,88,-2502.398683393021,-2502.4190223104274,2016,12.1,121.2,cold,extra,extra,,,"[-29.156259, 0.078742, -1.044514, -28798.917953, 28800.494868, 0.308413, 0.938325]","[-29.35125, 0.078329, -1.044569, -29359.101931, 29360.683598, 0.307022, 0.938355]"
M2S,"{""omega"": 0.5}",1,500001,outer,M3H,8,88,52,12,-12449.062264616045,-12449.06226184301,2.77303479379043e-06,0,1,8,88,24,-2525.4062418429535,-2525.408267060135,2016,267.7,2644.7,cold,challenge,challenge,,,"[-0.92006, -17.707752, 0.694009, 0.836496, 1.400337, 2.524923, -0.074691, -1.652402]","[-0.920032, -20.397475, 0.693999, 0.836448, 1.400366, 2.524964, -0.074692, -1.652109]"
M2S,"{""omega"": 0.5}",1,500001,outer,M3L,8,88,52,12,-12452.313196715877,-12452.313196231173,4.847042873734608e-07,0,1,8,88,88,-2527.2663726014853,-2527.265952472075,2016,1.6,15.5,cold,extra,extra,,,"[-0.921759, -18.284282, 0.68435, 0.935815, 1.34041, 2.504529, -0.063429, -3.670956]","[-0.921759, -18.893259, 0.684348, 0.935819, 1.340415, 2.504532, -0.06343, -3.687453]"
M2S,"{""omega"": 0.5}",1,500001,outer,M3V,8,88,52,12,-12214.181831197891,-12214.18183094647,2.514207153581083e-07,0,1,8,88,88,-2482.2543322117085,-2482.252767001123,2016,1.3,13.4,cold,extra,extra,,,"[-0.898481, -18.5496, 0.643828, 2.969494, 0.790726, 2.405172, -0.415407, 0.091104]","[-0.898479, -18.449818, 0.643822, 2.969391, 0.790771, 2.405189, -0.415407, 0.0911]"
M2S,"{""omega"": 0.5}",2,500002,inner,M2B,4,84,38,14,-9041.79104246038,-9041.791042460198,1.8189894035458565e-10,0,1,4,84,81,-3101.905721603391,-3101.9057059166107,2352,0.1,2.6,cold,extra,extra,0,84,"[2.973659, 1.51245, 2.021824, 0.217141, 1.008568, 1.010079]","[2.973659, 1.512449, 2.021824, 0.217141, 1.008568, 1.010079]"
M2S,"{""omega"": 0.5}",2,500002,inner,M2H,4,84,38,14,-8835.474502466992,-8835.474502466768,2.2373569663614035e-10,0,1,4,83,81,-3124.3986232996936,-3124.398719104606,2352,24.1,521.1,cold,extra,extra,0,84,"[2.693268, 0.95538, 2.090763, 0.467411, 1.011951, 0.933729, 0.06199]","[2.693269, 0.955379, 2.090763, 0.467412, 1.011951, 0.933729, 0.06199]"
M2S,"{""omega"": 0.5}",2,500002,inner,M2K,4,84,38,14,-9027.637210084597,-9027.637209180282,9.043142199516296e-07,0,1,4,84,8,-3101.5041379615504,-3101.5063015638816,2352,0.4,9.9,cold,challenge,challenge,1,84,"[2.991228, 1.532471, 2.730322, 0.258098, 1.014051, 1.884431, -0.518516, -0.299062]","[2.991251, 1.532381, 2.730432, 0.258095, 1.014055, 1.884464, -0.518456, -0.299097]"
M2S,"{""omega"": 0.5}",2,500002,inner,M2S,4,84,38,14,-7393.812273900453,-7393.812273865543,3.491004463285208e-08,0,1,4,84,83,-2646.191166365562,-2646.1912074850457,2352,15.3,306.6,cold,extra,extra,0,84,"[3.002346, 1.496953, 2.022176, 0.171868, 0.772369, 0.999432, -0.615806]","[3.002343, 1.496958, 2.022171, 0.171868, 0.772369, 0.999429, -0.615817]"
M2S,"{""omega"": 0.5}",2,500002,inner,M3,4,84,38,14,-9163.460416960375,-9163.46041693496,2.5414919946342707e-08,0,1,4,84,84,-3149.5982886326756,-3149.598573864425,2352,0.5,9.1,cold,challenge,challenge,0,84,"[-0.07041, 0.419236, -0.983834, -5.318194, 6.649549, 0.552686, 0.936514]","[-0.070438, 0.419234, -0.983831, -5.318269, 6.649625, 0.552686, 0.936514]"
M2S,"{""omega"": 0.5}",2,500002,inner,M3H,4,84,38,14,-9180.215619250583,-9180.215619250583,0.0,0,1,4,84,84,-3174.19544908632,-3174.19544908632,2352,90.7,1823.8,cold,cold,cold:pipeline,0,84,"[-0.923735, -19.35725, 0.742535, 0.622652, 1.627059, 2.53097, -0.09809, -1.021513]","[-0.923735, -19.35725, 0.742535, 0.622652, 1.627059, 2.53097, -0.09809, -1.021513]"
M2S,"{""omega"": 0.5}",2,500002,inner,M3L,4,84,38,14,-9198.321478135556,-9198.321477553012,5.825440894113854e-07,0,1,4,84,84,-3175.4376143470254,-3175.43806268592,2352,0.6,11.7,cold,extra,extra,0,84,"[-0.921608, -18.054062, 0.713623, 0.771193, 1.536447, 2.504808, -0.066588, -4.032499]","[-0.921613, -19.07273, 0.713627, 0.77119, 1.536387, 2.504799, -0.066587, -4.186453]"
M2S,"{""omega"": 0.5}",2,500002,inner,M3V,4,84,38,14,-9044.691359810946,-9044.691358629878,1.181068000732921e-06,0,1,4,84,84,-3138.594258497025,-3138.5940794677645,2352,0.5,9.3,cold,extra,extra,0,84,"[-0.908629, -17.065357, 0.658701, 2.834092, 0.842702, 2.387763, -0.395224, 0.105022]","[-0.908629, -24.85831, 0.658699, 2.834082, 0.842722, 2.387772, -0.395224, 0.105022]"
M2S,"{""omega"": 0.5}",2,500002,outer,M2B,8,88,52,12,-12137.142280006803,-12137.142280006774,2.9103830456733704e-11,0,1,8,88,87,-2501.081152453943,-2501.0811493176034,2016,0.3,3.0,cold,extra,extra,0,88,"[2.967212, 1.486577, 2.029833, 0.206652, 0.982117, 1.006748]","[2.967212, 1.486577, 2.029833, 0.206652, 0.982117, 1.006748]"
M2S,"{""omega"": 0.5}",2,500002,outer,M2H,8,88,52,12,-11944.786311224649,-11944.78631122449,1.5825207810848951e-10,0,1,8,87,85,-2512.102158502815,-2512.1022721066997,2016,64.9,721.9,cold,extra,extra,0,88,"[2.838212, 1.120472, 2.069435, 0.377873, 0.981596, 0.970254, -0.224911]","[2.838211, 1.12047, 2.069436, 0.377873, 0.981596, 0.970254, -0.224912]"
M2S,"{""omega"": 0.5}",2,500002,outer,M2K,8,88,52,12,-12122.3984764081,-12122.39847624116,1.6693957149982452e-07,0,1,8,88,17,-2496.1516435406465,-2496.1516552939333,2016,1.5,15.0,cold,challenge,challenge,1,88,"[2.988946, 1.495231, 2.611052, 0.243663, 0.991442, 1.817833, -0.573695, -0.240267]","[2.988932, 1.495225, 2.611081, 0.243662, 0.991438, 1.817823, -0.57366, -0.240279]"
M2S,"{""omega"": 0.5}",2,500002,outer,M2S,8,88,52,12,-10039.042793005336,-10039.042792964945,4.039065970573574e-08,0,1,8,88,87,-2176.7713366694175,-2176.7713691737536,2016,45.0,501.6,cold,extra,extra,0,88,"[3.003869, 1.458118, 2.036113, 0.163273, 0.764279, 1.007508, -0.65388]","[3.003865, 1.458108, 2.036116, 0.163272, 0.764274, 1.007507, -0.653887]"
M2S,"{""omega"": 0.5}",2,500002,outer,M3,8,88,52,12,-12305.036812334676,-12305.036812325627,9.049472282640636e-09,0,1,8,88,88,-2531.2550633093233,-2531.255374303225,2016,2.2,21.5,cold,extra,extra,0,88,"[-3.727821, 0.259422, -1.022768, -16.980066, 18.448189, 0.39251, 0.915904]","[-3.727378, 0.259435, -1.022769, -16.977826, 18.445937, 0.392518, 0.915905]"
M2S,"{""omega"": 0.5}",2,500002,outer,M3H,8,88,52,12,-12349.2015287734,-12349.20152816788,6.055197445675731e-07,0,1,8,88,88,-2544.8048189299793,-2544.8038400261585,2016,276.6,2905.7,cold,extra,extra,0,88,"[-0.918827, -18.555573, 0.730644, 0.643964, 1.586537, 2.541225, -0.118922, -1.138459]","[-0.918827, -19.366966, 0.730642, 0.643976, 1.586508, 2.541182, -0.118923, -1.138353]"
M2S,"{""omega"": 0.5}",2,500002,outer,M3L,8,88,52,12,-12368.321336991254,-12368.321336991254,0.0,0,1,8,88,88,-2545.359358007955,-2545.359358007955,2016,1.7,16.4,cold,cold,cold:pipeline,0,88,"[-0.918112, -18.632904, 0.706906, 0.769672, 1.512262, 2.514316, -0.092454, -4.212511]","[-0.918112, -18.632904, 0.706906, 0.769672, 1.512262, 2.514316, -0.092454, -4.212511]"
M2S,"{""omega"": 0.5}",2,500002,outer,M3V,8,88,52,12,-12177.445188534663,-12177.445187130284,1.4043780538486317e-06,0,1,8,88,88,-2524.588513616198,-2524.58940850058,2016,1.4,14.2,cold,extra,extra,0,88,"[-0.909872, -18.066805, 0.655259, 2.896834, 0.848562, 2.396372, -0.394494, 0.068435]","[-0.909873, -23.15391, 0.655251, 2.896527, 0.848615, 2.396373, -0.394502, 0.068436]"
M2S,"{""omega"": 0.5}",3,500003,inner,M2B,4,84,38,14,-8526.583869093765,-8526.583869093765,0.0,0,1,4,84,84,-3123.8461210606165,-3123.8461210606165,2352,0.1,2.2,cold,cold,cold:pipeline,0,84,"[3.026371, 1.645543, 1.936334, 0.226598, 0.941947, 0.945294]","[3.026371, 1.645543, 1.936334, 0.226598, 0.941947, 0.945294]"
M2S,"{""omega"": 0.5}",3,500003,inner,M2H,4,84,38,14,-8476.2521755761,-8476.252175575632,4.69299266114831e-10,0,1,4,82,82,-3120.662523462951,-3120.6624705224185,2352,23.8,537.6,cold,extra,extra,0,84,"[2.887539, 1.295371, 1.920173, 0.379683, 0.957676, 0.888712, -0.397196]","[2.887536, 1.29537, 1.920174, 0.379683, 0.957675, 0.888712, -0.397197]"
M2S,"{""omega"": 0.5}",3,500003,inner,M2K,4,84,38,14,-8498.77887778845,-8498.778877680657,1.0779331205412745e-07,0,1,4,84,83,-3121.117449207835,-3121.1175738537686,2352,0.6,11.8,cold,extra,extra,1,84,"[3.039703, 1.641904, 2.349373, 0.252003, 0.97369, 1.776173, -0.885001, -0.115972]","[3.039701, 1.641886, 2.349372, 0.252005, 0.973689, 1.776165, -0.884993, -0.115971]"
M2S,"{""omega"": 0.5}",3,500003,inner,M2S,4,84,38,14,-7047.5964494813925,-7047.596449460198,2.119486453011632e-08,0,1,4,84,84,-2745.031891887136,-2745.0319707003305,2352,15.0,312.5,cold,challenge,challenge,0,84,"[2.981298, 1.600199, 1.976257, 0.157062, 0.730724, 0.975534, -0.703179]","[2.981298, 1.600203, 1.976254, 0.157062, 0.730726, 0.975532, -0.703165]"
M2S,"{""omega"": 0.5}",3,500003,inner,M3,4,84,38,14,-8682.958276371048,-8682.958276370671,3.765308065339923e-10,0,1,4,84,84,-3135.9059847330786,-3135.9060048593483,2352,0.5,8.9,cold,challenge,challenge,0,84,"[0.854162, 0.545377, -0.957723, -3.642078, 4.827005, 0.662533, 0.873141]","[0.854166, 0.545378, -0.957723, -3.642069, 4.826996, 0.662534, 0.873141]"
M2S,"{""omega"": 0.5}",3,500003,inner,M3H,4,84,38,14,-8721.619084966656,-8721.619084886892,7.976450433488935e-08,0,1,4,84,84,-3166.118215414539,-3166.1183139829536,2352,81.2,1551.1,cold,extra,extra,0,84,"[-0.922075, -19.754515, 0.666451, 0.898247, 1.609377, 2.567432, -0.132001, -30.213613]","[-0.922075, -20.11511, 0.666451, 0.898259, 1.609393, 2.567432, -0.132, -55.653486]"
M2S,"{""omega"": 0.5}",3,500003,inner,M3L,4,84,38,14,-8721.619085726645,-8721.619085022841,7.038033800199628e-07,0,1,4,84,84,-3166.1199985941,-3166.118774114462,2352,0.6,11.9,cold,extra,extra,0,84,"[-0.922076, -18.130638, 0.666449, 0.898259, 1.609485, 2.567448, -0.132, -3.759283]","[-0.922072, -19.04202, 0.666449, 0.898256, 1.609416, 2.567443, -0.132001, -3.831335]"
M2S,"{""omega"": 0.5}",3,500003,inner,M3V,4,84,38,14,-8569.874532141004,-8569.874529756446,2.384558683843352e-06,0,1,4,84,84,-3138.7470360650354,-3138.7471574747124,2352,0.4,9.1,cold,extra,extra,0,84,"[-0.901807, -16.995276, 0.608971, 3.032064, 0.931239, 2.444916, -0.478631, 0.041808]","[-0.901802, -20.283302, 0.608969, 3.031965, 0.931283, 2.444936, -0.478627, 0.041808]"
M2S,"{""omega"": 0.5}",3,500003,outer,M2B,8,88,52,12,-11646.321151994165,-11646.321151994147,1.8189894035458565e-11,0,1,8,88,88,-3034.9688763338972,-3034.9688811838596,2016,0.3,2.8,cold,extra,extra,0,88,"[3.006752, 1.494944, 1.980535, 0.211158, 0.934947, 0.968769]","[3.006752, 1.494944, 1.980535, 0.211158, 0.934947, 0.968769]"
M2S,"{""omega"": 0.5}",3,500003,outer,M2H,8,88,52,12,-11589.613884533625,-11589.61388451913,1.4493707567453384e-08,0,1,8,88,84,-3002.6289525053294,-3002.629024977071,2016,72.0,775.0,cold,extra,extra,0,88,"[2.912083, 1.301297, 1.96888, 0.324341, 0.942615, 0.928949, -0.587212]","[2.912086, 1.301296, 1.968878, 0.32434, 0.942615, 0.928948, -0.587206]"
M2S,"{""omega"": 0.5}",3,500003,outer,M2K,8,88,52,12,-11615.632393078922,-11615.63239306646,1.2461896403692663e-08,0,1,8,88,49,-3039.545079537832,-3039.5452818019535,2016,1.7,16.0,cold,extra,extra,1,88,"[3.019734, 1.490066, 2.375532, 0.237483, 0.971164, 1.77237, -0.8595, -0.112415]","[3.019737, 1.490071, 2.375534, 0.237484, 0.971164, 1.772374, -0.859501, -0.11242]"
M2S,"{""omega"": 0.5}",3,500003,outer,M2S,8,88,52,12,-9791.383394902536,-9791.383394902368,1.673470251262188e-10,0,1,8,88,88,-2597.949848022775,-2597.949844676922,2016,43.0,449.7,cold,challenge,challenge,0,88,"[2.987237, 1.557168, 1.991938, 0.15128, 0.741786, 0.986625, -0.73938]","[2.987238, 1.557168, 1.991938, 0.15128, 0.741786, 0.986625, -0.73938]"
M2S,"{""omega"": 0.5}",3,500003,outer,M3,8,88,52,12,-11816.830279879492,-11816.830279876767,2.724846126511693e-09,0,1,8,88,88,-3094.5483929609413,-3094.548293000872,2016,1.3,12.7,cold,challenge,challenge,0,88,"[0.080972, 0.461337, -0.967403, -5.006035, 6.252575, 0.566062, 0.866158]","[0.080978, 0.461337, -0.967401, -5.006024, 6.252564, 0.566062, 0.866158]"
M2S,"{""omega"": 0.5}",3,500003,outer,M3H,8,88,52,12,-11885.320820950612,-11885.320820657249,2.9336297302506864e-07,0,1,8,88,88,-3093.124686034452,-3093.1242075851637,2016,249.1,2461.9,cold,extra,extra,0,88,"[-0.927314, -19.258916, 0.677261, 0.895994, 1.442169, 2.513385, -0.140365, -48.236923]","[-0.927316, -20.901152, 0.67726, 0.895987, 1.442186, 2.513385, -0.140364, -21.499008]"
M2S,"{""omega"": 0.5}",3,500003,outer,M3L,8,88,52,12,-11885.320821024017,-11885.320820690118,3.3389915188308805e-07,0,1,8,88,88,-3093.126949078346,-3093.1241877564207,2016,1.7,16.6,cold,extra,extra,0,88,"[-0.927321, -18.934764, 0.677263, 0.896019, 1.442157, 2.513372, -0.140366, -3.708737]","[-0.927311, -20.05213, 0.677261, 0.896001, 1.442174, 2.5134, -0.140364, -3.787165]"
M2S,"{""omega"": 0.5}",3,500003,outer,M3V,8,88,52,12,-11704.803485066197,-11704.803484457467,6.087302608648315e-07,0,1,8,88,88,-3047.6979706421575,-3047.6968317076744,2016,1.4,14.1,cold,extra,extra,0,88,"[-0.905506, -18.021195, 0.629116, 3.097799, 0.834233, 2.407301, -0.458598, 0.021267]","[-0.905508, -18.713762, 0.629114, 3.097777, 0.834251, 2.407285, -0.458601, 0.02127]"
M2S,"{""omega"": 0.5}",4,500004,inner,M2B,4,84,38,14,-8506.108779070408,-8506.108779070379,2.9103830456733704e-11,0,1,4,84,83,-3469.6542227743844,-3469.654227420275,2352,0.1,3.1,cold,extra,extra,0,84,"[3.019986, 1.656167, 1.97643, 0.176239, 0.927144, 0.989349]","[3.019986, 1.656167, 1.97643, 0.176239, 0.927144, 0.989349]"
M2S,"{""omega"": 0.5}",4,500004,inner,M2H,4,84,38,14,-8306.307052400654,-8306.307052399894,7.60337570682168e-10,0,1,4,83,83,-3450.382680523633,-3450.38272004954,2352,32.2,635.9,cold,extra,extra,0,84,"[2.84852, 1.205443, 2.00274, 0.376665, 0.925688, 0.943933, -0.015498]","[2.848515, 1.205442, 2.00274, 0.376665, 0.925688, 0.943933, -0.015499]"
M2S,"{""omega"": 0.5}",4,500004,inner,M2K,4,84,38,14,-8478.802700138298,-8477.635942043133,1.166758095165278,1,1,4,84,14,-3461.2558613325255,-3462.5975974684184,2352,0.5,11.2,cold,challenge,challenge,1,84,"[3.033848, 1.650506, 1.913481, 0.172788, 1.195485, 0.380891, 0.826944, -0.176207]","[3.297162, 1.617476, 2.973385, 0.062108, 1.054491, 1.401258, 0.337135, -0.580719]"
M2S,"{""omega"": 0.5}",4,500004,inner,M2S,4,84,38,14,-6764.665836207425,-6764.6658362058415,1.583430275786668e-09,0,1,4,84,84,-3081.1955869782228,-3081.195568395642,2352,19.2,431.2,cold,challenge,challenge,0,84,"[3.011938, 1.53862, 1.996118, 0.148114, 0.700363, 0.978749, -0.614221]","[3.011939, 1.538618, 1.996119, 0.148114, 0.700366, 0.97875, -0.61422]"
M2S,"{""omega"": 0.5}",4,500004,inner,M3,4,84,38,14,-8611.387106066188,-8611.387106020833,4.5354681788012385e-08,0,1,4,84,84,-3515.818009985894,-3515.8175902312996,2352,0.5,9.5,cold,extra,extra,0,84,"[1.672117, 0.819942, -0.925302, -2.403141, 3.534713, 0.849595, 0.876657]","[1.672081, 0.819925, -0.925302, -2.403181, 3.534759, 0.849576, 0.876657]"
M2S,"{""omega"": 0.5}",4,500004,inner,M3H,4,84,38,14,-8638.70237348151,-8638.70237251365,9.678606147645041e-07,0,1,4,84,84,-3519.1824647075655,-3519.1822092009584,2352,128.7,2495.1,cold,challenge,challenge,0,84,"[-0.920101, -18.127837, 0.684218, 0.977915, 1.496899, 2.548661, -0.146112, -1.580492]","[-0.920099, -19.113814, 0.684221, 0.977879, 1.496829, 2.548672, -0.146115, -1.580419]"
M2S,"{""omega"": 0.5}",4,500004,inner,M3L,4,84,38,14,-8642.867513581758,-8642.867513065583,5.161746230442077e-07,0,1,4,84,84,-3522.3962386252033,-3522.3964674303948,2352,0.7,15.1,cold,extra,extra,0,84,"[-0.915939, -18.274826, 0.670748, 1.112721, 1.484928, 2.547373, -0.132535, -3.971012]","[-0.915945, -19.46346, 0.670749, 1.112747, 1.48491, 2.547382, -0.132533, -4.022244]"
M2S,"{""omega"": 0.5}",4,500004,inner,M3V,4,84,38,14,-8524.1239910233,-8524.123990443068,5.802321538794786e-07,0,1,4,84,84,-3480.32989748755,-3480.327960585676,2352,0.6,11.6,cold,extra,extra,0,84,"[-0.898482, -18.204163, 0.652629, 3.482651, 0.833213, 2.477433, -0.41993, -0.00275]","[-0.898482, -24.370377, 0.652621, 3.482699, 0.833236, 2.47742, -0.419927, -0.002747]"
M2S,"{""omega"": 0.5}",4,500004,outer,M2B,8,88,52,12,-11962.78994881302,-11962.789948812766,2.546585164964199e-10,0,1,8,88,87,-2494.3102303296473,-2494.310242015835,2016,0.3,3.4,cold,extra,extra,0,88,"[2.9947, 1.597104, 1.986263, 0.180819, 0.962761, 0.980585]","[2.994699, 1.597104, 1.986262, 0.180819, 0.962761, 0.980585]"
M2S,"{""omega"": 0.5}",4,500004,outer,M2H,8,88,52,12,-11740.319793607152,-11740.319793604987,2.164597390219569e-09,0,1,8,87,87,-2457.56885134377,-2457.5689515278355,2016,77.3,875.0,cold,extra,extra,0,88,"[2.812161, 1.187688, 2.015029, 0.370481, 0.963432, 0.931786, -0.067148]","[2.812158, 1.187688, 2.01503, 0.370481, 0.963432, 0.931787, -0.067149]"
M2S,"{""omega"": 0.5}",4,500004,outer,M2K,8,88,52,12,-11926.814377183588,-11926.81437716539,1.8197169993072748e-08,0,1,8,88,83,-2491.4289319353807,-2491.428932683798,2016,1.5,18.8,cold,extra,extra,1,88,"[3.010148, 1.586981, 1.91595, 0.179333, 1.250961, 0.338869, 0.836963, -0.172828]","[3.010153, 1.586966, 1.915963, 0.17933, 1.250957, 0.33888, 0.836954, -0.172835]"
M2S,"{""omega"": 0.5}",4,500004,outer,M2S,8,88,52,12,-9844.886242623728,-9844.886242622932,7.967173587530851e-10,0,1,8,88,87,-1858.7940682830983,-1858.7940559088897,2016,50.5,554.2,cold,extra,extra,0,88,"[3.002432, 1.531578, 2.006111, 0.153462, 0.74874, 0.980472, -0.65564]","[3.002432, 1.531578, 2.006111, 0.153462, 0.74874, 0.980472, -0.655638]"
M2S,"{""omega"": 0.5}",4,500004,outer,M3,8,88,52,12,-12113.546830693487,-12113.546830692205,1.2823875294998288e-09,0,1,8,88,88,-2517.8204730683333,-2517.8204761492707,2016,1.4,14.4,cold,extra,extra,0,88,"[1.473201, 0.708535, -0.940019, -2.63557, 3.784072, 0.789626, 0.907508]","[1.473192, 0.708532, -0.94002, -2.635583, 3.784087, 0.789623, 0.907508]"
M2S,"{""omega"": 0.5}",4,500004,outer,M3H,8,88,52,12,-12144.589590197887,-12144.589589142686,1.055201209965162e-06,0,1,8,88,88,-2531.6895373057123,-2531.6901148689817,2016,362.9,3647.9,cold,extra,extra,0,88,"[-0.92618, -18.472991, 0.691631, 0.853411, 1.536235, 2.526541, -0.11513, -1.424194]","[-0.926184, -19.434536, 0.691636, 0.853437, 1.536292, 2.526546, -0.115129, -1.424235]"
M2S,"{""omega"": 0.5}",4,500004,outer,M3L,8,88,52,12,-12152.103515797491,-12152.103515747605,4.9885784392245114e-08,0,1,8,88,88,-2533.862943089071,-2533.862842272059,2016,2.3,21.9,cold,extra,extra,0,88,"[-0.921149, -18.532409, 0.672626, 1.001797, 1.528044, 2.524732, -0.097419, -4.170509]","[-0.921147, -18.715898, 0.672625, 1.00176, 1.528102, 2.524734, -0.097421, -4.235054]"
M2S,"{""omega"": 0.5}",4,500004,outer,M3V,8,88,52,12,-11991.081756809566,-11991.081756436222,3.7334393709897995e-07,0,1,8,88,88,-2506.455929567021,-2506.4576460766366,2016,1.9,18.1,cold,extra,extra,0,88,"[-0.911539, -18.262129, 0.659766, 3.273573, 0.794839, 2.443865, -0.373925, 0.02945]","[-0.911547, -18.4929, 0.659777, 3.273541, 0.794807, 2.443846, -0.373927, 0.029455]"
M2S,"{""omega"": 0.5}",5,500005,inner,M2B,4,84,38,14,-8556.124258066857,-8556.124258066524,3.3287506084889174e-10,0,1,4,84,83,-2973.846184765017,-2973.846186054313,2352,0.1,2.1,cold,extra,extra,0,84,"[3.025549, 1.622356, 2.000538, 0.167754, 0.935986, 0.986915]","[3.02555, 1.622355, 2.000539, 0.167754, 0.935986, 0.986915]"
M2S,"{""omega"": 0.5}",5,500005,inner,M2H,4,84,38,14,-8553.954267406023,-8553.954267395544,1.0479197953827679e-08,0,1,4,82,82,-2969.443816542859,-2969.44348524668,2352,26.0,575.8,cold,extra,extra,0,84,"[3.019843, 1.588968, 2.006994, 0.176976, 0.935529, 0.987484, -1.93745]","[3.019843, 1.588965, 2.006991, 0.176977, 0.935529, 0.987481, -1.937439]"
M2S,"{""omega"": 0.5}",5,500005,inner,M2K,4,84,38,14,-8542.100338970999,-8542.100338965614,5.384208634495735e-09,0,1,4,84,62,-2972.3829398824587,-2972.3829237145765,2352,0.5,9.4,cold,challenge,challenge,1,84,"[3.0302, 1.620887, 2.281365, 0.190142, 0.999179, 1.730432, -0.888284, -0.059131]","[3.0302, 1.620881, 2.281359, 0.190141, 0.99918, 1.730431, -0.888292, -0.059124]"
M2S,"{""omega"": 0.5}",5,500005,inner,M2S,4,84,38,14,-7353.822510894062,-7353.822510888744,5.318725015968084e-09,0,1,4,84,84,-2384.27787570945,-2384.2778693906594,2352,14.9,312.4,cold,extra,extra,0,84,"[3.006687, 1.57248, 1.991119, 0.149868, 0.765099, 0.988078, -0.753027]","[3.006687, 1.572481, 1.991118, 0.149867, 0.765095, 0.988077, -0.753023]"
M2S,"{""omega"": 0.5}",5,500005,inner,M3,4,84,38,14,-8650.38451338729,-8650.384513385583,1.7062120605260134e-09,0,1,4,84,84,-3008.7458176577575,-3008.7458651067655,2352,0.4,7.4,cold,extra,extra,0,84,"[1.638169, 0.636507, -0.937082, -2.464143, 3.623443, 0.872504, 0.861005]","[1.638178, 0.636508, -0.937081, -2.464131, 3.62343, 0.872507, 0.861006]"
M2S,"{""omega"": 0.5}",5,500005,inner,M3H,4,84,38,14,-8676.051900670955,-8676.051900163493,5.07461663801223e-07,0,1,4,84,84,-3024.801710865007,-3024.8027313036555,2352,78.6,1575.5,cold,extra,extra,0,84,"[-0.930228, -18.065566, 0.694391, 0.839212, 1.626281, 2.566096, -0.14953, -37.961309]","[-0.930231, -19.420102, 0.694395, 0.839183, 1.626263, 2.566091, -0.149531, -42.527641]"
M2S,"{""omega"": 0.5}",5,500005,inner,M3L,4,84,38,14,-8676.051900260805,-8676.05190005821,2.025954017881304e-07,0,1,4,84,84,-3024.8019099640046,-3024.802392666901,2352,0.5,11.1,cold,extra,extra,0,84,"[-0.930228, -18.796532, 0.694393, 0.839208, 1.626218, 2.5661, -0.149528, -4.462345]","[-0.930231, -19.67026, 0.694395, 0.839187, 1.626282, 2.566096, -0.149532, -4.499704]"
M2S,"{""omega"": 0.5}",5,500005,inner,M3V,4,84,38,14,-8612.697700131179,-8612.697700131179,0.0,0,1,4,84,84,-2994.8695203700377,-2994.8695203700377,2352,0.5,9.0,cold,cold,cold:pipeline,0,84,"[-0.92697, -20.23995, 0.651612, 2.66804, 0.976032, 2.480897, -0.365467, -0.02157]","[-0.92697, -20.23995, 0.651612, 2.66804, 0.976032, 2.480897, -0.365467, -0.02157]"
M2S,"{""omega"": 0.5}",5,500005,outer,M2B,8,88,52,12,-11524.971575628271,-11524.97157562824,3.092281986027956e-11,0,1,8,88,87,-2652.5091500298436,-2652.5091493448294,2016,0.3,3.8,cold,extra,extra,0,88,"[3.054068, 1.656562, 1.97653, 0.165834, 0.91528, 0.991126]","[3.054068, 1.656562, 1.97653, 0.165834, 0.91528, 0.991125]"
M2S,"{""omega"": 0.5}",5,500005,outer,M2H,8,88,52,12,-11517.257167290376,-11517.25716728524,5.136826075613499e-09,0,1,8,88,83,-2646.410420019123,-2646.410292805967,2016,120.4,1043.6,cold,challenge,challenge,0,88,"[3.046969, 1.59124, 1.987621, 0.183244, 0.914555, 0.992666, -1.637842]","[3.046967, 1.591239, 1.987622, 0.183244, 0.914555, 0.992666, -1.637827]"
M2S,"{""omega"": 0.5}",5,500005,outer,M2K,8,88,52,12,-11509.636598891966,-11509.636598753004,1.389616954838857e-07,0,1,8,88,43,-2651.186187845933,-2651.1868928554695,2016,1.5,15.7,cold,challenge,challenge,1,88,"[3.057758, 1.653354, 2.231242, 0.184796, 0.972351, 1.687784, -0.852641, -0.046986]","[3.057771, 1.653382, 2.231234, 0.184796, 0.972352, 1.687788, -0.852647, -0.046986]"
M2S,"{""omega"": 0.5}",5,500005,outer,M2S,8,88,52,12,-9736.712349215524,-9736.712349214202,1.3224052963778377e-09,0,1,8,88,85,-2280.15853860427,-2280.1585750930685,2016,51.8,572.0,cold,extra,extra,0,88,"[3.021443, 1.536726, 1.998315, 0.142364, 0.735727, 1.000614, -0.712708]","[3.021443, 1.536728, 1.998315, 0.142363, 0.735726, 1.000614, -0.712705]"
M2S,"{""omega"": 0.5}",5,500005,outer,M3,8,88,52,12,-11654.38247414507,-11654.382474141106,3.963577910326421e-09,0,1,8,88,88,-2694.5854478147776,-2694.5854542191773,2016,1.3,12.5,cold,extra,extra,0,88,"[1.607439, 0.643436, -0.91411, -2.531546, 3.699368, 0.843453, 0.844761]","[1.607438, 0.643437, -0.91411, -2.531549, 3.699371, 0.843451, 0.844761]"
M2S,"{""omega"": 0.5}",5,500005,outer,M3H,8,88,52,12,-11696.463842967853,-11696.462328372247,0.0015145956058404408,0,1,8,88,88,-2709.5912072808815,-2709.5895618749664,2016,265.9,2532.4,cold,challenge,challenge,0,88,"[-0.90867, -18.984888, 0.684617, 0.856646, 1.614336, 2.59567, -0.168988, -21.181866]","[-0.908684, -10.795777, 0.684626, 0.856606, 1.614211, 2.59566, -0.169, -5.063184]"
M2S,"{""omega"": 0.5}",5,500005,outer,M3L,8,88,52,12,-11696.46384296384,-11696.46384259015,3.7368954508565366e-07,0,1,8,88,88,-2709.5912251303907,-2709.5913098856713,2016,1.5,15.5,cold,extra,extra,0,88,"[-0.90867, -18.951107, 0.68462, 0.856674, 1.61429, 2.595678, -0.168985, -4.100629]","[-0.908672, -20.412666, 0.684622, 0.85666, 1.614291, 2.595684, -0.168987, -4.236642]"
M2S,"{""omega"": 0.5}",5,500005,outer,M3V,8,88,52,12,-11602.722275750184,-11602.722275511027,2.391570887994021e-07,0,1,8,88,88,-2672.634079353801,-2672.634017900543,2016,1.4,13.6,cold,challenge,challenge,0,88,"[-0.905547, -18.734847, 0.644911, 2.81896, 0.952666, 2.504975, -0.384068, -0.04229]","[-0.905547, -20.080167, 0.64491, 2.818971, 0.952672, 2.504971, -0.384069, -0.042291]"
M2S,"{""omega"": 1.0}",0,500000,inner,M2B,4,84,38,14,-10086.946791152133,-10086.94679115212,1.2732925824820995e-11,0,1,4,84,84,-3689.741116921037,-3689.741113768595,2352,0.1,2.1,cold,extra,extra,,,"[2.826743, 1.58443, 2.019089, 0.237482, 1.183522, 0.981686]","[2.826743, 1.58443, 2.019089, 0.237482, 1.183522, 0.981686]"
M2S,"{""omega"": 1.0}",0,500000,inner,M2H,4,84,38,14,-9112.11015982222,-9110.521653241201,1.5885065810180095,1,1,2,72,1,-3174.5465729007165,-3177.2939717834647,2352,91.2,1824.4,cold,extra,extra,,,"[5.94336, 0.371095, 3.365482, 0.936674, 1.154817, 0.984647, 1.463396]","[5.246681, 0.367448, 3.374803, 0.928445, 1.151583, 0.981041, 1.795303]"
M2S,"{""omega"": 1.0}",0,500000,inner,M2K,4,84,38,14,-10047.104251554409,-10047.104251551897,2.5120243662968278e-09,0,1,4,84,76,-3688.448331736894,-3688.4483283466884,2352,0.5,11.1,cold,extra,extra,,,"[2.861306, 1.5785, 1.864995, 0.260255, 1.602321, 0.158993, 0.845294, -0.146573]","[2.86131, 1.578509, 1.865001, 0.260252, 1.602318, 0.158998, 0.84529, -0.146578]"
M2S,"{""omega"": 1.0}",0,500000,inner,M2S,4,84,38,14,-6441.306916958426,-6441.306916958067,3.5925040720030665e-10,0,1,4,84,82,-1921.705340160663,-1921.7053496134988,2352,19.3,404.3,cold,challenge,challenge,,,"[2.999484, 1.516151, 2.016626, 0.13931, 0.662017, 0.997668, -0.115486]","[2.999484, 1.516151, 2.016626, 0.13931, 0.662017, 0.997668, -0.115486]"
M2S,"{""omega"": 1.0}",0,500000,inner,M3,4,84,38,14,-10212.353124116275,-10212.351475845995,0.0016482702794746729,0,1,4,84,84,-3711.1861383840624,-3711.265258192048,2352,4.1,75.5,cold,extra,extra,,,"[-27.99493, 0.08768, -1.129804, -43477.099249, 43478.602017, 0.33652, 1.147064]","[-27.929016, 0.087835, -1.129776, -43965.031703, 43966.531242, 0.337704, 1.147061]"
M2S,"{""omega"": 1.0}",0,500000,inner,M3H,4,84,38,14,-10239.656773792301,-10239.656773132705,6.595964805455878e-07,0,1,4,84,84,-3723.7838699564995,-3723.7850553175244,2352,90.1,1845.8,cold,extra,extra,,,"[-0.939746, -18.134188, 0.736806, 0.684961, 1.595837, 2.432594, 0.10289, -0.777543]","[-0.93975, -19.690869, 0.736817, 0.684932, 1.595858, 2.43263, 0.102888, -0.777477]"
M2S,"{""omega"": 1.0}",0,500000,inner,M3L,4,84,38,14,-10262.407957367843,-10262.407956276775,1.0910680430242792e-06,0,1,4,84,84,-3720.959651909337,-3720.9587933772555,2352,0.6,12.4,cold,challenge,challenge,,,"[-0.939885, -17.469537, 0.677567, 1.070108, 1.527533, 2.360572, 0.142765, -4.391892]","[-0.939891, -40.307209, 0.67757, 1.070134, 1.527474, 2.360579, 0.142767, -5.934395]"
M2S,"{""omega"": 1.0}",0,500000,inner,M3V,4,84,38,14,-9999.193647148139,-9990.517432018592,8.676215129546108,1,1,4,84,1,-3643.976007498887,-3458.202239900892,2352,0.5,9.5,cold,challenge,challenge,,,"[-0.898513, -17.086489, 0.625741, 2.201856, 1.049459, 2.334132, -0.341363, 0.296749]","[-0.697728, -18.307678, 0.54373, 0.068959, 2.179031, 3.174757, 0.605938, -0.968274]"
M2S,"{""omega"": 1.0}",0,500000,outer,M2B,8,88,52,12,-13773.895008578174,-13773.895008578169,5.4569682106375694e-12,0,1,8,88,88,-7043.030421041588,-7043.030403178318,2016,0.3,2.8,cold,extra,extra,,,"[2.908427, 1.506485, 2.033275, 0.231649, 1.181661, 0.996927]","[2.908427, 1.506485, 2.033275, 0.231649, 1.181661, 0.996927]"
M2S,"{""omega"": 1.0}",0,500000,outer,M2H,8,88,52,12,-12282.332987772312,-12280.831178987959,1.501808784352761,1,1,7,68,2,-4508.474682867402,-4495.825160066193,2016,382.4,3265.5,cold,challenge,challenge,,,"[4.319372, 0.383364, 3.263929, 0.95193, 1.140719, 0.980304, 1.573158]","[6.633241, 0.391312, 3.212926, 0.952797, 1.146222, 0.983769, 1.595459]"
M2S,"{""omega"": 1.0}",0,500000,outer,M2K,8,88,52,12,-13731.932101233702,-13731.932101227922,5.780748324468732e-09,0,1,8,88,67,-7133.884429559869,-7133.885142020277,2016,1.7,16.8,cold,extra,extra,,,"[2.927914, 1.510871, 1.832188, 0.275618, 1.592786, 0.170384, 0.842345, -0.08791]","[2.927911, 1.510872, 1.83218, 0.275621, 1.59279, 0.170379, 0.842351, -0.087902]"
M2S,"{""omega"": 1.0}",0,500000,outer,M2S,8,88,52,12,-8361.647474808788,-8361.64747480855,2.382876118645072e-10,0,1,8,88,86,-2690.2999892150615,-2690.299982496062,2016,53.7,571.8,cold,extra,extra,,,"[3.005108, 1.501187, 2.021702, 0.12892, 0.628308, 0.998566, -0.069781]","[3.005108, 1.501186, 2.021702, 0.12892, 0.628309, 0.998566, -0.06978]"
M2S,"{""omega"": 1.0}",0,500000,outer,M3,8,88,52,12,-13921.627133152537,-13921.616507444369,0.010625708167935954,0,1,8,88,88,-7322.416529656552,-7322.2673159582655,2016,13.6,131.0,cold,extra,extra,,,"[-27.682987, 0.086649, -1.134069, -21635.17755, 21636.747549, 0.314879, 1.136493]","[-28.095658, 0.085607, -1.134187, -24481.12471, 24482.695198, 0.314656, 1.136525]"
M2S,"{""omega"": 1.0}",0,500000,outer,M3H,8,88,52,12,-13960.90044971904,-13960.900448175873,1.5431669453391805e-06,0,1,8,88,88,-7439.33401520332,-7439.3133621857605,2016,290.2,2844.3,cold,extra,extra,,,"[-0.946609, -17.275908, 0.72888, 0.778808, 1.493574, 2.46187, 0.106719, -1.00007]","[-0.946612, -18.399827, 0.728878, 0.778813, 1.493643, 2.461884, 0.106722, -1.000035]"
M2S,"{""omega"": 1.0}",0,500000,outer,M3L,8,88,52,12,-13980.701558349734,-13980.701558349734,0.0,0,1,8,88,88,-7331.391120770626,-7331.391120770626,2016,1.7,15.3,cold,cold,cold:pipeline,,,"[-0.944105, -19.043012, 0.692801, 1.029094, 1.426821, 2.417274, 0.13208, -4.261564]","[-0.944105, -19.043012, 0.692801, 1.029094, 1.426821, 2.417274, 0.13208, -4.261564]"
M2S,"{""omega"": 1.0}",0,500000,outer,M3V,8,88,52,12,-13641.264375858724,-13434.909839215627,206.35453664309716,1,1,8,88,1,-6722.42417690355,-4985.985952201894,2016,1.2,11.7,cold,challenge,challenge,,,"[-0.891237, -17.576603, 0.630078, 2.191977, 0.95298, 2.377757, -0.34971, 0.297734]","[-0.72793, -20.2371, 0.558156, 0.064051, 2.091914, 3.193316, 0.611764, -1.08931]"
M2S,"{""omega"": 1.0}",1,500001,inner,M2B,4,84,38,14,-14042.367638179338,-14042.367638179305,3.2741809263825417e-11,0,1,4,84,83,-5920.679043225668,-5920.679087553632,2352,0.1,2.0,cold,extra,extra,,,"[3.18471, 1.360781, 1.91754, 0.461818, 2.201616, 1.004424]","[3.184711, 1.360781, 1.917541, 0.461818, 2.201615, 1.004424]"
M2S,"{""omega"": 1.0}",1,500001,inner,M2H,4,84,38,14,-10508.311700605418,-10508.311700605418,0.0,0,1,2,35,1,-3994.18268339145,-3994.18268339145,2352,68.4,1517.5,cold,cold,cold:pipeline,,,"[4.872545, 0.566555, 4.020518, 1.481963, 1.584503, 1.658108, 0.965885]","[4.872545, 0.566555, 4.020518, 1.481963, 1.584503, 1.658108, 0.965885]"
M2S,"{""omega"": 1.0}",1,500001,inner,M2K,4,84,38,14,-13862.00150850503,-13862.00150849004,1.4990291674621403e-08,0,1,4,84,79,-5975.050325903295,-5975.050809254677,2352,0.5,14.9,cold,extra,extra,,,"[4.124938, 1.47179, 4.848819, 0.161761, 2.672357, 2.586437, 0.338691, -0.472448]","[4.124939, 1.471787, 4.848821, 0.161764, 2.672356, 2.586443, 0.338689, -0.472449]"
M2S,"{""omega"": 1.0}",1,500001,inner,M2S,4,84,38,14,-7261.895087740706,-7261.895087740679,2.7284841053187847e-11,0,1,4,84,84,-2218.598720978354,-2218.598711471837,2352,19.8,439.2,cold,extra,extra,,,"[3.016274, 1.468247, 2.028073, 0.164084, 0.753502, 1.004533, -0.034786]","[3.016274, 1.468247, 2.028073, 0.164084, 0.753501, 1.004533, -0.034786]"
M2S,"{""omega"": 1.0}",1,500001,inner,M3,4,84,38,14,-14165.54772939816,-14165.481602050686,0.06612734747432114,0,1,4,84,84,-6020.9651962306225,-6020.91712007624,2352,3.6,71.2,cold,extra,extra,,,"[-30.769336, 0.083702, -1.140317, -35466.710364, 35468.287495, 0.300184, 2.189852]","[-32.136181, 0.080725, -1.141307, -59810.108567, 59811.672764, 0.303692, 2.189892]"
M2S,"{""omega"": 1.0}",1,500001,inner,M3H,4,84,38,14,-14191.662555274159,-14191.662547557418,7.716740583418868e-06,0,1,4,84,84,-6032.68695631793,-6032.693375536237,2352,101.2,2025.0,cold,extra,extra,,,"[-0.870335, -14.774314, 0.658129, 0.836799, 1.591262, 2.506133, 0.785687, -1.13818]","[-0.870362, -20.524481, 0.658118, 0.836861, 1.590902, 2.506037, 0.785685, -1.138565]"
M2S,"{""omega"": 1.0}",1,500001,inner,M3L,4,84,38,14,-14193.196186262676,-14193.19618530027,9.624054655432701e-07,0,1,4,84,84,-6033.269222782834,-6033.282074795666,2352,0.6,12.5,cold,extra,extra,,,"[-0.904825, -16.533319, 0.649198, 1.108885, 1.191102, 2.357402, 0.790954, -3.135025]","[-0.90484, -17.006691, 0.649194, 1.108866, 1.191018, 2.357311, 0.790946, -2.755206]"
M2S,"{""omega"": 1.0}",1,500001,inner,M3V,4,84,38,14,-11785.031300955716,-11785.031299777052,1.1786632967414334e-06,0,1,4,84,18,-4459.90296423426,-4459.902100635639,2352,0.4,9.0,cold,extra,extra,,,"[-0.887317, -18.479685, 0.6161, 0.043938, 1.694179, 3.073939, 1.195386, -1.082267]","[-0.887326, -19.257748, 0.616103, 0.043929, 1.69418, 3.073935, 1.195391, -1.082264]"
M2S,"{""omega"": 1.0}",1,500001,outer,M2B,8,88,52,12,-19899.65473579456,-19899.654735794553,7.275957614183426e-12,0,1,8,88,88,-3879.7729294548385,-3879.772912791391,2016,0.3,2.4,cold,extra,extra,,,"[3.147348, 1.613316, 1.928781, 0.53838, 2.391912, 1.003199]","[3.147348, 1.613316, 1.928781, 0.53838, 2.391912, 1.003199]"
M2S,"{""omega"": 1.0}",1,500001,outer,M2H,8,88,52,12,-14474.320868206341,-14474.320868206341,0.0,0,1,5,49,1,-2928.643591069758,-2928.643591069758,2016,244.9,2291.2,cold,cold,cold:pipeline,,,"[6.002425, 0.67048, 3.677292, 1.480895, 1.572479, 1.857045, 1.055165]","[6.002425, 0.67048, 3.677292, 1.480895, 1.572479, 1.857045, 1.055165]"
M2S,"{""omega"": 1.0}",1,500001,outer,M2K,8,88,52,12,-19743.877685300093,-19730.8883971193,12.989288180793665,1,1,8,88,2,-3847.480265091967,-3848.876107045834,2016,1.5,18.2,cold,extra,extra,,,"[3.98192, 1.479489, 5.077671, 0.195183, 2.841338, 2.743636, 0.271075, -0.413031]","[3.318725, 5.218313, 4.949704, 0.203899, 2.886386, 2.728756, 0.233081, -0.438676]"
M2S,"{""omega"": 1.0}",1,500001,outer,M2S,8,88,52,12,-9478.627455388916,-9478.627455388898,1.8189894035458565e-11,0,1,8,88,86,-1824.4828598490824,-1824.4828590876193,2016,63.6,640.1,cold,extra,extra,,,"[3.00235, 1.474331, 2.027082, 0.149243, 0.713644, 1.001095, 0.048774]","[3.00235, 1.474331, 2.027082, 0.149243, 0.713643, 1.001095, 0.048774]"
M2S,"{""omega"": 1.0}",1,500001,outer,M3,8,88,52,12,-20120.23097762592,-20120.21290076311,0.01807686281244969,0,1,8,88,88,-3915.202111502145,-3915.25182186674,2016,9.8,99.3,cold,extra,extra,,,"[-30.526661, 0.079223, -1.251122, -49355.776952, 49357.417076, 0.311596, 2.375419]","[-30.955679, 0.078322, -1.250909, -55975.947507, 55977.587271, 0.311362, 2.375567]"
M2S,"{""omega"": 1.0}",1,500001,outer,M3H,8,88,52,12,-20156.87359787587,-18858.81315232259,1298.0604455532812,1,1,8,88,1,-3931.792409864496,-3719.018587432711,2016,292.1,3070.5,cold,challenge,challenge,,,"[-0.927802, -15.94628, 0.724453, 0.743992, 1.585072, 2.489331, 0.868689, -1.359248]","[-1.623868, -79.686721, 3.115504, -0.264673, 0.158958, 18.895247, 0.690566, 1.31582]"
M2S,"{""omega"": 1.0}",1,500001,outer,M3L,8,88,52,12,-20157.902239966817,-20157.90223838389,1.5829282347112894e-06,0,1,8,88,88,-3931.563133411401,-3931.5535515189886,2016,1.6,16.3,cold,extra,extra,,,"[-0.948579, -16.224422, 0.716656, 0.837406, 1.38399, 2.400486, 0.871421, -2.897487]","[-0.948606, -17.607475, 0.716667, 0.837378, 1.383954, 2.400444, 0.871414, -2.786386]"
M2S,"{""omega"": 1.0}",1,500001,outer,M3V,8,88,52,12,-17643.39961262782,-16189.465058478512,1453.9345541493094,1,1,8,88,10,-3575.789160504337,-3188.5027325109886,2016,1.3,12.7,cold,extra,extra,,,"[-0.03897, -0.178539, -2.7251, 0.138832, 0.659424, 22.943355, 0.277927, 2.146692]","[-0.939304, -19.246841, 0.650205, 0.060025, 1.617617, 3.020707, 1.289355, -1.21339]"
M2S,"{""omega"": 1.0}",2,500002,inner,M2B,4,84,38,14,-13691.184444906565,-13691.184444906434,1.3096723705530167e-10,0,1,4,84,84,-4374.0386385185575,-4374.038526304475,2352,0.1,2.0,cold,extra,extra,0,84,"[2.741551, 1.237193, 2.066109, 0.445355, 2.082591, 0.968428]","[2.74155, 1.237193, 2.066109, 0.445355, 2.082591, 0.968428]"
M2S,"{""omega"": 1.0}",2,500002,inner,M2H,4,84,38,14,-11860.530467257067,-10737.506762890554,1123.023704366513,1,1,1,42,2,-4071.504234807211,-3658.1672192839596,2352,48.1,1410.4,cold,extra,extra,0,84,"[4.703017, 2.620814, 2.659668, 3.603464, 1.368445, 0.279994, 0.699057]","[4.542253, 0.666836, 2.9138, 1.418641, 1.537281, 1.406403, 1.233553]"
M2S,"{""omega"": 1.0}",2,500002,inner,M2K,4,84,38,14,-13649.191419425035,-13626.866157763812,22.325261661222612,1,1,4,84,1,-4365.825288507309,-4362.225126486155,2352,1.0,23.4,cold,extra,extra,1,84,"[2.747913, 1.390463, 3.737536, 0.402163, 1.960547, 2.76133, -0.353206, -0.289468]","[3.154358, 2.318073, 4.691791, 0.182666, 2.413348, 2.595055, 0.130904, -0.455213]"
M2S,"{""omega"": 1.0}",2,500002,inner,M2S,4,84,38,14,-7575.308455387791,-7575.308455381044,6.746631697751582e-09,0,1,4,84,84,-2622.4736140583873,-2622.4736108437305,2352,21.8,391.9,cold,extra,extra,0,84,"[3.002267, 1.489782, 2.01806, 0.176645, 0.79181, 0.994871, 0.074595]","[3.002267, 1.489784, 2.01806, 0.176642, 0.791801, 0.994871, 0.074591]"
M2S,"{""omega"": 1.0}",2,500002,inner,M3,4,84,38,14,-13803.967324258258,-13803.967062394751,0.000261863506239024,0,1,4,84,84,-4411.223729833742,-4411.368695659321,2352,3.7,70.2,cold,challenge,challenge,0,84,"[-30.395879, 0.069989, -1.263771, -43814.294862, 43816.012333, 0.308895, 2.038115]","[-30.788695, 0.069272, -1.264443, -45171.734653, 45173.462154, 0.305952, 2.038364]"
M2S,"{""omega"": 1.0}",2,500002,inner,M3H,4,84,38,14,-13807.911414476463,-13807.911413371708,1.1047541192965582e-06,0,1,4,84,84,-4430.080967719864,-4430.0797088684085,2352,95.9,1955.4,cold,extra,extra,0,84,"[-0.88276, -16.164507, 0.876922, 0.358012, 1.970935, 2.754449, 0.688929, -0.379891]","[-0.882763, -20.081809, 0.876905, 0.358032, 1.970903, 2.754427, 0.68893, -0.379791]"
M2S,"{""omega"": 1.0}",2,500002,inner,M3L,4,84,38,14,-13827.974114597175,-13827.974114504166,9.300856618210673e-08,0,1,4,84,84,-4430.235175592796,-4430.234121113965,2352,0.7,12.8,cold,extra,extra,0,84,"[-0.975419, -16.757412, 0.770536, 0.68484, 1.421368, 2.338604, 0.71587, -3.752072]","[-0.975393, -16.708505, 0.770517, 0.684812, 1.421484, 2.338647, 0.715869, -3.471551]"
M2S,"{""omega"": 1.0}",2,500002,inner,M3V,4,84,38,14,-12992.689277111775,-11991.573730573233,1001.1155465385418,1,1,4,84,17,-4346.647370394692,-3947.7154155621197,2352,0.4,8.0,cold,extra,extra,0,84,"[-0.068281, -0.079647, -0.056427, 0.183483, 2.322067, 15.013429, 0.261916, 1.693164]","[-0.841247, -19.948337, 0.623308, -0.007419, 1.82798, 3.144427, 1.100248, -1.263412]"
M2S,"{""omega"": 1.0}",2,500002,outer,M2B,8,88,52,12,-18007.437936523907,-18007.437936523103,8.039933163672686e-10,0,1,8,88,88,-3542.732467646522,-3542.732805670797,2016,0.3,2.7,cold,extra,extra,0,88,"[2.79344, 1.27492, 2.068668, 0.402891, 1.919238, 0.977]","[2.793439, 1.274917, 2.068669, 0.402892, 1.919239, 0.977001]"
M2S,"{""omega"": 1.0}",2,500002,outer,M2H,8,88,52,12,-14382.600897452654,-14376.133712754588,6.467184698065466,1,1,3,48,1,-2962.57565816498,-2961.354879850433,2016,239.0,2360.5,cold,challenge,challenge,0,88,"[4.313549, 0.623654, 2.752167, 1.399073, 1.519772, 1.215038, 1.473236]","[5.447206, 0.635658, 2.82514, 1.370551, 1.485876, 1.293883, 1.167023]"
M2S,"{""omega"": 1.0}",2,500002,outer,M2K,8,88,52,12,-17959.53672474536,-17933.998282092514,25.538442652847152,1,1,8,88,1,-3531.7491124877133,-3524.7052235099945,2016,3.0,32.7,cold,challenge,challenge,1,88,"[2.848397, 1.432705, 2.042172, 0.338821, 2.535749, -0.047547, 0.556431, -0.232264]","[3.204695, 2.175321, 4.438667, 0.177274, 2.211443, 2.440709, 0.12926, -0.463426]"
M2S,"{""omega"": 1.0}",2,500002,outer,M2S,8,88,52,12,-10196.814385917958,-10196.814385917942,1.6370904631912708e-11,0,1,8,88,88,-2088.6752424355745,-2088.675243476014,2016,58.7,608.3,cold,extra,extra,0,88,"[3.004129, 1.470432, 2.026468, 0.166064, 0.775551, 1.000344, 0.027916]","[3.004129, 1.470432, 2.026468, 0.166064, 0.775551, 1.000343, 0.027916]"
M2S,"{""omega"": 1.0}",2,500002,outer,M3,8,88,52,12,-18157.69379128192,-18157.667594039733,0.02619724218675401,0,1,8,88,88,-3561.5179349480395,-3561.3227101199077,2016,10.6,109.4,cold,challenge,challenge,0,88,"[-30.494751, 0.072294, -1.257226, -42422.180428, 42423.87289, 0.307053, 1.871476]","[-30.49775, 0.072289, -1.259745, -49855.843851, 49857.519288, 0.312294, 1.871015]"
M2S,"{""omega"": 1.0}",2,500002,outer,M3H,8,88,52,12,-18180.4853752103,-18180.485374313565,8.967363100964576e-07,0,1,8,88,88,-3577.7419735672065,-3577.7466452321905,2016,301.2,2878.2,cold,extra,extra,0,88,"[-0.916048, -16.533589, 0.82126, 0.463436, 1.877413, 2.626221, 0.609689, -0.613824]","[-0.916049, -17.234422, 0.821267, 0.463429, 1.877384, 2.626226, 0.609692, -0.613818]"
M2S,"{""omega"": 1.0}",2,500002,outer,M3L,8,88,52,12,-18202.576157111995,-18202.576155664116,1.4478791854344308e-06,0,1,8,88,88,-3578.3956563942015,-3578.390768219861,2016,1.7,17.3,cold,extra,extra,0,88,"[-0.973454, -16.242158, 0.749928, 0.736182, 1.424777, 2.342343, 0.632446, -3.574141]","[-0.973435, -17.551947, 0.749924, 0.73618, 1.424802, 2.342391, 0.632442, -3.647855]"
M2S,"{""omega"": 1.0}",2,500002,outer,M3V,8,88,52,12,-17457.653677772356,-15916.530131758318,1541.1235460140379,1,1,8,88,5,-3486.2054220736354,-3170.01996469743,2016,1.0,11.1,cold,extra,extra,0,88,"[-0.617854, -0.53865, 0.055331, 1.085915, 4.191004, 3.538225, 0.041854, 0.936494]","[-0.819922, -21.374753, 0.614207, 0.006708, 1.826033, 3.168378, 1.024024, -1.255991]"
M2S,"{""omega"": 1.0}",3,500003,inner,M2B,4,84,38,14,-12675.687730556423,-12675.68773055082,5.602487362921238e-09,0,1,4,84,84,-4314.189844928969,-4314.189998485208,2352,0.1,1.9,cold,extra,extra,0,84,"[3.121066, 1.744926, 1.869929, 0.506055, 1.8364, 0.896152]","[3.121069, 1.744923, 1.869926, 0.506057, 1.8364, 0.896152]"
M2S,"{""omega"": 1.0}",3,500003,inner,M2H,4,84,38,14,-10141.561403309574,-10125.594179999558,15.96722331001547,1,1,1,48,1,-3728.362872186709,-3732.0151857121195,2352,89.9,1692.2,cold,extra,extra,0,84,"[4.467697, 0.630992, 2.668612, 1.428129, 1.522249, 1.177902, 1.50254]","[6.180435, 0.547376, 3.160265, 1.383115, 1.485166, 1.270582, 1.49523]"
M2S,"{""omega"": 1.0}",3,500003,inner,M2K,4,84,38,14,-12558.666658537411,-12558.666658468384,6.902700988575816e-08,0,1,4,84,76,-4294.387895731882,-4294.388240148066,2352,0.5,10.9,cold,extra,extra,1,84,"[3.151683, 1.729163, 2.780787, 0.464848, 1.646404, 2.640921, -0.92431, -0.132392]","[3.151674, 1.729168, 2.780778, 0.464852, 1.646401, 2.640913, -0.924314, -0.132393]"
M2S,"{""omega"": 1.0}",3,500003,inner,M2S,4,84,38,14,-6871.741274738706,-6871.741274734744,3.961758920922875e-09,0,1,4,84,84,-2819.5574635830044,-2819.5574414385887,2352,18.9,401.1,cold,extra,extra,0,84,"[2.990487, 1.535597, 2.009318, 0.150972, 0.707883, 0.992993, -0.004738]","[2.990487, 1.535597, 2.009318, 0.150971, 0.707877, 0.992993, -0.004745]"
M2S,"{""omega"": 1.0}",3,500003,inner,M3,4,84,38,14,-12894.41777989577,-12894.376009288051,0.041770607718717656,0,1,4,84,84,-4340.704592056593,-4340.7304270128125,2352,3.7,74.2,cold,extra,extra,0,84,"[-30.192437, 0.073284, -1.318634, -29473.33468, 29474.974578, 0.297926, 1.756479]","[-31.794358, 0.070187, -1.318712, -42681.897016, 42683.548604, 0.294567, 1.756576]"
M2S,"{""omega"": 1.0}",3,500003,inner,M3H,4,84,38,14,-12930.175724839683,-12930.17572372848,1.1112024367321283e-06,0,1,4,82,74,-4366.096891405605,-4366.106928994575,2352,82.9,1764.9,cold,extra,extra,0,84,"[-0.995964, -16.947755, 0.719314, 0.784869, 1.620746, 2.529981, 0.574122, -27.47221]","[-0.995942, -17.5573, 0.719319, 0.784805, 1.620835, 2.530074, 0.574133, -24.831332]"
M2S,"{""omega"": 1.0}",3,500003,inner,M3L,4,84,38,14,-12930.175725604066,-12930.175723407385,2.196680725319311e-06,0,1,4,84,84,-4366.105731444337,-4366.106577821436,2352,0.6,12.4,cold,extra,extra,0,84,"[-0.995994, -15.934412, 0.719337, 0.78488, 1.620554, 2.529949, 0.574133, -3.205546]","[-0.995973, -17.444989, 0.71933, 0.784822, 1.62078, 2.530011, 0.574132, -2.963349]"
M2S,"{""omega"": 1.0}",3,500003,inner,M3V,4,84,38,14,-12262.566725859215,-11108.041340245174,1154.5253856140407,1,1,4,84,16,-4291.565650799499,-4023.7624067043794,2352,0.5,9.4,cold,extra,extra,0,84,"[-0.630581, -14.234248, 0.447345, 1.252666, 2.743392, 3.485751, -0.060691, 0.898159]","[-0.854268, -20.208541, 0.617801, 0.022276, 1.933871, 3.120331, 0.975295, -1.214911]"
M2S,"{""omega"": 1.0}",3,500003,outer,M2B,8,88,52,12,-16969.39445557489,-16969.39445557486,2.9103830456733704e-11,0,1,8,88,88,-4280.25706069089,-4280.257037837133,2016,0.2,2.5,cold,extra,extra,0,88,"[3.05548, 1.475416, 1.939861, 0.454921, 1.742188, 0.930851]","[3.05548, 1.475416, 1.939861, 0.454921, 1.742188, 0.930851]"
M2S,"{""omega"": 1.0}",3,500003,outer,M2H,8,88,52,12,-13868.742448831597,-13841.923587341487,26.818861490110066,1,1,5,54,1,-3563.9578090565274,-3558.3072197819474,2016,237.8,2430.3,cold,extra,extra,0,88,"[4.159117, 0.560861, 2.512062, 1.45808, 1.542515, 0.947903, 1.388258]","[7.166242, 0.578921, 2.856995, 1.328271, 1.445906, 1.20801, 1.241712]"
M2S,"{""omega"": 1.0}",3,500003,outer,M2K,8,88,52,12,-16834.70995415026,-16834.70995414609,4.172761691734195e-09,0,1,8,88,87,-4290.810149683824,-4290.809905707843,2016,1.5,16.8,cold,extra,extra,1,88,"[3.086541, 1.456793, 2.808301, 0.432565, 1.598878, 2.566065, -0.893801, -0.135064]","[3.086539, 1.456796, 2.808301, 0.432566, 1.598878, 2.566065, -0.893802, -0.135064]"
M2S,"{""omega"": 1.0}",3,500003,outer,M2S,8,88,52,12,-9690.38060155681,-9690.380601555855,9.549694368615746e-10,0,1,8,88,88,-2884.023144534938,-2884.0231405387804,2016,55.7,551.8,cold,extra,extra,0,88,"[2.994261, 1.533673, 2.011681, 0.147882, 0.730381, 0.996567, -0.040395]","[2.99426, 1.533673, 2.011681, 0.147882, 0.73038, 0.996567, -0.040392]"
M2S,"{""omega"": 1.0}",3,500003,outer,M3,8,88,52,12,-17214.143021553675,-17214.107555591778,0.03546596189698903,0,1,8,88,88,-4317.824975534128,-4317.76592665666,2016,10.9,106.7,cold,extra,extra,0,88,"[-29.980549, 0.073554, -1.261341, -36124.516145, 36126.143655, 0.306704, 1.670527]","[-30.927917, 0.071682, -1.261858, -44843.931954, 44845.567691, 0.304304, 1.670553]"
M2S,"{""omega"": 1.0}",3,500003,outer,M3H,8,88,52,12,-17275.02435274684,-17275.02435274684,0.0,0,1,8,88,87,-4319.0540836413675,-4319.0540836413675,2016,266.5,2399.5,cold,cold,cold:pipeline,0,88,"[-0.993458, -18.587744, 0.729215, 0.761184, 1.427988, 2.447487, 0.522156, -45.654098]","[-0.993458, -18.587744, 0.729215, 0.761184, 1.427988, 2.447487, 0.522156, -45.654098]"
M2S,"{""omega"": 1.0}",3,500003,outer,M3L,8,88,52,12,-17275.024353106906,-17275.024353106906,0.0,0,1,8,88,88,-4319.052663592163,-4319.052663592163,2016,1.6,15.9,cold,cold,cold:pipeline,0,88,"[-0.993461, -17.617387, 0.729214, 0.761167, 1.428034, 2.447471, 0.522158, -2.959292]","[-0.993461, -17.617387, 0.729214, 0.761167, 1.428034, 2.447471, 0.522158, -2.959292]"
M2S,"{""omega"": 1.0}",3,500003,outer,M3V,8,88,52,12,-16532.179874356043,-15120.142011442655,1412.0378629133884,1,1,8,88,13,-4261.438379489029,-3937.359508074968,2016,1.3,13.3,cold,challenge,challenge,0,88,"[-0.680223, -15.638164, 0.479551, 1.36962, 1.974039, 3.180454, -0.085371, 0.804328]","[-0.834629, -19.845057, 0.61066, 0.025804, 1.918466, 3.119432, 0.929785, -1.158514]"
M2S,"{""omega"": 1.0}",4,500004,inner,M2B,4,84,38,14,-12948.477695402617,-12948.477695402566,5.093170329928398e-11,0,1,4,84,83,-4833.399844908392,-4833.399848254926,2352,0.1,2.6,cold,extra,extra,0,84,"[3.103614, 2.130166, 1.899912, 0.325726, 1.847642, 1.006108]","[3.103614, 2.130166, 1.899912, 0.325726, 1.847642, 1.006108]"
M2S,"{""omega"": 1.0}",4,500004,inner,M2H,4,84,38,14,-9887.86022623746,-9865.37967930307,22.480546934390077,1,1,3,35,1,-4230.037801075798,-4221.859240644145,2352,85.3,1817.6,cold,extra,extra,0,84,"[4.103427, 0.668193, 2.929206, 1.269835, 1.368719, 1.442775, 0.875002]","[4.563917, 0.57256, 3.232129, 1.30717, 1.383347, 1.386699, 1.540572]"
M2S,"{""omega"": 1.0}",4,500004,inner,M2K,4,84,38,14,-12837.900273498057,-12837.90027348073,1.7325874068774283e-08,0,1,4,84,78,-4792.327144992246,-4792.327136088412,2352,0.4,11.1,cold,extra,extra,1,84,"[3.101035, 2.08286, 1.74585, 0.34709, 2.643717, -0.301455, 0.805749, -0.194425]","[3.101034, 2.082857, 1.745858, 0.347084, 2.643711, -0.301453, 0.80575, -0.194425]"
M2S,"{""omega"": 1.0}",4,500004,inner,M2S,4,84,38,14,-6359.286206477961,-6359.286206477654,3.0740920919924974e-10,0,1,4,84,83,-3449.471308488353,-3449.4713057190884,2352,24.6,518.4,cold,extra,extra,0,84,"[3.006333, 1.515323, 2.010796, 0.137854, 0.653923, 0.988858, 0.068387]","[3.006333, 1.515323, 2.010796, 0.137854, 0.653924, 0.988858, 0.068387]"
M2S,"{""omega"": 1.0}",4,500004,inner,M3,4,84,38,14,-13056.384544880808,-13056.375101863374,0.009443017434023204,0,1,4,84,84,-4869.901678827795,-4869.89375978342,2352,5.7,113.6,cold,challenge,challenge,0,84,"[-28.530448, 0.094348, -1.134935, -18614.44968, 18616.083889, 0.29977, 1.835821]","[-29.471284, 0.091762, -1.133694, -24808.475024, 24810.108986, 0.299937, 1.835791]"
M2S,"{""omega"": 1.0}",4,500004,inner,M3H,4,84,38,14,-13067.70772942717,-13067.707728445455,9.817140380619094e-07,0,1,4,84,84,-4869.233949109013,-4869.233222215855,2352,123.4,2348.0,cold,extra,extra,0,84,"[-0.912267, -17.21091, 0.738341, 0.796881, 1.562858, 2.564212, 0.596125, -0.974511]","[-0.912265, -26.301835, 0.738336, 0.796863, 1.562924, 2.564158, 0.596127, -0.974499]"
M2S,"{""omega"": 1.0}",4,500004,inner,M3L,4,84,38,14,-13070.639655783227,-13070.639655072178,7.110484148142859e-07,0,1,4,84,84,-4874.397900646594,-4874.397742667102,2352,0.8,15.2,cold,extra,extra,0,84,"[-0.903625, -16.827256, 0.697681, 0.996013, 1.626487, 2.538414, 0.605341, -3.562063]","[-0.903629, -18.550181, 0.697671, 0.996058, 1.626437, 2.538367, 0.605342, -3.653621]"
M2S,"{""omega"": 1.0}",4,500004,inner,M3V,4,84,38,14,-12342.671081401078,-11036.312462891668,1306.35861850941,1,1,4,84,18,-4793.110428252214,-4646.155060084235,2352,0.5,10.8,cold,extra,extra,0,84,"[-0.053235, 0.413731, -3.912377, 0.149073, 4.417884, 22.141386, 0.254186, 1.82226]","[-0.861348, -20.28675, 0.620324, 0.024445, 1.890587, 3.127958, 1.022118, -1.375128]"
M2S,"{""omega"": 1.0}",4,500004,outer,M2B,8,88,52,12,-17779.96504272303,-17779.96504272287,1.6007106751203537e-10,0,1,8,88,87,-3618.214825121128,-3618.214759806157,2016,0.3,3.4,cold,extra,extra,0,88,"[3.03064, 1.952084, 1.899844, 0.331844, 1.863725, 0.975211]","[3.030639, 1.952085, 1.899844, 0.331844, 1.863725, 0.97521]"
M2S,"{""omega"": 1.0}",4,500004,outer,M2H,8,88,52,12,-14108.833284758433,-14084.720606505009,24.112678253424747,1,1,4,42,1,-2809.721257527347,-2775.6944195051096,2016,237.5,2412.4,cold,challenge,challenge,0,88,"[4.500683, 0.603887, 2.60365, 1.620699, 1.695723, 1.023454, 0.975983]","[4.197666, -0.569885, -3.057486, 1.391189, 1.485153, 1.260228, 1.18274]"
M2S,"{""omega"": 1.0}",4,500004,outer,M2K,8,88,52,12,-17628.036479960567,-17628.036479960567,0.0,0,1,8,88,82,-3598.009019788403,-3598.009019788403,2016,1.4,17.9,cold,cold,cold:pipeline,1,88,"[3.036995, 1.921665, 1.728105, 0.360375, 2.711033, -0.377791, 0.819358, -0.203023]","[3.036995, 1.921665, 1.728105, 0.360375, 2.711033, -0.377791, 0.819358, -0.203023]"
M2S,"{""omega"": 1.0}",4,500004,outer,M2S,8,88,52,12,-9807.993958114996,-9807.993958114956,4.001776687800884e-11,0,1,8,88,88,-1509.5207005283896,-1509.5207079901988,2016,69.3,711.6,cold,challenge,challenge,0,88,"[3.003612, 1.515567, 2.013473, 0.152017, 0.741786, 0.98927, 0.023475]","[3.003612, 1.515567, 2.013472, 0.152017, 0.741787, 0.98927, 0.023475]"
M2S,"{""omega"": 1.0}",4,500004,outer,M3,8,88,52,12,-17924.90167970369,-17924.890024720957,0.01165498273257981,0,1,8,88,86,-3643.6291278516796,-3643.6230171721304,2016,15.3,156.7,cold,extra,extra,0,88,"[-29.683154, 0.084942, -1.144047, -21577.204632, 21578.85075, 0.293481, 1.843962]","[-30.378069, 0.083327, -1.143945, -26441.012647, 26442.658437, 0.293464, 1.843995]"
M2S,"{""omega"": 1.0}",4,500004,outer,M3H,8,88,52,12,-17934.236183647074,-17934.23618326901,3.780623956117779e-07,0,1,8,88,88,-3651.380802246331,-3651.378144383769,2016,380.1,3546.6,cold,extra,extra,0,88,"[-0.910689, -17.292668, 0.762092, 0.621771, 1.671001, 2.58446, 0.593575, -0.649123]","[-0.910695, -18.043862, 0.762094, 0.621776, 1.671069, 2.584447, 0.593571, -0.649087]"
M2S,"{""omega"": 1.0}",4,500004,outer,M3L,8,88,52,12,-17944.069702877016,-17944.069702698045,1.7897036741487682e-07,0,1,8,88,88,-3653.6761285560096,-3653.677000578291,2016,2.2,21.9,cold,extra,extra,0,88,"[-0.908164, -17.1763, 0.690603, 0.921441, 1.673252, 2.504796, 0.611026, -4.007936]","[-0.908151, -17.35209, 0.690599, 0.921459, 1.673284, 2.50484, 0.611027, -3.926042]"
M2S,"{""omega"": 1.0}",4,500004,outer,M3V,8,88,52,12,-15646.894222637164,-15646.894206659272,1.5977891962393187e-05,0,1,8,88,17,-3098.9457680541277,-3098.954070280333,2016,3.2,31.1,cold,extra,extra,0,88,"[-0.831867, -17.469808, 0.613355, 0.0245, 1.921456, 3.148168, 1.009914, -1.166346]","[-0.831889, -20.19666, 0.61338, 0.024521, 1.921293, 3.148197, 1.009905, -1.166296]"
M2S,"{""omega"": 1.0}",5,500005,inner,M2B,4,84,38,14,-11947.962073764764,-11947.962073764706,5.820766091346741e-11,0,1,4,84,84,-4238.240276087688,-4238.240285747914,2352,0.1,2.0,cold,extra,extra,0,84,"[3.08744, 1.672432, 2.003061, 0.261363, 1.593827, 0.989149]","[3.08744, 1.672433, 2.003061, 0.261363, 1.593827, 0.989149]"
M2S,"{""omega"": 1.0}",5,500005,inner,M2H,4,84,38,14,-10160.033303441749,-10160.033303441749,0.0,0,1,3,56,2,-3390.45201737998,-3390.45201737998,2352,111.8,1627.8,cold,cold,cold:pipeline,0,84,"[5.052441, 0.47568, 2.878031, 1.285352, 1.428503, 0.987018, 1.681329]","[5.052441, 0.47568, 2.878031, 1.285352, 1.428503, 0.987018, 1.681329]"
M2S,"{""omega"": 1.0}",5,500005,inner,M2K,4,84,38,14,-11901.372620051352,-11901.372620010257,4.109460860490799e-08,0,1,4,84,55,-4239.934700545153,-4239.934731846969,2352,0.4,12.0,cold,extra,extra,1,84,"[3.091312, 1.656188, 2.370644, 0.268808, 1.62884, 2.230438, -0.977272, -0.008576]","[3.091313, 1.656191, 2.370645, 0.268806, 1.628841, 2.230447, -0.977279, -0.008573]"
M2S,"{""omega"": 1.0}",5,500005,inner,M2S,4,84,38,14,-7458.1456659980395,-7458.145665997763,2.764863893389702e-10,0,1,4,84,84,-2145.9766783520236,-2145.976673950253,2352,18.5,370.1,cold,extra,extra,0,84,"[3.00998, 1.527529, 2.007224, 0.151838, 0.774439, 0.996611, -0.061792]","[3.009979, 1.527529, 2.007224, 0.151838, 0.774438, 0.996611, -0.061791]"
M2S,"{""omega"": 1.0}",5,500005,inner,M3,4,84,38,14,-12015.351264064975,-12015.351210854262,5.321071330399718e-05,0,1,4,84,84,-4279.6608586668835,-4279.661945843986,2352,3.7,74.8,cold,extra,extra,0,84,"[-17.684813, 0.106275, -1.212431, -855.204271, 856.886675, 0.306839, 1.519421]","[-17.812712, 0.105693, -1.212435, -890.179652, 891.862014, 0.30688, 1.519428]"
M2S,"{""omega"": 1.0}",5,500005,inner,M3H,4,84,38,14,-12033.91648456698,-12033.9164834012,1.1657793947961181e-06,0,1,4,84,84,-4287.474093684614,-4287.475259618563,2352,82.6,1654.5,cold,extra,extra,0,84,"[-0.991622, -16.326199, 0.738514, 0.842845, 1.668858, 2.518187, 0.425307, -29.733004]","[-0.99164, -17.805529, 0.738521, 0.842867, 1.668812, 2.5182, 0.425307, -32.858204]"
M2S,"{""omega"": 1.0}",5,500005,inner,M3L,4,84,38,14,-12033.916483574754,-12033.916483209898,3.64856532542035e-07,0,1,4,84,84,-4287.475794567045,-4287.475220182618,2352,0.7,12.8,cold,extra,extra,0,84,"[-0.991656, -17.118899, 0.738524, 0.842896, 1.66868, 2.518119, 0.425306, -3.606663]","[-0.991646, -17.62008, 0.738523, 0.842884, 1.668719, 2.518152, 0.425306, -3.778486]"
M2S,"{""omega"": 1.0}",5,500005,inner,M3V,4,84,38,14,-11815.665943405316,-11047.967672512847,767.6982708924697,1,1,4,84,7,-4177.359896427693,-3703.017741569923,2352,0.4,9.2,cold,extra,extra,0,84,"[-0.808111, -17.032219, 0.548515, 1.544639, 1.917918, 2.745674, -0.033249, 0.62568]","[-0.776964, -20.620082, 0.58365, 0.028938, 2.163327, 3.173921, 0.838627, -1.075657]"
M2S,"{""omega"": 1.0}",5,500005,outer,M2B,8,88,52,12,-16181.51518728405,-16181.515187283949,1.0186340659856796e-10,0,1,8,88,88,-3510.4185275860023,-3510.4185508636733,2016,0.3,3.2,cold,extra,extra,0,88,"[3.116111, 1.721362, 1.962053, 0.272291, 1.560901, 0.992598]","[3.116111, 1.721364, 1.962053, 0.272291, 1.560901, 0.992597]"
M2S,"{""omega"": 1.0}",5,500005,outer,M2H,8,88,52,12,-13536.273448737185,-13536.273448737185,0.0,0,1,7,59,1,-3128.4773494924766,-3128.4773494924766,2016,324.4,2727.3,cold,cold,cold:pipeline,0,88,"[4.99732, 0.478465, 2.939844, 1.244233, 1.369841, 1.030899, 1.639712]","[4.99732, 0.478465, 2.939844, 1.244233, 1.369841, 1.030899, 1.639712]"
M2S,"{""omega"": 1.0}",5,500005,outer,M2K,8,88,52,12,-16136.321748222614,-16136.321748222614,0.0,0,1,8,88,31,-3502.705764861355,-3502.705764861355,2016,1.3,17.4,cold,cold,cold:pipeline,1,88,"[3.12148, 1.711531, 2.333666, 0.277916, 1.571676, 2.165992, -0.895995, -0.018408]","[3.12148, 1.711531, 2.333666, 0.277916, 1.571676, 2.165992, -0.895995, -0.018408]"
M2S,"{""omega"": 1.0}",5,500005,outer,M2S,8,88,52,12,-9602.580393477934,-9602.580393477594,3.4015101846307516e-10,0,1,8,88,88,-2271.6230639579585,-2271.623059532405,2016,58.4,603.5,cold,extra,extra,0,88,"[3.009651, 1.498508, 2.015619, 0.139385, 0.721861, 1.002914, -0.019845]","[3.009651, 1.498508, 2.015619, 0.139385, 0.72186, 1.002914, -0.019846]"
M2S,"{""omega"": 1.0}",5,500005,outer,M3,8,88,52,12,-16290.809920109015,-16290.809919759475,3.4954064176417887e-07,0,1,8,88,88,-3541.017202219036,-3541.0161588034734,2016,3.0,29.2,cold,extra,extra,0,88,"[-6.11728, 0.207778, -1.124048, -31.937846, 33.548347, 0.343165, 1.493376]","[-6.115498, 0.207807, -1.124069, -31.924767, 33.5352, 0.343194, 1.493371]"
M2S,"{""omega"": 1.0}",5,500005,outer,M3H,8,88,52,12,-16316.92064133221,-16316.920639873577,1.458633050788194e-06,0,1,8,88,88,-3552.5322534922684,-3552.532235325192,2016,242.9,2520.6,cold,extra,extra,0,88,"[-0.944729, -16.803308, 0.729439, 0.774978, 1.750404, 2.580338, 0.404615, -22.302722]","[-0.944727, -21.793195, 0.729439, 0.774974, 1.750435, 2.580356, 0.404615, -76.445253]"
M2S,"{""omega"": 1.0}",5,500005,outer,M3L,8,88,52,12,-16316.920640860371,-16316.920640636428,2.2394306142814457e-07,0,1,8,88,88,-3552.531796468861,-3552.532820398983,2016,1.7,16.9,cold,extra,extra,0,88,"[-0.944731, -17.21279, 0.729443, 0.774971, 1.750307, 2.580355, 0.404614, -3.200672]","[-0.944724, -17.53321, 0.729447, 0.774963, 1.750345, 2.580361, 0.404616, -3.469548]"
M2S,"{""omega"": 1.0}",5,500005,outer,M3V,8,88,52,12,-14738.862048347673,-14738.862044866699,3.480974555714056e-06,0,1,8,88,13,-3371.70380149737,-3371.701841755531,2016,1.4,13.8,cold,extra,extra,0,88,"[-0.789246, -18.689009, 0.592732, 0.039112, 2.044587, 3.180011, 0.831304, -1.183026]","[-0.789238, -20.134336, 0.592727, 0.039104, 2.044659, 3.180022, 0.831301, -1.183008]"
M2S,"{""omega"": 2.0}",0,500000,inner,M2B,4,84,38,14,-17546.636147924848,-17546.63614792452,3.2741809263825417e-10,0,1,4,84,84,-6396.435446040661,-6396.435429385497,2352,0.1,2.5,cold,extra,extra,,,"[2.55731, 1.065523, 2.327421, 0.721858, 3.757326, 1.091577]","[2.557312, 1.065522, 2.327422, 0.721858, 3.757326, 1.091578]"
M2S,"{""omega"": 2.0}",0,500000,inner,M2H,4,84,38,14,-11921.358642972313,-11713.765047023771,207.5935959485414,1,1,4,75,1,-4037.8633611614723,-3959.3748629821107,2352,48.1,1234.5,cold,extra,extra,,,"[4.665643, 1.033254, 2.122061, 3.006906, 3.003909, 1.041827, 0.203184]","[7.218454, 1.033037, 3.594262, 1.88516, 1.886702, 2.417597, 0.063587]"
M2S,"{""omega"": 2.0}",0,500000,inner,M2K,4,84,38,14,-17463.86612352785,-17418.27383554872,45.59228797912874,1,1,4,84,3,-6411.419704854211,-6425.6343364519935,2352,0.8,20.0,cold,extra,extra,,,"[3.197401, 1.612544, 2.459753, 0.424575, 5.254801, -0.735833, 0.32431, -0.269201]","[4.422025, 1.342435, 7.701109, 0.199279, 4.67614, 4.393051, 0.229876, -0.32019]"
M2S,"{""omega"": 2.0}",0,500000,inner,M2S,4,84,38,14,-5747.056993764936,-5747.0569937644705,4.656612873077393e-10,0,1,4,84,78,-1156.643684240963,-1156.643706341452,2352,37.4,731.9,cold,extra,extra,,,"[3.001195, 1.502039, 2.021562, 0.124489, 0.591439, 0.999583, 0.578116]","[3.001195, 1.502039, 2.021562, 0.124489, 0.591439, 0.999583, 0.578117]"
M2S,"{""omega"": 2.0}",0,500000,inner,M3,4,84,38,14,-17269.61571504716,-17217.996631007627,51.61908403953203,1,1,4,82,2,-6381.872148849708,-6360.685849526151,2352,1.8,41.1,cold,challenge,challenge,,,"[5.997851, 1.383746, -0.472584, 1.266894, 19.108163, -1563.418331, 3.434772]","[8.014479, 1.071536, -0.262858, -63.059289, 83.599218, -86.421146, 3.359495]"
M2S,"{""omega"": 2.0}",0,500000,inner,M3H,4,84,38,14,-16526.88897599709,-16479.484690350586,47.40428564650574,1,1,4,69,1,-6110.462674006141,-6087.124396959398,2352,168.2,3792.0,cold,extra,extra,,,"[-2.077389, 0.228521, 3.357196, -0.183556, 0.181848, 21.113861, 1.104305, 1.73972]","[-2.259396, 0.89633, 3.126106, -0.038596, 0.181165, 196.816314, 1.098251, 4.588846]"
M2S,"{""omega"": 2.0}",0,500000,inner,M3L,4,84,38,14,-17699.803761084688,-17699.803749030387,1.2054300896124914e-05,0,1,4,84,84,-6440.488566907165,-6440.487067467279,2352,0.7,14.0,cold,extra,extra,,,"[-0.927156, -11.561894, 0.750626, 0.649292, 2.506678, 2.228723, 1.343693, -4.934069]","[-0.927065, -14.29696, 0.750705, 0.64901, 2.506939, 2.229017, 1.343698, -5.441444]"
M2S,"{""omega"": 2.0}",0,500000,inner,M3V,4,84,38,14,-14905.857991586356,-13581.552751189844,1324.305240396512,1,1,4,84,5,-5479.149723121191,-4429.611620157924,2352,0.6,12.0,cold,extra,extra,,,"[-0.060929, 0.719487, 2.055012, 0.090018, 1.108775, 29.989905, 0.493211, 2.522639]","[-0.970221, -18.877738, 0.676714, 0.011493, 1.540464, 3.053464, 1.686234, -2.179316]"
M2S,"{""omega"": 2.0}",0,500000,outer,M2B,8,88,52,12,-23941.51022019136,-23941.510220185177,6.184563972055912e-09,0,1,8,88,88,-42483.56534749816,-42483.542410002316,2016,0.3,3.1,cold,extra,extra,,,"[2.480552, 0.899945, 2.415551, 0.738202, 3.75832, 1.048663]","[2.480561, 0.899941, 2.41556, 0.738199, 3.75832, 1.04867]"
M2S,"{""omega"": 2.0}",0,500000,outer,M2H,8,88,52,12,-15817.780089544656,-15796.401126046607,21.378963498049416,1,1,8,84,1,-19156.754939821927,-20364.349466684518,2016,145.9,1986.4,cold,extra,extra,,,"[4.841599, 0.972955, 2.212515, 2.966525, 2.946054, 1.091327, 0.77629]","[4.646354, 0.888779, 2.222827, 2.974376, 2.761958, 1.071468, 0.817272]"
M2S,"{""omega"": 2.0}",0,500000,outer,M2K,8,88,52,12,-23867.406824879778,-23833.08896422538,34.31786065439883,1,1,8,88,2,-43331.778576243305,-43661.67860079087,2016,8.1,74.0,cold,challenge,challenge,,,"[2.965762, 1.281342, 2.063418, 0.647903, 5.679489, -1.053885, 0.408297, -0.203533]","[4.271111, 1.236516, 7.413742, 0.202551, 4.494174, 4.165985, 0.182553, -0.297208]"
M2S,"{""omega"": 2.0}",0,500000,outer,M2S,8,88,52,12,-6900.162634908527,-6900.1626349081525,3.7471181713044643e-10,0,1,8,88,76,-3038.933408385062,-3038.933414452418,2016,135.4,1128.6,cold,challenge,challenge,,,"[3.000744, 1.499984, 2.022901, 0.108514, 0.529137, 0.999628, 0.62602]","[3.000744, 1.499984, 2.022901, 0.108514, 0.529138, 0.999628, 0.626019]"
M2S,"{""omega"": 2.0}",0,500000,outer,M3,8,88,52,12,-23318.92443281249,-23317.98489979736,0.9395330151310191,1,1,8,88,1,-51850.75867581841,-51967.01776914642,2016,7.5,70.5,cold,extra,extra,,,"[64.664282, 0.070004, -0.186417, 11.593935, 7.734287, -50.245364, 3.285939]","[54.300504, 0.08427, -0.188356, -16.183335, 43.025085, -0.03086, 3.283636]"
M2S,"{""omega"": 2.0}",0,500000,outer,M3H,8,88,52,12,-22646.30699370883,-22597.224283796088,49.08270991274185,1,1,6,77,2,-57388.67817930134,-57565.36984821559,2016,535.3,6071.6,cold,extra,extra,,,"[-2.065656, -5.95135, 3.355947, -0.159217, 0.123757, 22.198182, 1.099886, 1.877014]","[-2.49517, 1.00463, 3.186727, -0.024105, 0.1476, 11.48872, 1.098918, 6.449378]"
M2S,"{""omega"": 2.0}",0,500000,outer,M3L,8,88,52,12,-24137.799657516705,-24137.79965466902,2.8476861189119518e-06,0,1,8,88,88,-45050.030137855574,-45050.0776230278,2016,1.8,18.4,cold,extra,extra,,,"[-0.948927, -12.987323, 0.781983, 0.606976, 2.042415, 2.366561, 1.333118, -5.144787]","[-0.948899, -14.365901, 0.781975, 0.606976, 2.042799, 2.366547, 1.333118, -5.092857]"
M2S,"{""omega"": 2.0}",0,500000,outer,M3V,8,88,52,12,-20379.99620567242,-17971.022227767116,2408.973977905305,1,1,8,88,8,-22884.81683200499,-23722.512465086707,2016,1.5,16.9,cold,challenge,challenge,,,"[-0.062574, 0.292434, -1.622569, 0.089719, 0.062011, 28.962603, 0.467388, 2.478407]","[-0.985345, -18.851496, 0.682628, 0.00968, 1.559564, 3.035886, 1.668735, -2.911534]"
M2S,"{""omega"": 2.0}",1,500001,inner,M2B,4,84,38,14,-30209.333366968975,-30209.33336675676,2.122142177540809e-07,0,1,4,84,84,-11410.9548855463,-11410.953923540628,2352,0.6,7.1,cold,extra,extra,0,84,"[3.771973, 2.288209, 0.491516, 20.901958, 22.39762, 0.554688]","[3.771985, 2.288517, 0.491803, 20.889537, 22.398359, 0.554982]"
M2S,"{""omega"": 2.0}",1,500001,inner,M2H,4,84,38,14,-17884.545077105107,-15594.08512700193,2290.459950103177,1,1,3,70,1,-6890.001049336025,-6001.5884875744,2352,67.7,1328.7,cold,extra,extra,0,84,"[5.145426, 6.395474, 19.983909, 25.509788, 21.511158, 19.149837, -0.656234]","[6.244311, 4.308383, 3.00599, 24.173692, 8.968201, 2.613894, -0.501508]"
M2S,"{""omega"": 2.0}",1,500001,inner,M2K,4,84,38,14,-30209.322552436453,-30209.320895535253,0.0016569012004765682,0,1,4,84,84,-11410.913710150557,-11410.910150385424,2352,0.6,6.0,cold,extra,extra,1,84,"[3.771293, 2.280859, 1.383015, 7.437187, 24.284706, 1.306397, 0.00488, -0.025933]","[3.771275, 2.280483, 1.427422, 7.207309, 24.063655, 1.378983, 0.004069, -0.026001]"
M2S,"{""omega"": 2.0}",1,500001,inner,M2S,4,84,38,14,-7259.736150619357,-7232.250803463896,27.485347155461568,1,1,4,83,1,-1801.8963785787114,-1794.197047215587,2352,37.3,594.5,cold,extra,extra,0,84,"[3.000845, 1.497491, 2.023983, 5.393245, 24.770654, 1.000651, 1.38742]","[3.000845, 1.497493, 2.023982, -0.162263, -0.746685, 1.000651, 0.663747]"
M2S,"{""omega"": 2.0}",1,500001,inner,M3,4,84,38,14,-30083.43099533578,-29233.298189493344,850.1328058424369,1,1,4,84,3,-11484.477585342403,-11182.855500254118,2352,0.9,10.4,cold,extra,extra,0,84,"[7.942147, -93.765369, -0.157817, 0.124803, 341.822781, 231.364828, 26.825464]","[-2379.131087, -0.002162, -0.902397, -608.388148, 841.876103, 1724.460069, 22.87384]"
M2S,"{""omega"": 2.0}",1,500001,inner,M3H,4,84,38,14,-29081.87189105009,-29081.87189105009,0.0,0,1,4,72,1,-11037.844111361535,-11037.844111361535,2352,217.3,4858.7,cold,cold,cold:pipeline,0,84,"[-7.555146, 2.043747, 5.355786, -0.259362, 94.895696, 73.398058, 3.1207, 3.415106]","[-7.555146, 2.043747, 5.355786, -0.259362, 94.895696, 73.398058, 3.1207, 3.415106]"
M2S,"{""omega"": 2.0}",1,500001,inner,M3L,4,84,38,14,-29937.365032821475,-28879.530439456263,1057.8345933652126,1,1,4,84,1,-11362.404570247938,-11245.218002047768,2352,1.5,32.0,cold,challenge,challenge,0,84,"[-0.600558, -0.24179, 5.607234, -2.063387, 6617.145353, 4.000919, 3.258458, -15.19625]","[-1.150584, 5.469205, -1542.773132, -0.002312, -971.447336, -2224.099127, 3.068769, -4.995263]"
M2S,"{""omega"": 2.0}",1,500001,inner,M3V,4,84,38,14,-18530.465076361987,-18530.395669514226,0.06940684776054695,0,1,4,84,21,-7347.490375071404,-7347.446136743466,2352,1.0,20.9,cold,challenge,challenge,0,84,"[-13.112533, -4.562549, 2.770972, 0.152795, 0.132551, -8.269417, 4.028113, -20.308598]","[-13.092612, -15.49464, 2.770065, 0.152984, 0.132827, -8.253598, 4.028026, -23.318634]"
M2S,"{""omega"": 2.0}",1,500001,outer,M2B,8,88,52,12,-41598.936382196785,-41598.93638215952,3.726745489984751e-08,0,1,8,88,88,-8630.94539834584,-8630.944208330353,2016,1.0,4.6,cold,extra,extra,0,88,"[3.434061, 3.576054, 0.888561, 12.681704, 27.351512, 0.61013]","[3.434059, 3.576222, 0.888488, 12.682598, 27.351519, 0.610079]"
M2S,"{""omega"": 2.0}",1,500001,outer,M2H,8,88,52,12,-22355.01702014413,-21502.581468691336,852.4355514527924,1,1,7,80,1,-4583.2669476257315,-4374.751278763129,2016,293.2,2242.7,cold,extra,extra,0,88,"[1.536196, 4.019515, 2.913464, 25.326606, 18.759498, 2.123639, 0.721076]","[6.287857, 4.83097, 1.94427, 36.190327, 11.229208, 1.639916, 0.291105]"
M2S,"{""omega"": 2.0}",1,500001,outer,M2K,8,88,52,12,-41598.88704366453,-41598.84881951587,0.03822414865862811,0,1,8,88,88,-8630.928527551405,-8630.871272631133,2016,1.1,6.9,cold,challenge,challenge,1,88,"[3.433204, 3.579181, 1.701337, 6.624584, 27.973875, 1.074443, 0.005145, -0.02135]","[3.432683, 3.581887, 2.10706, 5.348265, 28.41472, 1.248635, 0.008381, -0.026223]"
M2S,"{""omega"": 2.0}",1,500001,outer,M2S,8,88,52,12,-9025.451805196408,-9025.451805196408,0.0,0,1,8,88,2,-1396.478267364696,-1396.478267364696,2016,88.9,746.9,cold,cold,cold:pipeline,0,88,"[3.000453, 1.497561, 2.023905, 0.140875, 0.674675, 1.000475, 0.746111]","[3.000453, 1.497561, 2.023905, 0.140875, 0.674675, 1.000475, 0.746111]"
M2S,"{""omega"": 2.0}",1,500001,outer,M3,8,88,52,12,-41281.09645170624,-40380.37013120367,900.7263205025665,1,1,8,88,2,-8541.643612791979,-8307.880236399038,2016,2.7,27.7,cold,extra,extra,0,88,"[4.001124, -1.951648, -1.084084, -0.093552, 246.974219, 4081.183537, 26.895694]","[-2450.271711, -0.001976, -1.288086, -18.593955, 227.44373, 5519.105484, 23.68515]"
M2S,"{""omega"": 2.0}",1,500001,outer,M3H,8,88,52,12,-40134.76546081115,-40062.947472932574,71.81798787857406,1,1,8,71,1,-8268.753706882007,-8280.723849518115,2016,592.1,7232.7,cold,extra,extra,0,88,"[-5.121165, 1.629294, 5.187796, -0.12042, 15.65725, 14.189863, 3.146595, 7.378976]","[-10.36538, 2.351048, 5.418601, -0.137647, 0.271049, 23.188259, 3.14253, 4.876477]"
M2S,"{""omega"": 2.0}",1,500001,outer,M3L,8,88,52,12,-40380.36176173999,-40380.36176173999,0.0,0,1,8,88,5,-8307.97236424134,-8307.97236424134,2016,7.4,44.6,cold,cold,cold:pipeline,0,88,"[-1.297814, -2827.610547, 5.348116, -0.001623, 5257.370711, -2983.273149, 3.164874, 119.13143]","[-1.297814, -2827.610547, 5.348116, -0.001623, 5257.370711, -2983.273149, 3.164874, 119.13143]"
M2S,"{""omega"": 2.0}",1,500001,outer,M3V,8,88,52,12,-34521.62403799344,-25869.442325278,8652.181712715439,1,1,8,88,10,-6880.815255816265,-4949.718177219971,2016,3.2,33.4,cold,extra,extra,0,88,"[0.115924, -1.497667, -0.988026, 0.036526, 0.788646, 93.771386, 2.181209, 5.034205]","[-12.760161, -9.947541, 2.738846, 0.1477, 0.142602, -7.721265, 4.033316, -25.183477]"
M2S,"{""omega"": 2.0}",2,500002,inner,M2B,4,84,38,14,-26727.119129731953,-26727.119129608043,1.2390955816954374e-07,0,1,4,84,84,-8750.01157313454,-8750.015783201921,2352,0.2,5.0,cold,challenge,challenge,0,84,"[1.465627, 1.32323, 1.540907, 5.109075, 15.863384, 0.496209]","[1.465611, 1.323138, 1.541099, 5.108588, 15.863537, 0.496244]"
M2S,"{""omega"": 2.0}",2,500002,inner,M2H,4,84,38,14,-17453.422283307875,-16000.891367196711,1452.5309161111636,1,1,3,76,1,-6183.225678474259,-5261.610813763679,2352,65.5,1300.2,cold,extra,extra,0,84,"[6.780529, 4.192633, 3.25159, 9.004341, 9.124164, 2.376464, 2.146378]","[5.399436, 1.075016, 3.155531, 11.72154, 10.92393, 1.454484, 0.570357]"
M2S,"{""omega"": 2.0}",2,500002,inner,M2K,4,84,38,14,-26727.11682836905,-26727.113027556425,0.003800812624831451,0,1,4,84,83,-8750.03132938066,-8750.04453271475,2352,0.6,12.3,cold,extra,extra,1,84,"[1.466432, 1.324445, 1.68475, 4.671777, 15.155532, 0.694396, -0.010972, -0.004225]","[1.467677, 1.326324, 1.830563, 4.297256, 15.161171, 0.75365, -0.010069, -0.010893]"
M2S,"{""omega"": 2.0}",2,500002,inner,M2S,4,84,38,14,-7912.74221715629,-7912.742217155237,1.053194864653051e-09,0,1,4,84,56,-2565.984267590548,-2565.9842509139476,2352,41.3,676.2,cold,extra,extra,0,84,"[2.999922, 1.497074, 2.021859, -0.184878, -0.830934, 0.998571, 0.766068]","[2.999922, 1.497074, 2.021859, 0.18488, 0.830941, 0.998571, 0.766065]"
M2S,"{""omega"": 2.0}",2,500002,inner,M3,4,84,38,14,-26590.112470143275,-25965.03555613006,625.0769140132143,1,1,4,84,1,-8685.545998771604,-8421.385992637961,2352,0.5,12.1,cold,extra,extra,0,84,"[4.017432, -1.976839, -0.484779, -0.221334, 126.725471, 229.160134, 15.357792]","[-56.400628, -0.075901, -0.818654, -18.061713, 116.54709, 168.732924, 13.46816]"
M2S,"{""omega"": 2.0}",2,500002,inner,M3H,4,84,38,14,-25679.88484306347,-25665.75695792935,14.127885134123062,1,1,3,56,1,-8377.771450295804,-8377.749970702778,2352,272.5,3338.8,cold,challenge,challenge,0,84,"[-6.46226, 1.904964, 4.481467, -0.166238, 1.635668, 5.911696, 2.572738, 3.810572]","[-7.234125, 2.014944, 4.485174, -0.086408, 0.315276, 6.696336, 2.569928, 5.221394]"
M2S,"{""omega"": 2.0}",2,500002,inner,M3L,4,84,38,14,-26590.101352036647,-25877.70286620473,712.3984858319163,1,1,4,84,1,-8685.093451865188,-8381.230687161802,2352,2.7,43.7,cold,extra,extra,0,84,"[-0.357398, -1193.733159, 4.844065, -1.962031, 3873.329268, 4.001026, 2.73169, -7.804364]","[-0.92186, 4.338017, 3.111055, -0.069666, 5.335418, -61.632263, 2.57911, -4.716917]"
M2S,"{""omega"": 2.0}",2,500002,inner,M3V,4,84,38,14,-21990.386026671506,-19166.903474695857,2823.4825519756487,1,1,4,84,16,-6885.882004129472,-6084.742608500941,2352,1.1,25.0,cold,extra,extra,0,84,"[0.034892, -1.120972, -0.080716, 0.046059, 0.853567, 60.452643, 1.577608, 4.136236]","[-4.964154, -16.52032, 1.838238, 0.135229, 0.422146, -0.287116, 3.224004, -21.224902]"
M2S,"{""omega"": 2.0}",2,500002,outer,M2B,8,88,52,12,-35310.637023879535,-35310.63702384442,3.5113771446049213e-08,0,1,8,88,88,-7232.838671816939,-7232.838075355161,2016,0.6,5.4,cold,challenge,challenge,0,88,"[1.447138, 1.210248, 1.831897, 3.842965, 13.820235, 0.562296]","[1.447168, 1.210313, 1.831905, 3.842841, 13.820225, 0.562305]"
M2S,"{""omega"": 2.0}",2,500002,outer,M2H,8,88,52,12,-22169.5597628345,-21437.404889770143,732.1548730643553,1,1,8,79,3,-4534.896623326784,-4252.3463273287725,2016,208.2,2180.9,cold,extra,extra,0,88,"[6.222034, 4.336594, 3.386016, 12.193355, 9.375874, 2.67078, 0.796983]","[7.283449, 4.11628, 4.700108, 6.805896, 2.972278, 4.306299, -0.626459]"
M2S,"{""omega"": 2.0}",2,500002,outer,M2K,8,88,52,12,-35310.62756694027,-35079.70402776007,230.92353918019944,1,1,8,88,1,-7232.8119189269355,-7173.604359562661,2016,1.5,20.6,cold,challenge,challenge,1,88,"[1.445045, 1.208228, 1.771617, 3.976147, 13.043195, 0.739134, -0.020647, 0.010225]","[2.278823, 10.433937, 19.721874, 0.234495, 16.282517, 10.692605, 0.200898, -0.114299]"
M2S,"{""omega"": 2.0}",2,500002,outer,M2S,8,88,52,12,-10477.97745074794,-10477.97745074615,1.7898855730891228e-09,0,1,8,88,69,-1904.8381303045103,-1904.8381386671474,2016,119.1,1110.9,cold,extra,extra,0,88,"[3.000192, 1.494914, 2.022747, 0.170351, 0.79749, 0.9991, 0.715104]","[3.000192, 1.494914, 2.022747, 0.170352, 0.797494, 0.9991, 0.715103]"
M2S,"{""omega"": 2.0}",2,500002,outer,M3,8,88,52,12,-35534.77867620554,-34230.21160208598,1304.5670741195572,1,1,8,88,3,-7279.745199094612,-6961.232932179877,2016,0.8,9.1,cold,challenge,challenge,0,88,"[3.519909, 0.030681, -0.903858, 0.165701, 2.174594, 3.706375, 14.096887]","[203.11448, 0.024325, -0.612585, 47.297225, 49.490655, -58.363428, 11.715316]"
M2S,"{""omega"": 2.0}",2,500002,outer,M3H,8,88,52,12,-33876.39228801218,-33870.37419940242,6.018088609765982,1,1,7,60,1,-6928.673888271808,-6920.7324448048275,2016,530.7,5215.0,cold,extra,extra,0,88,"[-6.397636, 1.891932, 4.600667, -0.137782, 0.348589, 5.03161, 2.43059, 4.731654]","[-5.729048, 1.782369, 4.518099, -0.093406, 0.318358, 6.930686, 2.430025, 5.140112]"
M2S,"{""omega"": 2.0}",2,500002,outer,M3L,8,88,52,12,-35534.94635294764,-35534.77867619934,0.16767674830043688,0,1,8,88,88,-7279.63882842593,-7279.745509759445,2016,1.9,19.9,cold,extra,extra,0,88,"[-0.967954, -1.388054, 1.121699, 0.048138, 0.948617, 2.627358, 2.645826, -3.624852]","[-0.903863, 0.067209, 0.77688, 0.030682, 3.706216, 3.519875, 2.645954, -27.477058]"
M2S,"{""omega"": 2.0}",2,500002,outer,M3V,8,88,52,12,-28785.376211486295,-25197.083147881538,3588.2930636047568,1,1,8,88,7,-5670.600399407359,-4632.651621879546,2016,5.6,35.3,cold,extra,extra,0,88,"[0.005935, -1.567613, -1.685155, -0.001245, 0.348507, -2204.944567, 1.443691, 4.058059]","[-4.832204, -16.158525, 1.813803, 0.150895, 0.422585, -0.251841, 3.094055, -25.052336]"
M2S,"{""omega"": 2.0}",3,500003,inner,M2B,4,84,38,14,-25063.918631289867,-25063.917563412215,0.001067877652531024,0,1,4,84,84,-8290.213057075653,-8290.198567291955,2352,0.2,3.6,cold,extra,extra,0,84,"[3.478675, 21.13343, 0.969195, 7.054546, 16.488834, 0.017512]","[3.526726, 35.590499, 0.97079, 7.042777, 16.478727, 0.018953]"
M2S,"{""omega"": 2.0}",3,500003,inner,M2H,4,84,38,14,-16010.004206276573,-14020.89471705132,1989.1094892252531,1,1,4,80,1,-5925.545161524577,-5264.536736913144,2352,56.8,1138.9,cold,extra,extra,0,84,"[4.647502, 2.246013, 11.860323, 9.841024, 8.824274, 5.075831, 0.580176]","[5.094775, 0.571289, 16.064343, 11.839681, 10.966128, 0.43405, 0.613447]"
M2S,"{""omega"": 2.0}",3,500003,inner,M2K,4,84,38,14,-24904.61090177971,-24835.47912422477,69.13177755493962,1,1,4,84,23,-8233.315546541071,-8210.764252499808,2352,0.6,15.9,cold,extra,extra,1,84,"[3.67697, 157.258343, 16.913063, 0.593679, 13.357057, 12.110955, 0.00127, -0.108745]","[3.481403, 169.204445, 6.894694, 1.303701, 4.757904, 12.111151, -0.713985, -0.049687]"
M2S,"{""omega"": 2.0}",3,500003,inner,M2S,4,84,38,14,-6492.078412120659,-6492.078412114662,5.997208063490689e-09,0,1,4,84,70,-2961.051154907812,-2961.051198103687,2352,45.2,773.5,cold,extra,extra,0,84,"[2.999912, 1.502477, 2.023278, 0.141415, 0.664444, 1.000117, 0.691424]","[2.999912, 1.502477, 2.023278, 0.141415, 0.664441, 1.000117, 0.691429]"
M2S,"{""omega"": 2.0}",3,500003,inner,M3,4,84,38,14,-25499.51338911462,-24891.635611843303,607.8777772713183,1,1,4,84,2,-8419.90673722264,-8211.469772595712,2352,0.2,5.6,cold,extra,extra,0,84,"[3.371108, 0.076786, -1.40901, -0.904528, 2.67285, 3.65056, 13.095174]","[46.129858, 0.12949, -0.913152, 30.193208, 67.712222, -7.678159, 11.659029]"
M2S,"{""omega"": 2.0}",3,500003,inner,M3H,4,84,38,14,-25480.508088336916,-24688.94935696321,791.5587313737051,1,1,4,79,1,-8420.339100196468,-8200.533620375882,2352,180.1,3909.3,cold,extra,extra,0,84,"[-3.816996, 1.173467, 0.255332, 8.560746, 0.016718, -10.778511, 2.570491, 2.067249]","[-6.709408, 1.928476, 4.536607, 0.212168, -1.381504, -16.012518, 2.430507, 3.736303]"
M2S,"{""omega"": 2.0}",3,500003,inner,M3L,4,84,38,14,-25499.478582036012,-25498.89776298544,0.580819050570426,1,1,4,84,46,-8419.92241758785,-8420.138979765634,2352,0.8,30.3,cold,extra,extra,0,84,"[-1.426436, -0.618903, 0.973021, 0.081293, 3.737092, 3.365484, 2.572209, -2.826234]","[-1.714177, -0.24562, 0.940235, 0.138191, 657.128743, 3.001509, 2.571687, 725.710277]"
M2S,"{""omega"": 2.0}",3,500003,inner,M3V,4,84,38,14,-20129.483275395705,-16998.21379091668,3131.269484479024,1,1,4,84,15,-6789.24730367632,-5981.999970127029,2352,0.7,13.1,cold,extra,extra,0,84,"[-0.073093, -13.662361, 0.147159, 0.104127, 1.00045, 30.798467, 1.308552, 4.003202]","[-5.685555, -16.76268, 1.943114, 0.168634, 0.409653, -0.688062, 3.051292, -29.310217]"
M2S,"{""omega"": 2.0}",3,500003,outer,M2B,8,88,52,12,-33232.83935135117,-33232.83934345166,7.899507181718946e-06,0,1,8,88,88,-7365.159052283649,-7365.1580537959,2016,0.6,5.4,cold,extra,extra,0,88,"[3.205755, 19.117586, 1.033433, 5.680531, 13.368035, 0.209861]","[3.126984, 30.977672, 1.033432, 5.680523, 13.367618, 0.209932]"
M2S,"{""omega"": 2.0}",3,500003,outer,M2H,8,88,52,12,-19238.066842742508,-19238.066842742508,0.0,0,1,8,86,1,-5013.994260410006,-5013.994260410006,2016,159.9,1724.0,cold,cold,cold:pipeline,0,88,"[5.263456, 0.569351, 10.94941, 9.753157, 9.015922, 0.165571, 0.836708]","[5.263456, 0.569351, 10.94941, 9.753157, 9.015922, 0.165571, 0.836708]"
M2S,"{""omega"": 2.0}",3,500003,outer,M2K,8,88,52,12,-32928.86368292209,-32928.86368080855,2.113541995640844e-06,0,1,8,88,39,-7337.476150912126,-7337.476939059671,2016,1.9,23.9,cold,extra,extra,1,88,"[3.039436, 100.755482, 6.119446, 1.260221, 4.459247, 10.702601, -0.696209, -0.055775]","[3.02034, 195.280092, 6.119207, 1.260285, 4.458932, 10.702303, -0.696262, -0.055768]"
M2S,"{""omega"": 2.0}",3,500003,outer,M2S,8,88,52,12,-9452.208758663022,-9452.208758659439,3.5834091249853373e-09,0,1,8,88,80,-3447.7859030473337,-3447.785910568233,2016,121.7,1238.1,cold,extra,extra,0,88,"[3.000205, 1.503933, 2.023048, 0.143084, 0.708165, 1.000331, 0.655966]","[3.000205, 1.503933, 2.023048, 0.143083, 0.70816, 1.000331, 0.655967]"
M2S,"{""omega"": 2.0}",3,500003,outer,M3,8,88,52,12,-33790.2167414927,-33790.216741488315,4.387402441352606e-09,0,1,8,88,88,-7435.093823887375,-7435.0930934766875,2016,0.7,7.0,cold,extra,extra,0,88,"[3.260901, 0.151982, -1.194034, -0.89722, 2.485969, 2.390957, 11.543328]","[3.260884, 0.151989, -1.194052, -0.897133, 2.48585, 2.391081, 11.543316]"
M2S,"{""omega"": 2.0}",3,500003,outer,M3H,8,88,52,12,-32866.58306396683,-32751.56053853998,115.022525426848,1,1,7,80,1,-7346.692206276087,-7348.4661098793495,2016,969.2,7008.4,cold,extra,extra,0,88,"[-0.899241, -66.312252, 4.584892, -0.035428, 0.225382, -29.913102, 2.331144, 5.496265]","[-4.955728, 1.628565, 4.459199, 0.444176, -6.489786, -18.514818, 2.315337, 2.622934]"
M2S,"{""omega"": 2.0}",3,500003,outer,M3L,8,88,52,12,-33789.75605501957,-33789.75603634319,1.8676379113458097e-05,0,1,8,88,88,-7435.579041026041,-7435.579714487903,2016,1.9,19.3,cold,extra,extra,0,88,"[-1.396865, -0.764755, 0.903713, 0.194958, 2.145675, 3.115645, 2.445708, 10.04597]","[-1.396844, -0.763532, 0.903655, 0.194713, 2.15063, 3.116337, 2.445707, 12.213444]"
M2S,"{""omega"": 2.0}",3,500003,outer,M3V,8,88,52,12,-26880.658578867915,-22927.811949947718,3952.846628920197,1,1,8,88,11,-6745.765266384242,-5939.467649324441,2016,1.6,17.2,cold,extra,extra,0,88,"[-0.042552, -13.899525, 0.13908, 0.101955, 0.994598, 31.088487, 1.22193, 3.856442]","[-4.915826, -16.637407, 1.819282, 0.170375, 0.440249, -0.218389, 2.913195, -30.186318]"
M2S,"{""omega"": 2.0}",4,500004,inner,M2B,4,84,38,14,-26045.530460833266,-26045.53046068773,1.4553734217770398e-07,0,1,4,84,84,-8992.395069262735,-8992.3950340643,2352,0.2,4.9,cold,extra,extra,0,84,"[3.485664, 36.563448, 1.574556, 3.10061, 13.456628, 1.237888]","[3.503685, 36.054706, 1.574525, 3.100688, 13.456604, 1.237871]"
M2S,"{""omega"": 2.0}",4,500004,inner,M2H,4,84,38,14,-16527.099244382633,-14545.865508529983,1981.2337358526493,1,1,4,74,1,-6521.624961888845,-5817.545713120806,2352,66.0,1363.2,cold,extra,extra,0,84,"[4.868025, 4.972339, 8.621511, 11.115891, 10.688592, 4.870662, 1.146361]","[4.967015, 0.730648, 7.449182, 11.118029, 9.210494, 0.347226, 0.996111]"
M2S,"{""omega"": 2.0}",4,500004,inner,M2K,4,84,38,14,-25839.268637109177,-25839.265499323184,0.0031377859922940843,0,1,4,84,8,-8911.902711123123,-8912.447235815856,2352,1.4,22.8,cold,challenge,challenge,1,84,"[3.010957, 1299.404701, 0.057988, 85.243142, 788.388259, -9.01273, -47.7846, -5.401064]","[3.983644, 844.005379, 0.121384, 40.273762, 383.415724, -9.020958, -23.11368, -2.661173]"
M2S,"{""omega"": 2.0}",4,500004,inner,M2S,4,84,38,14,-5523.799486753868,-5523.799486740316,1.3552380551118404e-08,0,1,4,84,61,-4177.254890569957,-4177.254941463177,2352,46.2,939.4,cold,extra,extra,0,84,"[3.001145, 1.501703, 2.02192, 0.120053, 0.57067, 0.998414, 0.756455]","[3.001145, 1.501703, 2.02192, 0.120052, 0.570664, 0.998414, 0.756456]"
M2S,"{""omega"": 2.0}",4,500004,inner,M3,4,84,38,14,-25024.448491518862,-25022.844942108713,1.603549410148844,1,1,4,84,1,-8673.198190221596,-8674.093024498725,2352,1.0,18.5,cold,extra,extra,0,84,"[-155.282258, -0.029463, -0.45669, -5.45929, 107.115861, 5752.412687, 11.670529]","[584.873506, 0.008083, -0.469944, -191.983316, 982.391511, 0.001467, 11.669186]"
M2S,"{""omega"": 2.0}",4,500004,inner,M3H,4,84,38,14,-24836.25771920531,-24742.438875256477,93.81884394883309,1,1,4,76,1,-8597.01965178396,-8516.714066207414,2352,167.1,3656.6,cold,extra,extra,0,84,"[-0.917762, -0.617813, 4.589637, -0.340536, 8.451559, 8.323291, 2.442116, 3.125479]","[-3.82937, 1.369064, 4.849231, -0.177979, 0.256684, 9.634531, 2.423959, 5.122392]"
M2S,"{""omega"": 2.0}",4,500004,inner,M3L,4,84,38,14,-24730.09971832011,-24730.098613219066,0.00110510104423156,0,1,4,84,3,-8627.757456526839,-8627.714503224794,2352,3.7,52.1,cold,extra,extra,0,84,"[-0.583146, 4.638732, -1327.784002, -0.001863, -161.43477, -2513.876257, 2.404373, -4.85958]","[-0.578697, 4.638537, -746.512788, -0.00178, -248.740354, -2630.873697, 2.404414, -4.858077]"
M2S,"{""omega"": 2.0}",4,500004,inner,M3V,4,84,38,14,-22167.026030721983,-17187.822292489338,4979.203738232645,1,1,4,84,34,-7753.309455280109,-7127.517713826274,2352,1.9,28.4,cold,extra,extra,0,84,"[0.052463, 2.072713, -9.873661, 0.002294, 0.12018, 1362.973807, 1.731502, 4.230854]","[-6.199691, -17.411777, 2.021301, 0.190698, 0.373963, -1.143218, 3.224474, -30.484848]"
M2S,"{""omega"": 2.0}",4,500004,outer,M2B,8,88,52,12,-34991.301108790794,-34991.301107570915,1.219879777636379e-06,0,1,8,88,88,-7199.014491661423,-7199.016642435608,2016,0.6,6.5,cold,extra,extra,0,88,"[3.496692, 34.11302, 1.407594, 3.063801, 12.549313, 1.097727]","[3.489516, 35.388006, 1.407623, 3.063782, 12.549341, 1.097743]"
M2S,"{""omega"": 2.0}",4,500004,outer,M2H,8,88,52,12,-21173.055187148995,-20776.745494738483,396.30969241051207,1,1,8,83,2,-4503.0370627001275,-4385.905960633138,2016,227.0,1841.6,cold,extra,extra,0,88,"[5.245515, 4.677009, 2.599054, 11.017274, 7.28733, 1.994715, 0.976369]","[7.274428, 4.005205, 4.568949, 6.578845, 2.973362, 4.157904, -0.567692]"
M2S,"{""omega"": 2.0}",4,500004,outer,M2K,8,88,52,12,-34703.629690171794,-34703.60778721542,0.021902956374105997,0,1,8,88,9,-7133.867013515048,-7134.547302213265,2016,4.9,38.4,cold,extra,extra,1,88,"[3.052201, 212.634262, 0.075571, 57.253268, 506.288948, -8.518357, -35.629355, -4.289638]","[3.728704, 10303.248484, 0.031339, 139.1337, 1212.588789, -8.581412, -86.279449, -10.161175]"
M2S,"{""omega"": 2.0}",4,500004,outer,M2S,8,88,52,12,-9700.398279711011,-9700.398279709661,1.3496901374310255e-09,0,1,8,88,74,-802.8350991927437,-802.8350702412808,2016,163.1,1445.0,cold,challenge,challenge,0,88,"[3.001049, 1.50187, 2.021987, 0.149225, 0.72883, 0.998407, 0.709628]","[3.001049, 1.50187, 2.021987, 0.149224, 0.728823, 0.998407, 0.709628]"
M2S,"{""omega"": 2.0}",4,500004,outer,M3,8,88,52,12,-33641.496314976495,-33531.53508721907,109.96122775742697,1,1,8,88,1,-6887.129858750953,-6868.599099880847,2016,4.2,54.3,cold,extra,extra,0,88,"[42.892392, 0.120534, -0.448754, -17.200605, 111.186716, -0.095796, 10.881671]","[13.931828, 0.535416, -0.19455, -2230302.63563, 2230404.272006, -1.557211, 10.750854]"
M2S,"{""omega"": 2.0}",4,500004,outer,M3H,8,88,52,12,-33332.83322434115,-33317.34827353962,15.48495080153225,1,1,8,84,1,-6838.7894039386865,-6822.840455184314,2016,352.3,5917.5,cold,extra,extra,0,88,"[-2.06296, 0.759148, 4.465051, -0.288413, 3.264244, 3.966099, 2.362977, 3.430733]","[-0.659526, 3.779683, 4.218965, -0.123159, 30.208031, -76.200561, 2.355402, 2.716818]"
M2S,"{""omega"": 2.0}",4,500004,outer,M3L,8,88,52,12,-33642.80006839502,-33310.17416066617,332.62590772885596,1,1,8,88,2,-6886.838828080684,-6820.121721850663,2016,8.0,74.1,cold,extra,extra,0,88,"[-0.452919, -3995.933659, 4.513552, -0.001842, 6285.55943, -2515.566654, 2.386842, -258.71855]","[-0.55101, 4.531195, 223.624121, -0.001931, -624.569263, -2401.468273, 2.343019, -5.033451]"
M2S,"{""omega"": 2.0}",4,500004,outer,M3V,8,88,52,12,-24261.85125833872,-24261.851256916056,1.4226643543224782e-06,0,1,8,88,38,-4942.995482966638,-4943.00102591401,2016,3.1,31.3,cold,extra,extra,0,88,"[-5.201207, -17.056852, 1.872885, 0.174863, 0.408203, -0.49665, 3.101656, -39.656924]","[-5.201123, -17.319405, 1.872876, 0.174865, 0.408202, -0.496551, 3.101664, -42.909595]"
M2S,"{""omega"": 2.0}",5,500005,inner,M2B,4,84,38,14,-21868.205662426757,-21868.20566242624,5.165929906070232e-10,0,1,4,84,84,-7720.439316672304,-7720.439348682996,2352,0.1,1.7,cold,extra,extra,0,84,"[3.583539, 2.69705, 1.936674, 1.130992, 7.684062, 0.959158]","[3.583538, 2.697069, 1.93667, 1.130995, 7.684063, 0.959155]"
M2S,"{""omega"": 2.0}",5,500005,inner,M2H,4,84,38,14,-15088.086545840644,-14196.532114590536,891.5544312501079,1,1,4,79,1,-5319.61686308997,-4727.647613402847,2352,48.8,1134.9,cold,extra,extra,0,84,"[4.40227, 7.617043, 5.121627, 5.824, 4.98426, 0.634776, 0.778009]","[4.900659, 1.113731, 2.7108, 5.526461, 5.428002, 1.540726, 0.766203]"
M2S,"{""omega"": 2.0}",5,500005,inner,M2K,4,84,38,14,-21755.944705516184,-21755.944705341033,1.7515048966743052e-07,0,1,4,84,42,-7714.554408325274,-7714.553817824819,2352,0.9,19.5,cold,extra,extra,1,84,"[3.658612, 2.234235, 3.528517, 0.768046, 5.318766, 6.81268, -0.973728, -0.006578]","[3.658581, 2.234348, 3.528366, 0.768063, 5.318659, 6.812623, -0.973748, -0.006575]"
M2S,"{""omega"": 2.0}",5,500005,inner,M2S,4,84,38,14,-7640.619242021793,-7640.619242021479,3.1377567211166024e-10,0,1,4,84,72,-1660.9687132426407,-1660.9686926466943,2352,31.5,708.9,cold,challenge,challenge,0,84,"[3.0034, 1.501531, 2.022033, 0.155254, 0.793772, 1.000613, 0.6299]","[3.0034, 1.501531, 2.022033, 0.155254, 0.793775, 1.000613, 0.629899]"
M2S,"{""omega"": 2.0}",5,500005,inner,M3,4,84,38,14,-21965.65216412956,-21965.652164102477,2.708111423999071e-08,0,1,4,84,84,-7778.549285999824,-7778.549935694729,2352,0.2,4.7,cold,extra,extra,0,84,"[2.878855, 0.365782, -1.076387, -1.425295, 3.015073, 1.861428, 7.514676]","[2.87888, 0.365778, -1.076441, -1.425219, 3.015051, 1.861399, 7.514677]"
M2S,"{""omega"": 2.0}",5,500005,inner,M3H,4,84,38,14,-21965.71644070171,-21965.716437171926,3.5297853173688054e-06,0,1,4,83,83,-7778.74876601317,-7778.749249965792,2352,106.6,2003.0,cold,extra,extra,0,84,"[-1.1112, -11.883839, 0.984783, 0.385469, 2.389084, 2.988428, 2.016745, -26.809519]","[-1.11115, -13.359477, 0.984788, 0.385588, 2.389696, 2.988785, 2.016746, -25.214518]"
M2S,"{""omega"": 2.0}",5,500005,inner,M3L,4,84,38,14,-21965.71634640392,-21965.714558863976,0.0017875399425975047,0,1,4,84,84,-7778.744172515268,-7778.749805245276,2352,0.7,13.5,cold,challenge,challenge,0,84,"[-1.111358, -6.803541, 0.984411, 0.38571, 2.393235, 2.989127, 2.016737, -1.032298]","[-1.114391, -4.378016, 0.980875, 0.386719, 2.403776, 2.990282, 2.016736, -0.816761]"
M2S,"{""omega"": 2.0}",5,500005,inner,M3V,4,84,38,14,-18730.465871530447,-16047.877323024379,2682.588548506068,1,1,4,84,10,-6645.357644640099,-5104.785524204035,2352,0.5,8.4,cold,challenge,challenge,0,84,"[-0.04722, -14.662709, 0.242666, 0.069942, 1.583006, 37.655959, 1.076604, 3.213257]","[-1.003634, -17.040642, 0.69804, 0.037491, 1.571356, 3.028961, 2.351595, -99.312809]"
M2S,"{""omega"": 2.0}",5,500005,outer,M2B,8,88,52,12,-29572.66788640069,-29572.667886400366,3.2378011383116245e-10,0,1,8,88,88,-6112.074116089301,-6112.074135229718,2016,0.3,2.8,cold,extra,extra,0,88,"[3.597786, 2.24954, 1.888994, 1.234241, 7.307568, 1.016994]","[3.597787, 2.249544, 1.888993, 1.234244, 7.30757, 1.016992]"
M2S,"{""omega"": 2.0}",5,500005,outer,M2H,8,88,52,12,-20099.403471821,-19103.215879797383,996.1875920236162,1,1,8,85,1,-4574.933574857799,-4247.671022700289,2016,201.4,1535.5,cold,extra,extra,0,88,"[3.939288, 7.124206, 2.554677, 6.902503, 4.252978, 2.065726, 1.0179]","[4.523245, 0.626967, 4.604779, 6.287312, 6.15795, 0.976669, 0.347293]"
M2S,"{""omega"": 2.0}",5,500005,outer,M2K,8,88,52,12,-29456.40135678636,-29456.401353028246,3.7581121432594955e-06,0,1,8,88,22,-6088.384425559683,-6088.395457645165,2016,3.4,30.3,cold,challenge,challenge,1,88,"[3.668641, 1.969068, 3.512256, 0.812384, 4.894107, 6.527886, -0.910078, -0.007734]","[3.668735, 1.968847, 3.512119, 0.812394, 4.893984, 6.528136, -0.910254, -0.007706]"
M2S,"{""omega"": 2.0}",5,500005,outer,M2S,8,88,52,12,-9299.438676486758,-9299.438676483596,3.1614035833626986e-09,0,1,8,88,77,-2246.3318952570144,-2246.3319362114084,2016,126.6,1179.8,cold,extra,extra,0,88,"[3.001329, 1.497536, 2.023253, 0.133507, 0.694855, 1.000805, 0.672471]","[3.00133, 1.497536, 2.023253, 0.133507, 0.694858, 1.000805, 0.672472]"
M2S,"{""omega"": 2.0}",5,500005,outer,M3,8,88,52,12,-29730.936813674565,-29730.936813674565,0.0,0,1,8,88,88,-6152.216583309412,-6152.216583309412,2016,0.7,7.3,cold,cold,cold:pipeline,0,88,"[2.971442, 0.26298, -0.847334, -1.412606, 3.164963, 2.048087, 7.234824]","[2.971442, 0.26298, -0.847334, -1.412606, 3.164963, 2.048087, 7.234824]"
M2S,"{""omega"": 2.0}",5,500005,outer,M3H,8,88,52,12,-29731.406346309966,-28646.050636762928,1085.3557095470387,1,1,8,87,1,-6152.237094430881,-5956.5350557128195,2016,393.2,3893.7,cold,challenge,challenge,0,88,"[-0.944594, -12.3216, 0.964936, 0.306169, 2.961875, 3.063666, 1.978802, -11.53577]","[-1.807706, 0.838401, 3.534283, -0.02082, 1.432684, 4.86118, 1.814398, 6.085753]"
M2S,"{""omega"": 2.0}",5,500005,outer,M3L,8,88,52,12,-29731.40636357211,-29730.708043512506,0.698320059604157,1,1,8,88,1,-6152.231346159214,-6152.440520467025,2016,2.9,25.9,cold,challenge,challenge,0,88,"[-0.9451, -11.112052, 0.965126, 0.306083, 2.962939, 3.062811, 1.978795, -1.48896]","[-1.143214, -0.992267, 0.872628, 0.360032, 3.497041, 3.01444, 1.978058, 10.212891]"
M2S,"{""omega"": 2.0}",5,500005,outer,M3V,8,88,52,12,-21148.98232931191,-21148.98232799414,1.3177705113776028e-06,0,1,8,88,12,-4720.3117274082215,-4720.313266502429,2016,1.7,16.9,cold,extra,extra,0,88,"[-1.007988, -15.916719, 0.703935, 0.057126, 1.543833, 3.028642, 2.332498, -78.638286]","[-1.007984, -16.453733, 0.70393, 0.05713, 1.543852, 3.028643, 2.3325, -55.310368]"
M3,"{""sep"": 2.0}",0,500000,inner,M2B,4,84,38,14,-7480.859195293693,-7480.85919529344,2.5283952709287405e-10,0,1,4,84,82,-2723.432633986039,-2723.4326218670353,2352,0.1,2.3,cold,challenge,challenge,,,"[3.284234, 1.465912, 2.229574, 0.00964, 0.780842, 1.204438]","[3.284235, 1.465911, 2.229575, 0.00964, 0.780842, 1.204438]"
M3,"{""sep"": 2.0}",0,500000,inner,M2H,4,84,38,14,-7478.836666802787,-7478.836666800284,2.5029294192790985e-09,0,1,4,83,82,-2723.311096448771,-2723.3111524146602,2352,25.4,553.3,cold,extra,extra,,,"[3.279164, 1.479921, 2.227353, 0.010928, 0.779546, 1.202256, -2.201988]","[3.279165, 1.479924, 2.227351, 0.010928, 0.779546, 1.202255, -2.201983]"
M3,"{""sep"": 2.0}",0,500000,inner,M2K,4,84,38,14,-7235.357810129092,-7235.357810129092,0.0,0,1,4,84,31,-2644.0985673664313,-2644.0985673664313,2352,0.4,8.4,cold,cold,cold:pipeline,,,"[3.169382, 2.128523, 3.575774, 0.04383, 1.012819, 1.944322, -0.118524, -1.122514]","[3.169382, 2.128523, 3.575774, 0.04383, 1.012819, 1.944322, -0.118524, -1.122514]"
M3,"{""sep"": 2.0}",0,500000,inner,M2S,4,84,38,14,-7480.8591957612625,-7480.859195628471,1.3279168342705816e-07,0,1,4,84,83,-2723.4326179797013,-2723.4325738406133,2352,21.2,448.6,cold,extra,extra,,,"[3.284232, 1.465912, 2.229578, 0.009641, 0.780842, 1.20444, -10.026455]","[3.284231, 1.465912, 2.229577, 0.009642, 0.780842, 1.204439, -10.271221]"
M3,"{""sep"": 2.0}",0,500000,inner,M3,4,84,38,14,-6991.650987991259,-6991.650987986341,4.918547347187996e-09,0,1,4,84,84,-2544.8640262142794,-2544.864017579847,2352,0.3,7.4,cold,extra,extra,,,"[3.02213, 1.474243, -0.993257, 0.208599, 1.001299, 1.441785, 0.600105]","[3.02213, 1.474244, -0.993256, 0.208599, 1.001299, 1.441788, -0.600105]"
M3,"{""sep"": 2.0}",0,500000,inner,M3H,4,84,38,14,-6991.65094136996,-6991.522725335473,0.12821603448628593,0,1,4,84,84,-2544.8639705398923,-2544.9061087606615,2352,74.1,1730.6,cold,extra,extra,,,"[-0.993257, 0.183865, 0.001299, 1.47424, 1.441794, 3.022128, -0.510652, -7.174158]","[-0.993307, 0.18234, 0.002902, 1.476113, 1.447804, 3.021635, -0.510652, -2.83142]"
M3,"{""sep"": 2.0}",0,500000,inner,M3L,4,84,38,14,-6990.916967545302,-6990.916967485166,6.013578968122602e-08,0,1,4,84,84,-2545.8008039889096,-2545.8008035322346,2352,0.8,15.6,cold,challenge,challenge,,,"[-0.999595, 0.176687, 0.016521, 1.461784, 1.443039, 3.013097, -0.515247, -4.426677]","[-0.999596, 0.176696, 0.016508, 1.461784, 1.443071, 3.013097, -0.515247, -4.426769]"
M3,"{""sep"": 2.0}",0,500000,inner,M3V,4,84,38,14,-6991.650059923936,-6991.650059919677,4.259163688402623e-09,0,1,4,84,84,-2544.8534724824826,-2544.853458486928,2352,0.4,9.5,cold,extra,extra,,,"[-0.993419, 0.183031, 0.002462, 1.473741, 1.441369, 3.021427, -0.615522, -0.614501]","[-0.993419, 0.183032, 0.00246, 1.473738, 1.441369, 3.021426, -0.615522, -0.614501]"
M3,"{""sep"": 2.0}",0,500000,outer,M2B,8,88,52,12,-10203.90605715001,-10203.906057149872,1.382431946694851e-10,0,1,8,88,87,-2340.952625599121,-2340.952630623295,2016,0.3,4.2,cold,challenge,challenge,,,"[3.269031, 1.436915, 2.240129, 0.009668, 0.777879, 1.205572]","[3.269031, 1.436915, 2.240129, -0.009668, -0.777879, 1.205572]"
M3,"{""sep"": 2.0}",0,500000,outer,M2H,8,88,52,12,-10201.757248838827,-10201.75724883804,7.876224117353559e-10,0,1,8,88,81,-2338.7607452714237,-2338.760792847253,2016,83.3,1156.1,cold,extra,extra,,,"[3.263931, 1.448819, 2.23808, 0.011074, 0.776769, 1.203446, -2.281067]","[3.263932, 1.448818, 2.23808, 0.011074, 0.776769, 1.203446, -2.281069]"
M3,"{""sep"": 2.0}",0,500000,outer,M2K,8,88,52,12,-9878.804482824187,-9878.804482383577,4.406101652421057e-07,0,1,8,88,24,-2247.196172598771,-2247.1967192315815,2016,1.4,17.1,cold,challenge,challenge,,,"[3.186199, 2.104536, 3.568635, 0.038064, 1.007227, 1.932332, -0.086177, -1.10528]","[3.186183, 2.104517, 3.568616, 0.038064, 1.007222, 1.932319, -0.086185, -1.105267]"
M3,"{""sep"": 2.0}",0,500000,outer,M2S,8,88,52,12,-10203.906057974968,-10203.906057584034,3.909335646312684e-07,0,1,8,88,85,-2340.9527488812423,-2340.9525359830795,2016,65.6,721.9,cold,extra,extra,,,"[3.269034, 1.436906, 2.24013, 0.009669, 0.777878, 1.205571, -9.904882]","[3.269033, 1.436925, 2.240125, 0.009668, 0.777879, 1.205569, -10.30908]"
M3,"{""sep"": 2.0}",0,500000,outer,M3,8,88,52,12,-9536.248461539528,-9536.248461539268,2.601154847070575e-10,0,1,8,88,88,-2178.811533457554,-2178.8115282876215,2016,1.1,11.8,cold,extra,extra,,,"[3.012884, 1.486656, -0.993595, 0.205272, 1.005361, 1.374136, 0.5983]","[3.012883, 1.486655, -0.993596, 0.205271, 1.005362, 1.374136, 0.5983]"
M3,"{""sep"": 2.0}",0,500000,outer,M3H,8,88,52,12,-9536.227846156202,-9536.149525269273,0.07832088692885009,0,1,8,88,87,-2178.8051685715736,-2178.800428201888,2016,245.1,2571.7,cold,extra,extra,,,"[-0.993614, 0.181046, 0.005723, 1.486648, 1.375183, 3.012735, -0.513667, -4.107535]","[-0.993671, 0.180102, 0.006797, 1.487867, 1.37749, 3.01241, -0.513694, -2.980502]"
M3,"{""sep"": 2.0}",0,500000,outer,M3L,8,88,52,12,-9536.106606140844,-9536.10660614006,7.839844329282641e-10,0,1,8,88,86,-2179.2119760188652,-2179.211883076769,2016,2.2,21.7,cold,extra,extra,,,"[-0.99582, 0.178964, 0.010577, 1.482371, 1.374608, 3.009804, -0.515287, -5.473224]","[-0.99582, 0.178965, 0.010575, 1.482373, 1.374609, 3.009805, -0.515286, -5.473371]"
M3,"{""sep"": 2.0}",0,500000,outer,M3V,8,88,52,12,-9536.215253126167,-9536.215253123444,2.723027137108147e-09,0,1,8,88,88,-2178.517305632209,-2178.51729254202,2016,1.2,13.7,cold,extra,extra,,,"[-0.994425, 0.177074, 0.011293, 1.484122, 1.372125, 3.009279, -0.621064, -0.615833]","[-0.994426, 0.177073, 0.011295, 1.484124, 1.372126, 3.009279, -0.621063, -0.615833]"
M3,"{""sep"": 2.0}",1,500001,inner,M2B,4,84,38,14,-7326.481675646744,-7326.481675646549,1.9554136088117957e-10,0,1,4,84,80,-2788.0727864583973,-2788.0727877266245,2352,0.3,3.3,cold,extra,extra,0,84,"[3.240374, 1.72268, 2.175939, 0.009197, 0.762277, 1.163939]","[3.240375, 1.722679, 2.175939, 0.009197, 0.762277, 1.163939]"
M3,"{""sep"": 2.0}",1,500001,inner,M2H,4,84,38,14,-7324.721938756762,-7324.721938756762,0.0,0,1,4,83,80,-2788.8514909858104,-2788.8514909858104,2352,29.4,627.2,cold,cold,cold:pipeline,0,84,"[3.24254, 1.733607, 2.175292, 0.007969, 0.761183, 1.164339, -2.369355]","[3.24254, 1.733607, 2.175292, 0.007969, 0.761183, 1.164339, -2.369355]"
M3,"{""sep"": 2.0}",1,500001,inner,M2K,4,84,38,14,-7091.683279260438,-7091.683279260056,3.8198777474462986e-10,0,1,4,84,23,-2663.1569483439025,-2663.156889637871,2352,0.7,10.2,cold,challenge,challenge,1,84,"[3.116113, 2.313415, 3.492971, 0.041942, 0.982235, 1.882686, -0.158514, -1.092342]","[3.116113, 2.313416, 3.492971, 0.041942, 0.982236, 1.882686, -0.158515, -1.092343]"
M3,"{""sep"": 2.0}",1,500001,inner,M2S,4,84,38,14,-7326.199126162797,-7326.199126156612,6.185473466757685e-09,0,1,4,84,83,-2786.0070349166826,-2786.007293137501,2352,19.3,344.8,cold,extra,extra,0,84,"[3.239824, 1.726385, 2.175628, 0.009015, 0.761873, 1.16384, -3.772562]","[3.239824, 1.726385, 2.17563, 0.009015, 0.761873, 1.16384, -3.772597]"
M3,"{""sep"": 2.0}",1,500001,inner,M3,4,84,38,14,-6876.7066124467,-6876.7066124434405,3.259629011154175e-09,0,1,4,84,84,-2576.490309200308,-2576.490248688622,2352,1.0,8.2,cold,extra,extra,0,84,"[2.994481, 1.64651, -0.995529, 0.141878, 1.025129, 1.867258, 0.602261]","[2.994482, 1.646508, -0.995528, 0.141881, 1.025126, 1.867253, 0.602261]"
M3,"{""sep"": 2.0}",1,500001,inner,M3H,4,84,38,14,-6876.706613765064,-6876.706612525566,1.239497578353621e-06,0,1,4,84,83,-2576.4902813999042,-2576.4901767654314,2352,92.9,1641.8,cold,extra,extra,0,84,"[-0.995523, 0.128771, 0.024792, 1.646564, 1.867193, 2.994495, -0.507064, -9.567019]","[-0.995528, 0.128753, 0.024815, 1.646504, 1.86725, 2.994482, -0.507065, -14.350408]"
M3,"{""sep"": 2.0}",1,500001,inner,M3L,4,84,38,14,-6876.352715633216,-6876.3527154074,2.2581571101909503e-07,0,1,4,84,83,-2576.1815937739348,-2576.18254109663,2352,1.2,15.0,cold,extra,extra,0,84,"[-1.000492, 0.120341, 0.039177, 1.631669, 1.865437, 2.986598, -0.510389, -4.666806]","[-1.000494, 0.120345, 0.039173, 1.631679, 1.865337, 2.986602, -0.51039, -4.666864]"
M3,"{""sep"": 2.0}",1,500001,inner,M3V,4,84,38,14,-6876.615127457913,-6876.6151274492895,8.623828762210906e-09,0,1,4,84,83,-2576.400058595803,-2576.3999636780823,2352,0.7,8.9,cold,extra,extra,0,84,"[-0.993974, 0.138421, 0.012463, 1.653972, 1.874547, 3.001207, -0.605651, -0.615555]","[-0.993974, 0.138419, 0.012467, 1.65397, 1.87453, 3.001208, -0.605651, -0.615556]"
M3,"{""sep"": 2.0}",1,500001,outer,M2B,8,88,52,12,-10112.468827519471,-10112.468827519471,0.0,0,1,8,88,83,-2375.8275080765534,-2375.8275080765534,2016,0.8,3.9,cold,cold,cold:pipeline,0,88,"[3.263772, 1.717614, 2.173157, 0.013335, 0.769764, 1.176697]","[3.263772, 1.717614, 2.173157, 0.013335, 0.769764, 1.176697]"
M3,"{""sep"": 2.0}",1,500001,outer,M2H,8,88,52,12,-10111.283214841998,-10111.283214840998,1.000444171950221e-09,0,1,8,88,86,-2375.356624715069,-2375.356629149523,2016,109.1,1019.8,cold,extra,extra,0,88,"[3.267004, 1.726167, 2.172507, 0.011833, 0.76903, 1.177386, -2.550165]","[3.267004, 1.726168, 2.172507, -0.011833, -0.76903, 1.177386, -2.550149]"
M3,"{""sep"": 2.0}",1,500001,outer,M2K,8,88,52,12,-9750.993158472465,-9750.993158472465,0.0,0,1,8,88,25,-2299.8395837325306,-2299.8395837325306,2016,1.6,13.4,cold,cold,cold:pipeline,1,88,"[3.127762, 2.37023, 3.5338, 0.047449, 1.003294, 1.923808, -0.175334, -1.162734]","[3.127762, 2.37023, 3.5338, 0.047449, 1.003294, 1.923808, -0.175334, -1.162734]"
M3,"{""sep"": 2.0}",1,500001,outer,M2S,8,88,52,12,-10109.112452854657,-10109.112452853147,1.5097612049430609e-09,0,1,8,88,86,-2374.682977656362,-2374.682996623534,2016,49.3,488.6,cold,extra,extra,0,88,"[3.261622, 1.72865, 2.172104, 0.012654, 0.768462, 1.176251, -3.203279]","[3.261621, 1.72865, 2.172104, 0.012654, 0.768462, 1.176251, -3.203282]"
M3,"{""sep"": 2.0}",1,500001,outer,M3,8,88,52,12,-9451.491795797545,-9451.491795784277,1.3267708709463477e-08,0,1,8,88,88,-2222.3970017781858,-2222.3970917522006,2016,1.6,11.8,cold,extra,extra,0,88,"[3.0143, 1.630163, -0.986606, 0.175411, 1.005679, 1.913692, 0.603857]","[3.014299, 1.630165, -0.986606, 0.175405, 1.005685, 1.913694, 0.603857]"
M3,"{""sep"": 2.0}",1,500001,outer,M3H,8,88,52,12,-9451.491795905917,-9451.491795891978,1.3938915799371898e-08,0,1,8,88,85,-2222.3972212335643,-2222.3971393249926,2016,254.8,2545.3,cold,extra,extra,0,88,"[-0.986605, 0.150155, 0.005664, 1.630172, 1.913687, 3.014302, -0.504417, -12.680486]","[-0.986606, 0.150154, 0.005666, 1.630167, 1.913694, 3.0143, -0.504417, -15.680106]"
M3,"{""sep"": 2.0}",1,500001,outer,M3L,8,88,52,12,-9450.817493122508,-9450.817493118735,3.772584022954106e-09,0,1,8,88,80,-2222.069223086602,-2222.0691868888334,2016,2.4,20.1,cold,extra,extra,0,88,"[-0.993122, 0.13696, 0.027565, 1.609493, 1.910789, 3.002903, -0.508657, -4.432967]","[-0.993123, 0.136959, 0.027567, 1.609491, 1.91079, 3.002901, -0.508658, -4.432941]"
M3,"{""sep"": 2.0}",1,500001,outer,M3V,8,88,52,12,-9451.295627470798,-9451.295627460739,1.0059011401608586e-08,0,1,8,88,86,-2222.42116680216,-2222.42112182043,2016,1.5,13.2,cold,challenge,challenge,0,88,"[-0.984616, 0.161994, -0.010133, 1.639784, 1.922316, 3.022802, -0.601385, -0.613805]","[-0.984616, 0.161991, -0.01013, 1.639779, 1.922319, 3.022801, -0.601386, -0.613804]"
M3,"{""sep"": 2.0}",2,500002,inner,M2B,4,84,38,14,-7409.503676806033,-7409.503676806033,0.0,0,1,4,84,81,-2804.8170703743754,-2804.8170703743754,2352,0.1,3.2,cold,cold,cold:pipeline,0,84,"[3.234953, 1.538493, 2.212189, 0.009165, 0.772102, 1.192063]","[3.234953, 1.538493, 2.212189, 0.009165, 0.772102, 1.192063]"
M3,"{""sep"": 2.0}",2,500002,inner,M2H,4,84,38,14,-7405.242610430809,-7405.242610399466,3.134300641249865e-08,0,1,4,82,79,-2800.1370627724014,-2800.1370948811655,2352,25.5,655.0,cold,challenge,challenge,0,84,"[3.235361, 1.550819, 2.211784, 0.008193, 0.770238, 1.192105, -2.047371]","[3.235357, 1.550809, 2.211785, 0.008192, 0.770239, 1.192104, -2.047396]"
M3,"{""sep"": 2.0}",2,500002,inner,M2K,4,84,38,14,-7175.161196138245,-7175.161196108256,2.998876880155876e-08,0,1,4,84,30,-2708.2458382479103,-2708.2455927924852,2352,0.4,10.5,cold,challenge,challenge,1,84,"[3.135559, 2.180727, 3.538071, 0.038289, 0.996985, 1.922729, -0.150498, -1.106152]","[3.13556, 2.180734, 3.538073, 0.038289, 0.996986, 1.92273, -0.150503, -1.106156]"
M3,"{""sep"": 2.0}",2,500002,inner,M2S,4,84,38,14,-7408.914886278415,-7408.914886278099,3.155946615152061e-10,0,1,4,84,82,-2804.3064646674884,-2804.306515733967,2352,18.5,337.8,cold,extra,extra,0,84,"[3.234657, 1.544408, 2.211548, 0.008313, 0.77151, 1.191706, -3.56955]","[3.234656, 1.544407, 2.211549, 0.008313, 0.77151, 1.191706, -3.569553]"
M3,"{""sep"": 2.0}",2,500002,inner,M3,4,84,38,14,-6977.027712693831,-6977.027712693831,0.0,0,1,4,84,84,-2611.999082366821,-2611.999082366821,2352,0.4,7.7,cold,cold,cold:pipeline,0,84,"[2.958517, 1.490964, -0.990019, 0.103804, 1.103384, 1.390881, 0.60492]","[2.958517, 1.490964, -0.990019, 0.103804, 1.103384, 1.390881, 0.60492]"
M3,"{""sep"": 2.0}",2,500002,inner,M3H,4,84,38,14,-6977.027713516679,-6977.027712772677,7.440021363436244e-07,0,1,4,84,83,-2611.9990750482575,-2611.999076158362,2352,75.0,1664.2,cold,extra,extra,0,84,"[-0.990018, 0.089678, 0.098382, 1.490963, 1.390883, 2.958517, -0.502658, -8.165238]","[-0.990019, 0.089678, 0.098382, 1.490964, 1.390881, 2.958517, -0.502659, -12.662044]"
M3,"{""sep"": 2.0}",2,500002,inner,M3L,4,84,38,14,-6977.0277131869625,-6977.027712740051,4.4691114453598857e-07,0,1,4,84,78,-2611.9994892978316,-2611.9989647076954,2352,0.8,18.1,cold,challenge,challenge,0,84,"[-0.990019, 0.089662, 0.098401, 1.490975, 1.390838, 2.958506, -0.502659, -19.475088]","[-0.99002, 0.089673, 0.09839, 1.490948, 1.390896, 2.958515, -0.502661, -289.173838]"
M3,"{""sep"": 2.0}",2,500002,inner,M3V,4,84,38,14,-6976.966088013079,-6976.966087999883,1.3195858628023416e-08,0,1,4,84,83,-2611.738546994006,-2611.7386361298195,2352,0.4,8.2,cold,extra,extra,0,84,"[-0.98857, 0.098489, 0.088302, 1.496103, 1.392799, 2.965043, -0.601894, -0.610227]","[-0.988569, 0.098489, 0.088301, 1.496111, 1.392786, 2.965045, -0.601895, -0.610227]"
M3,"{""sep"": 2.0}",2,500002,outer,M2B,8,88,52,12,-10212.543621428315,-10212.543621428278,3.637978807091713e-11,0,1,8,88,87,-2410.9658333312314,-2410.965834261847,2016,0.3,3.0,cold,extra,extra,0,88,"[3.273601, 1.533321, 2.211629, 0.003688, 0.778768, 1.196902]","[3.273601, 1.533321, 2.211629, 0.003688, 0.778768, 1.196902]"
M3,"{""sep"": 2.0}",2,500002,outer,M2H,8,88,52,12,-10203.843506992956,-10203.84350698791,5.045876605436206e-09,0,1,8,86,82,-2407.686215276838,-2407.6862276116494,2016,93.0,967.3,cold,challenge,challenge,0,88,"[3.274126, 1.552157, 2.210271, 0.002531, 0.776365, 1.196634, -1.913215]","[3.274125, 1.55216, 2.210269, 0.00253, 0.776364, 1.196633, -1.913205]"
M3,"{""sep"": 2.0}",2,500002,outer,M2K,8,88,52,12,-9882.391563397156,-9882.391563377028,2.0127117750234902e-08,0,1,8,88,19,-2315.776746603782,-2315.7768532159253,2016,1.3,19.4,cold,challenge,challenge,1,88,"[3.153169, 2.20235, 3.548608, 0.038359, 1.007463, 1.929863, -0.167081, -1.117121]","[3.153167, 2.202339, 3.548603, 0.03836, 1.007461, 1.929862, -0.167081, -1.11711]"
M3,"{""sep"": 2.0}",2,500002,outer,M2S,8,88,52,12,-10211.589858795302,-10211.589858789415,5.8862497098743916e-09,0,1,8,88,86,-2411.0141460411637,-2411.0141345986976,2016,45.6,512.1,cold,extra,extra,0,88,"[3.273414, 1.540517, 2.210597, 0.002993, 0.778112, 1.196593, -3.528811]","[3.273415, 1.540514, 2.210597, 0.002993, 0.778112, 1.196593, -3.528843]"
M3,"{""sep"": 2.0}",2,500002,outer,M3,8,88,52,12,-9588.306809853615,-9588.306809852687,9.276845958083868e-10,0,1,8,88,88,-2220.253398221432,-2220.253410750699,2016,1.1,11.1,cold,extra,extra,0,88,"[2.984587, 1.473874, -0.993824, 0.133038, 1.077374, 1.382313, 0.605959]","[2.984588, 1.473875, -0.993823, 0.133038, 1.077374, 1.382312, 0.605959]"
M3,"{""sep"": 2.0}",2,500002,outer,M3H,8,88,52,12,-9588.305593739544,-9588.08964989326,0.2159438462840626,0,1,8,88,88,-2220.2520044623234,-2219.758127742693,2016,238.7,2493.3,cold,challenge,challenge,0,88,"[-0.993826, 0.119399, 0.074573, 1.473865, 1.382265, 2.984572, -0.500944, -5.76335]","[-0.994101, 0.116623, 0.07779, 1.474715, 1.382822, 2.983521, -0.501082, -2.783313]"
M3,"{""sep"": 2.0}",2,500002,outer,M3L,8,88,52,12,-9588.3068102906,-9588.30680986755,4.23049641540274e-07,0,1,8,88,86,-2220.2534303730836,-2220.253437929519,2016,2.6,25.3,cold,extra,extra,0,88,"[-0.993827, 0.119433, 0.074533, 1.473857, 1.382351, 2.984591, -0.500942, -20.285312]","[-0.993823, 0.119437, 0.074525, 1.473876, 1.382319, 2.984588, -0.500942, -299.807084]"
M3,"{""sep"": 2.0}",2,500002,outer,M3V,8,88,52,12,-9587.822129897151,-9587.822129895178,1.9736035028472543e-09,0,1,8,88,87,-2219.834260852076,-2219.834236698131,2016,1.4,13.3,cold,extra,extra,0,88,"[-0.990303, 0.139152, 0.050154, 1.485498, 1.389329, 3.000109, -0.593942, -0.613977]","[-0.990302, 0.139152, 0.050154, 1.485499, 1.389323, 3.000108, -0.593942, -0.613976]"
M3,"{""sep"": 2.0}",3,500003,inner,M2B,4,84,38,14,-7480.656778941257,-7480.656778941254,2.7284841053187847e-12,0,1,4,84,81,-2756.6642094593517,-2756.6642033909775,2352,0.1,2.4,cold,extra,extra,0,84,"[3.279156, 1.503994, 2.220801, -0.00926, 0.78131, 1.201043]","[3.279155, 1.503994, 2.220801, -0.00926, 0.78131, 1.201043]"
M3,"{""sep"": 2.0}",3,500003,inner,M2H,4,84,38,14,-7474.766442119713,-7474.766442118704,1.0095391189679503e-09,0,1,4,83,81,-2755.007285357954,-2755.007323523977,2352,27.5,623.5,cold,extra,extra,0,84,"[3.281408, 1.526662, 2.217738, -0.011369, 0.779056, 1.200587, -1.923861]","[3.28141, 1.526661, 2.217737, -0.011369, 0.779056, 1.200587, -1.923864]"
M3,"{""sep"": 2.0}",3,500003,inner,M2K,4,84,38,14,-7248.403414692693,-7248.403414684517,8.176357368938625e-09,0,1,4,84,33,-2649.8554074364324,-2649.855267177149,2352,0.4,8.2,cold,extra,extra,1,84,"[3.119885, 2.068867, 3.566411, 0.031353, 1.006378, 1.915286, -0.13087, -1.090156]","[3.119886, 2.068874, 3.566411, 0.031352, 1.006378, 1.915286, -0.13087, -1.09016]"
M3,"{""sep"": 2.0}",3,500003,inner,M2S,4,84,38,14,-7477.572697231592,-7477.57269723116,4.320099833421409e-10,0,1,4,84,81,-2758.0030999971355,-2758.0030629143307,2352,13.8,308.2,cold,extra,extra,0,84,"[3.275316, 1.51167, 2.221057, -0.00901, 0.779715, 1.201444, -3.093078]","[3.275315, 1.511668, 2.221057, -0.00901, 0.779715, 1.201444, -3.093077]"
M3,"{""sep"": 2.0}",3,500003,inner,M3,4,84,38,14,-7032.097326523113,-7032.097326521729,1.3842509360983968e-09,0,1,4,84,84,-2558.152163426116,-2558.1521239165004,2352,0.4,8.0,cold,extra,extra,0,84,"[2.999161, 1.514703, -0.996044, 0.22276, 0.977874, 1.316696, 0.608153]","[2.999159, 1.514702, -0.996045, 0.222757, 0.977877, 1.316696, 0.608153]"
M3,"{""sep"": 2.0}",3,500003,inner,M3H,4,84,38,14,-7032.090179546742,-7031.8162171659205,0.2739623808211036,0,1,4,84,84,-2558.149409898223,-2557.9939721841606,2352,84.0,1735.0,cold,extra,extra,0,84,"[-0.996052, 0.197728, -0.022183, 1.51467, 1.316824, 2.999097, -0.49733, -4.84681]","[-0.996165, 0.195853, -0.020092, 1.517627, 1.323659, 2.99875, -0.497372, -2.6133]"
M3,"{""sep"": 2.0}",3,500003,inner,M3L,4,84,38,14,-7032.097326938785,-7032.097326746958,1.9182698451913893e-07,0,1,4,84,81,-2558.1526949555646,-2558.1523690713852,2352,0.9,18.8,cold,challenge,challenge,0,84,"[-0.996045, 0.197868, -0.022368, 1.514686, 1.316681, 2.999167, -0.497329, -20.174318]","[-0.996043, 0.19787, -0.022375, 1.5147, 1.316686, 2.999164, -0.497329, -20.666558]"
M3,"{""sep"": 2.0}",3,500003,inner,M3V,4,84,38,14,-7032.063889282114,-7032.063889276042,6.072696123737842e-09,0,1,4,84,83,-2558.331261468609,-2558.331217098963,2352,0.4,9.1,cold,extra,extra,0,84,"[-0.994888, 0.203463, -0.0306, 1.518824, 1.317919, 3.00396, -0.597139, -0.603372]","[-0.994888, 0.203459, -0.030596, 1.518826, 1.317927, 3.003959, -0.597139, -0.603371]"
M3,"{""sep"": 2.0}",3,500003,outer,M2B,8,88,52,12,-10235.831448700905,-10235.831448699253,1.6516423784196377e-09,0,1,8,88,86,-2389.9605845790875,-2389.960609539427,2016,0.3,3.2,cold,extra,extra,0,88,"[3.240656, 1.524406, 2.216181, 0.000641, 0.780921, 1.194566]","[3.240656, 1.524408, 2.21618, 0.000641, 0.780921, 1.194565]"
M3,"{""sep"": 2.0}",3,500003,outer,M2H,8,88,52,12,-10228.569771998216,-10228.569771990802,7.414200808852911e-09,0,1,8,86,84,-2388.513272992371,-2388.5133110738802,2016,78.4,1046.7,cold,extra,extra,0,88,"[3.242297, 1.548312, 2.212784, -0.000912, 0.778791, 1.193809, -1.966497]","[3.242296, 1.548313, 2.212784, -0.000911, 0.778791, 1.193808, -1.966503]"
M3,"{""sep"": 2.0}",3,500003,outer,M2K,8,88,52,12,-9896.53183573965,-9896.531835710803,2.8847352950833738e-08,0,1,8,88,33,-2322.43254363984,-2322.432615557142,2016,1.3,13.2,cold,extra,extra,1,88,"[3.110141, 2.136684, 3.578167, 0.033523, 1.01343, 1.922597, -0.111146, -1.125649]","[3.110145, 2.136696, 3.578168, 0.033523, 1.013431, 1.922598, -0.111143, -1.125654]"
M3,"{""sep"": 2.0}",3,500003,outer,M2S,8,88,52,12,-10233.87497521771,-10233.87497516368,5.4029442253522575e-08,0,1,8,88,85,-2389.5274661779895,-2389.5274301482273,2016,42.2,477.4,cold,extra,extra,0,88,"[3.238227, 1.52761, 2.21669, 0.000517, 0.779903, 1.194771, -3.318368]","[3.238228, 1.527607, 2.216687, 0.000515, 0.779903, 1.194769, -3.318362]"
M3,"{""sep"": 2.0}",3,500003,outer,M3,8,88,52,12,-9588.942147196336,-9588.94214719633,5.4569682106375694e-12,0,1,8,88,88,-2244.2844966684006,-2244.2844981121516,2016,1.3,11.0,cold,challenge,challenge,0,88,"[2.993315, 1.531004, -0.99437, 0.253263, 0.941917, 1.455007, 0.604682]","[2.993315, 1.531004, -0.99437, 0.253263, 0.941917, 1.455006, 0.604682]"
M3,"{""sep"": 2.0}",3,500003,outer,M3H,8,88,52,12,-9588.557675077924,-9588.557675075073,2.850356395356357e-09,0,1,8,88,88,-2244.5767685065753,-2244.5767230814613,2016,260.1,2830.7,cold,extra,extra,0,88,"[-0.994389, 0.2195, -0.057835, 1.53472, 1.462423, 2.99311, -0.503038, -2.627264]","[-0.994389, 0.219498, -0.057833, 1.534718, 1.46242, 2.99311, -0.503038, -2.62728]"
M3,"{""sep"": 2.0}",3,500003,outer,M3L,8,88,52,12,-9588.942148211561,-9588.942147858734,3.5282755561638623e-07,0,1,8,88,79,-2244.2836588310392,-2244.284655851083,2016,2.8,25.5,cold,extra,extra,0,88,"[-0.994368, 0.221268, -0.059873, 1.530988, 1.454923, 2.99333, -0.503054, -20.868202]","[-0.99437, 0.221248, -0.05984, 1.531012, 1.455016, 2.993312, -0.50305, -18.968019]"
M3,"{""sep"": 2.0}",3,500003,outer,M3V,8,88,52,12,-9588.886864537679,-9588.886864536915,7.639755494892597e-10,0,1,8,88,86,-2244.2201700301357,-2244.220174916653,2016,1.3,13.6,cold,challenge,challenge,0,88,"[-0.995541, 0.215588, -0.051137, 1.526954, 1.452488, 2.988468, -0.610424, -0.603642]","[-0.995541, 0.215589, -0.051138, 1.526955, 1.452487, 2.988469, -0.610423, -0.603642]"
M3,"{""sep"": 2.0}",4,500004,inner,M2B,4,84,38,14,-7437.917337520543,-7437.917337520508,3.456079866737127e-11,0,1,4,84,81,-2771.2913701855205,-2771.291363017685,2352,0.1,4.8,cold,extra,extra,0,84,"[3.314203, 1.529941, 2.194137, -0.004878, 0.775939, 1.195691]","[3.314202, 1.52994, 2.194137, -0.004877, 0.775939, 1.195691]"
M3,"{""sep"": 2.0}",4,500004,inner,M2H,4,84,38,14,-7436.947146924553,-7436.947146919203,5.349647835828364e-09,0,1,4,83,77,-2771.3600988952758,-2771.3601369880002,2352,50.7,788.0,cold,challenge,challenge,0,84,"[3.315033, 1.539501, 2.192768, -0.005493, 0.775117, 1.195428, -2.423795]","[3.31503, 1.539502, 2.192768, -0.005493, 0.775116, 1.195427, -2.423793]"
M3,"{""sep"": 2.0}",4,500004,inner,M2K,4,84,38,14,-7177.335495410637,-7177.335495410637,0.0,0,1,4,84,33,-2680.029857943769,-2680.029857943769,2352,0.5,12.3,cold,cold,cold:pipeline,1,84,"[3.158464, 2.135549, 3.554126, 0.038454, 1.007763, 1.927747, -0.143864, -1.152339]","[3.158464, 2.135549, 3.554126, 0.038454, 1.007763, 1.927747, -0.143864, -1.152339]"
M3,"{""sep"": 2.0}",4,500004,inner,M2S,4,84,38,14,-7437.917338853921,-7437.917337896215,9.577061064192094e-07,0,1,4,84,82,-2771.2910561154854,-2771.2914802092137,2352,27.0,588.5,cold,extra,extra,0,84,"[3.314194, 1.529929, 2.194153, -0.004877, 0.775937, 1.195698, -9.4806]","[3.314196, 1.529939, 2.194136, -0.004878, 0.775939, 1.195689, -10.158874]"
M3,"{""sep"": 2.0}",4,500004,inner,M3,4,84,38,14,-6961.1250765488985,-6961.125076433871,1.1502743291202933e-07,0,1,4,84,84,-2600.6425120052013,-2600.6421883609664,2352,0.5,10.0,cold,extra,extra,0,84,"[3.03691, 1.624189, -0.980374, 0.287622, 0.914823, 1.111708, 0.603646]","[3.036916, 1.624173, -0.980376, 0.287626, 0.914822, 1.111682, 0.603646]"
M3,"{""sep"": 2.0}",4,500004,inner,M3H,4,84,38,14,-6961.125086516797,-6961.125076514616,1.0002180715673603e-05,0,1,4,84,82,-2600.642235306575,-2600.6421931160144,2352,99.6,2161.7,cold,extra,extra,0,84,"[-0.980376, 0.237441, -0.089024, 1.62417, 1.11168, 3.036915, -0.504767, -8.236553]","[-0.980376, 0.237444, -0.089027, 1.624173, 1.111681, 3.036916, -0.504767, -12.547572]"
M3,"{""sep"": 2.0}",4,500004,inner,M3L,4,84,38,14,-6961.125076920065,-6961.1250767603415,1.597236405359581e-07,0,1,4,84,78,-2600.6424103700865,-2600.6419268790933,2352,1.1,22.9,cold,extra,extra,0,84,"[-0.980375, 0.237453, -0.089039, 1.624176, 1.111634, 3.036927, -0.504767, -20.400096]","[-0.980379, 0.237433, -0.089009, 1.624174, 1.111689, 3.036906, -0.504767, -20.766354]"
M3,"{""sep"": 2.0}",4,500004,inner,M3V,4,84,38,14,-6960.505266219243,-6960.505266215926,3.3169271773658693e-09,0,1,4,84,82,-2599.721682065743,-2599.7216479837152,2352,0.5,11.2,cold,extra,extra,0,84,"[-0.984622, 0.217553, -0.057924, 1.607935, 1.118554, 3.019457, -0.62249, -0.596099]","[-0.984622, 0.217554, -0.057925, 1.607932, 1.118558, 3.019455, -0.62249, -0.596099]"
M3,"{""sep"": 2.0}",4,500004,outer,M2B,8,88,52,12,-10208.549766596643,-10208.54976659661,3.2741809263825417e-11,0,1,8,88,85,-2302.7914539705475,-2302.7914501522546,2016,0.4,4.0,cold,extra,extra,0,88,"[3.306929, 1.507643, 2.213983, 0.000601, 0.778495, 1.199545]","[3.306929, 1.507642, 2.213983, 0.000601, 0.778495, 1.199545]"
M3,"{""sep"": 2.0}",4,500004,outer,M2H,8,88,52,12,-10207.620915153944,-10207.620915151576,2.368324203416705e-09,0,1,8,87,85,-2301.611154619876,-2301.611129827908,2016,133.4,1097.4,cold,extra,extra,0,88,"[3.307473, 1.515225, 2.21286, 0.000176, 0.77781, 1.199297, -2.519187]","[3.307472, 1.515225, 2.212859, 0.000176, 0.77781, 1.199297, -2.519178]"
M3,"{""sep"": 2.0}",4,500004,outer,M2K,8,88,52,12,-9856.570227632412,-9856.570227619608,1.2803866411559284e-08,0,1,8,88,23,-2214.18788250114,-2214.1877393523805,2016,1.8,19.0,cold,challenge,challenge,1,88,"[3.159654, 2.121349, 3.577115, 0.041239, 1.011767, 1.940219, -0.150437, -1.146788]","[3.159655, 2.121353, 3.577116, 0.041239, 1.011767, 1.940219, -0.150436, -1.146792]"
M3,"{""sep"": 2.0}",4,500004,outer,M2S,8,88,52,12,-10207.995861405483,-10207.995861401301,4.181856638751924e-09,0,1,8,88,84,-2302.760562155489,-2302.760526372011,2016,57.5,604.1,cold,extra,extra,0,88,"[3.308621, 1.513015, 2.21291, -0.00027, 0.777997, 1.199932, -3.658087]","[3.30862, 1.513011, 2.212911, -0.00027, 0.777997, 1.199933, -3.658049]"
M3,"{""sep"": 2.0}",4,500004,outer,M3,8,88,52,12,-9560.933669339978,-9560.933669337024,2.954038791358471e-09,0,1,8,88,88,-2151.448368260986,-2151.448440371751,2016,1.4,14.3,cold,extra,extra,0,88,"[3.029632, 1.594057, -0.991469, 0.25537, 0.951298, 1.142803, 0.605158]","[3.029632, 1.594058, -0.991469, 0.255371, 0.951297, 1.142802, 0.605158]"
M3,"{""sep"": 2.0}",4,500004,outer,M3H,8,88,52,12,-9560.933671016814,-9560.933669444592,1.5722216630820185e-06,0,1,8,88,85,-2151.448587164144,-2151.448483369364,2016,320.9,3234.3,cold,extra,extra,0,88,"[-0.991469, 0.220608, -0.04992, 1.594056, 1.142794, 3.029633, -0.502265, -9.458133]","[-0.991469, 0.220613, -0.049929, 1.594058, 1.142799, 3.029632, -0.502265, -14.235794]"
M3,"{""sep"": 2.0}",4,500004,outer,M3L,8,88,52,12,-9560.93367009559,-9560.933669667402,4.2818828660529107e-07,0,1,8,88,84,-2151.448671686969,-2151.4484532932647,2016,3.0,29.2,cold,extra,extra,0,88,"[-0.991469, 0.220631, -0.049958, 1.594076, 1.142811, 3.029635, -0.502264, -20.229963]","[-0.99147, 0.220614, -0.04993, 1.594057, 1.142808, 3.029637, -0.502265, -20.906542]"
M3,"{""sep"": 2.0}",4,500004,outer,M3V,8,88,52,12,-9559.269377073506,-9559.269377073353,1.5279510989785194e-10,0,1,8,88,88,-2150.449582809198,-2150.449619972435,2016,1.5,16.0,cold,extra,extra,0,88,"[-0.997392, 0.191633, -0.007367, 1.573414, 1.146214, 3.004806, -0.625329, -0.588402]","[-0.997392, 0.191633, -0.007368, 1.573416, 1.146215, 3.004806, -0.625329, -0.588402]"
M3,"{""sep"": 2.0}",5,500005,inner,M2B,4,84,38,14,-7464.883372413439,-7464.883372401047,1.2391865311656147e-08,0,1,4,84,83,-2818.4132744445346,-2818.41309349933,2352,0.1,2.4,cold,extra,extra,0,84,"[3.255913, 1.574521, 2.213289, 0.014344, 0.778929, 1.185585]","[3.255915, 1.574519, 2.21329, 0.014345, 0.77893, 1.185587]"
M3,"{""sep"": 2.0}",5,500005,inner,M2H,4,84,38,14,-7456.582100828711,-7456.582100828451,2.601154847070575e-10,0,1,4,84,81,-2817.4712678992014,-2817.471290088162,2352,31.4,740.3,cold,extra,extra,0,84,"[3.266325, 1.603076, 2.210341, 0.009446, 0.776065, 1.187512, -1.84096]","[3.266325, 1.603077, 2.210341, 0.009446, 0.776065, 1.187512, -1.840961]"
M3,"{""sep"": 2.0}",5,500005,inner,M2K,4,84,38,14,-7209.088810709638,-7209.088810687106,2.2531821741722524e-08,0,1,4,84,31,-2715.7516033275606,-2715.751576737739,2352,0.3,6.7,cold,extra,extra,1,84,"[3.153081, 2.282815, 3.563901, 0.046356, 1.013032, 1.932883, -0.142032, -1.133614]","[3.153082, 2.282823, 3.563906, 0.046356, 1.013034, 1.932884, -0.142033, -1.133621]"
M3,"{""sep"": 2.0}",5,500005,inner,M2S,4,84,38,14,-7464.648015449789,-7464.648015443838,5.951733328402042e-09,0,1,4,84,82,-2818.147767719579,-2818.1478309508043,2352,12.2,265.6,cold,extra,extra,0,84,"[3.254162, 1.576383, 2.212999, 0.014492, 0.778551, 1.185329, -3.821651]","[3.254163, 1.576383, 2.212997, 0.014492, 0.77855, 1.185328, -3.821677]"
M3,"{""sep"": 2.0}",5,500005,inner,M3,4,84,38,14,-6983.321616636387,-6983.321616610036,2.6351699489168823e-08,0,1,4,84,84,-2591.227865817906,-2591.227793113316,2352,0.3,5.8,cold,challenge,challenge,0,84,"[2.999782, 1.584533, -1.004957, 0.192941, 0.99925, 1.477871, 0.606881]","[2.999784, 1.58453, -1.004957, 0.192948, 0.999241, 1.477917, 0.606881]"
M3,"{""sep"": 2.0}",5,500005,inner,M3H,4,84,38,14,-6983.317512754105,-6982.978733906451,0.33877884765388444,0,1,4,84,84,-2591.2283881274016,-2591.11674345596,2352,55.8,1180.7,cold,extra,extra,0,84,"[-1.004962, 0.18048, -0.000642, 1.584525, 1.478106, 2.999743, -0.499421, -5.228315]","[-1.004704, 0.180596, -0.000988, 1.592246, 1.472683, 3.000655, -0.499302, -2.609517]"
M3,"{""sep"": 2.0}",5,500005,inner,M3L,4,84,38,14,-6983.321616857404,-6983.321616808158,4.924550012219697e-08,0,1,4,84,79,-2591.2275830873514,-2591.227537869435,2352,0.7,14.1,cold,extra,extra,0,84,"[-1.004957, 0.180582, -0.000768, 1.584539, 1.477891, 2.999793, -0.499424, -20.689635]","[-1.004957, 0.180574, -0.000759, 1.584526, 1.477928, 2.999783, -0.499424, -20.76829]"
M3,"{""sep"": 2.0}",5,500005,inner,M3V,4,84,38,14,-6982.797790233884,-6982.797790233884,0.0,0,1,4,84,83,-2590.9373663006777,-2590.9373663006777,2352,0.2,5.7,cold,cold,cold:pipeline,0,84,"[-1.008944, 0.158897, 0.028534, 1.569429, 1.469665, 2.982924, -0.615932, -0.591824]","[-1.008944, 0.158897, 0.028534, 1.569429, 1.469665, 2.982924, -0.615932, -0.591824]"
M3,"{""sep"": 2.0}",5,500005,outer,M2B,8,88,52,12,-10280.99354688541,-10280.993546885253,1.5643308870494366e-10,0,1,8,88,83,-2405.1263944237066,-2405.126386172127,2016,0.3,4.0,cold,extra,extra,0,88,"[3.258817, 1.462367, 2.235302, 0.013785, 0.784833, 1.192754]","[3.258817, 1.462368, 2.235302, 0.013785, 0.784833, 1.192754]"
M3,"{""sep"": 2.0}",5,500005,outer,M2H,8,88,52,12,-10271.680436827995,-10271.680436827814,1.8189894035458565e-10,0,1,8,87,84,-2406.5755549821192,-2406.5755536093448,2016,76.3,910.6,cold,extra,extra,0,88,"[3.267345, 1.487618, 2.231414, 0.010329, 0.782295, 1.193788, -1.867851]","[3.267344, 1.487617, 2.231414, 0.010329, 0.782295, 1.193788, -1.867853]"
M3,"{""sep"": 2.0}",5,500005,outer,M2K,8,88,52,12,-9922.719595719576,-9922.71959571846,1.1168594937771559e-09,0,1,8,88,37,-2310.0314227524764,-2310.0314383024147,2016,2.4,13.7,cold,extra,extra,1,88,"[3.144563, 2.165943, 3.586265, 0.045415, 1.02053, 1.939334, -0.139692, -1.143702]","[3.144563, 2.165942, 3.586264, 0.045415, 1.02053, 1.939333, -0.139691, -1.143701]"
M3,"{""sep"": 2.0}",5,500005,outer,M2S,8,88,52,12,-10280.567204135805,-10280.567204129748,6.057234713807702e-09,0,1,8,88,86,-2404.954741553576,-2404.954789903328,2016,45.0,490.2,cold,challenge,challenge,0,88,"[3.256817, 1.464604, 2.234939, 0.014191, 0.784385, 1.192336, -3.740262]","[3.256817, 1.464598, 2.234941, 0.014191, 0.784385, 1.192337, -3.740216]"
M3,"{""sep"": 2.0}",5,500005,outer,M3,8,88,52,12,-9571.461691795164,-9571.461691795155,9.094947017729282e-12,0,1,8,88,88,-2209.3526702017184,-2209.3526627441934,2016,1.2,11.8,cold,extra,extra,0,88,"[3.00551, 1.491284, -1.009823, 0.231776, 0.963662, 1.458833, 0.600498]","[3.00551, 1.491283, -1.009823, 0.231775, 0.963662, 1.458836, 0.600498]"
M3,"{""sep"": 2.0}",5,500005,outer,M3H,8,88,52,12,-9570.984236476474,-9570.984236476368,1.0550138540565968e-10,0,1,8,88,88,-2210.0330796441,-2210.033086741956,2016,248.2,2731.7,cold,extra,extra,0,88,"[-1.009734, 0.215134, -0.035392, 1.496544, 1.456064, 3.005708, -0.509964, -2.571137]","[-1.009734, 0.215133, -0.035392, 1.496543, 1.456066, 3.005708, -0.509964, -2.571137]"
M3,"{""sep"": 2.0}",5,500005,outer,M3L,8,88,52,12,-9571.46169358118,-9571.461692127341,1.453838194720447e-06,0,1,8,88,79,-2209.353263109093,-2209.3527368588625,2016,2.5,25.4,cold,extra,extra,0,88,"[-1.009826, 0.216365, -0.036957, 1.491263, 1.458709, 3.005484, -0.509997, -19.329052]","[-1.009823, 0.216396, -0.03701, 1.491293, 1.458813, 3.005511, -0.509997, -20.653469]"
M3,"{""sep"": 2.0}",5,500005,outer,M3V,8,88,52,12,-9570.601057401716,-9570.601057388594,1.3122189557179809e-08,0,1,8,88,87,-2209.957025261372,-2209.95708573241,2016,1.2,12.8,cold,extra,extra,0,88,"[-1.014422, 0.193706, -0.003803, 1.475581, 1.447955, 2.986172, -0.629245, -0.602416]","[-1.014423, 0.193702, -0.003795, 1.475584, 1.447953, 2.986169, -0.629246, -0.602415]"
M3H,"{""sep"": 2.0, ""tau"": 0.5}",0,500000,inner,M2B,4,84,38,14,-7561.532624152624,-7561.532624150912,1.711669028736651e-09,0,1,4,84,83,-2846.162918113209,-2846.162872968817,2352,0.1,2.4,cold,extra,extra,,,"[3.13502, 1.376047, 2.222176, 0.016737, 0.790249, 1.179889]","[3.135022, 1.376045, 2.222176, 0.016736, 0.79025, 1.179889]"
M3H,"{""sep"": 2.0, ""tau"": 0.5}",0,500000,inner,M2H,4,84,38,14,-7456.695440618335,-7456.695440609006,9.328687156084925e-09,0,1,4,83,82,-2784.8148715363195,-2784.8148547359087,2352,24.1,523.1,cold,extra,extra,,,"[3.132975, 1.480217, 2.21655, 0.023445, 0.771943, 1.17788, -0.836364]","[3.132978, 1.480219, 2.216549, 0.023445, 0.771943, 1.177881, -0.836374]"
M3H,"{""sep"": 2.0, ""tau"": 0.5}",0,500000,inner,M2K,4,84,38,14,-7305.149340417925,-7305.149340338327,7.959715730976313e-08,0,1,4,84,26,-2734.2717396543017,-2734.2717424415814,2352,0.5,9.6,cold,extra,extra,,,"[3.151047, 2.136565, 3.572789, 0.024322, 1.033524, 1.910737, 0.015078, -1.152153]","[3.151057, 2.136594, 3.572789, 0.024322, 1.033525, 1.910739, 0.015082, -1.152158]"
M3H,"{""sep"": 2.0, ""tau"": 0.5}",0,500000,inner,M2S,4,84,38,14,-7557.787922314981,-7557.787922312595,2.3865140974521637e-09,0,1,4,84,83,-2841.463907902808,-2841.4639492728556,2352,12.8,289.7,cold,extra,extra,,,"[3.143748, 1.384363, 2.222879, 0.017214, 0.788525, 1.179903, -3.059004]","[3.143749, 1.384366, 2.222877, 0.017215, 0.788525, 1.179903, -3.059]"
M3H,"{""sep"": 2.0, ""tau"": 0.5}",0,500000,inner,M3,4,84,38,14,-7035.328132496177,-7035.3281324840555,1.2121745385229588e-08,0,1,4,84,84,-2631.509773301215,-2631.509590690376,2352,0.4,7.7,cold,extra,extra,,,"[2.911712, 1.3575, -0.993536, 0.261356, 0.927761, 1.494994, 0.595135]","[2.911715, 1.357505, -0.993535, 0.26136, 0.927757, 1.494969, 0.595135]"
M3H,"{""sep"": 2.0, ""tau"": 0.5}",0,500000,inner,M3H,4,84,38,14,-6948.920819329051,-6948.920819185842,1.432081262464635e-07,0,1,4,84,84,-2589.845973491354,-2589.845743059839,2352,90.8,1762.1,cold,challenge,challenge,,,"[-1.000636, 0.120606, 0.058259, 1.398664, 1.690818, 2.876714, -0.524788, -0.814739]","[-1.000636, 0.120602, 0.058261, 1.398686, 1.690848, 2.876712, -0.524787, -0.81473]"
M3H,"{""sep"": 2.0, ""tau"": 0.5}",0,500000,inner,M3L,4,84,38,14,-7035.328132920027,-7035.328132782813,1.372145561617799e-07,0,1,4,84,84,-2631.510101565251,-2631.5096660831555,2352,0.9,18.5,cold,extra,extra,,,"[-0.993535, 0.227044, -0.074973, 1.357495, 1.494989, 2.911717, -0.518968, -20.02452]","[-0.993534, 0.227058, -0.074996, 1.357503, 1.494992, 2.911721, -0.518967, -20.370136]"
M3H,"{""sep"": 2.0, ""tau"": 0.5}",0,500000,inner,M3V,4,84,38,14,-7033.704831070219,-7033.704831058025,1.2194504961371422e-08,0,1,4,84,84,-2632.3202488492684,-2632.320234091413,2352,0.5,8.6,cold,extra,extra,,,"[-1.0019, 0.188678, -0.017097, 1.33192, 1.478829, 2.875939, -0.648912, -0.604776]","[-1.0019, 0.188677, -0.017096, 1.331917, 1.478818, 2.875941, -0.648911, -0.604775]"
M3H,"{""sep"": 2.0, ""tau"": 0.5}",0,500000,outer,M2B,8,88,52,12,-10405.957400094598,-10405.95740009458,1.8189894035458565e-11,0,1,8,88,87,-2486.9010255505855,-2486.9010152600827,2016,0.4,2.9,cold,extra,extra,,,"[3.160458, 1.371728, 2.231545, 0.002644, 0.796156, 1.195533]","[3.160458, 1.371728, 2.231545, 0.002644, 0.796156, 1.195533]"
M3H,"{""sep"": 2.0, ""tau"": 0.5}",0,500000,outer,M2H,8,88,52,12,-10240.169480621591,-10240.169480618424,3.166860551573336e-09,0,1,8,87,82,-2405.77708803927,-2405.7771636614125,2016,76.5,982.2,cold,extra,extra,,,"[3.143001, 1.503158, 2.222111, 0.013005, 0.775174, 1.187857, -0.774663]","[3.142998, 1.503156, 2.222112, 0.013005, 0.775175, 1.187857, -0.774663]"
M3H,"{""sep"": 2.0, ""tau"": 0.5}",0,500000,outer,M2K,8,88,52,12,-10038.287112889855,-10038.287112386006,5.03849150845781e-07,0,1,8,88,25,-2378.929843549093,-2378.928426536275,2016,1.4,16.6,cold,extra,extra,,,"[3.157607, 2.146104, 3.593413, 0.017295, 1.042575, 1.919008, 0.016361, -1.160601]","[3.157607, 2.146059, 3.593418, 0.017294, 1.042573, 1.919007, 0.016347, -1.160591]"
M3H,"{""sep"": 2.0, ""tau"": 0.5}",0,500000,outer,M2S,8,88,52,12,-10397.754524446853,-10397.754524445794,1.0586518328636885e-09,0,1,8,88,84,-2483.4058552231595,-2483.405851049453,2016,42.5,470.2,cold,extra,extra,,,"[3.166333, 1.383159, 2.231911, 0.005315, 0.793668, 1.1944, -2.914989]","[3.166333, 1.383161, 2.23191, 0.005315, 0.793668, 1.1944, -2.91499]"
M3H,"{""sep"": 2.0, ""tau"": 0.5}",0,500000,outer,M3,8,88,52,12,-9665.26050351718,-9665.26050351679,3.892637323588133e-10,0,1,8,88,88,-2289.0414874944317,-2289.0414443349305,2016,1.2,11.6,cold,challenge,challenge,,,"[2.914579, 1.39178, -0.996363, 0.305152, 0.893406, 1.351663, 0.597621]","[2.91458, 1.39178, -0.996363, 0.305153, 0.893405, 1.351665, 0.597621]"
M3H,"{""sep"": 2.0, ""tau"": 0.5}",0,500000,outer,M3H,8,88,52,12,-9537.021156870424,-9537.02115686071,9.713403414934874e-09,0,1,8,88,88,-2243.115876829133,-2243.115738383931,2016,269.4,2698.2,cold,extra,extra,,,"[-1.002422, 0.165831, 0.018355, 1.462479, 1.532402, 2.885149, -0.5196, -0.767796]","[-1.002422, 0.165829, 0.018358, 1.462478, 1.532406, 2.885151, -0.519599, -0.767792]"
M3H,"{""sep"": 2.0, ""tau"": 0.5}",0,500000,outer,M3L,8,88,52,12,-9665.260503794952,-9665.260503569301,2.2565109247807413e-07,0,1,8,88,84,-2289.041626331713,-2289.0417171023414,2016,2.5,24.4,cold,extra,extra,,,"[-0.996363, 0.26352, -0.1127, 1.391759, 1.351667, 2.914579, -0.5148, -20.867104]","[-0.996362, 0.263532, -0.11272, 1.391779, 1.351659, 2.914579, -0.5148, -23.04467]"
M3H,"{""sep"": 2.0, ""tau"": 0.5}",0,500000,outer,M3V,8,88,52,12,-9664.188027545899,-9664.18802754327,2.6284396881237626e-09,0,1,8,88,88,-2289.9358725715865,-2289.9358879687234,2016,1.2,12.7,cold,extra,extra,,,"[-1.001898, 0.240482, -0.074262, 1.376148, 1.346458, 2.891881, -0.636608, -0.606092]","[-1.001898, 0.240483, -0.074263, 1.376148, 1.346457, 2.891882, -0.636608, -0.606093]"
M3H,"{""sep"": 2.0, ""tau"": 0.5}",1,500001,inner,M2B,4,84,38,14,-7671.811921284235,-7671.811921283301,9.340510587207973e-10,0,1,4,84,82,-2856.6987882594913,-2856.698774710796,2352,0.3,2.3,cold,extra,extra,0,84,"[3.284102, 1.306155, 2.217372, 0.011653, 0.804475, 1.192221]","[3.284101, 1.306153, 2.217373, 0.011653, 0.804475, 1.192221]"
M3H,"{""sep"": 2.0, ""tau"": 0.5}",1,500001,inner,M2H,4,84,38,14,-7529.588657424763,-7529.5886574187425,6.020854925736785e-09,0,1,4,83,80,-2771.0488498201184,-2771.048843382095,2352,27.2,539.3,cold,extra,extra,0,84,"[3.287888, 1.563555, 2.171727, 0.018723, 0.78066, 1.17657, -0.651122]","[3.287882, 1.563557, 2.171726, 0.018723, 0.78066, 1.176569, -0.651124]"
M3H,"{""sep"": 2.0, ""tau"": 0.5}",1,500001,inner,M2K,4,84,38,14,-7392.727521769486,-7392.727521692246,7.72397470427677e-08,0,1,4,84,26,-2743.3843168149033,-2743.3843307963893,2352,0.7,12.3,cold,challenge,challenge,1,84,"[3.141399, 2.003417, 3.613896, 0.049773, 1.051355, 1.966112, -0.115735, -1.198824]","[3.141404, 2.003427, 3.613904, 0.049773, 1.051358, 1.966119, -0.115742, -1.198838]"
M3H,"{""sep"": 2.0, ""tau"": 0.5}",1,500001,inner,M2S,4,84,38,14,-7670.183437155538,-7670.183437153112,2.4256223696283996e-09,0,1,4,84,84,-2853.675916369314,-2853.6758616275806,2352,18.2,296.6,cold,extra,extra,0,84,"[3.28964, 1.318075, 2.214333, 0.012407, 0.803353, 1.19125, -3.283567]","[3.289641, 1.318073, 2.214334, 0.012407, 0.803353, 1.191251, -3.283569]"
M3H,"{""sep"": 2.0, ""tau"": 0.5}",1,500001,inner,M3,4,84,38,14,-7116.571570902126,-7116.571570886438,1.568787411088124e-08,0,1,4,84,84,-2609.1220443300476,-2609.1220948141304,2352,0.9,7.6,cold,extra,extra,0,84,"[3.031047, 1.424061, -0.98505, 0.37959, 0.815332, 1.139228, 0.603348]","[3.031046, 1.424059, -0.985049, 0.379589, 0.815331, 1.139257, 0.603348]"
M3H,"{""sep"": 2.0, ""tau"": 0.5}",1,500001,inner,M3H,4,84,38,14,-7020.047828910233,-7020.047828655786,2.544466042309068e-07,0,1,4,84,84,-2553.792953794466,-2553.7925425026897,2352,96.4,1874.2,cold,extra,extra,0,84,"[-0.98541, 0.246522, -0.10809, 1.553765, 1.282667, 3.02694, -0.506233, -0.712894]","[-0.985412, 0.246519, -0.108091, 1.553754, 1.282761, 3.026896, -0.506234, -0.712914]"
M3H,"{""sep"": 2.0, ""tau"": 0.5}",1,500001,inner,M3L,4,84,38,14,-7116.571571795261,-7116.571571439012,3.56249074684456e-07,0,1,4,84,81,-2609.121680985291,-2609.1221546537454,2352,1.4,18.7,cold,extra,extra,0,84,"[-0.985048, 0.310894, -0.204168, 1.42408, 1.139221, 3.031042, -0.50526, -18.288882]","[-0.98505, 0.310893, -0.204168, 1.424067, 1.139257, 3.03105, -0.50526, -18.682555]"
M3H,"{""sep"": 2.0, ""tau"": 0.5}",1,500001,inner,M3V,4,84,38,14,-7114.142540040639,-7114.142540038836,1.8026184989139438e-09,0,1,4,84,81,-2609.593427052351,-2609.593418999151,2352,0.7,9.0,cold,extra,extra,0,84,"[-0.99337, 0.277607, -0.141604, 1.403989, 1.142064, 2.996014, -0.637593, -0.584893]","[-0.993369, 0.277607, -0.141605, 1.403991, 1.142054, 2.996015, -0.637592, -0.584894]"
M3H,"{""sep"": 2.0, ""tau"": 0.5}",1,500001,outer,M2B,8,88,52,12,-10527.025021247584,-10527.025021247584,0.0,0,1,8,88,85,-2387.964232056758,-2387.964232056758,2016,0.8,3.5,cold,cold,cold:pipeline,0,88,"[3.26322, 1.299088, 2.23651, 0.002719, 0.807318, 1.202078]","[3.26322, 1.299088, 2.23651, 0.002719, 0.807318, 1.202078]"
M3H,"{""sep"": 2.0, ""tau"": 0.5}",1,500001,outer,M2H,8,88,52,12,-10299.64626554917,-10299.646265546997,2.1736923372372985e-09,0,1,8,88,84,-2371.9809564262446,-2371.9810056864117,2016,100.4,964.2,cold,challenge,challenge,0,88,"[3.260828, 1.544312, 2.19812, 0.012942, 0.780081, 1.187551, -0.603609]","[3.26083, 1.544314, 2.198119, 0.012942, 0.780081, 1.187551, -0.603605]"
M3H,"{""sep"": 2.0, ""tau"": 0.5}",1,500001,outer,M2K,8,88,52,12,-10134.203081749652,-10134.203081303778,4.4587432057596743e-07,0,1,8,88,27,-2290.6676229881946,-2290.667642636798,2016,1.7,16.1,cold,challenge,challenge,1,88,"[3.136089, 2.043272, 3.638753, 0.03929, 1.060791, 1.963729, -0.084625, -1.216249]","[3.136095, 2.043313, 3.638772, 0.039289, 1.060801, 1.963741, -0.08462, -1.216274]"
M3H,"{""sep"": 2.0, ""tau"": 0.5}",1,500001,outer,M2S,8,88,52,12,-10521.932698254885,-10521.932698241864,1.302032615058124e-08,0,1,8,88,84,-2386.804889747313,-2386.8048398664196,2016,45.9,497.0,cold,extra,extra,0,88,"[3.273141, 1.316684, 2.233294, 0.0036, 0.805429, 1.202042, -3.024989]","[3.273141, 1.316685, 2.233295, 0.0036, 0.805429, 1.202041, -3.025003]"
M3H,"{""sep"": 2.0, ""tau"": 0.5}",1,500001,outer,M3,8,88,52,12,-9723.629266318516,-9723.629266317956,5.602487362921238e-10,0,1,8,88,88,-2200.829425807093,-2200.8294365474953,2016,1.7,12.0,cold,extra,extra,0,88,"[3.02666, 1.422349, -0.990752, 0.431611, 0.769171, 1.144545, 0.599557]","[3.02666, 1.42235, -0.990752, 0.431612, 0.769171, 1.144546, 0.599558]"
M3H,"{""sep"": 2.0, ""tau"": 0.5}",1,500001,outer,M3H,8,88,52,12,-9572.305035449652,-9572.305035448384,1.267835614271462e-09,0,1,8,88,88,-2189.7808121585517,-2189.7807950416936,2016,310.0,2916.0,cold,extra,extra,0,88,"[-0.993199, 0.269564, -0.126263, 1.543386, 1.358883, 3.014509, -0.513825, -0.658869]","[-0.993199, 0.269563, -0.126261, 1.543387, 1.358872, 3.014509, -0.513825, -0.658871]"
M3H,"{""sep"": 2.0, ""tau"": 0.5}",1,500001,outer,M3L,8,88,52,12,-9723.629267348479,-9723.629266343643,1.0048352123703808e-06,0,1,8,88,75,-2200.8293286251346,-2200.829348533228,2016,3.0,25.5,cold,extra,extra,0,88,"[-0.990752, 0.352313, -0.262422, 1.422343, 1.144495, 3.026659, -0.511565, -18.650645]","[-0.990753, 0.352317, -0.262435, 1.422347, 1.144544, 3.026662, -0.511562, -54.40897]"
M3H,"{""sep"": 2.0, ""tau"": 0.5}",1,500001,outer,M3V,8,88,52,12,-9721.57854331189,-9721.578543298168,1.3722456060349941e-08,0,1,8,88,85,-2200.70924300625,-2200.709265165378,2016,1.7,13.9,cold,extra,extra,0,88,"[-0.997251, 0.328011, -0.211226, 1.407604, 1.147382, 2.999985, -0.638542, -0.596953]","[-0.997252, 0.328011, -0.211224, 1.407604, 1.147369, 2.999981, -0.638543, -0.596953]"
M3H,"{""sep"": 2.0, ""tau"": 0.5}",2,500002,inner,M2B,4,84,38,14,-7677.133549876598,-7677.1335498765875,1.0913936421275139e-11,0,1,4,84,81,-2825.4072366378973,-2825.407239255713,2352,0.1,2.4,cold,challenge,challenge,0,84,"[3.288492, 1.371306, 2.216732, 0.021243, 0.805115, 1.192673]","[3.288492, 1.371306, 2.216732, -0.021243, -0.805115, 1.192673]"
M3H,"{""sep"": 2.0, ""tau"": 0.5}",2,500002,inner,M2H,4,84,38,14,-7533.495897595556,-7533.495897590947,4.6093191485852e-09,0,1,4,84,77,-2789.0496635947575,-2789.049614381591,2352,21.7,610.5,cold,extra,extra,0,84,"[3.308779, 1.577052, 2.191623, 0.02081, 0.781384, 1.189076, -0.700973]","[3.308775, 1.577049, 2.191623, 0.02081, 0.781384, 1.189075, -0.700972]"
M3H,"{""sep"": 2.0, ""tau"": 0.5}",2,500002,inner,M2K,4,84,38,14,-7397.485015701606,-7397.485015664634,3.6971869121771306e-08,0,1,4,84,32,-2724.679390448369,-2724.6791845576727,2352,0.4,9.1,cold,extra,extra,1,84,"[3.141778, 2.1066, 3.628214, 0.05594, 1.056164, 1.988454, -0.180994, -1.216818]","[3.141773, 2.106605, 3.628217, 0.055939, 1.056165, 1.988452, -0.180991, -1.216823]"
M3H,"{""sep"": 2.0, ""tau"": 0.5}",2,500002,inner,M2S,4,84,38,14,-7677.133550787123,-7677.1335500892255,6.978971214266494e-07,0,1,4,84,84,-2825.4074348825948,-2825.4071769967663,2352,22.7,445.6,cold,challenge,challenge,0,84,"[3.288489, 1.371309, 2.216733, 0.021249, 0.805116, 1.19268, -10.835612]","[3.288492, 1.371298, 2.216736, 0.021243, 0.805116, 1.192676, -11.452148]"
M3H,"{""sep"": 2.0, ""tau"": 0.5}",2,500002,inner,M3,4,84,38,14,-7155.17515666235,-7155.175156662272,7.821654435247183e-11,0,1,4,84,84,-2637.6824875954685,-2637.682481843484,2352,0.4,7.3,cold,extra,extra,0,84,"[3.063265, 1.293106, -0.988841, 0.322712, 0.884822, 1.51206, 0.603684]","[3.063265, 1.293107, -0.988841, 0.322711, 0.884823, 1.512059, 0.603684]"
M3H,"{""sep"": 2.0, ""tau"": 0.5}",2,500002,inner,M3H,4,84,38,14,-7050.984647526887,-7050.98464745218,7.47068042983301e-08,0,1,4,84,84,-2612.9046118807146,-2612.9045719643163,2352,87.4,2000.8,cold,extra,extra,0,84,"[-0.992079, 0.189767, -0.014337, 1.383675, 1.736989, 3.051232, -0.50828, -0.682869]","[-0.99208, 0.189759, -0.01432, 1.383671, 1.73695, 3.051249, -0.50828, -0.682882]"
M3H,"{""sep"": 2.0, ""tau"": 0.5}",2,500002,inner,M3L,4,84,38,14,-7155.175157604926,-7155.175156847701,7.57225279812701e-07,0,1,4,84,74,-2637.682532189456,-2637.682539824431,2352,1.0,19.1,cold,extra,extra,0,84,"[-0.988843, 0.271204, -0.12235, 1.293099, 1.512009, 3.063262, -0.504706, -19.933224]","[-0.988842, 0.271207, -0.122358, 1.293102, 1.512008, 3.063265, -0.504706, -21.770273]"
M3H,"{""sep"": 2.0, ""tau"": 0.5}",2,500002,inner,M3V,4,84,38,14,-7152.884847542837,-7152.884847530473,1.2363670975901186e-08,0,1,4,84,81,-2638.517468218988,-2638.5174487196095,2352,0.4,9.0,cold,challenge,challenge,0,84,"[-0.998799, 0.225101, -0.047844, 1.268006, 1.484871, 3.017889, -0.63674, -0.58394]","[-0.9988, 0.225104, -0.047848, 1.268008, 1.484879, 3.017891, -0.63674, -0.58394]"
M3H,"{""sep"": 2.0, ""tau"": 0.5}",2,500002,outer,M2B,8,88,52,12,-10502.201037910321,-10502.201037910134,1.8735590856522322e-10,0,1,8,88,84,-2370.9945060745126,-2370.99451653547,2016,0.3,5.9,cold,extra,extra,0,88,"[3.281055, 1.361638, 2.222906, 0.015595, 0.804808, 1.195878]","[3.281054, 1.361638, 2.222906, 0.015595, 0.804808, 1.195877]"
M3H,"{""sep"": 2.0, ""tau"": 0.5}",2,500002,outer,M2H,8,88,52,12,-10321.953847819117,-10321.95384781823,8.87666828930378e-10,0,1,7,87,81,-2341.4485543873784,-2341.4484994058316,2016,92.9,920.9,cold,extra,extra,0,88,"[3.2999, 1.534486, 2.20329, 0.014244, 0.78274, 1.19414, -0.735418]","[3.299899, 1.534485, 2.203291, 0.014244, 0.78274, 1.194141, -0.73542]"
M3H,"{""sep"": 2.0, ""tau"": 0.5}",2,500002,outer,M2K,8,88,52,12,-10121.706472898395,-10121.70647289549,2.9049260774627328e-09,0,1,8,88,20,-2295.568052266973,-2295.5681419943453,2016,1.5,20.1,cold,extra,extra,1,88,"[3.127622, 2.085738, 3.633692, 0.050982, 1.055991, 1.982841, -0.174933, -1.214317]","[3.127623, 2.085743, 3.633692, 0.050983, 1.055991, 1.982842, -0.174934, -1.214319]"
M3H,"{""sep"": 2.0, ""tau"": 0.5}",2,500002,outer,M2S,8,88,52,12,-10502.201038932368,-10502.20103823603,6.963382475078106e-07,0,1,8,88,88,-2370.9949259858017,-2370.9944299562544,2016,63.7,669.6,cold,extra,extra,0,88,"[3.281055, 1.361632, 2.222911, 0.015596, 0.804807, 1.195878, -10.483081]","[3.281064, 1.361654, 2.222904, 0.015594, 0.804808, 1.195881, -11.448393]"
M3H,"{""sep"": 2.0, ""tau"": 0.5}",2,500002,outer,M3,8,88,52,12,-9792.611920050891,-9792.611920049487,1.4042598195374012e-09,0,1,8,88,88,-2225.7466381942304,-2225.7466263372758,2016,1.2,11.4,cold,extra,extra,0,88,"[3.044922, 1.306113, -0.990399, 0.313055, 0.893075, 1.488932, 0.604675]","[3.044922, 1.306111, -0.990399, 0.313053, 0.893076, 1.488937, 0.604675]"
M3H,"{""sep"": 2.0, ""tau"": 0.5}",2,500002,outer,M3H,8,88,52,12,-9663.597521285721,-9663.597521225272,6.04486558586359e-08,0,1,8,88,88,-2213.402495844781,-2213.402098775641,2016,271.2,2802.6,cold,extra,extra,0,88,"[-0.993006, 0.189573, -0.011747, 1.392029, 1.634597, 3.035184, -0.506321, -0.725359]","[-0.993006, 0.189563, -0.011734, 1.392028, 1.634565, 3.035172, -0.506319, -0.725364]"
M3H,"{""sep"": 2.0, ""tau"": 0.5}",2,500002,outer,M3L,8,88,52,12,-9792.611921071153,-9792.611920311218,7.599355740239844e-07,0,1,8,88,82,-2225.7470985158975,-2225.746727957614,2016,2.7,25.6,cold,extra,extra,0,88,"[-0.990399, 0.265022, -0.113094, 1.30611, 1.488984, 3.044927, -0.503063, -19.889183]","[-0.990398, 0.265016, -0.113083, 1.306113, 1.488934, 3.044925, -0.503064, -21.219968]"
M3H,"{""sep"": 2.0, ""tau"": 0.5}",2,500002,outer,M3V,8,88,52,12,-9790.944623155543,-9790.944623151256,4.287358024157584e-09,0,1,8,88,87,-2227.4619973096737,-2227.462053215758,2016,1.4,13.6,cold,extra,extra,0,88,"[-0.997759, 0.231476, -0.058733, 1.28604, 1.474385, 3.011966, -0.627452, -0.588991]","[-0.997759, 0.231477, -0.058735, 1.286043, 1.474384, 3.011967, -0.627452, -0.588991]"
M3H,"{""sep"": 2.0, ""tau"": 0.5}",3,500003,inner,M2B,4,84,38,14,-7789.31725589174,-7789.317255891205,5.356923793442547e-10,0,1,4,84,81,-2776.857847081615,-2776.857799506911,2352,0.1,2.2,cold,extra,extra,0,84,"[3.249816, 1.369065, 2.17138, 0.011507, 0.819357, 1.168997]","[3.249817, 1.369064, 2.17138, 0.011507, 0.819357, 1.168998]"
M3H,"{""sep"": 2.0, ""tau"": 0.5}",3,500003,inner,M2H,4,84,38,14,-7549.276703901963,-7549.276703901794,1.6916601452976465e-10,0,1,4,84,80,-2729.4395327868333,-2729.4395369892936,2352,24.0,531.3,cold,challenge,challenge,0,84,"[3.272402, 1.68424, 2.145133, 0.008519, 0.782292, 1.165395, -0.463647]","[3.272402, 1.68424, 2.145133, 0.008519, 0.782292, 1.165395, -0.463647]"
M3H,"{""sep"": 2.0, ""tau"": 0.5}",3,500003,inner,M2K,4,84,38,14,-7512.353209616973,-7512.353209611805,5.167748895473778e-09,0,1,4,84,30,-2691.6564017636438,-2691.6565022969853,2352,0.4,9.3,cold,extra,extra,1,84,"[3.126293, 2.116306, 3.579953, 0.042722, 1.067425, 1.938462, -0.098042, -1.174951]","[3.12629, 2.116308, 3.579953, 0.042722, 1.067426, 1.938462, -0.098044, -1.174951]"
M3H,"{""sep"": 2.0, ""tau"": 0.5}",3,500003,inner,M2S,4,84,38,14,-7780.388328553317,-7780.38832855324,7.639755494892597e-11,0,1,4,84,81,-2775.3827822087333,-2775.3827877306285,2352,12.3,293.5,cold,challenge,challenge,0,84,"[3.254474, 1.398922, 2.164746, 0.012098, 0.816159, 1.168179, -2.770458]","[3.254474, 1.398922, 2.164747, -0.012098, -0.816159, 1.168179, -2.770458]"
M3H,"{""sep"": 2.0, ""tau"": 0.5}",3,500003,inner,M3,4,84,38,14,-7206.869413677051,-7206.869413673032,4.01905708713457e-09,0,1,4,84,84,-2616.2310551711453,-2616.2309228105855,2352,0.4,8.4,cold,extra,extra,0,84,"[3.01414, 1.323069, -0.986295, 0.418784, 0.755066, 1.686176, 0.605883]","[3.014138, 1.323071, -0.986295, 0.418782, 0.755069, 1.686158, 0.605883]"
M3H,"{""sep"": 2.0, ""tau"": 0.5}",3,500003,inner,M3H,4,84,38,14,-7053.432946554145,-7053.432946523511,3.063360054511577e-08,0,1,4,84,84,-2580.281560578114,-2580.28128652947,2352,102.0,1946.4,cold,extra,extra,0,84,"[-0.992032, 0.222071, -0.085505, 1.437845, 1.939875, 2.997142, -0.506939, -0.520602]","[-0.992033, 0.222066, -0.085497, 1.437835, 1.939844, 2.997135, -0.506939, -0.520589]"
M3H,"{""sep"": 2.0, ""tau"": 0.5}",3,500003,inner,M3L,4,84,38,14,-7206.869413784309,-7206.869413784309,0.0,0,1,4,84,78,-2616.231258622293,-2616.231258622293,2352,1.0,19.6,cold,cold,cold:pipeline,0,84,"[-0.986295, 0.340092, -0.280947, 1.323063, 1.686215, 3.014135, -0.501067, -22.368848]","[-0.986295, 0.340092, -0.280947, 1.323063, 1.686215, 3.014135, -0.501067, -22.368848]"
M3H,"{""sep"": 2.0, ""tau"": 0.5}",3,500003,inner,M3V,4,84,38,14,-7206.524377530855,-7206.524377529329,1.5261321095749736e-09,0,1,4,84,79,-2616.6255909286665,-2616.6255641755292,2352,0.4,8.6,cold,extra,extra,0,84,"[-0.989842, 0.32692, -0.252475, 1.31372, 1.672514, 2.999407, -0.614969, -0.594897]","[-0.989842, 0.326919, -0.252472, 1.313717, 1.672519, 2.999407, -0.614969, -0.594897]"
M3H,"{""sep"": 2.0, ""tau"": 0.5}",3,500003,outer,M2B,8,88,52,12,-10564.460876876521,-10564.460876875824,6.96672941558063e-10,0,1,8,88,87,-2378.3745546091404,-2378.37452032064,2016,0.3,3.1,cold,extra,extra,0,88,"[3.244755, 1.332589, 2.194155, 0.005736, 0.810654, 1.183417]","[3.244755, 1.332589, 2.194155, 0.005736, 0.810654, 1.183417]"
M3H,"{""sep"": 2.0, ""tau"": 0.5}",3,500003,outer,M2H,8,88,52,12,-10276.623997261157,-10276.623997261157,0.0,0,1,8,88,83,-2332.9914656407095,-2332.9914656407095,2016,80.2,885.6,cold,cold,cold:pipeline,0,88,"[3.293105, 1.603359, 2.164095, -0.001103, 0.778069, 1.185271, -0.516227]","[3.293105, 1.603359, 2.164095, -0.001103, 0.778069, 1.185271, -0.516227]"
M3H,"{""sep"": 2.0, ""tau"": 0.5}",3,500003,outer,M2K,8,88,52,12,-10202.139001667296,-10202.139001564148,1.0314761311747134e-07,0,1,8,88,32,-2301.4057200418424,-2301.40586406345,2016,1.4,15.0,cold,extra,extra,1,88,"[3.132072, 2.025816, 3.578085, 0.035672, 1.051389, 1.933984, -0.08319, -1.151175]","[3.132067, 2.025788, 3.578086, 0.035672, 1.051386, 1.933985, -0.083186, -1.151169]"
M3H,"{""sep"": 2.0, ""tau"": 0.5}",3,500003,outer,M2S,8,88,52,12,-10554.49432332511,-10554.49432332467,4.4019543565809727e-10,0,1,8,88,84,-2376.945824024474,-2376.945807534775,2016,38.7,473.2,cold,extra,extra,0,88,"[3.248727, 1.351995, 2.188949, 0.005759, 0.80791, 1.182465, -2.845846]","[3.248727, 1.351994, 2.188949, 0.005759, 0.80791, 1.182466, -2.845841]"
M3H,"{""sep"": 2.0, ""tau"": 0.5}",3,500003,outer,M3,8,88,52,12,-9821.14243339899,-9821.142433396828,2.1627784008160233e-09,0,1,8,88,88,-2231.401291574159,-2231.4012059504194,2016,1.1,11.6,cold,extra,extra,0,88,"[2.993361, 1.315134, -0.981426, 0.356336, 0.833173, 1.424141, 0.604146]","[2.993363, 1.315136, -0.981426, 0.356338, 0.83317, 1.424141, 0.604146]"
M3H,"{""sep"": 2.0, ""tau"": 0.5}",3,500003,outer,M3H,8,88,52,12,-9631.267288433206,-9631.267288427838,5.3678377298638225e-09,0,1,8,88,88,-2201.655593792059,-2201.6554898492423,2016,268.8,2889.7,cold,extra,extra,0,88,"[-0.986761, 0.171062, -0.008047, 1.407923, 1.601528, 2.976518, -0.509807, -0.560275]","[-0.986761, 0.171062, -0.008047, 1.407926, 1.601531, 2.976523, -0.509807, -0.560277]"
M3H,"{""sep"": 2.0, ""tau"": 0.5}",3,500003,outer,M3L,8,88,52,12,-9821.142434161182,-9821.142433874471,2.8671092877630144e-07,0,1,8,88,76,-2231.401503826514,-2231.401521327162,2016,2.3,22.8,cold,extra,extra,0,88,"[-0.981425, 0.291, -0.18252, 1.315136, 1.424129, 2.99336, -0.503939, -19.541377]","[-0.981429, 0.290998, -0.182512, 1.315125, 1.424157, 2.993361, -0.50394, -20.156161]"
M3H,"{""sep"": 2.0, ""tau"": 0.5}",3,500003,outer,M3V,8,88,52,12,-9821.05627187639,-9821.056271870566,5.8244040701538324e-09,0,1,8,88,85,-2231.158171525031,-2231.1581439179095,2016,1.3,12.8,cold,extra,extra,0,88,"[-0.98295, 0.284943, -0.17112, 1.311304, 1.421234, 2.986863, -0.611842, -0.603246]","[-0.98295, 0.284941, -0.171116, 1.311306, 1.421226, 2.986861, -0.611843, -0.603245]"
M3H,"{""sep"": 2.0, ""tau"": 0.5}",4,500004,inner,M2B,4,84,38,14,-7617.175439207375,-7617.175439207327,4.8203219193965197e-11,0,1,4,84,80,-2872.140810028943,-2872.140791578178,2352,0.1,5.0,cold,extra,extra,0,84,"[3.251715, 1.376182, 2.20469, -0.011379, 0.7985, 1.198859]","[3.251715, 1.376182, 2.20469, -0.011379, 0.7985, 1.198859]"
M3H,"{""sep"": 2.0, ""tau"": 0.5}",4,500004,inner,M2H,4,84,38,14,-7483.037189920009,-7483.03718991999,1.9099388737231493e-11,0,1,4,83,78,-2832.3554611418067,-2832.355463134611,2352,57.1,690.0,cold,extra,extra,0,84,"[3.24711, 1.539643, 2.190535, -0.007744, 0.776187, 1.193619, -0.766851]","[3.24711, 1.539643, 2.190535, -0.007744, 0.776187, 1.193619, -0.76685]"
M3H,"{""sep"": 2.0, ""tau"": 0.5}",4,500004,inner,M2K,4,84,38,14,-7319.328066579004,-7319.328066579004,0.0,0,1,4,84,30,-2777.044395850041,-2777.044395850041,2352,0.6,13.4,cold,cold,cold:pipeline,1,84,"[3.141583, 2.196451, 3.617776, 0.023936, 1.059909, 1.944928, -0.081381, -1.273603]","[3.141583, 2.196451, 3.617776, 0.023936, 1.059909, 1.944928, -0.081381, -1.273603]"
M3H,"{""sep"": 2.0, ""tau"": 0.5}",4,500004,inner,M2S,4,84,38,14,-7616.231998844211,-7616.231998806059,3.8152393244672567e-08,0,1,4,84,81,-2871.80748838488,-2871.8075332746016,2352,17.2,381.4,cold,extra,extra,0,84,"[3.252728, 1.378802, 2.204827, -0.011353, 0.7977, 1.198605, -3.464684]","[3.252727, 1.378807, 2.204828, -0.011354, 0.797698, 1.198604, -3.464687]"
M3H,"{""sep"": 2.0, ""tau"": 0.5}",4,500004,inner,M3,4,84,38,14,-7046.214242206843,-7046.214242203618,3.2250682124868035e-09,0,1,4,84,84,-2663.522495592964,-2663.5226052997477,2352,0.5,9.5,cold,extra,extra,0,84,"[2.954032, 1.366098, -0.993292, 0.339769, 0.861744, 1.200507, 0.59203]","[2.95403, 1.366096, -0.993292, 0.339767, 0.861744, 1.200513, 0.59203]"
M3H,"{""sep"": 2.0, ""tau"": 0.5}",4,500004,inner,M3H,4,84,38,14,-6955.71583623864,-6955.7158362182145,2.0425432012416422e-08,0,1,4,84,84,-2644.4751874968524,-2644.4751899927965,2352,109.4,2157.4,cold,extra,extra,0,84,"[-0.994958, 0.224763, -0.061436, 1.454325, 1.38561, 2.94939, -0.527829, -0.772195]","[-0.994957, 0.224761, -0.061437, 1.454327, 1.38563, 2.949387, -0.527829, -0.772207]"
M3H,"{""sep"": 2.0, ""tau"": 0.5}",4,500004,inner,M3L,4,84,38,14,-7046.214242664635,-7046.214242283758,3.808772817137651e-07,0,1,4,84,75,-2663.5220338426575,-2663.5222970043596,2352,1.1,22.3,cold,extra,extra,0,84,"[-0.993294, 0.287487, -0.148811, 1.366093, 1.20052, 2.954033, -0.524196, -18.593721]","[-0.993293, 0.287468, -0.148776, 1.366097, 1.200513, 2.954031, -0.524199, -1385.638131]"
M3H,"{""sep"": 2.0, ""tau"": 0.5}",4,500004,inner,M3V,4,84,38,14,-7046.135166991247,-7046.135166955264,3.598324838094413e-08,0,1,4,84,80,-2663.9331631678756,-2663.933077933626,2352,0.5,10.3,cold,extra,extra,0,84,"[-0.994926, 0.281158, -0.137222, 1.362342, 1.198917, 2.947267, -0.635702, -0.626022]","[-0.994925, 0.281162, -0.137227, 1.362341, 1.198892, 2.947271, -0.635701, -0.62602]"
M3H,"{""sep"": 2.0, ""tau"": 0.5}",4,500004,outer,M2B,8,88,52,12,-10486.727363464692,-10486.727363464264,4.2746250983327627e-10,0,1,8,88,85,-2374.2232928122967,-2374.2232670855965,2016,0.4,4.1,cold,extra,extra,0,88,"[3.278436, 1.363254, 2.224673, -0.013304, 0.804213, 1.201086]","[3.278435, 1.363254, 2.224673, -0.013304, 0.804213, 1.201086]"
M3H,"{""sep"": 2.0, ""tau"": 0.5}",4,500004,outer,M2H,8,88,52,12,-10314.008838926038,-10314.008838926038,0.0,0,1,8,88,86,-2307.7091401744833,-2307.7091401744833,2016,84.3,981.2,cold,cold,cold:pipeline,0,88,"[3.285394, 1.542436, 2.202397, -0.013545, 0.782984, 1.195627, -0.773156]","[3.285394, 1.542436, 2.202397, -0.013545, 0.782984, 1.195627, -0.773156]"
M3H,"{""sep"": 2.0, ""tau"": 0.5}",4,500004,outer,M2K,8,88,52,12,-10092.733244890256,-10092.733244802504,8.775168680585921e-08,0,1,8,88,23,-2275.523476964807,-2275.5234131430643,2016,1.7,21.9,cold,extra,extra,1,88,"[3.166782, 2.188663, 3.630248, 0.024624, 1.063497, 1.945956, -0.104472, -1.2363]","[3.16678, 2.188659, 3.630251, 0.024626, 1.063496, 1.945961, -0.104478, -1.236304]"
M3H,"{""sep"": 2.0, ""tau"": 0.5}",4,500004,outer,M2S,8,88,52,12,-10485.671286325945,-10485.671286324243,1.7025740817189217e-09,0,1,8,88,82,-2372.3439926692727,-2372.3439695997345,2016,52.7,577.7,cold,extra,extra,0,88,"[3.279241, 1.368534, 2.224176, -0.013372, 0.803486, 1.201019, -3.508385]","[3.279242, 1.368533, 2.224177, -0.013372, 0.803486, 1.20102, -3.508388]"
M3H,"{""sep"": 2.0, ""tau"": 0.5}",4,500004,outer,M3,8,88,52,12,-9706.334013513093,-9706.334013498812,1.428088580723852e-08,0,1,8,88,88,-2177.602836632754,-2177.6028177443186,2016,1.3,13.8,cold,extra,extra,0,88,"[2.972755, 1.402749, -1.008102, 0.325526, 0.875115, 1.175502, 0.59969]","[2.972755, 1.402754, -1.008102, 0.325525, 0.875115, 1.17551, 0.59969]"
M3H,"{""sep"": 2.0, ""tau"": 0.5}",4,500004,outer,M3H,8,88,52,12,-9597.300711244807,-9597.300711139033,1.0577423381619155e-07,0,1,8,88,88,-2140.0770881730687,-2140.076926902909,2016,328.1,3427.4,cold,extra,extra,0,88,"[-1.00954, 0.229711, -0.052631, 1.485612, 1.334529, 2.968801, -0.514716, -0.826252]","[-1.009538, 0.229715, -0.052637, 1.485628, 1.334517, 2.968806, -0.514714, -0.826214]"
M3H,"{""sep"": 2.0, ""tau"": 0.5}",4,500004,outer,M3L,8,88,52,12,-9706.334013523496,-9706.334013523496,0.0,0,1,8,88,79,-2177.602904942989,-2177.602904942989,2016,3.4,30.9,cold,cold,cold:pipeline,0,88,"[-1.008101, 0.287905, -0.133407, 1.402758, 1.175504, 2.972761, -0.511343, -70.09812]","[-1.008101, 0.287905, -0.133407, 1.402758, 1.175504, 2.972761, -0.511343, -70.09812]"
M3H,"{""sep"": 2.0, ""tau"": 0.5}",4,500004,outer,M3V,8,88,52,12,-9706.239988301237,-9706.239988301237,0.0,0,1,8,88,88,-2177.3969923520417,-2177.3969923520417,2016,1.6,16.6,cold,cold,cold:pipeline,0,88,"[-1.006577, 0.293859, -0.144305, 1.406668, 1.176083, 2.978976, -0.611414, -0.620376]","[-1.006577, 0.293859, -0.144305, 1.406668, 1.176083, 2.978976, -0.611414, -0.620376]"
M3H,"{""sep"": 2.0, ""tau"": 0.5}",5,500005,inner,M2B,4,84,38,14,-7650.064949566234,-7650.064949566189,4.4565240386873484e-11,0,1,4,84,83,-2787.3762024570224,-2787.37619890635,2352,0.1,2.3,cold,challenge,challenge,0,84,"[3.330058, 1.499778, 2.177226, -0.00347, 0.802083, 1.181128]","[3.330058, 1.499778, 2.177226, -0.00347, 0.802083, 1.181128]"
M3H,"{""sep"": 2.0, ""tau"": 0.5}",5,500005,inner,M2H,4,84,38,14,-7494.339266662128,-7494.339266660145,1.9826984498649836e-09,0,1,4,83,82,-2711.4505653475107,-2711.4505426478827,2352,30.8,479.1,cold,extra,extra,0,84,"[3.302133, 1.666042, 2.176416, 0.004498, 0.776727, 1.174318, -0.711376]","[3.302132, 1.666042, 2.176417, 0.004498, 0.776727, 1.174319, -0.711377]"
M3H,"{""sep"": 2.0, ""tau"": 0.5}",5,500005,inner,M2K,4,84,38,14,-7388.6555759162775,-7388.655575810337,1.05940671346616e-07,0,1,4,84,32,-2690.1435231024266,-2690.1433400346796,2352,0.3,6.3,cold,challenge,challenge,1,84,"[3.154916, 2.211373, 3.576498, 0.040832, 1.047022, 1.934862, -0.164175, -1.169797]","[3.154913, 2.211339, 3.576499, 0.040832, 1.047019, 1.934864, -0.164181, -1.169785]"
M3H,"{""sep"": 2.0, ""tau"": 0.5}",5,500005,inner,M2S,4,84,38,14,-7650.034309030827,-7650.03430901482,1.6007106751203537e-08,0,1,4,84,81,-2787.214213726694,-2787.214048680185,2352,12.9,278.1,cold,extra,extra,0,84,"[3.330928, 1.501632, 2.17695, -0.003371, 0.801944, 1.181039, -4.338722]","[3.330925, 1.501633, 2.176948, -0.003372, 0.801943, 1.181037, -4.338707]"
M3H,"{""sep"": 2.0, ""tau"": 0.5}",5,500005,inner,M3,4,84,38,14,-7136.111764916816,-7136.111764896473,2.034357748925686e-08,0,1,4,84,84,-2577.577319977656,-2577.5775770188857,2352,0.3,5.9,cold,challenge,challenge,0,84,"[3.072313, 1.346483, -0.994523, 0.344719, 0.840241, 1.661857, 0.605463]","[3.072317, 1.346482, -0.994524, 0.344727, 0.840233, 1.661875, 0.605462]"
M3H,"{""sep"": 2.0, ""tau"": 0.5}",5,500005,inner,M3H,4,84,38,14,-7033.001494206608,-7033.00149362873,5.778783815912902e-07,0,1,4,84,84,-2532.539673418906,-2532.5398320336512,2352,68.6,1250.6,cold,extra,extra,0,84,"[-0.99935, 0.205835, -0.048445, 1.435727, 1.883953, 3.052961, -0.505639, -0.726548]","[-0.999349, 0.205871, -0.048494, 1.435747, 1.883964, 3.052942, -0.505638, -0.726463]"
M3H,"{""sep"": 2.0, ""tau"": 0.5}",5,500005,inner,M3L,4,84,38,14,-7135.578009920251,-7135.578009910727,9.524228516966105e-09,0,1,4,84,78,-2577.3922649792216,-2577.392177140862,2352,0.6,10.2,cold,extra,extra,0,84,"[-0.996192, 0.294338, -0.175875, 1.344069, 1.666351, 3.071846, -0.503607, -5.886104]","[-0.996191, 0.294334, -0.175869, 1.344066, 1.666352, 3.071845, -0.503607, -5.885997]"
M3H,"{""sep"": 2.0, ""tau"": 0.5}",5,500005,inner,M3V,4,84,38,14,-7136.083465834112,-7136.083465833874,2.382876118645072e-10,0,1,4,84,83,-2577.8943443989556,-2577.8943910341977,2352,0.2,5.2,cold,extra,extra,0,84,"[-0.995608, 0.287567, -0.165603, 1.343535, 1.655743, 3.067664, -0.608245, -0.602421]","[-0.995608, 0.287568, -0.165605, 1.343536, 1.655746, 3.067665, -0.608245, -0.60242]"
M3H,"{""sep"": 2.0, ""tau"": 0.5}",5,500005,outer,M2B,8,88,52,12,-10435.24222884691,-10435.242228846739,1.709850039333105e-10,0,1,8,88,86,-2408.632833632027,-2408.632829434325,2016,0.3,3.1,cold,extra,extra,0,88,"[3.338488, 1.471528, 2.182426, -0.01488, 0.79952, 1.198262]","[3.338487, 1.471529, 2.182425, -0.01488, 0.79952, 1.198261]"
M3H,"{""sep"": 2.0, ""tau"": 0.5}",5,500005,outer,M2H,8,88,52,12,-10204.580295887761,-10204.580295887607,1.546140993013978e-10,0,1,8,87,81,-2363.6765506709917,-2363.6765529474073,2016,77.2,862.7,cold,extra,extra,0,88,"[3.294566, 1.656587, 2.178982, -0.003707, 0.772256, 1.1865, -0.68137]","[3.294566, 1.656589, 2.178981, -0.003707, 0.772256, 1.186499, -0.68137]"
M3H,"{""sep"": 2.0, ""tau"": 0.5}",5,500005,outer,M2K,8,88,52,12,-10077.05182619621,-10077.05182618864,7.570633897557855e-09,0,1,8,88,36,-2335.1375490591968,-2335.137396688129,2016,1.4,14.7,cold,extra,extra,1,88,"[3.157139, 2.161378, 3.563033, 0.034172, 1.038456, 1.932756, -0.146921, -1.155216]","[3.157137, 2.161372, 3.563034, 0.034172, 1.038456, 1.932756, -0.146924, -1.155216]"
M3H,"{""sep"": 2.0, ""tau"": 0.5}",5,500005,outer,M2S,8,88,52,12,-10434.941468050654,-10434.941468046187,4.4674379751086235e-09,0,1,8,88,85,-2408.630949667838,-2408.6309496985436,2016,43.1,484.6,cold,extra,extra,0,88,"[3.340942, 1.476793, 2.181481, -0.014852, 0.799129, 1.197929, -3.826386]","[3.340942, 1.476796, 2.18148, -0.014852, 0.799128, 1.197928, -3.826361]"
M3H,"{""sep"": 2.0, ""tau"": 0.5}",5,500005,outer,M3,8,88,52,12,-9711.154195983243,-9711.154195982968,2.7466739993542433e-10,0,1,8,88,88,-2237.4957067288656,-2237.4957232364263,2016,1.1,11.5,cold,extra,extra,0,88,"[3.03368, 1.38656, -0.987797, 0.323996, 0.873927, 1.41687, 0.602834]","[3.03368, 1.38656, -0.987797, 0.323997, 0.873926, 1.416871, 0.602834]"
M3H,"{""sep"": 2.0, ""tau"": 0.5}",5,500005,outer,M3H,8,88,52,12,-9563.55131301256,-9563.551312999616,1.2943928595632315e-08,0,1,8,88,88,-2202.7200297112986,-2202.72009694599,2016,267.5,2849.6,cold,challenge,challenge,0,88,"[-0.993188, 0.173812, -0.00162, 1.48314, 1.606379, 3.010676, -0.510125, -0.72132]","[-0.993187, 0.173811, -0.001621, 1.483144, 1.606378, 3.010683, -0.510125, -0.721328]"
M3H,"{""sep"": 2.0, ""tau"": 0.5}",5,500005,outer,M3L,8,88,52,12,-9710.395683402508,-9710.39568338024,2.2268068278208375e-08,0,1,8,88,77,-2237.544932426443,-2237.5449690132377,2016,2.0,20.3,cold,extra,extra,0,88,"[-0.990063, 0.272207, -0.133542, 1.382789, 1.420505, 3.031854, -0.508264, -5.571517]","[-0.990063, 0.272204, -0.133536, 1.382787, 1.420475, 3.031852, -0.508264, -5.571441]"
M3H,"{""sep"": 2.0, ""tau"": 0.5}",5,500005,outer,M3V,8,88,52,12,-9710.743073073041,-9710.743073064274,8.767528925091028e-09,0,1,8,88,85,-2237.3783636763105,-2237.378447521014,2016,1.3,13.0,cold,extra,extra,0,88,"[-0.984497, 0.285202, -0.15977, 1.395602, 1.426256, 3.047624, -0.600218, -0.618945]","[-0.984496, 0.2852, -0.159768, 1.395601, 1.426265, 3.047624, -0.600218, -0.618946]"
M3L,"{""pi0"": 0.05, ""sep"": 2.0}",0,500000,inner,M2B,4,84,38,14,-7515.296457801242,-7515.296457801178,6.366462912410498e-11,0,1,4,84,82,-2739.281955186592,-2739.2819525597197,2352,0.1,2.2,cold,extra,extra,,,"[3.32213, 1.511523, 2.194411, -0.002091, 0.785339, 1.205627]","[3.32213, 1.511523, 2.194411, -0.002091, 0.785339, 1.205627]"
M3L,"{""pi0"": 0.05, ""sep"": 2.0}",0,500000,inner,M2H,4,84,38,14,-7513.536983560641,-7513.53698356044,2.0099832909181714e-10,0,1,4,84,82,-2739.2966554375535,-2739.296650891788,2352,24.0,541.7,cold,extra,extra,,,"[3.317213, 1.524354, 2.192806, -0.000898, 0.78411, 1.203731, -2.234258]","[3.317213, 1.524354, 2.192806, -0.000898, 0.78411, 1.203731, -2.234259]"
M3L,"{""pi0"": 0.05, ""sep"": 2.0}",0,500000,inner,M2K,4,84,38,14,-7275.4363999688,-7275.436398946753,1.0220473996014334e-06,0,1,4,84,32,-2661.373793319526,-2661.372738128277,2352,0.4,8.6,cold,extra,extra,,,"[3.19627, 2.202791, 3.562233, 0.037595, 1.022886, 1.943549, -0.10738, -1.134759]","[3.196279, 2.202721, 3.562218, -0.03759, -1.022879, 1.943535, -0.107352, -1.134708]"
M3L,"{""pi0"": 0.05, ""sep"": 2.0}",0,500000,inner,M2S,4,84,38,14,-7515.296458788835,-7515.296458200219,5.886158760404214e-07,0,1,4,84,83,-2739.281979857667,-2739.2822054673093,2352,22.0,446.9,cold,extra,extra,,,"[3.322127, 1.51153, 2.194413, -0.002093, 0.785339, 1.205624, -9.815387]","[3.322145, 1.511535, 2.194407, -0.002093, 0.785339, 1.20563, -10.464567]"
M3L,"{""pi0"": 0.05, ""sep"": 2.0}",0,500000,inner,M3,4,84,38,14,-7048.178158982953,-7048.178158972016,1.0937583283521235e-08,0,1,4,84,84,-2569.7424524783787,-2569.7425309073756,2352,0.4,7.6,cold,challenge,challenge,,,"[3.044098, 1.509104, -0.971954, 0.238315, 0.971414, 1.432294, 0.608494]","[3.044099, 1.509102, -0.971954, 0.238313, 0.971415, 1.432317, 0.608493]"
M3L,"{""pi0"": 0.05, ""sep"": 2.0}",0,500000,inner,M3H,4,84,38,14,-7048.178141769238,-7048.054842699048,0.12329907019011443,0,1,4,84,84,-2569.742857733477,-2569.799302866722,2352,86.2,1722.2,cold,extra,extra,,,"[-0.971949, 0.190811, -0.028961, 1.509084, 1.432332, 3.044102, -0.496767, -7.641501]","[-0.971985, 0.189494, -0.027567, 1.511245, 1.438011, 3.043706, -0.496763, -2.836582]"
M3L,"{""pi0"": 0.05, ""sep"": 2.0}",0,500000,inner,M3L,4,84,38,14,-7039.110874480684,-7039.110874476197,4.487446858547628e-09,0,1,4,84,84,-2568.6500958728693,-2568.6502467630226,2352,0.7,13.7,cold,extra,extra,,,"[-0.999265, 0.157551, 0.039548, 1.455039, 1.437617, 3.004393, -0.515623, -2.896933]","[-0.999266, 0.157548, 0.039552, 1.455039, 1.437643, 3.004396, -0.515623, -2.896919]"
M3L,"{""pi0"": 0.05, ""sep"": 2.0}",0,500000,inner,M3V,4,84,38,14,-7046.8440375044975,-7046.844037457255,4.7242792788892984e-08,0,1,4,84,83,-2569.431141650949,-2569.4311846456435,2352,0.4,8.9,cold,extra,extra,,,"[-0.966122, 0.219406, -0.071994, 1.526479, 1.448045, 3.068972, -0.579845, -0.61809]","[-0.966121, 0.219416, -0.072008, 1.526477, 1.448027, 3.06898, -0.579845, -0.618089]"
M3L,"{""pi0"": 0.05, ""sep"": 2.0}",0,500000,outer,M2B,8,88,52,12,-10254.234013316778,-10254.234013315376,1.4024408301338553e-09,0,1,8,88,88,-2349.619987663563,-2349.619917097589,2016,0.3,2.8,cold,extra,extra,,,"[3.309836, 1.481867, 2.202755, -0.002739, 0.782688, 1.207]","[3.309835, 1.481866, 2.202755, -0.002739, 0.782688, 1.206999]"
M3L,"{""pi0"": 0.05, ""sep"": 2.0}",0,500000,outer,M2H,8,88,52,12,-10252.474600806445,-10252.474600806421,2.3646862246096134e-11,0,1,8,86,80,-2347.5337682645845,-2347.533741221625,2016,78.9,1086.6,cold,extra,extra,,,"[3.305025, 1.4923, 2.201363, -0.001484, 0.781664, 1.205215, -2.329285]","[3.305025, 1.492301, 2.201363, -0.001484, 0.781664, 1.205215, -2.329285]"
M3L,"{""pi0"": 0.05, ""sep"": 2.0}",0,500000,outer,M2K,8,88,52,12,-9936.010401759106,-9936.010401707223,5.1883034757338464e-08,0,1,8,88,23,-2256.1476386666586,-2256.147366702792,2016,1.2,15.2,cold,challenge,challenge,,,"[3.217732, 2.189128, 3.555405, 0.030776, 1.018961, 1.931393, -0.069732, -1.119558]","[3.217731, 2.189142, 3.555399, 0.030777, 1.01896, 1.931391, -0.069739, -1.119558]"
M3L,"{""pi0"": 0.05, ""sep"": 2.0}",0,500000,outer,M2S,8,88,52,12,-10254.234014249647,-10254.234013547564,7.020826160442084e-07,0,1,8,88,85,-2349.619800014008,-2349.6195289953785,2016,65.6,705.5,cold,challenge,challenge,,,"[3.30983, 1.481856, 2.202754, -0.002738, 0.782689, 1.206996, -10.125812]","[3.309831, 1.481868, 2.202757, -0.002737, 0.782687, 1.207, -11.129857]"
M3L,"{""pi0"": 0.05, ""sep"": 2.0}",0,500000,outer,M3,8,88,52,12,-9617.681844569528,-9617.681844568608,9.204086381942034e-10,0,1,8,88,88,-2188.63556696742,-2188.6355697628687,2016,1.0,10.4,cold,challenge,challenge,,,"[3.035218, 1.522151, -0.971271, 0.235304, 0.975146, 1.3649, 0.607009]","[3.035218, 1.522151, -0.971271, 0.235305, 0.975144, 1.364898, -0.607009]"
M3L,"{""pi0"": 0.05, ""sep"": 2.0}",0,500000,outer,M3H,8,88,52,12,-9617.674588104268,-9617.599868823901,0.07471928036648023,0,1,8,88,85,-2188.6333920717857,-2188.6231928413563,2016,248.1,2595.7,cold,extra,extra,,,"[-0.971279, 0.187655, -0.025009, 1.522137, 1.365306, 3.035162, -0.499214, -4.596252]","[-0.971333, 0.1867, -0.023897, 1.523411, 1.367884, 3.034822, -0.499236, -3.024639]"
M3L,"{""pi0"": 0.05, ""sep"": 2.0}",0,500000,outer,M3L,8,88,52,12,-9607.434260826209,-9607.4342608072,1.90084392670542e-08,0,1,8,88,88,-2192.1586112275077,-2192.15886086598,2016,1.8,19.2,cold,extra,extra,,,"[-0.995457, 0.159474, 0.034302, 1.475472, 1.369644, 3.001077, -0.515995, -3.014443]","[-0.995457, 0.159476, 0.034299, 1.475468, 1.369645, 3.001076, -0.515995, -3.014386]"
M3L,"{""pi0"": 0.05, ""sep"": 2.0}",0,500000,outer,M3V,8,88,52,12,-9616.038626132748,-9616.038626123489,9.25865606404841e-09,0,1,8,88,87,-2190.522649827631,-2190.5225516880632,2016,1.2,13.0,cold,extra,extra,,,"[-0.965792, 0.214863, -0.065697, 1.538004, 1.379147, 3.058671, -0.583558, -0.619837]","[-0.965793, 0.214863, -0.065696, 1.538001, 1.379154, 3.058668, -0.583558, -0.619837]"
M3L,"{""pi0"": 0.05, ""sep"": 2.0}",1,500001,inner,M2B,4,84,38,14,-7380.467423698492,-7380.467423697924,5.684341886080801e-10,0,1,4,84,80,-2800.5407788934417,-2800.5407583791007,2352,0.4,3.5,cold,extra,extra,0,84,"[3.275487, 1.775333, 2.144389, -0.005936, 0.769016, 1.165898]","[3.275487, 1.775333, 2.144389, -0.005936, 0.769016, 1.165898]"
M3L,"{""pi0"": 0.05, ""sep"": 2.0}",1,500001,inner,M2H,4,84,38,14,-7378.60801991835,-7378.608019918347,2.7284841053187847e-12,0,1,4,84,79,-2801.069134041779,-2801.0691315645495,2352,28.2,599.5,cold,extra,extra,0,84,"[3.277997, 1.787488, 2.143717, -0.007296, 0.767908, 1.166367, -2.344732]","[3.277997, 1.787488, 2.143717, -0.007296, 0.767908, 1.166367, -2.344732]"
M3L,"{""pi0"": 0.05, ""sep"": 2.0}",1,500001,inner,M2K,4,84,38,14,-7150.925704749874,-7150.925704716182,3.3692231227178127e-08,0,1,4,84,24,-2677.8070160023226,-2677.807619753628,2352,0.7,8.3,cold,challenge,challenge,1,84,"[3.145567, 2.395993, 3.486395, 0.032139, 0.995589, 1.880473, -0.13971, -1.106903]","[3.145567, 2.395984, 3.486392, 0.032137, 0.995587, 1.880469, -0.139701, -1.106898]"
M3L,"{""pi0"": 0.05, ""sep"": 2.0}",1,500001,inner,M2S,4,84,38,14,-7380.120564626896,-7380.1205646267945,1.0186340659856796e-10,0,1,4,84,83,-2798.3926275032663,-2798.392655866281,2352,18.5,355.0,cold,extra,extra,0,84,"[3.274765, 1.779566, 2.144069, -0.006042, 0.768565, 1.165746, -3.718001]","[3.274765, 1.779566, 2.144069, -0.006042, 0.768565, 1.165746, -3.71801]"
M3L,"{""pi0"": 0.05, ""sep"": 2.0}",1,500001,inner,M3,4,84,38,14,-6961.429699321594,-6961.429699301578,2.0016159396618605e-08,0,1,4,84,84,-2597.4630935308787,-2597.4630371092253,2352,0.9,8.0,cold,challenge,challenge,0,84,"[3.022029, 1.709843, -0.972042, 0.182707, 0.98364, 1.863498, 0.614327]","[3.022031, 1.70985, -0.972042, 0.182708, 0.983639, 1.863528, 0.614327]"
M3L,"{""pi0"": 0.05, ""sep"": 2.0}",1,500001,inner,M3H,4,84,38,14,-6961.429699463935,-6961.429699380285,8.365077519556507e-08,0,1,4,84,84,-2597.4630235266354,-2597.46304721573,2352,93.3,1684.8,cold,extra,extra,0,84,"[-0.972041, 0.143897, -0.016515, 1.709866, 1.863582, 3.022034, -0.487227, -11.690646]","[-0.972042, 0.143884, -0.016497, 1.70985, 1.863529, 3.022031, -0.487228, -15.532795]"
M3L,"{""pi0"": 0.05, ""sep"": 2.0}",1,500001,inner,M3L,4,84,38,14,-6943.56637396145,-6943.566373902868,5.8582372730597854e-08,0,1,4,84,84,-2593.5166350713507,-2593.5164682108307,2352,1.1,14.6,cold,extra,extra,0,84,"[-1.004094, 0.136361, 0.024159, 1.632926, 1.872885, 2.990292, -0.511965, -2.698872]","[-1.004091, 0.136376, 0.024138, 1.632928, 1.872922, 2.990301, -0.511965, -2.698945]"
M3L,"{""pi0"": 0.05, ""sep"": 2.0}",1,500001,inner,M3V,4,84,38,14,-6957.989225920725,-6957.989225917325,3.4006006899289787e-09,0,1,4,84,82,-2596.4537459392195,-2596.453854293237,2352,0.8,9.4,cold,challenge,challenge,0,84,"[-0.963391, 0.195494, -0.089928, 1.749563, 1.904495, 3.058916, -0.558663, -0.618449]","[-0.963391, 0.195495, -0.089929, 1.749561, 1.904494, 3.058915, -0.558664, -0.61845]"
M3L,"{""pi0"": 0.05, ""sep"": 2.0}",1,500001,outer,M2B,8,88,52,12,-10179.075538649784,-10179.07553864978,3.637978807091713e-12,0,1,8,88,84,-2404.659793670432,-2404.659791018727,2016,0.8,3.4,cold,challenge,challenge,0,88,"[3.297833, 1.76532, 2.144267, -0.001051, 0.775918, 1.179095]","[3.297833, 1.76532, 2.144267, 0.001051, -0.775918, 1.179096]"
M3L,"{""pi0"": 0.05, ""sep"": 2.0}",1,500001,outer,M2H,8,88,52,12,-10177.61627484022,-10177.616274839818,4.019966581836343e-10,0,1,8,87,85,-2404.2149677337284,-2404.2149547645245,2016,107.2,1050.0,cold,extra,extra,0,88,"[3.301781, 1.77562, 2.143499, -0.002857, 0.775126, 1.179916, -2.482824]","[3.301781, 1.775619, 2.143499, -0.002857, 0.775126, 1.179916, -2.482829]"
M3L,"{""pi0"": 0.05, ""sep"": 2.0}",1,500001,outer,M2K,8,88,52,12,-9825.030513841386,-9825.030513841386,0.0,0,1,8,88,28,-2332.679817151481,-2332.679817151481,2016,1.4,12.3,cold,cold,cold:pipeline,1,88,"[3.153227, 2.446503, 3.527993, 0.039352, 1.01564, 1.923042, -0.163721, -1.17741]","[3.153227, 2.446503, 3.527993, 0.039352, 1.01564, 1.923042, -0.163721, -1.17741]"
M3L,"{""pi0"": 0.05, ""sep"": 2.0}",1,500001,outer,M2S,8,88,52,12,-10175.693033399857,-10175.693033398518,1.3387762010097504e-09,0,1,8,88,86,-2402.9327160629746,-2402.932700616555,2016,49.8,480.8,cold,challenge,challenge,0,88,"[3.294975, 1.776624, 2.143401, -0.001469, 0.774602, 1.178474, -3.19518]","[3.294974, 1.776625, 2.143401, 0.001469, -0.774602, 1.178473, -3.195179]"
M3L,"{""pi0"": 0.05, ""sep"": 2.0}",1,500001,outer,M3,8,88,52,12,-9557.361785170564,-9557.361785163033,7.530616130679846e-09,0,1,8,88,88,-2270.3234606609603,-2270.3234444040836,2016,1.6,12.1,cold,extra,extra,0,88,"[3.041078, 1.691004, -0.96445, 0.216034, 0.964457, 1.907761, 0.615021]","[3.04108, 1.691005, -0.96445, 0.216036, 0.964455, 1.907768, 0.615021]"
M3L,"{""pi0"": 0.05, ""sep"": 2.0}",1,500001,outer,M3H,8,88,52,12,-9557.361785287818,-9557.3617852711,1.6718331607989967e-08,0,1,8,88,85,-2270.323230861398,-2270.323426091848,2016,266.8,2569.0,cold,extra,extra,0,88,"[-0.96445, 0.165922, -0.036186, 1.690995, 1.907757, 3.041076, -0.486099, -13.786523]","[-0.96445, 0.165926, -0.036192, 1.691004, 1.907764, 3.04108, -0.486098, -14.303863]"
M3L,"{""pi0"": 0.05, ""sep"": 2.0}",1,500001,outer,M3L,8,88,52,12,-9535.557428629734,-9535.55742849677,1.3296448742039502e-07,0,1,8,88,88,-2260.884261271299,-2260.884051981185,2016,2.3,20.3,cold,extra,extra,0,88,"[-0.998945, 0.134132, 0.036284, 1.597544, 1.911334, 2.996852, -0.51084, -2.652859]","[-0.998945, 0.134143, 0.036275, 1.597534, 1.911334, 2.996855, -0.510842, -2.652926]"
M3L,"{""pi0"": 0.05, ""sep"": 2.0}",1,500001,outer,M3V,8,88,52,12,-9552.862793497434,-9552.862793495799,1.635271473787725e-09,0,1,8,88,84,-2267.959038742802,-2267.9590262665056,2016,1.6,13.4,cold,extra,extra,0,88,"[-0.955805, 0.215578, -0.109792, 1.731029, 1.945987, 3.077585, -0.557949, -0.616491]","[-0.955806, 0.215576, -0.109788, 1.731029, 1.945978, 3.077584, -0.557949, -0.61649]"
M3L,"{""pi0"": 0.05, ""sep"": 2.0}",2,500002,inner,M2B,4,84,38,14,-7456.917715632951,-7456.917715632936,1.4551915228366852e-11,0,1,4,84,81,-2810.345859210543,-2810.3458605781507,2352,0.1,3.1,cold,extra,extra,0,84,"[3.273527, 1.589873, 2.17525, -0.00469, 0.778323, 1.193152]","[3.273527, 1.589873, 2.17525, -0.00469, 0.778323, 1.193152]"
M3L,"{""pi0"": 0.05, ""sep"": 2.0}",2,500002,inner,M2H,4,84,38,14,-7452.732109026063,-7452.732109026063,0.0,0,1,4,84,79,-2805.6605228492135,-2805.6605228492135,2352,24.9,577.8,cold,cold,cold:pipeline,0,84,"[3.274138, 1.60402, 2.174648, -0.005729, 0.776489, 1.193162, -2.044359]","[3.274138, 1.60402, 2.174648, -0.005729, 0.776489, 1.193162, -2.044359]"
M3L,"{""pi0"": 0.05, ""sep"": 2.0}",2,500002,inner,M2K,4,84,38,14,-7227.146148258382,-7227.146148248827,9.555151336826384e-09,0,1,4,84,33,-2716.23437428559,-2716.234409400872,2352,0.3,9.3,cold,extra,extra,1,84,"[3.170952, 2.27689, 3.529475, 0.029287, 1.01139, 1.922352, -0.1328, -1.126583]","[3.170951, 2.276887, 3.52947, 0.029287, 1.011389, 1.922351, -0.132801, -1.12658]"
M3L,"{""pi0"": 0.05, ""sep"": 2.0}",2,500002,inner,M2S,4,84,38,14,-7456.4105821010035,-7456.410582100501,5.020410753786564e-10,0,1,4,84,81,-2810.1267924741005,-2810.1268182305157,2352,16.9,336.8,cold,extra,extra,0,84,"[3.273216, 1.595155, 2.174847, -0.005508, 0.777791, 1.192825, -3.612478]","[3.273216, 1.595154, 2.174847, -0.005508, 0.777791, 1.192825, -3.612466]"
M3L,"{""pi0"": 0.05, ""sep"": 2.0}",2,500002,inner,M3,4,84,38,14,-7051.915979068563,-7051.915979067609,9.531504474580288e-10,0,1,4,84,84,-2624.797056179158,-2624.797033711965,2352,0.4,7.1,cold,extra,extra,0,84,"[2.988449, 1.546388, -0.965168, 0.144735, 1.062504, 1.369904, 0.616072]","[2.988449, 1.546388, -0.965168, 0.144737, 1.062502, 1.369902, 0.616072]"
M3L,"{""pi0"": 0.05, ""sep"": 2.0}",2,500002,inner,M3H,4,84,38,14,-7051.915979361824,-7051.915979146934,2.1488995116669685e-07,0,1,4,84,82,-2624.797365069684,-2624.7970253737503,2352,79.4,1644.1,cold,challenge,challenge,0,84,"[-0.96517, 0.104258, 0.060643, 1.546387, 1.369919, 2.988436, -0.484389, -9.535619]","[-0.965168, 0.104276, 0.060625, 1.546388, 1.369904, 2.988449, -0.484392, -16.236177]"
M3L,"{""pi0"": 0.05, ""sep"": 2.0}",2,500002,inner,M3L,4,84,38,14,-7043.832393477398,-7043.8323934566615,2.0736479200422764e-08,0,1,4,84,84,-2624.8380718840326,-2624.8380821321393,2352,0.7,15.4,cold,extra,extra,0,84,"[-0.989625, 0.084433, 0.1034, 1.491158, 1.389984, 2.956929, -0.501057, -2.970443]","[-0.989625, 0.084439, 0.103395, 1.491165, 1.389959, 2.95693, -0.501058, -2.970449]"
M3L,"{""pi0"": 0.05, ""sep"": 2.0}",2,500002,inner,M3V,4,84,38,14,-7048.911705717855,-7048.911705711274,6.580194167327136e-09,0,1,4,84,82,-2622.9441624438673,-2622.9441568633824,2352,0.4,8.7,cold,extra,extra,0,84,"[-0.955949, 0.157688, -0.007156, 1.57746, 1.378599, 3.029371, -0.557182, -0.614385]","[-0.955949, 0.157682, -0.007148, 1.577453, 1.378599, 3.029367, -0.557182, -0.614385]"
M3L,"{""pi0"": 0.05, ""sep"": 2.0}",2,500002,outer,M2B,8,88,52,12,-10265.77947757783,-10265.779477577827,1.8189894035458565e-12,0,1,8,88,87,-2422.8529336482047,-2422.8529333258257,2016,0.3,3.0,cold,extra,extra,0,88,"[3.308425, 1.579641, 2.178313, -0.008389, 0.78395, 1.197835]","[3.308425, 1.579641, 2.178313, -0.008389, 0.78395, 1.197835]"
M3L,"{""pi0"": 0.05, ""sep"": 2.0}",2,500002,outer,M2H,8,88,52,12,-10257.169270475773,-10257.16927047567,1.0368239600211382e-10,0,1,8,87,82,-2419.4906023299336,-2419.4906122504217,2016,79.6,910.3,cold,extra,extra,0,88,"[3.308854, 1.599976, 2.176987, -0.009581, 0.781569, 1.197538, -1.909239]","[3.308855, 1.599975, 2.176987, -0.009581, 0.781569, 1.197538, -1.909239]"
M3L,"{""pi0"": 0.05, ""sep"": 2.0}",2,500002,outer,M2K,8,88,52,12,-9942.546006734103,-9942.546006715052,1.9050276023335755e-08,0,1,8,88,20,-2331.3596075554087,-2331.3595610864336,2016,1.3,22.0,cold,challenge,challenge,1,88,"[3.185301, 2.291831, 3.538582, 0.030876, 1.019477, 1.929389, -0.153311, -1.133394]","[3.185305, 2.291826, 3.538582, -0.030876, -1.019476, 1.92939, -0.153312, -1.133395]"
M3L,"{""pi0"": 0.05, ""sep"": 2.0}",2,500002,outer,M2S,8,88,52,12,-10265.146301660938,-10265.146301660938,0.0,0,1,8,88,86,-2422.8177213044037,-2422.8177213044037,2016,45.2,522.2,cold,cold,cold:pipeline,0,88,"[3.308348, 1.585589, 2.177565, -0.009033, 0.783437, 1.197595, -3.641285]","[3.308348, 1.585589, 2.177565, -0.009033, 0.783437, 1.197595, -3.641285]"
M3L,"{""pi0"": 0.05, ""sep"": 2.0}",2,500002,outer,M3,8,88,52,12,-9675.903688751376,-9675.903688749593,1.7826096154749393e-09,0,1,8,88,88,-2243.5918065642227,-2243.591801499636,2016,1.1,11.0,cold,extra,extra,0,88,"[3.011299, 1.518931, -0.971479, 0.169036, 1.041312, 1.368915, 0.615546]","[3.0113, 1.518929, -0.971479, 0.169036, 1.041311, 1.368915, 0.615546]"
M3L,"{""pi0"": 0.05, ""sep"": 2.0}",2,500002,outer,M3H,8,88,52,12,-9675.902247343869,-9675.750406596546,0.15184074732314912,0,1,8,88,88,-2243.589818072489,-2243.1763414425686,2016,245.5,2532.8,cold,challenge,challenge,0,88,"[-0.971481, 0.131446, 0.040524, 1.518929, 1.36889, 3.011286, -0.485247, -5.583758]","[-0.971712, 0.129135, 0.043317, 1.519688, 1.369654, 3.010401, -0.485358, -2.870021]"
M3L,"{""pi0"": 0.05, ""sep"": 2.0}",2,500002,outer,M3L,8,88,52,12,-9667.883716244776,-9667.883716244753,2.3646862246096134e-11,0,1,8,88,87,-2241.0537516278014,-2241.0537211816404,2016,2.0,17.3,cold,extra,extra,0,88,"[-0.992357, 0.107104, 0.086634, 1.472937, 1.379123, 2.980747, -0.498996, -3.170436]","[-0.992357, 0.107105, 0.086633, 1.472935, 1.379123, 2.980747, -0.498995, -3.170442]"
M3L,"{""pi0"": 0.05, ""sep"": 2.0}",2,500002,outer,M3V,8,88,52,12,-9671.026650361426,-9671.026650350323,1.1103111319243908e-08,0,1,8,88,85,-2241.243124208698,-2241.2431395550725,2016,1.5,13.1,cold,extra,extra,0,88,"[-0.961163, 0.187082, -0.03472, 1.551459, 1.38788, 3.056288, -0.555371, -0.617948]","[-0.961163, 0.187078, -0.034715, 1.551457, 1.387887, 3.056284, -0.555372, -0.617946]"
M3L,"{""pi0"": 0.05, ""sep"": 2.0}",3,500003,inner,M2B,4,84,38,14,-7525.859732876357,-7525.859732876224,1.3278622645884752e-10,0,1,4,84,81,-2773.346221962076,-2773.346233667856,2352,0.1,2.4,cold,extra,extra,0,84,"[3.325175, 1.570066, 2.174468, -0.024034, 0.787722, 1.201261]","[3.325175, 1.570066, 2.174468, -0.024034, 0.787722, 1.201261]"
M3L,"{""pi0"": 0.05, ""sep"": 2.0}",3,500003,inner,M2H,4,84,38,14,-7519.831230868442,-7519.831230845588,2.285378286615014e-08,0,1,4,82,80,-2771.7413728894376,-2771.7413732082828,2352,24.9,557.9,cold,extra,extra,0,84,"[3.327493, 1.594206, 2.171788, -0.026355, 0.78548, 1.200924, -1.91009]","[3.327494, 1.594204, 2.171785, -0.026354, 0.78548, 1.200922, -1.910061]"
M3L,"{""pi0"": 0.05, ""sep"": 2.0}",3,500003,inner,M2K,4,84,38,14,-7302.736625446731,-7302.736625440934,5.796209734398872e-09,0,1,4,84,34,-2666.9712135834666,-2666.971149673793,2352,0.4,8.0,cold,challenge,challenge,1,84,"[3.166305, 2.170881, 3.544722, 0.020783, 1.018806, 1.910652, -0.104206, -1.10104]","[3.166306, 2.170881, 3.54472, 0.020783, 1.018804, 1.910651, -0.104204, -1.101038]"
M3L,"{""pi0"": 0.05, ""sep"": 2.0}",3,500003,inner,M2S,4,84,38,14,-7522.868333223316,-7522.868333213133,1.0182702681049705e-08,0,1,4,84,81,-2774.4824353979684,-2774.4822723164757,2352,12.7,300.5,cold,extra,extra,0,84,"[3.321117, 1.576868, 2.175149, -0.023699, 0.786148, 1.20179, -3.101482]","[3.321114, 1.57687, 2.175146, -0.023699, 0.786148, 1.201788, -3.101495]"
M3L,"{""pi0"": 0.05, ""sep"": 2.0}",3,500003,inner,M3,4,84,38,14,-7109.081947424138,-7109.081947423523,6.148184183984995e-10,0,1,4,84,84,-2584.4622581984995,-2584.462243381293,2352,0.3,8.0,cold,challenge,challenge,0,84,"[3.031936, 1.572586, -0.966868, 0.268156, 0.932167, 1.29951, 0.619953]","[3.031937, 1.572586, -0.966868, 0.268156, 0.932167, 1.299512, -0.619953]"
M3L,"{""pi0"": 0.05, ""sep"": 2.0}",3,500003,inner,M3H,4,84,38,14,-7109.079835403637,-7108.823877548319,0.2559578553182291,0,1,4,84,84,-2584.4613306713677,-2584.272555438717,2352,83.2,1649.1,cold,extra,extra,0,84,"[-0.966873, 0.211056, -0.070193, 1.572581, 1.299544, 3.031921, -0.478112, -5.434723]","[-0.966971, 0.209346, -0.068198, 1.57581, 1.306324, 3.031568, -0.478144, -2.633979]"
M3L,"{""pi0"": 0.05, ""sep"": 2.0}",3,500003,inner,M3L,4,84,38,14,-7102.7566520679175,-7102.756652040928,2.6989255275111645e-08,0,1,4,84,83,-2579.0395288695204,-2579.039407415681,2352,0.7,14.1,cold,extra,extra,0,84,"[-0.988334, 0.18912, -0.018415, 1.524478, 1.310139, 3.002286, -0.492984, -3.231454]","[-0.988336, 0.189111, -0.018402, 1.524474, 1.310143, 3.00228, -0.492984, -3.231375]"
M3L,"{""pi0"": 0.05, ""sep"": 2.0}",3,500003,inner,M3V,4,84,38,14,-7105.711100767419,-7105.71110074811,1.930948201334104e-08,0,1,4,84,81,-2585.4404698590956,-2585.44061869997,2352,0.4,8.8,cold,challenge,challenge,0,84,"[-0.956452, 0.259094, -0.149766, 1.608992, 1.307295, 3.07449, -0.547679, -0.608813]","[-0.956453, 0.259093, -0.149761, 1.608987, 1.307273, 3.07449, -0.54768, -0.608812]"
M3L,"{""pi0"": 0.05, ""sep"": 2.0}",3,500003,outer,M2B,8,88,52,12,-10297.757216618455,-10297.757216618327,1.2732925824820995e-10,0,1,8,88,86,-2402.7807444278933,-2402.780745478545,2016,0.3,3.1,cold,extra,extra,0,88,"[3.286351, 1.585915, 2.172291, -0.014199, 0.787188, 1.195605]","[3.286352, 1.585915, 2.172291, -0.014199, 0.787188, 1.195604]"
M3L,"{""pi0"": 0.05, ""sep"": 2.0}",3,500003,outer,M2H,8,88,52,12,-10290.403933938724,-10290.403933927992,1.0732037480920553e-08,0,1,8,86,82,-2400.9209840272456,-2400.92100001101,2016,77.9,985.2,cold,extra,extra,0,88,"[3.287931, 1.610919, 2.169362, -0.01591, 0.78507, 1.194976, -1.954805]","[3.287929, 1.610914, 2.169365, -0.015909, 0.78507, 1.194976, -1.95481]"
M3L,"{""pi0"": 0.05, ""sep"": 2.0}",3,500003,outer,M2K,8,88,52,12,-9967.896672065861,-9967.896672032946,3.291461325716227e-08,0,1,8,88,34,-2336.051077688529,-2336.0511356573943,2016,1.1,12.3,cold,extra,extra,1,88,"[3.150233, 2.229228, 3.561638, 0.024252, 1.026238, 1.920532, -0.089673, -1.141074]","[3.150231, 2.229229, 3.561637, 0.024253, 1.026236, 1.920534, -0.08968, -1.141072]"
M3L,"{""pi0"": 0.05, ""sep"": 2.0}",3,500003,outer,M2S,8,88,52,12,-10295.729660988536,-10295.729660985207,3.3287506084889174e-09,0,1,8,88,85,-2402.440737349619,-2402.4407410662825,2016,41.9,466.9,cold,extra,extra,0,88,"[3.28363, 1.588227, 2.173158, -0.014284, 0.786152, 1.195893, -3.309041]","[3.283629, 1.588224, 2.173158, -0.014285, 0.786152, 1.195892, -3.309034]"
M3L,"{""pi0"": 0.05, ""sep"": 2.0}",3,500003,outer,M3,8,88,52,12,-9692.241543509735,-9692.24154350854,1.1950760381296277e-09,0,1,8,88,88,-2266.033521653954,-2266.033510148121,2016,1.1,11.1,cold,extra,extra,0,88,"[3.022207, 1.581642, -0.966891, 0.294085, 0.900619, 1.444024, 0.615876]","[3.022207, 1.581643, -0.966891, 0.294085, 0.900619, 1.444022, 0.615876]"
M3L,"{""pi0"": 0.05, ""sep"": 2.0}",3,500003,outer,M3H,8,88,52,12,-9691.854162312662,-9691.85416219763,1.1503288988023996e-07,0,1,8,88,88,-2266.3067699417843,-2266.3067392321823,2016,266.4,2685.0,cold,extra,extra,0,88,"[-0.966888, 0.230339, -0.102854, 1.585974, 1.450995, 3.022055, -0.484679, -2.622839]","[-0.966889, 0.230355, -0.102875, 1.585982, 1.450972, 3.02206, -0.48468, -2.622915]"
M3L,"{""pi0"": 0.05, ""sep"": 2.0}",3,500003,outer,M3L,8,88,52,12,-9680.144390735444,-9680.144390733827,1.6170815797522664e-09,0,1,8,88,88,-2263.668974701034,-2263.6690189748347,2016,1.9,20.9,cold,extra,extra,0,88,"[-0.992686, 0.20223, -0.035348, 1.525922, 1.448442, 2.98607, -0.502555, -3.030543]","[-0.992686, 0.202231, -0.035349, 1.525923, 1.448449, 2.986071, -0.502555, -3.030544]"
M3L,"{""pi0"": 0.05, ""sep"": 2.0}",3,500003,outer,M3V,8,88,52,12,-9689.57270696868,-9689.572706967509,1.1714291758835316e-09,0,1,8,88,85,-2265.9415518831797,-2265.941554620252,2016,1.3,12.9,cold,extra,extra,0,88,"[-0.9595, 0.265942, -0.163189, 1.606322, 1.45989, 3.052372, -0.562415, -0.608572]","[-0.959501, 0.265943, -0.163189, 1.60632, 1.459892, 3.052372, -0.562416, -0.608573]"
M3L,"{""pi0"": 0.05, ""sep"": 2.0}",4,500004,inner,M2B,4,84,38,14,-7489.971456900974,-7489.971456900748,2.255546860396862e-10,0,1,4,84,81,-2796.4701132390032,-2796.470126857008,2352,0.2,5.4,cold,extra,extra,0,84,"[3.359961, 1.592549, 2.15302, -0.022242, 0.783137, 1.197085]","[3.359961, 1.59255, 2.153019, -0.022242, 0.783136, 1.197085]"
M3L,"{""pi0"": 0.05, ""sep"": 2.0}",4,500004,inner,M2H,4,84,38,14,-7488.972867323132,-7488.972867322122,1.0104486136697233e-09,0,1,4,83,77,-2796.5510203382523,-2796.551013407426,2352,58.6,735.3,cold,extra,extra,0,84,"[3.360943, 1.602692, 2.151802, -0.022968, 0.782311, 1.196903, -2.40587]","[3.360943, 1.602691, 2.151802, -0.022969, 0.782311, 1.196904, -2.405883]"
M3L,"{""pi0"": 0.05, ""sep"": 2.0}",4,500004,inner,M2K,4,84,38,14,-7238.861190709618,-7238.861190689525,2.0093466446269304e-08,0,1,4,84,35,-2707.8361818517965,-2707.8363176913276,2352,0.7,15.1,cold,challenge,challenge,1,84,"[3.188851, 2.22186, 3.543275, 0.02854, 1.021986, 1.925542, -0.129498, -1.166623]","[3.188853, 2.221862, 3.54327, 0.02854, 1.021984, 1.925539, -0.129492, -1.166619]"
M3L,"{""pi0"": 0.05, ""sep"": 2.0}",4,500004,inner,M2S,4,84,38,14,-7489.971457876301,-7489.9714572342555,6.420459612854756e-07,0,1,4,84,82,-2796.470794255817,-2796.4700082138334,2352,25.5,648.2,cold,extra,extra,0,84,"[3.359952, 1.592561, 2.153009, -0.022241, 0.783132, 1.197078, -9.898047]","[3.359966, 1.592548, 2.153021, -0.022242, 0.783137, 1.197087, -10.375428]"
M3L,"{""pi0"": 0.05, ""sep"": 2.0}",4,500004,inner,M3,4,84,38,14,-7049.549403831359,-7049.549403825911,5.44787326361984e-09,0,1,4,84,84,-2641.4739326734057,-2641.474004134044,2352,0.6,12.0,cold,extra,extra,0,84,"[3.061854, 1.685658, -0.95494, 0.320572, 0.882956, 1.069788, 0.616723]","[3.061853, 1.685657, -0.95494, 0.320574, 0.882955, 1.069784, 0.616723]"
M3L,"{""pi0"": 0.05, ""sep"": 2.0}",4,500004,inner,M3H,4,84,38,14,-7049.549404605166,-7049.549403908112,6.970540198381059e-07,0,1,4,84,82,-2641.473823525676,-2641.4739548848784,2352,112.4,2304.9,cold,challenge,challenge,0,84,"[-0.954941, 0.243334, -0.124454, 1.685658, 1.069784, 3.061847, -0.483337, -9.636025]","[-0.954939, 0.243347, -0.124479, 1.685654, 1.069792, 3.061853, -0.483336, -15.164041]"
M3L,"{""pi0"": 0.05, ""sep"": 2.0}",4,500004,inner,M3L,4,84,38,14,-7041.802259099999,-7041.802259098506,1.4933903003111482e-09,0,1,4,84,84,-2635.0745454891717,-2635.074557748066,2352,0.9,18.8,cold,extra,extra,0,84,"[-0.973037, 0.233378, -0.09042, 1.640564, 1.099197, 3.041948, -0.497864, -3.390047]","[-0.973037, 0.233378, -0.090421, 1.640565, 1.099198, 3.041948, -0.497863, -3.390038]"
M3L,"{""pi0"": 0.05, ""sep"": 2.0}",4,500004,inner,M3V,4,84,38,14,-7048.652293286785,-7048.652293282957,3.828063199762255e-09,0,1,4,84,79,-2641.687433295968,-2641.6874328811577,2352,0.5,10.8,cold,extra,extra,0,84,"[-0.950409, 0.263578, -0.159349, 1.70145, 1.062078, 3.080292, -0.568639, -0.599649]","[-0.950409, 0.263578, -0.159351, 1.701448, 1.062083, 3.080293, -0.56864, -0.599649]"
M3L,"{""pi0"": 0.05, ""sep"": 2.0}",4,500004,outer,M2B,8,88,52,12,-10285.874547190351,-10285.87454719008,2.710294211283326e-10,0,1,8,88,85,-2318.831648758646,-2318.831635645837,2016,0.3,3.5,cold,extra,extra,0,88,"[3.355713, 1.572903, 2.17026, -0.017814, 0.786114, 1.201127]","[3.355713, 1.572904, 2.17026, -0.017814, 0.786114, 1.201127]"
M3L,"{""pi0"": 0.05, ""sep"": 2.0}",4,500004,outer,M2H,8,88,52,12,-10284.927878564515,-10284.92787856184,2.673914423212409e-09,0,1,8,88,85,-2317.4944644722113,-2317.4944727375623,2016,101.3,1146.8,cold,extra,extra,0,88,"[3.356413, 1.581, 2.169262, -0.018334, 0.785427, 1.200955, -2.502881]","[3.356413, 1.581, 2.169262, -0.018334, 0.785427, 1.200955, -2.502865]"
M3L,"{""pi0"": 0.05, ""sep"": 2.0}",4,500004,outer,M2K,8,88,52,12,-9945.962116016548,-9945.962116005403,1.1144948075525463e-08,0,1,8,88,28,-2231.082804569126,-2231.082907006154,2016,1.6,16.4,cold,extra,extra,1,88,"[3.193328, 2.21592, 3.566543, 0.030576, 1.027484, 1.938175, -0.134004, -1.163538]","[3.193331, 2.215921, 3.566537, 0.030576, 1.027482, 1.938172, -0.134003, -1.163534]"
M3L,"{""pi0"": 0.05, ""sep"": 2.0}",4,500004,outer,M2S,8,88,52,12,-10285.541255696797,-10285.5412556922,4.596586222760379e-09,0,1,8,88,84,-2318.659098373993,-2318.6590816400358,2016,52.9,560.7,cold,extra,extra,0,88,"[3.356793, 1.577126, 2.1695, -0.018498, 0.785756, 1.201395, -3.796795]","[3.356793, 1.57713, 2.169498, -0.018498, 0.785756, 1.201394, -3.79681]"
M3L,"{""pi0"": 0.05, ""sep"": 2.0}",4,500004,outer,M3,8,88,52,12,-9690.22980781878,-9690.229807809847,8.933056960813701e-09,0,1,8,88,88,-2176.4155624513382,-2176.4156863214635,2016,1.3,13.4,cold,extra,extra,0,88,"[3.056004, 1.655413, -0.964754, 0.29057, 0.916275, 1.110725, 0.61908]","[3.056005, 1.655419, -0.964754, 0.290571, 0.916273, 1.110725, 0.61908]"
M3L,"{""pi0"": 0.05, ""sep"": 2.0}",4,500004,outer,M3H,8,88,52,12,-9690.229808259824,-9690.229807917993,3.4183176467195153e-07,0,1,8,88,86,-2176.4157132953815,-2176.4156936257764,2016,296.7,3202.4,cold,challenge,challenge,0,88,"[-0.964754, 0.227394, -0.08744, 1.655423, 1.110721, 3.056001, -0.47952, -10.235301]","[-0.964754, 0.227394, -0.087439, 1.655418, 1.110724, 3.056004, -0.47952, -49.621948]"
M3L,"{""pi0"": 0.05, ""sep"": 2.0}",4,500004,outer,M3L,8,88,52,12,-9676.073370948978,-9676.073370884791,6.418667908292264e-08,0,1,8,88,88,-2174.7723910105296,-2174.7725293552558,2016,2.4,24.3,cold,extra,extra,0,88,"[-0.985238, 0.222058, -0.058352, 1.609073, 1.134997, 3.035888, -0.496327, -3.244684]","[-0.985239, 0.222063, -0.058358, 1.609086, 1.135006, 3.035892, -0.496327, -3.244669]"
M3L,"{""pi0"": 0.05, ""sep"": 2.0}",4,500004,outer,M3V,8,88,52,12,-9689.472894503575,-9689.472894501756,1.8189894035458565e-09,0,1,8,88,85,-2176.6037307066954,-2176.6037109624053,2016,1.6,15.5,cold,extra,extra,0,88,"[-0.961207, 0.243953, -0.114462, 1.66643, 1.108825, 3.070734, -0.567863, -0.592187]","[-0.961207, 0.243954, -0.114463, 1.666431, 1.108825, 3.070735, -0.567863, -0.592188]"
M3L,"{""pi0"": 0.05, ""sep"": 2.0}",5,500005,inner,M2B,4,84,38,14,-7507.323090529831,-7507.323090529615,2.15550244320184e-10,0,1,4,84,82,-2846.698814223788,-2846.6987851206177,2352,0.1,1.3,cold,extra,extra,0,84,"[3.294823, 1.626683, 2.177639, 0.000499, 0.784274, 1.187289]","[3.294823, 1.626683, 2.177639, 0.000499, 0.784275, 1.187289]"
M3L,"{""pi0"": 0.05, ""sep"": 2.0}",5,500005,inner,M2H,4,84,38,14,-7498.498926787004,-7498.498926785274,1.7298589227721095e-09,0,1,4,84,83,-2845.615028672064,-2845.6149503910724,2352,18.8,292.5,cold,extra,extra,0,84,"[3.304971, 1.657931, 2.174776, -0.004446, 0.781384, 1.189092, -1.814955]","[3.304972, 1.65793, 2.174775, -0.004447, 0.781384, 1.189092, -1.814947]"
M3L,"{""pi0"": 0.05, ""sep"": 2.0}",5,500005,inner,M2K,4,84,38,14,-7252.572698258138,-7252.572698219305,3.883360477630049e-08,0,1,4,84,31,-2748.0531137145435,-2748.0533280791474,2352,0.2,4.2,cold,extra,extra,1,84,"[3.179327, 2.373213, 3.555507, 0.039785, 1.02594, 1.934243, -0.131717, -1.156233]","[3.179327, 2.373236, 3.55551, 0.039785, 1.025942, 1.934245, -0.131717, -1.156241]"
M3L,"{""pi0"": 0.05, ""sep"": 2.0}",5,500005,inner,M2S,4,84,38,14,-7507.000222384253,-7507.000222373743,1.0510120773687959e-08,0,1,4,84,82,-2846.5475657647276,-2846.5476712938244,2352,9.0,204.2,cold,extra,extra,0,84,"[3.292615, 1.628843, 2.177352, 0.000737, 0.78382, 1.186931, -3.734477]","[3.292613, 1.628847, 2.177351, 0.000737, 0.78382, 1.186931, -3.734378]"
M3L,"{""pi0"": 0.05, ""sep"": 2.0}",5,500005,inner,M3,4,84,38,14,-7050.889893228191,-7050.889893227582,6.08451955486089e-10,0,1,4,84,84,-2639.849250089175,-2639.849235304613,2352,0.2,4.1,cold,extra,extra,0,84,"[3.025362, 1.632584, -0.981329, 0.230034, 0.962655, 1.449643, 0.616761]","[3.025363, 1.632583, -0.981329, 0.230034, 0.962655, 1.449646, 0.616761]"
M3L,"{""pi0"": 0.05, ""sep"": 2.0}",5,500005,inner,M3H,4,84,38,14,-7050.887429446999,-7050.493713863099,0.3937155838993931,0,1,4,84,84,-2639.850076204369,-2639.7572379656276,2352,45.4,1002.5,cold,extra,extra,0,84,"[-0.981336, 0.191683, -0.037969, 1.6326, 1.449574, 3.025326, -0.483273, -5.51618]","[-0.981049, 0.191871, -0.038344, 1.641758, 1.441228, 3.026264, -0.483124, -2.564469]"
M3L,"{""pi0"": 0.05, ""sep"": 2.0}",5,500005,inner,M3L,4,84,38,14,-7040.254284779701,-7040.254284773053,6.6484062699601054e-09,0,1,4,84,84,-2633.8503775197,-2633.850430013786,2352,0.5,8.7,cold,extra,extra,0,84,"[-0.996758, 0.205267, -0.040937, 1.605887, 1.474411, 3.016957, -0.497193, -3.501123]","[-0.996758, 0.205262, -0.040931, 1.605883, 1.474417, 3.016958, -0.497193, -3.501118]"
M3L,"{""pi0"": 0.05, ""sep"": 2.0}",5,500005,inner,M3V,4,84,38,14,-7050.423444286085,-7050.42344426497,2.1114828996360302e-08,0,1,4,84,82,-2639.0711839601054,-2639.070911604509,2352,0.2,4.7,cold,challenge,challenge,0,84,"[-0.977864, 0.209588, -0.06468, 1.645118, 1.456204, 3.039759, -0.573253, -0.595646]","[-0.977863, 0.209586, -0.064677, 1.64511, 1.456199, 3.039763, -0.573253, -0.595646]"
M3L,"{""pi0"": 0.05, ""sep"": 2.0}",5,500005,outer,M2B,8,88,52,12,-10351.526598169683,-10351.526598169663,2.000888343900442e-11,0,1,8,88,84,-2421.8946618359123,-2421.8946635412085,2016,0.3,4.5,cold,extra,extra,0,88,"[3.311415, 1.52294, 2.189608, -0.004149, 0.791476, 1.195159]","[3.311415, 1.52294, 2.189608, -0.004149, 0.791476, 1.195159]"
M3L,"{""pi0"": 0.05, ""sep"": 2.0}",5,500005,outer,M2H,8,88,52,12,-10341.615399756254,-10341.615399754948,1.306034391745925e-09,0,1,8,88,83,-2423.182264318459,-2423.1822500260773,2016,73.4,833.6,cold,extra,extra,0,88,"[3.319547, 1.551599, 2.185735, -0.007614, 0.788911, 1.196002, -1.841687]","[3.319548, 1.5516, 2.185736, -0.007614, 0.788911, 1.196002, -1.841683]"
M3L,"{""pi0"": 0.05, ""sep"": 2.0}",5,500005,outer,M2K,8,88,52,12,-9998.47194012767,-9998.471940122472,5.198671715334058e-09,0,1,8,88,38,-2332.127623733838,-2332.1276339327014,2016,1.6,9.5,cold,extra,extra,1,88,"[3.182036, 2.274269, 3.57473, 0.036177, 1.036419, 1.9396, -0.123236, -1.168224]","[3.182036, 2.274268, 3.574728, 0.036177, 1.036418, 1.939598, -0.123236, -1.168222]"
M3L,"{""pi0"": 0.05, ""sep"": 2.0}",5,500005,outer,M2S,8,88,52,12,-10351.183371920077,-10351.183371917441,2.635715645737946e-09,0,1,8,88,86,-2421.6599198043855,-2421.659924684821,2016,37.9,377.5,cold,extra,extra,0,88,"[3.309512, 1.525147, 2.189263, -0.003781, 0.791063, 1.194743, -3.792496]","[3.309512, 1.525147, 2.189263, -0.00378, 0.791063, 1.194744, -3.792474]"
M3L,"{""pi0"": 0.05, ""sep"": 2.0}",5,500005,outer,M3,8,88,52,12,-9688.210685100854,-9688.210685100585,2.6921043172478676e-10,0,1,8,88,88,-2242.9524896577827,-2242.9524975602308,2016,1.0,9.9,cold,challenge,challenge,0,88,"[3.035579, 1.541557, -0.981889, 0.272273, 0.923439, 1.434642, 0.612805]","[3.035579, 1.541556, -0.981889, 0.272273, 0.92344, 1.43464, 0.612805]"
M3L,"{""pi0"": 0.05, ""sep"": 2.0}",5,500005,outer,M3H,8,88,52,12,-9687.700951859748,-9687.700951859748,0.0,0,1,8,88,24,-2243.647309093246,-2243.647309093246,2016,181.8,1653.8,cold,cold,cold:pipeline,0,88,"[-0.981775, 0.225331, -0.078082, 1.54777, 1.430026, 3.035823, -0.489652, -2.548021]","[-0.981775, 0.225331, -0.078082, 1.54777, 1.430026, 3.035823, -0.489652, -2.548021]"
M3L,"{""pi0"": 0.05, ""sep"": 2.0}",5,500005,outer,M3L,8,88,52,12,-9671.340287147068,-9671.340287075065,7.200287654995918e-08,0,1,8,88,88,-2236.3470281590767,-2236.347142161409,2016,1.1,12.4,cold,extra,extra,0,88,"[-1.00027, 0.233346, -0.070483, 1.510634, 1.458051, 3.021535, -0.505926, -3.370229]","[-1.000269, 0.233359, -0.070505, 1.510639, 1.458053, 3.021538, -0.505926, -3.370324]"
M3L,"{""pi0"": 0.05, ""sep"": 2.0}",5,500005,outer,M3V,8,88,52,12,-9686.844343278437,-9686.844343272263,6.173650035634637e-09,0,1,8,88,86,-2241.507764172216,-2241.507694655493,2016,0.7,7.8,cold,extra,extra,0,88,"[-0.976599, 0.250952, -0.119953, 1.558967, 1.446677, 3.057327, -0.574812, -0.607907]","[-0.976598, 0.250953, -0.119956, 1.55897, 1.446687, 3.057329, -0.574812, -0.607907]"
M3V,"{""sep"": 2.0}",0,500000,inner,M2B,4,84,38,14,-8360.662169953637,-8360.662169953632,5.4569682106375694e-12,0,1,4,84,83,-3062.1593007451183,-3062.1593022662196,2352,0.1,2.1,cold,extra,extra,,,"[3.124581, 1.495332, 2.204582, 0.173591, 0.905118, 1.147631]","[3.124581, 1.495332, 2.204582, 0.173591, 0.905118, 1.147631]"
M3V,"{""sep"": 2.0}",0,500000,inner,M2H,4,84,38,14,-8354.605376514957,-8354.605376514874,8.36735125631094e-11,0,1,4,83,81,-3059.9563391071333,-3059.956337061613,2352,23.1,521.0,cold,extra,extra,,,"[3.114752, 1.543531, 2.193136, 0.176701, 0.902828, 1.140268, -1.78107]","[3.114752, 1.54353, 2.193136, 0.176701, 0.902828, 1.140268, -1.78107]"
M3V,"{""sep"": 2.0}",0,500000,inner,M2K,4,84,38,14,-8245.733444038315,-8213.415378155216,32.318065883098825,1,1,4,84,17,-3019.2624900460264,-3009.678357174713,2352,0.6,9.4,cold,challenge,challenge,,,"[3.118455, 0.996341, 0.974814, 0.537903, 1.101723, 0.396966, 0.296108, 2.761738]","[3.299001, 1.960459, 3.72488, 0.125739, 1.121893, 2.119917, 0.091348, -0.849604]"
M3V,"{""sep"": 2.0}",0,500000,inner,M2S,4,84,38,14,-8360.317709934341,-8360.317709932875,1.4661054592579603e-09,0,1,4,84,84,-3062.454135796721,-3062.4541498878507,2352,13.4,317.6,cold,extra,extra,,,"[3.125491, 1.497839, 2.204121, 0.173957, 0.904694, 1.147409, -3.705845]","[3.125492, 1.497837, 2.204122, 0.173957, 0.904694, 1.14741, -3.705811]"
M3V,"{""sep"": 2.0}",0,500000,inner,M3,4,84,38,14,-8221.241081931665,-8217.160791205346,4.080290726318708,1,1,4,84,7,-3012.423046664774,-3009.8623517506617,2352,0.2,3.9,cold,challenge,challenge,,,"[3.411578, 1.659246, -0.915731, 0.131492, 1.971485, 0.051803, 0.750546]","[3.394331, 1.594647, -0.922261, 0.914767, 0.306342, 1.807019, 0.748391]"
M3V,"{""sep"": 2.0}",0,500000,inner,M3H,4,84,38,14,-8216.969036954215,-8216.969036920447,3.376771928742528e-08,0,1,4,84,81,-3010.051096567544,-3010.0510175927234,2352,145.3,3161.9,cold,extra,extra,,,"[-0.922328, 0.608071, -1.183738, 1.600774, 1.813895, 3.393617, -0.289723, -2.543142]","[-0.922328, 0.608069, -1.183727, 1.600767, 1.813948, 3.393621, -0.289725, -2.543107]"
M3V,"{""sep"": 2.0}",0,500000,inner,M3L,4,84,38,14,-8217.160791285429,-8217.160791228776,5.66524249734357e-08,0,1,4,84,84,-3009.8625851931615,-3009.862403052703,2352,1.1,24.5,cold,extra,extra,,,"[-0.922259, 0.60815, -1.183063, 1.594663, 1.806959, 3.394341, -0.289829, -24.603441]","[-0.922261, 0.608146, -1.183034, 1.594655, 1.807095, 3.394328, -0.289829, -47.640023]"
M3V,"{""sep"": 2.0}",0,500000,inner,M3V,4,84,38,14,-8036.4638792818605,-8036.4638792818605,0.0,0,1,4,84,84,-2939.6536170863155,-2939.6536170863155,2352,0.5,8.9,cold,cold,cold:pipeline,,,"[-0.994076, 0.189717, 0.001126, 1.508698, 1.304342, 3.019184, -0.625548, -0.176547]","[-0.994076, 0.189717, 0.001126, 1.508698, 1.304342, 3.019184, -0.625548, -0.176547]"
M3V,"{""sep"": 2.0}",0,500000,outer,M2B,8,88,52,12,-11422.58624063589,-11422.586240635886,3.637978807091713e-12,0,1,8,88,88,-2625.867002201124,-2625.8670003842644,2016,0.2,2.5,cold,extra,extra,,,"[3.113899, 1.466688, 2.214996, 0.171445, 0.902912, 1.149312]","[3.113899, 1.466688, 2.214996, 0.171445, 0.902912, 1.149312]"
M3V,"{""sep"": 2.0}",0,500000,outer,M2H,8,88,52,12,-11414.339131201143,-11414.339131201143,0.0,0,1,8,88,87,-2622.869689866604,-2622.869689866604,2016,69.1,798.0,cold,cold,cold:pipeline,,,"[3.103614, 1.512625, 2.203406, 0.174804, 0.900665, 1.141774, -1.782158]","[3.103614, 1.512625, 2.203406, 0.174804, 0.900665, 1.141774, -1.782158]"
M3V,"{""sep"": 2.0}",0,500000,outer,M2K,8,88,52,12,-11264.326913757679,-11222.020409727196,42.306504030482756,1,1,8,88,15,-2604.2058222696705,-2572.504603246696,2016,2.2,21.9,cold,extra,extra,,,"[3.084615, 0.949862, 0.994697, 0.535532, 1.10025, 0.398857, 0.302017, 2.769538]","[3.33111, 1.92824, 3.723599, 0.113142, 1.123103, 2.097241, 0.142095, -0.848967]"
M3V,"{""sep"": 2.0}",0,500000,outer,M2S,8,88,52,12,-11422.45510756788,-11422.45510755947,8.409188012592494e-09,0,1,8,88,85,-2625.823083631414,-2625.822991949732,2016,47.6,526.6,cold,extra,extra,,,"[3.114669, 1.468414, 2.214584, 0.171585, 0.902696, 1.149193, -4.046871]","[3.114669, 1.468412, 2.214586, 0.171586, 0.902696, 1.149193, -4.046938]"
M3V,"{""sep"": 2.0}",0,500000,outer,M3,8,88,52,12,-11226.802617394991,-11226.802617171834,2.2315725800581276e-07,0,1,8,88,9,-2601.772223122076,-2601.772497642998,2016,0.6,5.9,cold,challenge,challenge,,,"[3.380662, 1.576443, -0.925316, 0.892682, 0.327946, 1.780521, 0.745746]","[3.380667, 1.576474, -0.925315, 0.892689, 0.327937, 1.780266, 0.745747]"
M3V,"{""sep"": 2.0}",0,500000,outer,M3H,8,88,52,12,-11226.73331947135,-11226.733319384151,8.719871402718127e-08,0,1,8,88,84,-2601.783364363809,-2601.7837111509807,2016,501.8,4474.9,cold,extra,extra,,,"[-0.925381, 0.597455, -1.113483, 1.578584, 1.786407, 3.380373, -0.293366, -2.892638]","[-0.925379, 0.597443, -1.113424, 1.578592, 1.786295, 3.380367, -0.293366, -2.8925]"
M3V,"{""sep"": 2.0}",0,500000,outer,M3L,8,88,52,12,-11226.802617189212,-11226.802617157402,3.181048668920994e-08,0,1,8,88,85,-2601.7723672174375,-2601.7723874352896,2016,3.2,31.5,cold,extra,extra,,,"[-0.925316, 0.597743, -1.114964, 1.576479, 1.780319, 3.380664, -0.293368, -24.258785]","[-0.925317, 0.597741, -1.114942, 1.576475, 1.78029, 3.380662, -0.293368, -112.223954]"
M3V,"{""sep"": 2.0}",0,500000,outer,M3V,8,88,52,12,-10975.838292787406,-10975.838292787406,0.0,0,1,8,88,87,-2522.591640038103,-2522.591640038103,2016,1.3,13.1,cold,cold,cold:pipeline,,,"[-0.997618, 0.171685, 0.027784, 1.498024, 1.249073, 3.000483, -0.632389, -0.179469]","[-0.997618, 0.171685, 0.027784, 1.498024, 1.249073, 3.000483, -0.632389, -0.179469]"
M3V,"{""sep"": 2.0}",1,500001,inner,M2B,4,84,38,14,-8216.630056473352,-8216.63005647234,1.0113581083714962e-09,0,1,4,84,84,-3101.9227164086883,-3101.922768908127,2352,0.3,2.2,cold,extra,extra,0,84,"[3.095015, 1.779619, 2.135209, 0.173802, 0.888256, 1.096292]","[3.095015, 1.779619, 2.135208, 0.173802, 0.888256, 1.096292]"
M3V,"{""sep"": 2.0}",1,500001,inner,M2H,4,84,38,14,-8214.649131789494,-8214.649131782095,7.399648893624544e-09,0,1,4,84,80,-3103.3548898572344,-3103.354905655061,2352,28.3,683.0,cold,extra,extra,0,84,"[3.094535, 1.789381, 2.135573, 0.174081, 0.886937, 1.09635, -2.18425]","[3.094535, 1.789371, 2.135576, 0.174081, 0.886936, 1.096351, -2.184265]"
M3V,"{""sep"": 2.0}",1,500001,inner,M2K,4,84,38,14,-8083.546802286555,-8083.546801904524,3.8203143049031496e-07,0,1,4,84,15,-3026.524793105503,-3026.5232581837918,2352,0.7,11.1,cold,extra,extra,1,84,"[3.218318, 2.194447, 3.615136, 0.136344, 1.088443, 2.054183, 0.012398, -0.833872]","[3.218328, 2.194491, 3.615145, 0.136341, 1.088452, 2.054188, 0.012409, -0.833894]"
M3V,"{""sep"": 2.0}",1,500001,inner,M2S,4,84,38,14,-8216.541359767376,-8216.541359727049,4.032699507661164e-08,0,1,4,84,83,-3101.0116013201773,-3101.011387689701,2352,17.8,327.1,cold,extra,extra,0,84,"[3.095461, 1.781569, 2.135088, 0.173704, 0.888013, 1.096298, -4.07542]","[3.095466, 1.781573, 2.135082, 0.173704, 0.888013, 1.096296, -4.07538]"
M3V,"{""sep"": 2.0}",1,500001,inner,M3,4,84,38,14,-8116.13612785815,-8111.673642555108,4.462485303041831,1,1,4,84,2,-3026.2967232846886,-3024.1222333919877,2352,0.6,3.5,cold,challenge,challenge,0,84,"[3.381206, 1.924933, -0.918597, 0.141241, 1.925334, 0.031801, 0.751806]","[3.360091, 1.8172, -0.926596, 0.917153, 0.248772, 4.210775, 0.748669]"
M3V,"{""sep"": 2.0}",1,500001,inner,M3H,4,84,38,14,-8111.966379866848,-8111.673642566779,0.29273730006934784,0,1,4,84,36,-3023.8502571151153,-3024.1228303191865,2352,130.6,2624.5,cold,extra,extra,0,84,"[-0.925086, 0.63658, -1.623039, 1.824374, 21.900475, 3.367954, -0.289612, -44.756184]","[-0.926594, 0.611793, -1.39118, 1.817246, 4.209523, 3.360087, -0.289455, -18.332031]"
M3V,"{""sep"": 2.0}",1,500001,inner,M3L,4,84,38,14,-8111.969011895524,-8111.67364242322,0.2953694723037188,0,1,4,84,55,-3023.8523759595337,-3024.122723730095,2352,1.9,27.9,cold,extra,extra,0,84,"[-0.925079, 0.636645, -1.623812, 1.824652, 23.832313, 3.367931, -0.289602, -12.562248]","[-0.926593, 0.611792, -1.391173, 1.817218, 4.209752, 3.360086, -0.289456, -120.999674]"
M3V,"{""sep"": 2.0}",1,500001,inner,M3V,4,84,38,14,-7935.894532091684,-7935.89453205899,3.269360604463145e-08,0,1,4,84,81,-2966.6939140228415,-2966.6937264095986,2352,0.9,9.7,cold,challenge,challenge,0,84,"[-0.991776, 0.159935, -0.028581, 1.655618, 2.077279, 3.020653, -0.617042, -0.182619]","[-0.991776, 0.159938, -0.028582, 1.655616, 2.077283, 3.020656, -0.617045, -0.182619]"
M3V,"{""sep"": 2.0}",1,500001,outer,M2B,8,88,52,12,-11316.898226561694,-11316.898226561643,5.093170329928398e-11,0,1,8,88,87,-2642.387009779079,-2642.3870058147913,2016,1.3,2.4,cold,extra,extra,0,88,"[3.107488, 1.786763, 2.134293, 0.179833, 0.89442, 1.110499]","[3.107488, 1.786763, 2.134293, 0.179834, 0.89442, 1.110499]"
M3V,"{""sep"": 2.0}",1,500001,outer,M2H,8,88,52,12,-11315.960987292896,-11315.960987292703,1.9281287677586079e-10,0,1,8,87,86,-2641.0680183327854,-2641.0680063109808,2016,108.5,1158.9,cold,extra,extra,0,88,"[3.10763, 1.795362, 2.133797, 0.180047, 0.89369, 1.110357, -2.476126]","[3.10763, 1.795363, 2.133797, 0.180047, 0.89369, 1.110357, -2.476115]"
M3V,"{""sep"": 2.0}",1,500001,outer,M2K,8,88,52,12,-11106.519982700765,-11106.51998189717,8.03594957687892e-07,0,1,8,88,18,-2603.4178106580543,-2603.4169908903505,2016,1.7,18.8,cold,extra,extra,1,88,"[3.216426, 2.274066, 3.690584, 0.145864, 1.112904, 2.131108, -0.006844, -0.891661]","[3.216414, 2.27402, 3.690604, 0.145868, 1.112905, 2.131124, -0.006836, -0.891666]"
M3V,"{""sep"": 2.0}",1,500001,outer,M2S,8,88,52,12,-11315.094071797783,-11315.09407179755,2.3283064365386963e-10,0,1,8,88,85,-2641.265409779242,-2641.265417123034,2016,48.8,513.8,cold,extra,extra,0,88,"[3.108985, 1.793538, 2.134082, 0.179164, 0.89335, 1.110768, -3.381143]","[3.108985, 1.793538, 2.134082, 0.179164, 0.89335, 1.110768, -3.381151]"
M3V,"{""sep"": 2.0}",1,500001,outer,M3,8,88,52,12,-11139.880902029618,-11133.59238743832,6.2885145912969165,1,1,8,88,1,-2607.9907156856602,-2604.6094726177585,2016,0.7,4.6,cold,challenge,challenge,0,88,"[3.412868, 1.89285, -0.908283, 0.307553, 1.689108, 0.017587, 0.751692]","[3.389311, 1.797637, -0.9167, 0.979595, 0.209396, 5.43013, 0.748976]"
M3V,"{""sep"": 2.0}",1,500001,outer,M3H,8,88,52,12,-11175.123905959235,-11133.611166462902,41.51273949633287,1,1,8,88,1,-2611.3099504830952,-2604.65225596623,2016,404.3,3660.0,cold,challenge,challenge,0,88,"[-0.95241, -0.484854, 0.42851, 1.138187, 381.143486, 2.997447, -0.277529, -175.439521]","[-0.916485, 0.643399, -1.600154, 1.798156, 6.345017, 3.390517, -0.289103, -5.192459]"
M3V,"{""sep"": 2.0}",1,500001,outer,M3L,8,88,52,12,-11139.881540110244,-11133.592570708006,6.2889694022378535,1,1,8,88,6,-2607.994259119541,-2604.609647016887,2016,5.0,47.8,cold,challenge,challenge,0,88,"[-0.90828, -7.614255, 1.415833, 1.892995, 0.007188, 3.412881, -0.285425, -7.525217]","[-0.916699, 0.639976, -1.564275, 1.797583, 5.446906, 3.389331, -0.289053, -15.434915]"
M3V,"{""sep"": 2.0}",1,500001,outer,M3V,8,88,52,12,-10900.64812195655,-10900.648121932438,2.4112523533403873e-08,0,1,8,88,84,-2553.0471594788864,-2553.0471764279764,2016,1.8,13.1,cold,extra,extra,0,88,"[-0.981018, 0.22271, -0.097209, 1.645336, 2.20254, 3.060022, -0.611191, -0.183355]","[-0.981017, 0.222701, -0.097197, 1.645338, 2.20256, 3.060018, -0.611191, -0.183356]"
M3V,"{""sep"": 2.0}",2,500002,inner,M2B,4,84,38,14,-8302.076527220977,-8302.076527220977,0.0,0,1,4,84,82,-3118.7816471391116,-3118.7816471391116,2352,0.1,2.5,cold,cold,cold:pipeline,0,84,"[3.087276, 1.565551, 2.186103, 0.171445, 0.895608, 1.137197]","[3.087276, 1.565551, 2.186103, 0.171445, 0.895608, 1.137197]"
M3V,"{""sep"": 2.0}",2,500002,inner,M2H,4,84,38,14,-8297.99859249099,-8297.99859248997,1.0204530553892255e-09,0,1,4,84,81,-3114.203001170996,-3114.2030187204164,2352,24.8,531.3,cold,challenge,challenge,0,84,"[3.085612, 1.573293, 2.187963, 0.17152, 0.893587, 1.137564, -1.945767]","[3.085613, 1.573295, 2.187963, 0.17152, 0.893587, 1.137565, -1.945771]"
M3V,"{""sep"": 2.0}",2,500002,inner,M2K,4,84,38,14,-8164.756371990077,-8164.756371525657,4.644198270398192e-07,0,1,4,84,31,-3058.649926044274,-3058.649401388762,2352,0.7,10.2,cold,challenge,challenge,1,84,"[3.245837, 2.033882, 3.70179, 0.13187, 1.108372, 2.125333, 0.029334, -0.855183]","[3.245833, 2.03384, 3.701786, 0.131872, 1.108369, 2.125326, 0.029315, -0.855178]"
M3V,"{""sep"": 2.0}",2,500002,inner,M2S,4,84,38,14,-8301.512286606963,-8301.512286600164,6.7993823904544115e-09,0,1,4,84,83,-3118.7642990534214,-3118.7642572043064,2352,16.7,313.2,cold,extra,extra,0,84,"[3.087094, 1.57311, 2.184663, 0.17094, 0.894977, 1.135966, -3.563728]","[3.087093, 1.573114, 2.184662, 0.170939, 0.894977, 1.135965, -3.56373]"
M3V,"{""sep"": 2.0}",2,500002,inner,M3,4,84,38,14,-8202.069676175264,-8202.069676144496,3.076820576097816e-08,0,1,4,84,17,-3034.472775258749,-3034.472687371757,2352,0.3,5.1,cold,extra,extra,0,84,"[3.364282, 1.527913, -0.917377, 0.832294, 0.391916, 2.019096, 0.746118]","[3.364288, 1.527912, -0.917377, 0.832292, 0.391916, 2.019164, -0.746118]"
M3V,"{""sep"": 2.0}",2,500002,inner,M3H,4,84,38,14,-8226.111641283816,-8204.300344040998,21.81129724281891,1,1,4,84,5,-3069.3377061223823,-3034.8656897625388,2352,74.9,1668.0,cold,extra,extra,0,84,"[-0.947275, -2.139937, 0.734637, 0.771759, 2.297639, 2.624922, -0.269095, -2.565587]","[-0.911383, 0.292042, 0.250369, 1.629279, 0.127484, 3.374998, -0.287372, -176.79193]"
M3V,"{""sep"": 2.0}",2,500002,inner,M3L,4,84,38,14,-8226.375779303431,-8204.365907130921,22.00987217250986,1,1,4,84,6,-3070.2009784634984,-3034.937190093933,2352,1.0,17.9,cold,challenge,challenge,0,84,"[-0.947686, -1.988098, 0.725125, 0.77748, 2.314216, 2.634153, -0.268409, -17.31396]","[-0.91124, -9.383534, 1.377003, 1.632159, 0.040414, 3.374398, -0.28768, -9.192007]"
M3V,"{""sep"": 2.0}",2,500002,inner,M3V,4,84,38,14,-8033.894745027259,-8033.894745026655,6.039044819772243e-10,0,1,4,84,83,-2988.324396240901,-2988.3243380928143,2352,0.5,9.7,cold,extra,extra,0,84,"[-0.989731, 0.01132, 0.171914, 1.472381, 1.4017, 2.934947, -0.611943, -0.175681]","[-0.989731, 0.011325, 0.171909, 1.47238, 1.401707, 2.93495, -0.611943, -0.175682]"
M3V,"{""sep"": 2.0}",2,500002,outer,M2B,8,88,52,12,-11419.903902035314,-11419.90390203524,7.457856554538012e-11,0,1,8,88,87,-2688.2503002885014,-2688.2502963184747,2016,0.2,3.2,cold,extra,extra,0,88,"[3.113371, 1.546296, 2.190675, 0.167262, 0.901833, 1.14172]","[3.113371, 1.546295, 2.190675, 0.167262, 0.901833, 1.14172]"
M3V,"{""sep"": 2.0}",2,500002,outer,M2H,8,88,52,12,-11411.126272096604,-11411.126272090725,5.878973752260208e-09,0,1,8,86,83,-2686.0674766092206,-2686.0674728022764,2016,69.6,895.4,cold,extra,extra,0,88,"[3.112619, 1.56262, 2.191229, 0.167419, 0.899152, 1.141857, -1.795413]","[3.112616, 1.562619, 2.191229, 0.16742, 0.899152, 1.141857, -1.795418]"
M3V,"{""sep"": 2.0}",2,500002,outer,M2K,8,88,52,12,-11222.705804606785,-11222.705803347686,1.2590990081662312e-06,0,1,8,88,17,-2627.4410826028416,-2627.4426364431474,2016,2.0,18.6,cold,extra,extra,1,88,"[3.254337, 2.033467, 3.710877, 0.130755, 1.11582, 2.130995, 0.015443, -0.857027]","[3.254348, 2.033419, 3.710818, 0.13075, 1.115801, 2.13095, 0.015458, -0.856985]"
M3V,"{""sep"": 2.0}",2,500002,outer,M2S,8,88,52,12,-11419.37767174446,-11419.377671738097,6.362824933603406e-09,0,1,8,88,87,-2688.143556278197,-2688.143576860235,2016,47.6,511.9,cold,extra,extra,0,88,"[3.113865, 1.552254, 2.189532, 0.166972, 0.901316, 1.140994, -3.667994]","[3.113864, 1.55225, 2.189533, 0.166971, 0.901315, 1.140995, -3.667998]"
M3V,"{""sep"": 2.0}",2,500002,outer,M3,8,88,52,12,-11238.492201966055,-11235.808229316952,2.6839726491034526,1,1,8,88,11,-2612.756596027594,-2611.2995034739956,2016,0.5,6.7,cold,extra,extra,0,88,"[3.410667, 1.622526, -0.911789, 0.234196, 1.72141, 0.080185, 0.749675]","[3.400345, 1.543185, -0.917244, 0.893461, 0.331886, 1.999576, 0.746687]"
M3V,"{""sep"": 2.0}",2,500002,outer,M3H,8,88,52,12,-11294.07560721623,-11235.808229482816,58.267377733413014,1,1,8,88,1,-2636.712302421781,-2611.299708789324,2016,237.6,2654.0,cold,challenge,challenge,0,88,"[-0.959157, -1.475961, 0.68572, 0.818447, 2.26199, 2.680902, -0.264329, -2.188825]","[-0.917244, 0.59372, -1.102991, 1.543172, 1.999669, 3.400348, -0.292112, -135.085198]"
M3V,"{""sep"": 2.0}",2,500002,outer,M3L,8,88,52,12,-11295.485077802226,-11238.522155158145,56.96292264408112,1,1,8,88,5,-2638.151568025609,-2612.7687765803466,2016,2.0,23.3,cold,extra,extra,0,88,"[-0.960921, -1.239644, 0.654113, 0.837855, 2.313675, 2.706766, -0.263684, -18.515182]","[-0.911698, -9.587172, 1.389923, 1.622912, 0.033886, 3.411037, -0.288115, -8.87663]"
M3V,"{""sep"": 2.0}",2,500002,outer,M3V,8,88,52,12,-11021.222330073826,-11021.222330067947,5.878973752260208e-09,0,1,8,88,86,-2566.78182658412,-2566.781800523951,2016,1.5,13.7,cold,extra,extra,0,88,"[-0.988953, 0.121979, 0.07149, 1.485976, 1.356813, 2.996505, -0.60354, -0.180755]","[-0.988953, 0.121978, 0.071493, 1.48597, 1.356826, 2.996506, -0.60354, -0.180755]"
M3V,"{""sep"": 2.0}",3,500003,inner,M2B,4,84,38,14,-8422.412244246625,-8422.412244246392,2.3283064365386963e-10,0,1,4,84,81,-3100.126745624035,-3100.126764769845,2352,0.1,2.3,cold,extra,extra,0,84,"[3.111675, 1.433488, 2.223274, 0.155528, 0.911738, 1.149949]","[3.111676, 1.433489, 2.223274, 0.155528, 0.911738, 1.149949]"
M3V,"{""sep"": 2.0}",3,500003,inner,M2H,4,84,38,14,-8417.534412437542,-8417.534412436567,9.74978320300579e-10,0,1,4,83,82,-3097.9024659118377,-3097.902458304999,2352,23.6,555.5,cold,extra,extra,0,84,"[3.110818, 1.457739, 2.219144, 0.156318, 0.909484, 1.148201, -1.830298]","[3.11082, 1.45774, 2.219144, 0.156318, 0.909484, 1.148201, -1.830297]"
M3V,"{""sep"": 2.0}",3,500003,inner,M2K,4,84,38,14,-8311.556363887057,-8274.740616993851,36.81574689320587,1,1,4,84,19,-3067.2094704572714,-3033.199965442696,2352,0.6,10.0,cold,extra,extra,1,84,"[3.01632, 0.924171, 1.01684, 0.504004, 1.101905, 0.401356, 0.289409, 2.656867]","[3.294295, 1.904875, 3.722334, 0.105124, 1.12975, 2.080134, 0.116757, -0.843121]"
M3V,"{""sep"": 2.0}",3,500003,inner,M2S,4,84,38,14,-8418.850552734635,-8418.850552734602,3.2741809263825417e-11,0,1,4,84,84,-3101.916694631568,-3101.916686562748,2352,12.9,281.5,cold,challenge,challenge,0,84,"[3.114577, 1.442564, 2.223949, 0.155479, 0.909689, 1.152064, -3.047789]","[3.114577, 1.442565, 2.223949, 0.155479, 0.909689, 1.152064, -3.047787]"
M3V,"{""sep"": 2.0}",3,500003,inner,M3,4,84,38,14,-8270.205051875753,-8268.490582001272,1.7144698744814377,1,1,4,84,2,-3041.5926231993285,-3039.2284377322617,2352,0.2,3.4,cold,challenge,challenge,0,84,"[3.407903, 1.658678, -0.915619, 0.490958, 1.284604, 0.051229, 0.756387]","[3.397513, 1.616736, -0.919919, 0.997012, 0.205986, 1.480514, 0.75521]"
M3V,"{""sep"": 2.0}",3,500003,inner,M3H,4,84,38,14,-8268.273389912309,-8268.273389647755,2.6455381885170937e-07,0,1,4,84,79,-3038.9977176188672,-3038.9973015642445,2352,152.3,3484.9,cold,extra,extra,0,84,"[-0.91996, 0.650661, -1.581424, 1.621587, 1.524814, 3.397379, -0.280766, -2.514726]","[-0.919961, 0.650678, -1.581594, 1.621609, 1.524756, 3.397367, -0.280765, -2.514556]"
M3V,"{""sep"": 2.0}",3,500003,inner,M3L,4,84,38,14,-8268.490584656904,-8268.4905817777,2.879203748307191e-06,0,1,4,84,57,-3039.229651464453,-3039.2285499451223,2352,1.7,31.0,cold,extra,extra,0,84,"[-0.919912, 0.650734, -1.580037, 1.616744, 1.479644, 3.397518, -0.280757, -19.564245]","[-0.919915, 0.650721, -1.579899, 1.616722, 1.480427, 3.397511, -0.280755, -40.494414]"
M3V,"{""sep"": 2.0}",3,500003,inner,M3V,4,84,38,14,-8097.725798945707,-8097.725798945707,0.0,0,1,4,84,81,-2961.963666537234,-2961.963666537234,2352,0.6,11.0,cold,cold,cold:pipeline,0,84,"[-0.993938, 0.243386, -0.086785, 1.534025, 1.229867, 3.01504, -0.607841, -0.16726]","[-0.993938, 0.243386, -0.086785, 1.534025, 1.229867, 3.01504, -0.607841, -0.16726]"
M3V,"{""sep"": 2.0}",3,500003,outer,M2B,8,88,52,12,-11520.836817933083,-11520.836817932504,5.784386303275824e-10,0,1,8,88,87,-2675.7919450253476,-2675.7919354951937,2016,0.3,2.8,cold,extra,extra,0,88,"[3.073264, 1.499251, 2.202786, 0.164716, 0.911178, 1.138296]","[3.073264, 1.499251, 2.202787, 0.164716, 0.911178, 1.138297]"
M3V,"{""sep"": 2.0}",3,500003,outer,M2H,8,88,52,12,-11513.782750163273,-11513.782750162132,1.140506356023252e-09,0,1,8,88,82,-2676.5921711795568,-2676.592173508149,2016,70.6,889.6,cold,challenge,challenge,0,88,"[3.069786, 1.534998, 2.195631, 0.166248, 0.908903, 1.134519, -1.823727]","[3.069787, 1.534996, 2.195632, 0.166248, 0.908903, 1.134519, -1.823723]"
M3V,"{""sep"": 2.0}",3,500003,outer,M2K,8,88,52,12,-11306.288934061078,-11306.28893403818,2.289743861183524e-08,0,1,8,88,17,-2634.29489004844,-2634.2949056894827,2016,1.9,15.6,cold,extra,extra,1,88,"[3.264775, 1.988459, 3.743451, 0.112578, 1.138633, 2.103585, 0.11905, -0.872748]","[3.264774, 1.988461, 3.743444, 0.112577, 1.138631, 2.10358, 0.11905, -0.872744]"
M3V,"{""sep"": 2.0}",3,500003,outer,M2S,8,88,52,12,-11518.736918262774,-11518.736918259996,2.777596819214523e-09,0,1,8,88,86,-2675.9663200765026,-2675.966328725208,2016,43.1,460.5,cold,extra,extra,0,88,"[3.075094, 1.5045, 2.20313, 0.164654, 0.909953, 1.139274, -3.292649]","[3.075094, 1.504501, 2.203129, 0.164654, 0.909953, 1.139273, -3.29263]"
M3V,"{""sep"": 2.0}",3,500003,outer,M3,8,88,52,12,-11310.695726509195,-11306.381808076301,4.313918432893843,1,1,8,88,3,-2634.735761258338,-2633.4227405919173,2016,0.5,5.3,cold,challenge,challenge,0,88,"[3.400429, 1.646978, -0.91474, 0.359738, 1.604783, 0.019864, 0.752883]","[3.385317, 1.584342, -0.921332, 1.020143, 0.181208, 3.650242, 0.750829]"
M3V,"{""sep"": 2.0}",3,500003,outer,M3H,8,88,52,12,-11305.895699579152,-11305.895699539398,3.975401341449469e-08,0,1,8,88,78,-2634.0611062116195,-2634.0613117086045,2016,536.5,4816.1,cold,challenge,challenge,0,88,"[-0.920935, 0.677163, -1.897812, 1.595873, 23.140508, 3.384385, -0.286554, -2.399185]","[-0.920934, 0.677164, -1.897827, 1.595886, 23.146879, 3.38438, -0.286553, -2.399149]"
M3V,"{""sep"": 2.0}",3,500003,outer,M3L,8,88,52,12,-11306.29540713557,-11306.29540713557,0.0,0,1,8,88,76,-2633.930739214617,-2633.930739214617,2016,3.2,29.5,cold,cold,cold:pipeline,0,88,"[-0.920876, 0.677297, -1.898234, 1.588263, 39.669609, 3.38513, -0.286701, -58.571546]","[-0.920876, 0.677297, -1.898234, 1.588263, 39.669609, 3.38513, -0.286701, -58.571546]"
M3V,"{""sep"": 2.0}",3,500003,outer,M3V,8,88,52,12,-11058.249533828406,-11058.249533828406,0.0,0,1,8,88,85,-2573.366134438848,-2573.366134438848,2016,1.3,13.5,cold,cold,cold:pipeline,0,88,"[-0.994243, 0.269586, -0.13282, 1.533269, 1.453788, 3.005055, -0.621317, -0.168383]","[-0.994243, 0.269586, -0.13282, 1.533269, 1.453788, 3.005055, -0.621317, -0.168383]"
M3V,"{""sep"": 2.0}",4,500004,inner,M2B,4,84,38,14,-8377.076948632606,-8377.076948632603,3.637978807091713e-12,0,1,4,84,80,-3107.3293215104904,-3107.329322271993,2352,0.2,4.3,cold,challenge,challenge,0,84,"[3.107091, 1.440014, 2.188852, 0.178433, 0.908595, 1.126748]","[3.107091, 1.440014, 2.188852, 0.178433, 0.908595, 1.126748]"
M3V,"{""sep"": 2.0}",4,500004,inner,M2H,4,84,38,14,-8376.21872324292,-8376.218723242619,3.019522409886122e-10,0,1,4,84,82,-3106.599594686624,-3106.59960731313,2352,34.8,698.9,cold,extra,extra,0,84,"[3.106071, 1.451151, 2.186204, 0.179199, 0.907856, 1.125421, -2.336382]","[3.106071, 1.451151, 2.186204, 0.179199, 0.907856, 1.125421, -2.336383]"
M3V,"{""sep"": 2.0}",4,500004,inner,M2K,4,84,38,14,-8240.917738930799,-8212.654526108005,28.26321282279423,1,1,4,84,19,-3066.9696918661048,-3054.4081914075105,2352,1.1,14.6,cold,challenge,challenge,1,84,"[2.969561, 0.897981, 0.948006, 0.584627, 1.111494, 0.365498, 0.275796, 3.098459]","[3.25944, 1.943382, 3.740649, 0.13547, 1.129298, 2.141888, 0.028616, -0.894789]"
M3V,"{""sep"": 2.0}",4,500004,inner,M2S,4,84,38,14,-8377.076949132072,-8377.0769490514,8.067218004725873e-08,0,1,4,84,82,-3107.329167028011,-3107.3294780309184,2352,25.9,578.6,cold,extra,extra,0,84,"[3.107084, 1.440011, 2.188859, 0.178434, 0.908596, 1.12675, -10.600928]","[3.107085, 1.440024, 2.188847, 0.178432, 0.908595, 1.126743, -10.683125]"
M3V,"{""sep"": 2.0}",4,500004,inner,M3,4,84,38,14,-8231.518192640111,-8230.87740351842,0.6407891216913413,1,1,4,84,3,-3069.655760046025,-3068.2894371066095,2352,0.2,4.5,cold,extra,extra,0,84,"[3.382447, 1.704927, -0.915058, 0.207901, 1.755745, 0.061821, 0.756078]","[3.377962, 1.682696, -0.91693, 0.929093, 0.281549, 0.736628, 0.755489]"
M3V,"{""sep"": 2.0}",4,500004,inner,M3H,4,84,38,14,-8230.87740359531,-8230.87740359531,0.0,0,1,4,84,77,-3068.289412719816,-3068.289412719816,2352,156.1,3286.4,cold,cold,cold:pipeline,0,84,"[-0.91693, 0.613034, -1.267458, 1.682697, 0.736641, 3.377961, -0.28039, -22.337454]","[-0.91693, 0.613034, -1.267458, 1.682697, 0.736641, 3.377961, -0.28039, -22.337454]"
M3V,"{""sep"": 2.0}",4,500004,inner,M3L,4,84,38,14,-8230.877403546581,-8230.877403517181,2.9400325729511678e-08,0,1,4,84,76,-3068.2892656563454,-3068.2893850901205,2352,1.5,26.7,cold,extra,extra,0,84,"[-0.916932, 0.613039, -1.267511, 1.682692, 0.736712, 3.377961, -0.280391, -92.563675]","[-0.91693, 0.613034, -1.267454, 1.682696, 0.736639, 3.377962, -0.28039, -54.491113]"
M3V,"{""sep"": 2.0}",4,500004,inner,M3V,4,84,38,14,-8029.162578134363,-8029.1625781284765,5.8862497098743916e-09,0,1,4,84,80,-2985.391570130238,-2985.3916046219797,2352,0.5,9.8,cold,extra,extra,0,84,"[-0.986883, 0.230667, -0.064948, 1.614572, 0.941193, 3.021308, -0.631686, -0.161371]","[-0.986883, 0.230667, -0.064952, 1.614571, 0.941204, 3.021308, -0.631686, -0.161372]"
M3V,"{""sep"": 2.0}",4,500004,outer,M2B,8,88,52,12,-11483.900447090607,-11483.900447090597,1.0913936421275139e-11,0,1,8,88,86,-2580.3924345360497,-2580.3924310651455,2016,0.3,3.5,cold,challenge,challenge,0,88,"[3.114591, 1.418098, 2.213378, 0.179055, 0.911467, 1.137467]","[3.114591, -1.418098, -2.213378, 0.179055, 0.911467, 1.137467]"
M3V,"{""sep"": 2.0}",4,500004,outer,M2H,8,88,52,12,-11482.311736237243,-11482.311736227628,9.615177987143397e-09,0,1,8,88,86,-2579.781241347094,-2579.781340109926,2016,87.4,981.8,cold,extra,extra,0,88,"[3.113044, 1.430912, 2.210096, 0.180079, 0.910619, 1.135742, -2.259016]","[3.113047, 1.43091, 2.210098, 0.180079, 0.91062, 1.135744, -2.259047]"
M3V,"{""sep"": 2.0}",4,500004,outer,M2K,8,88,52,12,-11307.178321182215,-11266.390939224837,40.787381957377875,1,1,8,88,18,-2555.5661289751047,-2528.8427246798565,2016,2.5,19.7,cold,extra,extra,1,88,"[2.973913, 0.915321, 0.974647, 0.575381, 1.11325, 0.374261, 0.279983, 2.918405]","[3.26659, 1.935716, 3.7651, 0.136839, 1.132768, 2.157079, 0.026011, -0.887591]"
M3V,"{""sep"": 2.0}",4,500004,outer,M2S,8,88,52,12,-11483.817289401388,-11483.817289393595,7.792550604790449e-09,0,1,8,88,86,-2580.284357423831,-2580.2843529771485,2016,61.8,577.0,cold,extra,extra,0,88,"[3.11593, 1.419746, 2.213107, 0.178815, 0.911228, 1.13773, -4.148417]","[3.11593, 1.419748, 2.213107, 0.178815, 0.911228, 1.13773, -4.148305]"
M3V,"{""sep"": 2.0}",4,500004,outer,M3,8,88,52,12,-11300.556466064654,-11298.317577918875,2.2388881457791285,1,1,8,88,4,-2555.224422068626,-2552.3157694876068,2016,0.6,6.8,cold,challenge,challenge,0,88,"[3.398934, 1.67318, -0.921435, 0.218501, 1.760585, 0.058233, 0.757254]","[3.391101, 1.638696, -0.924623, 0.934524, 0.27472, 1.006164, 0.756287]"
M3V,"{""sep"": 2.0}",4,500004,outer,M3H,8,88,52,12,-11298.317578032806,-11298.317578001854,3.0951923690736294e-08,0,1,8,88,85,-2552.3157033569405,-2552.3157636718474,2016,487.1,5219.0,cold,challenge,challenge,0,88,"[-0.924623, 0.62013, -1.29209, 1.638692, 1.006185, 3.391106, -0.279335, -20.421905]","[-0.924622, 0.620123, -1.292042, 1.638692, 1.006145, 3.391102, -0.279335, -21.370128]"
M3V,"{""sep"": 2.0}",4,500004,outer,M3L,8,88,52,12,-11298.317577943793,-11298.31757789564,4.815410648006946e-08,0,1,8,88,81,-2552.3157834788753,-2552.315752687981,2016,4.9,49.6,cold,extra,extra,0,88,"[-0.924623, 0.620126, -1.292055, 1.638676, 1.006132, 3.391103, -0.279336, -30.092099]","[-0.924623, 0.620123, -1.292041, 1.638694, 1.006145, 3.391103, -0.279335, -177.111192]"
M3V,"{""sep"": 2.0}",4,500004,outer,M3V,8,88,52,12,-11013.85108213645,-11013.851082134373,2.077285898849368e-09,0,1,8,88,88,-2486.5499681566725,-2486.5500514207215,2016,2.2,21.2,cold,challenge,challenge,0,88,"[-0.996392, 0.20137, -0.014781, 1.602122, 0.991553, 3.00934, -0.631685, -0.152686]","[-0.996391, 0.201368, -0.014777, 1.602125, 0.991548, 3.009339, -0.631685, -0.152685]"
M3V,"{""sep"": 2.0}",5,500005,inner,M2B,4,84,38,14,-8365.185708240057,-8365.185708240035,2.1827872842550278e-11,0,1,4,84,84,-3139.7375242583335,-3139.7375176897503,2352,0.1,1.2,cold,extra,extra,0,84,"[3.089551, 1.630923, 2.170886, 0.183584, 0.908897, 1.115335]","[3.089551, 1.630923, 2.170886, 0.183584, 0.908897, 1.115335]"
M3V,"{""sep"": 2.0}",5,500005,inner,M2H,4,84,38,14,-8362.458143762353,-8362.45814373912,2.323213266208768e-08,0,1,4,84,82,-3137.512986604733,-3137.512673340628,2352,14.1,305.5,cold,challenge,challenge,0,84,"[3.095285, 1.65171, 2.170067, 0.181558, 0.907011, 1.116909, -2.074912]","[3.095279, 1.651699, 2.170068, 0.181558, 0.90701, 1.116908, -2.074922]"
M3V,"{""sep"": 2.0}",5,500005,inner,M2K,4,84,38,14,-8210.254982159222,-8210.25498206598,9.32413968257606e-08,0,1,4,84,22,-3074.420187441783,-3074.4205674819973,2352,0.3,5.3,cold,challenge,challenge,1,84,"[3.255747, 2.120292, 3.72146, 0.136928, 1.12803, 2.122595, 0.051947, -0.865947]","[3.255743, 2.120313, 3.721453, 0.136928, 1.128029, 2.122594, 0.051949, -0.865948]"
M3V,"{""sep"": 2.0}",5,500005,inner,M2S,4,84,38,14,-8364.135981515936,-8364.13598150907,6.866684998385608e-09,0,1,4,84,84,-3138.563957046351,-3138.564062570461,2352,9.0,194.6,cold,extra,extra,0,84,"[3.086129, 1.635104, 2.169721, 0.184913, 0.908153, 1.113864, -3.427761]","[3.08613, 1.635107, 2.169719, 0.184912, 0.908152, 1.113862, -3.427777]"
M3V,"{""sep"": 2.0}",5,500005,inner,M3,4,84,38,14,-8232.744088872823,-8232.728319851249,0.01576902157466975,0,1,4,84,84,-3052.815467626166,-3052.8460900819186,2352,0.1,3.3,cold,challenge,challenge,0,84,"[3.370202, 1.747379, -0.932537, 0.023263, 2.110539, 0.06304, 0.758075]","[3.370018, 1.7477, -0.932558, -9.548729, 21.254217, 0.006236, 0.758091]"
M3V,"{""sep"": 2.0}",5,500005,inner,M3H,4,84,38,14,-8233.147062194514,-8232.343368913189,0.8036932813247404,1,1,4,84,2,-3049.5552298813395,-3053.050860083759,2352,71.4,1419.8,cold,challenge,challenge,0,84,"[-0.9332, 0.656111, -1.631344, 1.666807, 37.46684, 3.385401, -0.282337, -22.337144]","[-0.932528, -1.953328, 1.318488, 1.759789, 0.035389, 3.369052, -0.276598, -2.389045]"
M3V,"{""sep"": 2.0}",5,500005,inner,M3L,4,84,38,14,-8233.147063648657,-8232.732521990576,0.4145416580813617,0,1,4,84,59,-3049.5541110017725,-3052.83558520838,2352,0.8,16.2,cold,extra,extra,0,84,"[-0.9332, 0.656105, -1.631313, 1.666761, 166.748465, 3.385396, -0.282337, -20.357429]","[-0.932549, -9.733093, 1.391744, 1.74753, 0.032991, 3.370139, -0.276962, -9.007001]"
M3V,"{""sep"": 2.0}",5,500005,inner,M3V,4,84,38,14,-8037.904712721879,-8037.904712699527,2.2351741790771484e-08,0,1,4,84,82,-2982.4252252920014,-2982.425279192739,2352,0.2,4.8,cold,extra,extra,0,84,"[-1.00766, 0.187334, -0.01268, 1.559289, 1.58668, 2.999402, -0.628105, -0.163622]","[-1.00766, 0.187341, -0.012689, 1.559288, 1.586705, 2.999412, -0.628104, -0.163623]"
M3V,"{""sep"": 2.0}",5,500005,outer,M2B,8,88,52,12,-11502.098448721616,-11502.098448721612,3.637978807091713e-12,0,1,8,88,87,-2681.284260529121,-2681.284260494179,2016,0.3,3.1,cold,extra,extra,0,88,"[3.074555, 1.482715, 2.201158, 0.183823, 0.914074, 1.122834]","[3.074555, 1.482715, 2.201158, 0.183823, 0.914074, 1.122834]"
M3V,"{""sep"": 2.0}",5,500005,outer,M2H,8,88,52,12,-11497.107410265031,-11497.107410264685,3.4560798667371273e-10,0,1,8,88,84,-2683.641420837548,-2683.6414428609123,2016,73.5,753.1,cold,extra,extra,0,88,"[3.077258, 1.500996, 2.199602, -0.183113, -0.912038, 1.123162, -1.934928]","[3.077257, 1.500996, 2.199602, 0.183113, 0.912038, 1.123162, -1.934922]"
M3V,"{""sep"": 2.0}",5,500005,outer,M2K,8,88,52,12,-11281.531658474822,-11281.531658467542,7.279595592990518e-09,0,1,8,88,28,-2622.142838581586,-2622.1428068767427,2016,1.2,13.0,cold,extra,extra,1,88,"[3.284163, 1.94714, 3.745432, 0.126459, 1.133374, 2.117911, 0.086948, -0.866349]","[3.284165, 1.947137, 3.745428, 0.126459, 1.133373, 2.117909, 0.086947, -0.866347]"
M3V,"{""sep"": 2.0}",5,500005,outer,M2S,8,88,52,12,-11500.044117205804,-11500.044117166315,3.9488440961577e-08,0,1,8,88,84,-2681.423265574365,-2681.4231913038034,2016,43.1,419.2,cold,extra,extra,0,88,"[3.071436, 1.490435, 2.198859, 0.185558, 0.91321, 1.120739, -3.316849]","[3.071436, 1.490422, 2.198862, 0.185557, 0.913211, 1.12074, -3.316889]"
M3V,"{""sep"": 2.0}",5,500005,outer,M3,8,88,52,12,-11283.192394336078,-11283.185156293112,0.007238042966491776,0,1,8,88,88,-2599.493586355327,-2599.4738022775628,2016,0.5,4.2,cold,challenge,challenge,0,88,"[3.393406, 1.615208, -0.933803, 0.309007, 1.584172, 0.072151, 0.750216]","[3.393173, 1.614459, -0.933887, 0.673167, 0.854567, 0.137271, 0.750195]"
M3V,"{""sep"": 2.0}",5,500005,outer,M3H,8,88,52,12,-11280.267652186205,-11280.267652016442,1.697626430541277e-07,0,1,8,88,78,-2596.3277398423597,-2596.328178486468,2016,297.6,2356.8,cold,extra,extra,0,88,"[-0.937084, 0.646005, -1.467559, 1.544238, 5.050576, 3.395627, -0.292252, -2.568855]","[-0.937083, 0.646007, -1.467589, 1.544257, 5.049882, 3.395625, -0.292251, -2.56854]"
M3V,"{""sep"": 2.0}",5,500005,outer,M3L,8,88,52,12,-11280.518737160775,-11280.493246378952,0.025490781823464204,0,1,8,88,80,-2595.947227554673,-2596.0818556638255,2016,1.6,16.4,cold,extra,extra,0,88,"[-0.936866, 0.648623, -1.491406, 1.539794, 5.378516, 3.397291, -0.292416, -12.111921]","[-0.937171, 0.644511, -1.451287, 1.539205, 4.551342, 3.395736, -0.292335, -30.920885]"
M3V,"{""sep"": 2.0}",5,500005,outer,M3V,8,88,52,12,-11017.238974969208,-11017.238974967622,1.5861587598919868e-09,0,1,8,88,87,-2548.0262297688796,-2548.026213753583,2016,0.7,7.9,cold,extra,extra,0,88,"[-1.015433, 0.205149, -0.019714, 1.434378, 1.572253, 2.990358, -0.642911, -0.174186]","[-1.015433, 0.205148, -0.019713, 1.434376, 1.572264, 2.990359, -0.642911, -0.174187]"
