family,concept,index,clause,marked_decisive,drafter_note,R1_true,R1_names,R1_decisive,R1_comment,R2_true,R2_names,R2_decisive,R2_comment,resolution
animals,animals/ant,0,lives in large colonies ruled by one or more queens,,,,,,,,,,,
animals,animals/ant,1,has a narrow waist between its thorax and abdomen,,,,,,,,,,,
animals,animals/ant,2,communicates with its nestmates mainly through chemical scents,,,,,,,,,,,
animals,animals/ant,3,drags pieces of prey and seeds back to its nest,,,,,,,,,,,
animals,animals/ant,4,often builds its nest underground or in a mound of soil,,,,,,,,,,,
animals,animals/ant,5,has wings only in the forms that leave the nest to breed,yes,,,,,,,,,,
animals,animals/ant,6,feeds on sweet liquids as well as other insects,,,,,,,,,,,
animals,animals/ant,7,is a common uninvited guest at picnics and in kitchens,,,,,,,,,,,
animals,animals/ant,8,has bent antennae that it uses to touch and smell,,,,,,,,,,,
animals,animals/ant,9,can give a painful bite or sting in some species,,,,,,,,,,,
animals,animals/ant,10,is tiny and often seen marching in long lines,yes,,,,,,,,,,
animals,animals/ant,11,has workers that defend the nest and care for the young,,,,,,,,,,,
animals,animals/bee,0,is an important pollinator of crops and wild flowers,,,,,,,,,,,
animals,animals/bee,1,often lives in a colony headed by a single queen,,,,,,,,,,,
animals,animals/bee,2,builds six-sided wax cells to raise its young,yes,,,,,,,,,,
animals,animals/bee,3,visits flowers throughout the day to drink nectar,,,,,,,,,,,
animals,animals/bee,4,works with others in its colony to gather and store supplies,,"""works with others in its colony to gather and store supplies"": honeybees store nectar and pollen; solitary bees do not live in colonies",,,,,,,,,
animals,animals/bee,5,"has two pairs of thin, clear wings",,,,,,,,,,,
animals,animals/bee,6,can deliver a painful sting when it feels threatened,,,,,,,,,,,
animals,animals/bee,7,has declined in many areas as wild meadows disappear,,,,,,,,,,,
animals,animals/bee,8,"has a stout body covered in fine, soft hairs",,,,,,,,,,,
animals,animals/bee,9,often has black and yellow bands across its body,,,,,,,,,,,
animals,animals/bee,10,stays inside its nest with others through cold winters,,"""stays inside its nest with others through cold winters"": true of honeybees (the ordinary sense); bumblebee colonies die off and only the queens overwinter, alone",,,,,,,,,
animals,animals/bee,11,swarms when a colony splits to find a new home,yes,,,,,,,,,,
animals,animals/cat,0,"is often kept indoors, though some roam the neighbourhood",,,,,,,,,,,
animals,animals/cat,1,can pull its sharp claws back into its paws,,,,,,,,,,,
animals,animals/cat,2,is one of the most popular household pets worldwide,,,,,,,,,,,
animals,animals/cat,3,can leap onto high shelves and fences with ease,,,,,,,,,,,
animals,animals/cat,4,spends a lot of time cleaning its own fur,yes,,,,,,,,,,
animals,animals/cat,5,has whiskers that help it sense nearby objects in the dark,,,,,,,,,,,
animals,animals/cat,6,hunts rodents and small birds around homes and barns,,,,,,,,,,,
animals,animals/cat,7,is often fed from a bowl of dry pellets or tinned meat,,,,,,,,,,,
animals,animals/cat,8,"sleeps for much of the day, often in sunny spots",,,,,,,,,,,
animals,animals/cat,9,has eyes that shine in the dark when light hits them,,,,,,,,,,,
animals,animals/cat,10,has soft paws with pads that let it walk silently,,,,,,,,,,,
animals,animals/cat,11,arches its back and hisses when frightened or angry,yes,,,,,,,,,,
animals,animals/cow,0,has four digestive chambers and chews its cud,yes,,,,,,,,,,
animals,animals/cow,1,is kept on farms and fed on hay through the winter,,,,,,,,,,,
animals,animals/cow,2,grazes on grass for many hours in open pastures,,,,,,,,,,,
animals,animals/cow,3,usually has one young at a time that stands within hours,,,,,,,,,,,
animals,animals/cow,4,"is raised for its meat, milk and hide",,,,,,,,,,,
animals,animals/cow,5,calls loudly to its young when they are separated,,,,,,,,,,,
animals,animals/cow,6,is still used in some parts of the world to pull ploughs,,,,,,,,,,,
animals,animals/cow,7,often wears a numbered tag clipped to its ear,,,,,,,,,,,
animals,animals/cow,8,can weigh several hundred kilograms when fully grown,,,,,,,,,,,
animals,animals/cow,9,is often patched black and white on dairy farms,yes,,,,,,,,,,
animals,animals/cow,10,has a broad wet muzzle and a long swishing tail,,,,,,,,,,,
animals,animals/cow,11,has split hooves and sometimes a pair of curved horns,,,,,,,,,,,
animals,animals/deer,0,has males that shed and regrow their antlers each year,yes,,,,,,,,,,
animals,animals/deer,1,has young that hide motionless in tall grass while the mother feeds,,,,,,,,,,,
animals,animals/deer,2,bounds away with its white tail raised when startled,yes,"""bounds away with its white tail raised when startled"": characteristic of white-tailed deer; other species (roe, red deer) flash a pale rump patch rather than raising a white tail",,,,,,,,,
animals,animals/deer,3,"browses on leaves, shoots and twigs at forest edges",,,,,,,,,,,
animals,animals/deer,4,is a popular target for hunters with rifles and bows,,,,,,,,,,,
animals,animals/deer,5,is often struck by cars on quiet rural roads,,,,,,,,,,,
animals,animals/deer,6,has males that fight rivals for mates each autumn,,,,,,,,,,,
animals,animals/deer,7,has slender legs and hooves split in two,,,,,,,,,,,
animals,animals/deer,8,has a reddish-brown summer coat that turns greyer in winter,,"""has a reddish-brown summer coat that turns greyer in winter"": true of white-tailed, roe and red deer; not all species",,,,,,,,,
animals,animals/deer,9,has large ears that swivel to catch distant sounds,,,,,,,,,,,
animals,animals/deer,10,usually gives birth to one or two young in spring,,,,,,,,,,,
animals,animals/deer,11,tends to be most active in the hours around dawn and dusk,,,,,,,,,,,
animals,animals/dolphin,0,must come to the surface regularly to breathe air,,,,,,,,,,,
animals,animals/dolphin,1,uses clicks and their echoes to find prey underwater,yes,,,,,,,,,,
animals,animals/dolphin,2,lives and hunts in close-knit social groups at sea,,,,,,,,,,,
animals,animals/dolphin,3,is widely regarded as highly intelligent and playful,,,,,,,,,,,
animals,animals/dolphin,4,is hunted in the open sea by sharks and killer whales,,,,,,,,,,,
animals,animals/dolphin,5,has a sleek grey body and a curved fin on its back,,,,,,,,,,,
animals,animals/dolphin,6,is a mammal that nurses its young with milk underwater,,,,,,,,,,,
animals,animals/dolphin,7,has a long snout filled with many small pointed teeth,,"""has a long snout filled with many small pointed teeth"": true of most dolphins (bottlenose, common); a few (e.g. Risso's) have short snouts and few teeth",,,,,,,,,
animals,animals/dolphin,8,makes high-pitched squeaks to call to others in its group,,,,,,,,,,,
animals,animals/dolphin,9,leaps out of the water in graceful arcs,,,,,,,,,,,
animals,animals/dolphin,10,is often caught by accident in commercial fishing nets,,,,,,,,,,,
animals,animals/dolphin,11,has been trained to perform tricks for crowds at marine parks,yes,,,,,,,,,,
animals,animals/elephant,0,"is a very large, slow-growing mammal that can live for decades",,,,,,,,,,,
animals,animals/elephant,1,bathes in rivers and rolls in mud to protect its skin,,,,,,,,,,,
animals,animals/elephant,2,is threatened by poaching and the loss of its habitat,,,,,,,,,,,
animals,animals/elephant,3,has huge ears that it flaps to cool itself,yes,,,,,,,,,,
animals,animals/elephant,4,lives in herds led by an older female,,,,,,,,,,,
animals,animals/elephant,5,"has thick, wrinkled grey skin with sparse hair",,,,,,,,,,,
animals,animals/elephant,6,has a very long pregnancy and gives birth to a single young,,,,,,,,,,,
animals,animals/elephant,7,lives on African savannas and in the forests of Asia,,,,,,,,,,,
animals,animals/elephant,8,has been used to carry loads and riders in parts of Asia,,,,,,,,,,,
animals,animals/elephant,9,walks on thick pillar-like legs with padded feet,yes,,,,,,,,,,
animals,animals/elephant,10,communicates with rumbles too low for people to hear,,,,,,,,,,,
animals,animals/elephant,11,"spends most of its day feeding on grasses, bark and fruit",,,,,,,,,,,
animals,animals/fox,0,has a bushy tail and pointed ears,,,,,,,,,,,
animals,animals/fox,1,is often reddish with a white-tipped tail,yes,,,,,,,,,,
animals,animals/fox,2,raises its litter of young in an underground den,,,,,,,,,,,
animals,animals/fox,3,"has a sharp, narrow snout and a keen sense of hearing",,,,,,,,,,,
animals,animals/fox,4,raids chicken coops and rubbish bins at the edge of towns,,,,,,,,,,,
animals,animals/fox,5,is a familiar sight in many cities after dark,,,,,,,,,,,
animals,animals/fox,6,"listens for hidden rodents, then leaps and pounces on them",,,,,,,,,,,
animals,animals/fox,7,"is sometimes killed by eagles, lynx and coyotes",,"""is sometimes killed by eagles, lynx and coyotes"": documented for red foxes (golden eagles, Eurasian lynx, coyotes in North America); a lay reader may not know it",,,,,,,,,
animals,animals/fox,8,"is a small, wild member of the dog family",,,,,,,,,,,
animals,animals/fox,9,makes a high-pitched scream that can sound alarming at night,yes,,,,,,,,,,
animals,animals/fox,10,has long been trapped for its thick soft fur,,,,,,,,,,,
animals,animals/fox,11,"usually hunts alone, mostly at dusk and during the night",,,,,,,,,,,
animals,animals/frog,0,starts life as a tadpole living in water,yes,,,,,,,,,,
animals,animals/frog,1,"breathes partly through its smooth, moist skin",,,,,,,,,,,
animals,animals/frog,2,"catches insects with a fast, sticky flick from its mouth",,,,,,,,,,,
animals,animals/frog,3,"has long, powerful back legs for jumping",,,,,,,,,,,
animals,animals/frog,4,calls loudly from ponds and marshes on warm nights,,,,,,,,,,,
animals,animals/frog,5,is easily harmed by polluted water and the loss of wetlands,,,,,,,,,,,
animals,animals/frog,6,is an amphibian that lives both in water and on land,,,,,,,,,,,
animals,animals/frog,7,has webbed hind feet that help it swim quickly,,,,,,,,,,,
animals,animals/frog,8,has bulging eyes on the top of its head,,,,,,,,,,,
animals,animals/frog,9,has brightly coloured tropical kinds with poisonous skin,yes,,,,,,,,,,
animals,animals/frog,10,can spend winter dormant in the mud of pond bottoms,,"""can spend winter dormant in the mud of pond bottoms"": true of some kinds (e.g. leopard and green frogs, which mostly rest on the bottom rather than burrow deep); others overwinter on land",,,,,,,,,
animals,animals/frog,11,is often green or brown to blend in with plants,,,,,,,,,,,
animals,animals/lion,0,lives in groups where related females do most of the hunting,yes,,,,,,,,,,
animals,animals/lion,1,"has males that grow a thick, shaggy mane",yes,,,,,,,,,,
animals,animals/lion,2,has a tawny coat that blends with dry grass,,,,,,,,,,,
animals,animals/lion,3,roars loudly enough to be heard kilometres away,,,,,,,,,,,
animals,animals/lion,4,lives mainly on open grasslands in Africa,,,,,,,,,,,
animals,animals/lion,5,spends most of the day resting in the shade,,,,,,,,,,,
animals,animals/lion,6,often fights hyenas over the carcasses of large prey,,,,,,,,,,,
animals,animals/lion,7,"hunts zebra, wildebeest and buffalo",,,,,,,,,,,
animals,animals/lion,8,"has large paws and a heavy, muscular build",,,,,,,,,,,
animals,animals/lion,9,is a large predator kept in many zoos and safari parks,,,,,,,,,,,
animals,animals/lion,10,has cubs that are born with faint spots,,,,,,,,,,,
animals,animals/lion,11,"is a big predator with a plain, unpatterned coat",,,,,,,,,,,
animals,animals/mouse,0,is a small rodent with a long thin tail,yes,,,,,,,,,,
animals,animals/mouse,1,nibbles through packaging in pantries and cupboards,,,,,,,,,,,
animals,animals/mouse,2,squeaks and scurries along walls at night,,,,,,,,,,,
animals,animals/mouse,3,is kept as a small pet in cages by children,,,,,,,,,,,
animals,animals/mouse,4,can squeeze through surprisingly small gaps under doors,,,,,,,,,,,
animals,animals/mouse,5,"breeds quickly, producing many litters each year",,,,,,,,,,,
animals,animals/mouse,6,is caught in spring-loaded snap traps in homes,yes,,,,,,,,,,
animals,animals/mouse,7,"is hunted by owls, hawks and weasels",,,,,,,,,,,
animals,animals/mouse,8,"has large ears, dark beady eyes and a pointed snout",,,,,,,,,,,
animals,animals/mouse,9,has gnawing front teeth that never stop growing,,,,,,,,,,,
animals,animals/mouse,10,"lives in fields, barns and the walls of houses",,,,,,,,,,,
animals,animals/mouse,11,"eats seeds and grains, sometimes storing them in its nest",,"""eats seeds and grains, sometimes storing them in its nest"": food caching is well known in field and deer mice; house mice cache less",,,,,,,,,
animals,animals/rabbit,0,has long ears and a short fluffy tail,yes,,,,,,,,,,
animals,animals/rabbit,1,lives in large networks of connected underground burrows,,,,,,,,,,,
animals,animals/rabbit,2,sits upright on its haunches to watch for danger,,,,,,,,,,,
animals,animals/rabbit,3,"gives birth to blind, hairless young in a sheltered nest",,"""gives birth to blind, hairless young in a sheltered nest"": true of the European rabbit and cottontails; hares, a close relative, bear furred, open-eyed young",,,,,,,,,
animals,animals/rabbit,4,"has soft, dense fur that is used in hats and garments",,,,,,,,,,,
animals,animals/rabbit,5,raids vegetable gardens and nibbles young plants,,,,,,,,,,,
animals,animals/rabbit,6,is often kept as a pet in a cage or pen outdoors,,,,,,,,,,,
animals,animals/rabbit,7,"feeds mostly on grass, clover and other leafy plants",,,,,,,,,,,
animals,animals/rabbit,8,prefers grassy meadows with bushes nearby for cover,,,,,,,,,,,
animals,animals/rabbit,9,"freezes, then zigzags away when it is chased",,,,,,,,,,,
animals,animals/rabbit,10,can see almost all the way around without turning its head,,,,,,,,,,,
animals,animals/rabbit,11,"is hunted by hawks, stoats and people with dogs",,,,,,,,,,,
animals,animals/sheep,0,has a thick coat that farmers clip and spin into yarn,yes,,,,,,,,,,
animals,animals/sheep,1,lives in flocks that stay close together when threatened,,,,,,,,,,,
animals,animals/sheep,2,bleats loudly when separated from the rest of its flock,,,,,,,,,,,
animals,animals/sheep,3,"often gives birth to twins, usually in early spring",,,,,,,,,,,
animals,animals/sheep,4,is a timid grazer that flees from dogs and people,,,,,,,,,,,
animals,animals/sheep,5,has males with heavy curled horns in some breeds,yes,,,,,,,,,,
animals,animals/sheep,6,"provides meat, milk and fibre on farms worldwide",,,,,,,,,,,
animals,animals/sheep,7,has wide rectangular pupils that give a broad view,,,,,,,,,,,
animals,animals/sheep,8,crops grass very close to the ground with its narrow mouth,,,,,,,,,,,
animals,animals/sheep,9,is often marked with coloured dye to show its owner,,,,,,,,,,,
animals,animals/sheep,10,grazes on rough hillsides and upland moors,,,,,,,,,,,
animals,animals/sheep,11,huddles with others behind walls and hedges in bad weather,,,,,,,,,,,
animals,animals/snake,0,moves by bending its long body from side to side,,,,,,,,,,,
animals,animals/snake,1,sheds its outer layer of skin several times as it grows,,"""sheds its outer layer of skin several times as it grows"": frequency varies by age and species, but several sheds a year is typical",,,,,,,,,
animals,animals/snake,2,flicks a forked mouthpart in and out to smell the air,yes,,,,,,,,,,
animals,animals/snake,3,usually swallows its prey whole without chewing it first,,,,,,,,,,,
animals,animals/snake,4,can be venomous and deadly to people who disturb it,,,,,,,,,,,
animals,animals/snake,5,"is covered all over in dry, overlapping scales",,,,,,,,,,,
animals,animals/snake,6,has no eyelids and so cannot close its eyes,,,,,,,,,,,
animals,animals/snake,7,can coil around its prey and squeeze it to death,yes,,,,,,,,,,
animals,animals/snake,8,"may hatch from a shell or be born live, depending on species",,,,,,,,,,,
animals,animals/snake,9,is cold-blooded and basks in the sun to warm up,,,,,,,,,,,
animals,animals/snake,10,hisses loudly when it is threatened or cornered,,,,,,,,,,,
animals,animals/snake,11,hunts rodents in fields and around barns,,,,,,,,,,,
animals,animals/tiger,0,has a coat marked with bold dark vertical stripes,yes,,,,,,,,,,
animals,animals/tiger,1,is one of the largest wild felines,,,,,,,,,,,
animals,animals/tiger,2,lives in forests and grasslands across parts of Asia,,,,,,,,,,,
animals,animals/tiger,3,is a strong swimmer that often cools off in water,yes,,,,,,,,,,
animals,animals/tiger,4,"is endangered, with far fewer left in the wild than a century ago",,,,,,,,,,,
animals,animals/tiger,5,"hunts alone, stalking prey before a sudden charge",,,,,,,,,,,
animals,animals/tiger,6,has rust-coloured fur with a white belly,,,,,,,,,,,
animals,animals/tiger,7,has powerful jaws and long canine teeth for killing large prey,,,,,,,,,,,
animals,animals/tiger,8,marks its territory with scent and scratches on trees,,,,,,,,,,,
animals,animals/tiger,9,"has a deep roar and a heavy, muscular body",,,,,,,,,,,
animals,animals/tiger,10,is poached for its skin and for traditional medicine,,,,,,,,,,,
animals,animals/tiger,11,can kill prey as large as wild cattle,,,,,,,,,,,
animals,animals/wolf,0,lives and hunts in packs led by a breeding pair,yes,,,,,,,,,,
animals,animals/wolf,1,howls to keep in touch with distant members of its group,yes,,,,,,,,,,
animals,animals/wolf,2,is a close wild relative of the domestic dog,,,,,,,,,,,
animals,animals/wolf,3,has been feared and persecuted by people for centuries,,,,,,,,,,,
animals,animals/wolf,4,has thick grey fur and a bushy tail,,,,,,,,,,,
animals,animals/wolf,5,"roams huge territories in forests, tundra and mountains",,,,,,,,,,,
animals,animals/wolf,6,was wiped out across much of its former range,,,,,,,,,,,
animals,animals/wolf,7,brings down large prey such as elk and moose,,,,,,,,,,,
animals,animals/wolf,8,has pups that are born blind in a den in spring,,,,,,,,,,,
animals,animals/wolf,9,is blamed by ranchers for killing their livestock,,,,,,,,,,,
animals,animals/wolf,10,can trot for many kilometres a day while tracking prey,,,,,,,,,,,
animals,animals/wolf,11,has yellow or amber eyes that stand out against its fur,,"""has yellow or amber eyes that stand out against its fur"": typical of adult wolves; eye colour varies somewhat",,,,,,,,,
countries,countries/Austria,0,is a landlocked state in the middle of central Europe,,,,,,,,,,,
countries,countries/Austria,1,has a mountainous west and south with high alpine peaks and glaciers,,,,,,,,,,,
countries,countries/Austria,2,has a major river flowing east through its northern lowlands,,,,,,,,,,,
countries,countries/Austria,3,led a multi-ethnic empire that fell apart after a world war,,,,,,,,,,,
countries,countries/Austria,4,is constitutionally neutral and stays outside military alliances,,"""is constitutionally neutral and stays outside military alliances"" - neutral by constitutional law and not in NATO, but EU membership carries a mutual-assistance clause; a reader may see that as alliance-like",,,,,,,,,
countries,countries/Austria,5,is famous for its classical music heritage and grand opera houses,,,,,,,,,,,
countries,countries/Austria,6,has popular ski resorts in its high alpine valleys,,,,,,,,,,,
countries,countries/Austria,7,"has a cuisine of hearty dumplings, roasted meats and rich pastries",,,,,,,,,,,
countries,countries/Austria,8,has a long tradition of elegant coffee houses and pastry shops,yes,,,,,,,,,,
countries,countries/Austria,9,joined the European Union in the mid-1990s,,,,,,,,,,,
countries,countries/Austria,10,shares land borders with eight neighbouring states in total,yes,,,,,,,,,,
countries,countries/Austria,11,was occupied by victorious wartime allies for years after 1945,,,,,,,,,,,
countries,countries/Brazil,0,ranks among the five largest states in the world by area,,,,,,,,,,,
countries,countries/Brazil,1,has vast tropical rainforests with extraordinary biodiversity,,,,,,,,,,,
countries,countries/Brazil,2,"has a population descended from indigenous, European and African ancestors",,,,,,,,,,,
countries,countries/Brazil,3,is passionate about football and exports many star players abroad,,,,,,,,,,,
countries,countries/Brazil,4,"is an agricultural powerhouse exporting grain, beef and sugar",,,,,,,,,,,
countries,countries/Brazil,5,has a long Atlantic coastline lined with famous beaches,,,,,,,,,,,
countries,countries/Brazil,6,moved its capital inland to a purpose-built planned city,,,,,,,,,,,
countries,countries/Brazil,7,was ruled by its own emperors for much of the nineteenth century,yes,,,,,,,,,,
countries,countries/Brazil,8,was colonised by a small seafaring Iberian kingdom,,,,,,,,,,,
countries,countries/Brazil,9,has huge hydroelectric dams on its major rivers,,,,,,,,,,,
countries,countries/Brazil,10,"has a cuisine of black beans, rice, cassava and grilled meat",,,,,,,,,,,
countries,countries/Brazil,11,lies mostly in the southern hemisphere and spans several time zones,,,,,,,,,,,
countries,countries/Canada,0,has a very long coastline with many deep inlets and islands,,,,,,,,,,,
countries,countries/Canada,1,has most of its people living within a few hours of its southern border,yes,,,,,,,,,,
countries,countries/Canada,2,is a federation of provinces with strong regional governments,,,,,,,,,,,
countries,countries/Canada,3,"exports large amounts of timber, pulp and wheat",,,,,,,,,,,
countries,countries/Canada,4,is a Commonwealth realm whose monarch lives overseas,,,,,,,,,,,
countries,countries/Canada,5,has vast boreal forests and many thousands of lakes,,,,,,,,,,,
countries,countries/Canada,6,"has long, severe winters across most of its territory",,,,,,,,,,,
countries,countries/Canada,7,has a large Arctic archipelago of sparsely populated islands,,,,,,,,,,,
countries,countries/Canada,8,gained full independence gradually and peacefully from a European empire,,,,,,,,,,,
countries,countries/Canada,9,has indigenous peoples who hunt and fish in the far north,,,,,,,,,,,
countries,countries/Canada,10,"has high, rugged mountain ranges along its western Pacific coast",,,,,,,,,,,
countries,countries/Canada,11,extracts heavy crude oil from vast deposits of tar-like sands,yes,,,,,,,,,,
countries,countries/Denmark,0,is made up of a peninsula and several hundred islands,yes,,,,,,,,,,
countries,countries/Denmark,1,"is low and flat, with no hill above 200 metres",,,,,,,,,,,
countries,countries/Denmark,2,has self-governing island territories far from its mainland,,,,,,,,,,,
countries,countries/Denmark,3,was a base for seafaring raiders in the early Middle Ages,,,,,,,,,,,
countries,countries/Denmark,4,shares its only mainland border with a larger southern neighbour,,"""shares its only mainland border with a larger southern neighbour"" - worded 'mainland' because since 2022 the realm also has a short land border on a small Arctic island with a North American state",,,,,,,,,
countries,countries/Denmark,5,is famous for its cycling culture and wide urban bike lanes,,,,,,,,,,,
countries,countries/Denmark,6,is a world leader in wind power and wind turbine manufacturing,,,,,,,,,,,
countries,countries/Denmark,7,relies on long bridges linking its main islands,,,,,,,,,,,
countries,countries/Denmark,8,"has a cuisine of rye bread, pickled herring and pork",,,,,,,,,,,
countries,countries/Denmark,9,lies at the narrow entrance to a large inland sea,,,,,,,,,,,
countries,countries/Denmark,10,is a constitutional monarchy with one of Europe's oldest royal lines,yes,,,,,,,,,,
countries,countries/Denmark,11,has a generous welfare state funded by high taxes,,,,,,,,,,,
countries,countries/Germany,0,has the largest economy of any state in Europe,yes,"""has the largest economy of any state in Europe"" - true by nominal GDP for decades; a ranking that could in principle change",,,,,,,,,
countries,countries/Germany,1,was divided into rival states during the Cold War,,,,,,,,,,,
countries,countries/Germany,2,has a strong tradition of brewing with many small breweries,,,,,,,,,,,
countries,countries/Germany,3,has many large cities rather than one dominant metropolis,,,,,,,,,,,
countries,countries/Germany,4,is a federal republic whose regional states have strong powers,,,,,,,,,,,
countries,countries/Germany,5,has major rivers flowing north into a busy shallow sea,,,,,,,,,,,
countries,countries/Germany,6,"is a major exporter of cars, machinery and chemicals",,,,,,,,,,,
countries,countries/Germany,7,has a long history of division between Protestant and Catholic regions,,,,,,,,,,,
countries,countries/Germany,8,has thickly forested low mountain ranges in its centre and south,,,,,,,,,,,
countries,countries/Germany,9,has a capital that was once split between rival states,yes,"""has a capital that was once split between rival states"" - the eastern half was the eastern state's capital, while the western half was not formally the western state's capital",,,,,,,,,
countries,countries/Germany,10,"has a cuisine of sausages, dark bread and pickled cabbage",,,,,,,,,,,
countries,countries/Germany,11,has many medieval castles perched above its winding river valleys,,,,,,,,,,,
countries,countries/Greece,0,"has many sunny islands in warm, clear seas",,,,,,,,,,,
countries,countries/Greece,1,has a long classical heritage that shaped Western art and science,yes,,,,,,,,,,
countries,countries/Greece,2,"has a rugged, mountainous mainland with little flat farmland",,,,,,,,,,,
countries,countries/Greece,3,lies in southeastern Europe on the Mediterranean Sea,,,,,,,,,,,
countries,countries/Greece,4,"is known for olive oil, yogurt and grilled lamb",,,,,,,,,,,
countries,countries/Greece,5,has a long seafaring tradition and a big merchant fleet,,,,,,,,,,,
countries,countries/Greece,6,went through years of harsh austerity after a debt crisis,,,,,,,,,,,
countries,countries/Greece,7,"is full of ancient temples, open-air theatres and ruins",,,,,,,,,,,
countries,countries/Greece,8,won independence from Ottoman rule in the nineteenth century,,,,,,,,,,,
countries,countries/Greece,9,has a population that is mostly Orthodox Christian,,,,,,,,,,,
countries,countries/Greece,10,sits in an earthquake-prone zone and has some volcanic islands,,,,,,,,,,,
countries,countries/Greece,11,"uses its own ancient alphabet, ancestor of many later scripts",yes,,,,,,,,,,
countries,countries/Iceland,0,is a volcanic island lying just below the Arctic Circle,yes,,,,,,,,,,
countries,countries/Iceland,1,"has a largely treeless landscape of moss, heath and tundra",,,,,,,,,,,
countries,countries/Iceland,2,gets almost all its electricity from hydropower and geothermal plants,,,,,,,,,,,
countries,countries/Iceland,3,"has many geysers, hot springs and active volcanoes",,,,,,,,,,,
countries,countries/Iceland,4,"has a long democratic tradition and a small, highly educated population",,,,,,,,,,,
countries,countries/Iceland,5,has no standing army and relies on allies for defence,,,,,,,,,,,
countries,countries/Iceland,6,was uninhabited until seafaring settlers arrived in the Middle Ages,,"""was uninhabited until seafaring settlers arrived in the Middle Ages"" - a few hermit monks may have been present shortly before the main ninth-century settlement; both fall in the Middle Ages",,,,,,,,,
countries,countries/Iceland,7,has mild winters for its latitude thanks to a warm ocean current,,,,,,,,,,,
countries,countries/Iceland,8,has large ice caps and glaciers feeding powerful rivers,,,,,,,,,,,
countries,countries/Iceland,9,suffered a severe banking crisis during the global financial crash,,,,,,,,,,,
countries,countries/Iceland,10,has long summer days and very short winter days,,,,,,,,,,,
countries,countries/Iceland,11,"has an economy built largely on fishing, tourism and aluminium smelting",yes,,,,,,,,,,
countries,countries/Iraq,0,depends on large rivers for irrigation in an arid climate,,,,,,,,,,,
countries,countries/Iraq,1,was home to some of the world's earliest cities and farming,,,,,,,,,,,
countries,countries/Iraq,2,holds some of the largest proven oil reserves in the world,,,,,,,,,,,
countries,countries/Iraq,3,has only a very short coastline at the head of a gulf,yes,,,,,,,,,,
countries,countries/Iraq,4,"has a mostly desert landscape with scorching, dry summers",,,,,,,,,,,
countries,countries/Iraq,5,has fertile river plains in the south and mountains in the north,,,,,,,,,,,
countries,countries/Iraq,6,has a large ethnic minority with its own autonomous region in the north,,,,,,,,,,,
countries,countries/Iraq,7,was part of the Ottoman Empire until the First World War,,,,,,,,,,,
countries,countries/Iraq,8,"has suffered decades of war, sanctions and insurgency",,,,,,,,,,,
countries,countries/Iraq,9,has a population in which Shia Muslims form the majority,,,,,,,,,,,
countries,countries/Iraq,10,has long been among the world's leading growers of date palms,,"""has long been among the world's leading growers of date palms"" - historically the top producer; its current rank among producers is lower and varies year to year",,,,,,,,,
countries,countries/Iraq,11,became a kingdom under a foreign mandate after the First World War,,,,,,,,,,,
countries,countries/Jamaica,0,is a large island lying south of an even larger island neighbour,yes,,,,,,,,,,
countries,countries/Jamaica,1,has an island music culture whose sounds became famous worldwide,,,,,,,,,,,
countries,countries/Jamaica,2,"has a spicy cuisine blending African, European and Asian influences",,,,,,,,,,,
countries,countries/Jamaica,3,"loves cricket, a legacy of its former colonial rulers",,,,,,,,,,,
countries,countries/Jamaica,4,"grows sugar cane, coffee and spices for export",,,,,,,,,,,
countries,countries/Jamaica,5,was seized from one European colonial power by another,,,,,,,,,,,
countries,countries/Jamaica,6,became independent in 1962 after centuries of colonial rule,,,,,,,,,,,
countries,countries/Jamaica,7,has long been a major producer of bauxite and alumina,,"""has long been a major producer of bauxite and alumina"" - historically among the largest producers; its current world rank is lower (roughly top ten)",,,,,,,,,
countries,countries/Jamaica,8,is known for dark rum and fiery hot peppers,,,,,,,,,,,
countries,countries/Jamaica,9,is one of the larger islands of the Greater Antilles,,,,,,,,,,,
countries,countries/Jamaica,10,had a sugar economy based on plantations worked by enslaved Africans,,,,,,,,,,,
countries,countries/Jamaica,11,has an economy relying heavily on tourism and money sent from abroad,,,,,,,,,,,
countries,countries/Japan,0,is an archipelago stretching along the western rim of the Pacific,,,,,,,,,,,
countries,countries/Japan,1,has many active volcanoes and popular hot spring resorts,,,,,,,,,,,
countries,countries/Japan,2,has an extensive high-speed rail network linking major cities,,,,,,,,,,,
countries,countries/Japan,3,"is a leading exporter of cars, electronics and industrial robots",,,,,,,,,,,
countries,countries/Japan,4,experiences frequent earthquakes and occasional destructive tsunamis,,,,,,,,,,,
countries,countries/Japan,5,blends worship of ancestral spirits with Buddhist temple traditions,,,,,,,,,,,
countries,countries/Japan,6,"has four distinct seasons and a humid, rainy summer",,,,,,,,,,,
countries,countries/Japan,7,is passionate about baseball as a leading spectator sport,,,,,,,,,,,
countries,countries/Japan,8,has one of the world's longest life expectancies and oldest populations,,,,,,,,,,,
countries,countries/Japan,9,long restricted contact with foreign traders and missionaries,,,,,,,,,,,
countries,countries/Japan,10,"has a cuisine built around rice, seafood, noodles and fermented soy",,,,,,,,,,,
countries,countries/Japan,11,has a monarch who holds the title of emperor,yes,,,,,,,,,,
countries,countries/Kenya,0,straddles the equator on the eastern coast of Africa,yes,,,,,,,,,,
countries,countries/Kenya,1,has vast savannas that attract visitors on wildlife safaris,,,,,,,,,,,
countries,countries/Kenya,2,is renowned for long-distance runners trained in its highlands,yes,,,,,,,,,,
countries,countries/Kenya,3,"is a major exporter of tea, coffee and horticultural produce",,,,,,,,,,,
countries,countries/Kenya,4,is split by a deep rift valley dotted with soda lakes,,,,,,,,,,,
countries,countries/Kenya,5,won independence from a European colonial power in 1963,,,,,,,,,,,
countries,countries/Kenya,6,"has a cool, fertile highland where much of its farming happens",,,,,,,,,,,
countries,countries/Kenya,7,has a tropical coast with old coral-stone trading towns,,,,,,,,,,,
countries,countries/Kenya,8,has a fast-growing tech sector in its busy capital,,,,,,,,,,,
countries,countries/Kenya,9,shares Africa's largest lake with two neighbouring states,,,,,,,,,,,
countries,countries/Kenya,10,has many pastoralist communities herding cattle in its dry north,,,,,,,,,,,
countries,countries/Kenya,11,has fossil sites that shed light on early human origins,,,,,,,,,,,
countries,countries/Nepal,0,is a landlocked state wedged between two much larger neighbours,,,,,,,,,,,
countries,countries/Nepal,1,has several of the world's highest peaks within its borders,yes,,,,,,,,,,
countries,countries/Nepal,2,rises steeply from hot southern lowlands to icy alpine heights,,,,,,,,,,,
countries,countries/Nepal,3,relies heavily on money sent home by workers abroad,,,,,,,,,,,
countries,countries/Nepal,4,was a kingdom for centuries before becoming a republic,,,,,,,,,,,
countries,countries/Nepal,5,has dozens of languages spoken across many ethnic groups,,,,,,,,,,,
countries,countries/Nepal,6,has a mostly Hindu population with strong Buddhist traditions,,,,,,,,,,,
countries,countries/Nepal,7,lies in an earthquake-prone zone where tectonic plates collide,,,,,,,,,,,
countries,countries/Nepal,8,"has a cuisine of lentils, rice and spiced vegetable curries",,,,,,,,,,,
countries,countries/Nepal,9,is famous for hardy soldiers who serve in foreign armies,yes,,,,,,,,,,
countries,countries/Nepal,10,has fast glacier-fed rivers with great hydropower potential,,,,,,,,,,,
countries,countries/Nepal,11,was never colonised by a European power,,,,,,,,,,,
countries,countries/Nigeria,0,is the most populous state on its continent,,,,,,,,,,,
countries,countries/Nigeria,1,has one of the world's most prolific film industries,,,,,,,,,,,
countries,countries/Nigeria,2,depends heavily on oil exports for government revenue,,,,,,,,,,,
countries,countries/Nigeria,3,"has a dry savanna north and a humid, forested south",,,,,,,,,,,
countries,countries/Nigeria,4,"became independent in 1960, alongside many other African colonies",,,,,,,,,,,
countries,countries/Nigeria,5,is a federal republic with a powerful elected president,,,,,,,,,,,
countries,countries/Nigeria,6,has a mainly Muslim north and a largely Christian south,,,,,,,,,,,
countries,countries/Nigeria,7,fought a bloody civil war over secession after independence,,,,,,,,,,,
countries,countries/Nigeria,8,"has a cuisine of spicy stews, rice and starchy yams",,,,,,,,,,,
countries,countries/Nigeria,9,has hundreds of ethnic groups and many local languages,,,,,,,,,,,
countries,countries/Nigeria,10,has a humid southern coast on a large West African gulf,,,,,,,,,,,
countries,countries/Nigeria,11,has one of the largest economies on its continent,,,,,,,,,,,
countries,countries/Norway,0,has a rugged western coast cut by deep glacial inlets,,,,,,,,,,,
countries,countries/Norway,1,grew wealthy from offshore oil and gas in cold northern waters,,,,,,,,,,,
countries,countries/Norway,2,has very high wages and a high cost of living,,,,,,,,,,,
countries,countries/Norway,3,trades within Europe's single market but stays outside the European Union,,,,,,,,,,,
countries,countries/Norway,4,has territory extending far north of the Arctic Circle,,,,,,,,,,,
countries,countries/Norway,5,controls a remote Arctic archipelago known for polar bears,yes,,,,,,,,,,
countries,countries/Norway,6,sees the midnight sun in summer across its northern regions,,,,,,,,,,,
countries,countries/Norway,7,raises large quantities of farmed salmon in coastal pens,,,,,,,,,,,
countries,countries/Norway,8,has one of the highest shares of electric cars on its roads,yes,,,,,,,,,,
countries,countries/Norway,9,is famous for success in Nordic skiing and winter sports,,,,,,,,,,,
countries,countries/Norway,10,has indigenous reindeer herders in its far north,,,,,,,,,,,
countries,countries/Norway,11,was ruled for centuries by neighbouring kingdoms before full independence,,"""was ruled for centuries by neighbouring kingdoms before full independence"" - centuries in union under a southern neighbour's crown, then 1814-1905 in a union with its own parliament; 'ruled' is a simplification for the last period",,,,,,,,,
countries,countries/Poland,0,"lies mostly on a broad, low plain with a northern coastline",,,,,,,,,,,
countries,countries/Poland,1,was repeatedly carved up by powerful neighbouring empires,yes,,,,,,,,,,
countries,countries/Poland,2,had its capital largely destroyed in the Second World War and rebuilt,yes,,,,,,,,,,
countries,countries/Poland,3,had a communist government until the late 1980s,,,,,,,,,,,
countries,countries/Poland,4,"is known for filled dumplings, beet broth and smoked sausage",,,,,,,,,,,
countries,countries/Poland,5,has high craggy peaks along its southern mountain border,,,,,,,,,,,
countries,countries/Poland,6,has a northeastern lake district with thousands of lakes,,"""has a northeastern lake district with thousands of lakes"" - the usual figure is about two thousand lakes",,,,,,,,,
countries,countries/Poland,7,"has large, ancient lowland forests with rare wildlife",,,,,,,,,,,
countries,countries/Poland,8,has a large coal mining industry in its southern regions,,,,,,,,,,,
countries,countries/Poland,9,has a strongly Roman Catholic population and religious traditions,,,,,,,,,,,
countries,countries/Poland,10,joined the European Union in 2004 along with several neighbours,,,,,,,,,,,
countries,countries/Poland,11,has a large farming sector with many small family farms,,,,,,,,,,,
countries,countries/Spain,0,occupies most of a large peninsula in southwestern Europe,yes,,,,,,,,,,
countries,countries/Spain,1,was under Muslim rule for several medieval centuries,,,,,,,,,,,
countries,countries/Spain,2,sponsored voyages that built a vast empire across the Americas,,,,,,,,,,,
countries,countries/Spain,3,has a passion for football and top clubs famous worldwide,,,,,,,,,,,
countries,countries/Spain,4,"has a cuisine of seafood, rice dishes and cured ham",,,,,,,,,,,
countries,countries/Spain,5,"has a high, dry central plateau surrounding its capital",,,,,,,,,,,
countries,countries/Spain,6,endured a long dictatorship that ended in the 1970s,,,,,,,,,,,
countries,countries/Spain,7,has several regions with their own languages and strong identities,,,,,,,,,,,
countries,countries/Spain,8,is among the most visited tourist destinations in the world,,,,,,,,,,,
countries,countries/Spain,9,is the world's largest producer of olive oil,yes,,,,,,,,,,
countries,countries/Spain,10,has large wine regions and exports wine worldwide,,,,,,,,,,,
countries,countries/Spain,11,"has a hot, dry south and a green, rainy north",,,,,,,,,,,
tools,tools/axe,0,has a heavy metal head with a sharp wedge-shaped edge,yes,,,,,,,,,,
tools,tools/axe,1,splits firewood logs along the grain with a downward blow,yes,,,,,,,,,,
tools,tools/axe,2,is swung with both hands in a long overhead arc,,,,,,,,,,,
tools,tools/axe,3,has a long handle traditionally made of hickory or ash,,,,,,,,,,,
tools,tools/axe,4,is used to clear branches and brush from overgrown trails,,,,,,,,,,,
tools,tools/axe,5,throws off chips of timber with every blow,,,,,,,,,,,
tools,tools/axe,6,is safely carried with a guard covering its edge,,,,,,,,,,,
tools,tools/axe,7,is kept keen with a file and a sharpening stone,,,,,,,,,,,
tools,tools/axe,8,is used to break through doors in an emergency,,,,,,,,,,,
tools,tools/axe,9,has been used as a weapon in battle for thousands of years,,,,,,,,,,,
tools,tools/axe,10,often has its head secured onto the handle with a wedge,,,,,,,,,,,
tools,tools/axe,11,is used at campsites to cut kindling for a fire,,,,,,,,,,,
tools,tools/bolt,0,has a hexagonal head that is turned with a wrench,yes,,,,,,,,,,
tools,tools/bolt,1,is secured by threading a nut onto its far end,yes,,,,,,,,,,
tools,tools/bolt,2,passes through drilled holes to join two pieces together,,,,,,,,,,,
tools,tools/bolt,3,often has a flat washer placed under its head,,,,,,,,,,,
tools,tools/bolt,4,comes in strength grades for heavy structural joints,,,,,,,,,,,
tools,tools/bolt,5,has a smooth unthreaded shank below the head on longer sizes,,"""has a smooth unthreaded shank below the head on longer sizes"": true of partially threaded hex bolts, but fully threaded long bolts (tap bolts) also exist",,,,,,,,,
tools,tools/bolt,6,"is specified by diameter, length and thread pitch",,,,,,,,,,,
tools,tools/bolt,7,"holds girders, engine blocks and machine frames together",,,,,,,,,,,
tools,tools/bolt,8,can have a smooth domed head with nothing to turn it by,,,,,,,,,,,
tools,tools/bolt,9,is often made of hardened metal with a zinc coating,,"""is often made of hardened metal with a zinc coating"": common for general-purpose grade bolts; many are plain, black-oxide or stainless instead",,,,,,,,,
tools,tools/bolt,10,can work loose under vibration unless it is locked in place,,,,,,,,,,,
tools,tools/bolt,11,is tightened to a set torque with a torque wrench,,,,,,,,,,,
tools,tools/clamp,0,holds glued pieces together tightly while the glue dries,yes,,,,,,,,,,
tools,tools/clamp,1,presses two jaws toward each other to grip work,,,,,,,,,,,
tools,tools/clamp,2,is tightened by hand with a threaded handle or knob,,,,,,,,,,,
tools,tools/clamp,3,can be shaped like a letter C with a threaded spindle,yes,,,,,,,,,,
tools,tools/clamp,4,is often used several at a time along one long joint,,,,,,,,,,,
tools,tools/clamp,5,can be carried around and fixed onto most table edges,,,,,,,,,,,
tools,tools/clamp,6,has swivelling pads on its jaws to spread the pressure,,,,,,,,,,,
tools,tools/clamp,7,holds a workpiece flat on a tabletop during drilling or cutting,,,,,,,,,,,
tools,tools/clamp,8,is sized by its maximum opening and the depth of its reach,,,,,,,,,,,
tools,tools/clamp,9,can release instantly with a lever on quick-action models,,,,,,,,,,,
tools,tools/clamp,10,hangs in rows on racks along carpentry shop walls,,,,,,,,,,,
tools,tools/clamp,11,is sold in sizes from palm-sized to over a metre long,,,,,,,,,,,
tools,tools/hammer,0,drives nails into timber with a series of sharp blows,yes,,,,,,,,,,
tools,tools/hammer,1,has a heavy metal head fixed across the end of a handle,,,,,,,,,,,
tools,tools/hammer,2,has a head with two different ends for different jobs,,,,,,,,,,,
tools,tools/hammer,3,is swung in an arc so its face strikes squarely,,,,,,,,,,,
tools,tools/hammer,4,can leave a round dent in a surface when it misses,,,,,,,,,,,
tools,tools/hammer,5,makes a loud bang with every blow it lands,,,,,,,,,,,
tools,tools/hammer,6,is carried on a carpenter's belt along with a tape measure,,,,,,,,,,,
tools,tools/hammer,7,"is used by blacksmiths, roofers and cobblers",,,,,,,,,,,
tools,tools/hammer,8,can injure the user's other hand if swung carelessly,,,,,,,,,,,
tools,tools/hammer,9,"has a handle of hickory, fibreglass or solid metal",,,,,,,,,,,
tools,tools/hammer,10,is sold by the weight of its head in ounces or grams,,,,,,,,,,,
tools,tools/hammer,11,is used together with chisels and punches in a workshop,,,,,,,,,,,
tools,tools/hoe,0,has a flat blade set at a right angle to its handle,yes,,,,,,,,,,
tools,tools/hoe,1,chops weeds off at the root just under the soil surface,yes,,,,,,,,,,
tools,tools/hoe,2,is pulled back toward the user in short scraping strokes,,,,,,,,,,,
tools,tools/hoe,3,loosens soil between rows of vegetables in a garden,,,,,,,,,,,
tools,tools/hoe,4,is used to heap earth around the base of growing plants,,,,,,,,,,,
tools,tools/hoe,5,"is worked standing, with both hands on a long handle",,,,,,,,,,,
tools,tools/hoe,6,has been used to till fields since ancient times,,,,,,,,,,,
tools,tools/hoe,7,is kept in a garden shed alongside spades and forks,,,,,,,,,,,
tools,tools/hoe,8,has its blade edge sharpened with a flat file,,,,,,,,,,,
tools,tools/hoe,9,can open a shallow trench for planting seeds,,,,,,,,,,,
tools,tools/hoe,10,is used by small farmers who work their fields by hand,,,,,,,,,,,
tools,tools/hoe,11,breaks up hard crusted earth after heavy rain,,,,,,,,,,,
tools,tools/knife,0,has a thin metal blade with one sharpened edge,,,,,,,,,,,
tools,tools/knife,1,"slices bread, meat and vegetables on a cutting board",yes,,,,,,,,,,
tools,tools/knife,2,is set on the dinner table beside the plate,,,,,,,,,,,
tools,tools/knife,3,comes in folding versions that fit in a pocket,,,,,,,,,,,
tools,tools/knife,4,needs regular sharpening on a whetstone or grinder,,,,,,,,,,,
tools,tools/knife,5,is washed by hand rather than in a dishwasher to stay sharp,,"""is washed by hand rather than in a dishwasher to stay sharp"": standard advice for good kitchen knives; many households put everyday knives in the dishwasher",,,,,,,,,
tools,tools/knife,6,has a finely serrated edge on some of its types,,,,,,,,,,,
tools,tools/knife,7,has a pointed tip for piercing and making small cuts,,,,,,,,,,,
tools,tools/knife,8,is carried by hunters and campers on a belt,,,,,,,,,,,
tools,tools/knife,9,has a handle fixed to its blade with rivets on many types,,,,,,,,,,,
tools,tools/knife,10,spreads jam or margarine onto toast at breakfast,yes,,,,,,,,,,
tools,tools/knife,11,is drawn away from the body when cutting to avoid injury,,,,,,,,,,,
tools,tools/mop,0,has an absorbent head on the end of a long handle,yes,,,,,,,,,,
tools,tools/mop,1,is dipped into a bucket of soapy water before use,,,,,,,,,,,
tools,tools/mop,2,is wrung out to get rid of dirty water,,,,,,,,,,,
tools,tools/mop,3,is swept across hard floors in wide side-to-side strokes,,,,,,,,,,,
tools,tools/mop,4,is used by school janitors to clean corridors and restrooms,,,,,,,,,,,
tools,tools/mop,5,leaves floors wet enough to need a warning sign nearby,yes,,,,,,,,,,
tools,tools/mop,6,has a detachable head that can go in a washing machine,,,,,,,,,,,
tools,tools/mop,7,is used by sailors to wash down a ship's deck,,,,,,,,,,,
tools,tools/mop,8,can have a flat head covered in microfibre cloth,,,,,,,,,,,
tools,tools/mop,9,is stored upright in a utility closet to dry,,,,,,,,,,,
tools,tools/mop,10,smells musty if it is left damp for too long,,,,,,,,,,,
tools,tools/mop,11,soaks up spilled drinks from a kitchen or bar floor,,,,,,,,,,,
tools,tools/needle,0,has a tiny eye at one end for passing thread through,yes,,,,,,,,,,
tools,tools/needle,1,tapers along its length to a very sharp point,,,,,,,,,,,
tools,tools/needle,2,is used to repair torn clothing at home,,,,,,,,,,,
tools,tools/needle,3,is found in a sewing kit alongside a spool of thread,,,,,,,,,,,
tools,tools/needle,4,needs firm pressure to pass through thick layers,,,,,,,,,,,
tools,tools/needle,5,is so slender that it is easily lost when dropped,,,,,,,,,,,
tools,tools/needle,6,"comes in small packets sorted by size, from fine to heavy",,,,,,,,,,,
tools,tools/needle,7,can prick the skin and draw a small bead of blood,,,,,,,,,,,
tools,tools/needle,8,is used by tailors and dressmakers every working day,,,,,,,,,,,
tools,tools/needle,9,is made of thin polished metal a few centimetres long,,,,,,,,,,,
tools,tools/needle,10,is used in crafts such as quilting and beading,,,,,,,,,,,
tools,tools/needle,11,can be magnetized by stroking it with a magnet,,,,,,,,,,,
tools,tools/rake,0,has a row of tines fixed across the end of a handle,yes,,,,,,,,,,
tools,tools/rake,1,is used to clear up leaves on lawns in autumn,yes,,,,,,,,,,
tools,tools/rake,2,is pulled toward the user across the ground in long strokes,,,,,,,,,,,
tools,tools/rake,3,levels loose soil and gravel before planting or paving,,,,,,,,,,,
tools,tools/rake,4,"comes with a head of metal, bamboo or moulded polymer",,,,,,,,,,,
tools,tools/rake,5,pulls dead thatch and moss out of grass,,,,,,,,,,,
tools,tools/rake,6,leaves thin parallel grooves in the ground behind it,,,,,,,,,,,
tools,tools/rake,7,smooths out footprints left in a sand pit,,,,,,,,,,,
tools,tools/rake,8,is used on farms to move loose hay and straw,,,,,,,,,,,
tools,tools/rake,9,has a long handle about as tall as an adult,,,,,,,,,,,
tools,tools/rake,10,helps clear seaweed and litter off beaches,,,,,,,,,,,
tools,tools/rake,11,is sold with wide or narrow heads for different jobs,,,,,,,,,,,
tools,tools/saw,0,has a row of sharp teeth along a thin metal blade,yes,,,,,,,,,,
tools,tools/saw,1,cuts with a steady back-and-forth motion of the arm,,,,,,,,,,,
tools,tools/saw,2,leaves a small pile of fine dust on the floor,,,,,,,,,,,
tools,tools/saw,3,is often hung on a pegboard in a woodworking shop,,,,,,,,,,,
tools,tools/saw,4,can be driven by an electric motor for faster work,,,,,,,,,,,
tools,tools/saw,5,is used by carpenters to shape and trim boards,,,,,,,,,,,
tools,tools/saw,6,makes a rhythmic rasping sound as it works,,,,,,,,,,,
tools,tools/saw,7,can get stuck in timber partway through a cut,,,,,,,,,,,
tools,tools/saw,8,has a closed handle at one end of a long tapering blade,yes,,,,,,,,,,
tools,tools/saw,9,can cut through metal pipe as well as timber,,,,,,,,,,,
tools,tools/saw,10,is sharpened with a small file rather than a flat stone,,,,,,,,,,,
tools,tools/saw,11,cuts on the pull stroke in some designs and the push in others,,,,,,,,,,,
tools,tools/scissors,0,has two blades joined by a pivot near the middle,yes,,,,,,,,,,
tools,tools/scissors,1,has two handles that one hand squeezes and opens,,,,,,,,,,,
tools,tools/scissors,2,cuts cleanly through thin sheets with each closing stroke,,,,,,,,,,,
tools,tools/scissors,3,is found in school pencil cases for craft lessons,,,,,,,,,,,
tools,tools/scissors,4,is kept at a barber's station along with combs and clippers,,,,,,,,,,,
tools,tools/scissors,5,is kept out of reach of small children because of its points,,,,,,,,,,,
tools,tools/scissors,6,is made in special versions for left-handed people,yes,,,,,,,,,,
tools,tools/scissors,7,is used in kitchens to cut herbs and open packaging,,,,,,,,,,,
tools,tools/scissors,8,"is used to cut cloth, twine and gift wrapping",,,,,,,,,,,
tools,tools/scissors,9,"is found in first aid kits, desk drawers and sewing baskets",,,,,,,,,,,
tools,tools/scissors,10,makes a crisp metallic sound each time it closes,,,,,,,,,,,
tools,tools/scissors,11,loses its edge quickly if used to cut wire,,,,,,,,,,,
tools,tools/screw,0,has a spiral thread wound around a pointed shaft,yes,,,,,,,,,,
tools,tools/screw,1,has a flat or rounded head at one end of its shaft,,,,,,,,,,,
tools,tools/screw,2,is turned clockwise to tighten it and the other way to loosen,,,,,,,,,,,
tools,tools/screw,3,comes loose over time if its hole becomes worn,,,,,,,,,,,
tools,tools/screw,4,can be driven by hand or with a cordless drill,yes,,,,,,,,,,
tools,tools/screw,5,can split thin timber if driven in too close to the edge,,,,,,,,,,,
tools,tools/screw,6,can be set below the surface and hidden with filler,,,,,,,,,,,
tools,tools/screw,7,needs an anchor to hold firmly in masonry,,,,,,,,,,,
tools,tools/screw,8,is often sold by gauge and length in boxes of a hundred,,"""is often sold by gauge and length in boxes of a hundred"": gauge sizing is the imperial wood-screw convention; metric screws are sold by diameter",,,,,,,,,
tools,tools/screw,9,becomes hard to remove once its head is damaged,,,,,,,,,,,
tools,tools/screw,10,fastens hinges and handles to doors and cabinets,,,,,,,,,,,
tools,tools/screw,11,is tiny in eyeglass frames and wristwatches,,,,,,,,,,,
tools,tools/shovel,0,has a broad curved blade on the end of a long handle,yes,,,,,,,,,,
tools,tools/shovel,1,is pushed into the ground with a foot on its blade,,,,,,,,,,,
tools,tools/shovel,2,"moves loose piles of gravel, sand or mulch",,,,,,,,,,,
tools,tools/shovel,3,has a D-shaped grip at the top of its handle on some models,,,,,,,,,,,
tools,tools/shovel,4,clears snow from driveways and paths in winter,,,,,,,,,,,
tools,tools/shovel,5,is carried by soldiers in a compact folding form,,,,,,,,,,,
tools,tools/shovel,6,is used by gravediggers and construction labourers,,,,,,,,,,,
tools,tools/shovel,7,tosses dirt to one side in a lifting swing,yes,,,,,,,,,,
tools,tools/shovel,8,often has a pointed blade for breaking into hard ground,,,,,,,,,,,
tools,tools/shovel,9,scoops ash out of a fireplace or stove,,,,,,,,,,,
tools,tools/shovel,10,is used alongside a wheelbarrow to move earth,,,,,,,,,,,
tools,tools/shovel,11,has a flat or dished blade for scraping and scooping,,,,,,,,,,,
tools,tools/sponge,0,is soft and porous and soaks up water when dipped,yes,,,,,,,,,,
tools,tools/sponge,1,is squeezed in the hand to wring out dirty water,,,,,,,,,,,
tools,tools/sponge,2,has a rougher side for scrubbing stuck-on grime,yes,,,,,,,,,,
tools,tools/sponge,3,sits in a small holder beside the kitchen sink,,,,,,,,,,,
tools,tools/sponge,4,wipes crumbs and spills off countertops and tables,,,,,,,,,,,
tools,tools/sponge,5,is made from synthetic foam or processed plant fibre,,,,,,,,,,,
tools,tools/sponge,6,can breed bacteria when it stays damp for days,,,,,,,,,,,
tools,tools/sponge,7,is cut into rectangular blocks that fit in a hand,,,,,,,,,,,
tools,tools/sponge,8,is used with soapy water to wash a car body,,,,,,,,,,,
tools,tools/sponge,9,stiffens when dry and softens again once wet,,"""stiffens when dry and softens again once wet"": true of cellulose sponges; polyurethane foam sponges stay fairly soft when dry",,,,,,,,,
tools,tools/sponge,10,is thrown away and replaced every few weeks for hygiene,,"""is thrown away and replaced every few weeks for hygiene"": common hygiene advice (weekly to monthly), not what every household does",,,,,,,,,
tools,tools/sponge,11,is rubbed on dishes with washing-up liquid to scrub them,,,,,,,,,,,
tools,tools/vise,0,is mounted on a workbench in many home garages,,,,,,,,,,,
tools,tools/vise,1,has two heavy parallel jaws that grip a workpiece,yes,,,,,,,,,,
tools,tools/vise,2,is tightened by turning a handle on a threaded shaft,,,,,,,,,,,
tools,tools/vise,3,is used to bend flat bar by gripping one end,,,,,,,,,,,
tools,tools/vise,4,often has a swivel base so it can be turned to any angle,,,,,,,,,,,
tools,tools/vise,5,can weigh over twenty kilograms on large models,,"""can weigh over twenty kilograms on large models"": large engineer's bench vises (150 mm jaws and up) are in this range; small hobby vises weigh a few kilograms",,,,,,,,,
tools,tools/vise,6,is made of heavy cast iron or forged metal,,,,,,,,,,,
tools,tools/vise,7,has ridged gripping faces that can mark soft work,,,,,,,,,,,
tools,tools/vise,8,holds a part steady so both hands are free to work on it,,,,,,,,,,,
tools,tools/vise,9,can grip round pipe as well as flat stock,,,,,,,,,,,
tools,tools/vise,10,is found in metalworking and woodworking shops alike,,,,,,,,,,,
tools,tools/vise,11,comes in small precision versions for jewellers and model makers,,,,,,,,,,,
tools,tools/whisk,0,has loops of thin wire gathered into a handle,yes,,,,,,,,,,
tools,tools/whisk,1,adds air to a mixture to make it light and fluffy,yes,,,,,,,,,,
tools,tools/whisk,2,is moved quickly in circles with a flick of the wrist,,,,,,,,,,,
tools,tools/whisk,3,makes a rapid clattering sound against the side of a bowl,,,,,,,,,,,
tools,tools/whisk,4,is used to stir sauces and gravy on the stove,,,,,,,,,,,
tools,tools/whisk,5,is wider at its working end than at its handle,,,,,,,,,,,
tools,tools/whisk,6,hangs from a hook in the kitchen with other utensils,,,,,,,,,,,
tools,tools/whisk,7,is used by bakers to mix cake and pancake batters,,,,,,,,,,,
tools,tools/whisk,8,is often swapped for an electric mixer on big batches,,,,,,,,,,,
tools,tools/whisk,9,comes in a flat version suited to shallow pans,,,,,,,,,,,
tools,tools/whisk,10,is made of metal or heat-resistant silicone,,,,,,,,,,,
tools,tools/whisk,11,needs careful rinsing because thick mixture clings to it,,,,,,,,,,,
foods,foods/apple,0,grows on trees in orchards and is picked in autumn,,,,,,,,,,,
foods,foods/apple,1,"has crisp white flesh under a thin red, green or yellow skin",yes,,,,,,,,,,
foods,foods/apple,2,has a few small seeds that are usually discarded before cooking,,,,,,,,,,,
foods,foods/apple,3,has a short stem sitting in a small dip at the top,,,,,,,,,,,
foods,foods/apple,4,turns brown quickly once its cut flesh meets the air,,,,,,,,,,,
foods,foods/apple,5,is often pressed into a sweet juice sold in cartons,,,,,,,,,,,
foods,foods/apple,6,"is baked into sweet pies, tarts and crumbles",,,,,,,,,,,
foods,foods/apple,7,"keeps for months in cool, controlled storage after harvest",,,,,,,,,,,
foods,foods/apple,8,comes in many varieties ranging from sweet to sharp,,,,,,,,,,,
foods,foods/apple,9,"is eaten raw as a crunchy snack, often skin and all",,,,,,,,,,,
foods,foods/apple,10,is stewed with sugar until soft and served warm,,,,,,,,,,,
foods,foods/apple,11,is packed in lunchboxes as an easy whole piece of fruit,,,,,,,,,,,
foods,foods/banana,0,grows in large hanging bunches on tall tropical plants,yes,,,,,,,,,,
foods,foods/banana,1,"has a mild, sweet, slightly starchy taste",,,,,,,,,,,
foods,foods/banana,2,gets brown speckles on its skin as it becomes very ripe,yes,,,,,,,,,,
foods,foods/banana,3,"has soft, pale, creamy flesh that is easy to mash",,,,,,,,,,,
foods,foods/banana,4,is peeled by hand and needs no cutting before eating,,,,,,,,,,,
foods,foods/banana,5,is often added to cakes and muffins to keep them moist,,,,,,,,,,,
foods,foods/banana,6,is picked while still green and shipped to ripen later,,,,,,,,,,,
foods,foods/banana,7,is blended into smoothies to make them thick and sweet,,,,,,,,,,,
foods,foods/banana,8,is sliced over breakfast cereal or porridge,,,,,,,,,,,
foods,foods/banana,9,has tiny dark specks of seed running through its centre,,"""has tiny dark specks of seed running through its centre"" - in seedless dessert bananas the specks are undeveloped vestigial seeds; a reader may not think of them as seeds",,,,,,,,,
foods,foods/banana,10,is served with ice cream or custard as a simple dessert,,,,,,,,,,,
foods,foods/banana,11,is best kept at room temperature rather than in the fridge,,,,,,,,,,,
foods,foods/butter,0,is made from cream and sold in the chilled aisle,,,,,,,,,,,
foods,foods/butter,1,is pale yellow and firm when it comes out of the fridge,,,,,,,,,,,
foods,foods/butter,2,softens at room temperature and melts quickly in a warm pan,,,,,,,,,,,
foods,foods/butter,3,is spread thinly on warm toast or fresh bread,,,,,,,,,,,
foods,foods/butter,4,comes salted or unsalted in wrapped rectangular blocks,yes,,,,,,,,,,
foods,foods/butter,5,is weighed out for cakes and biscuits in most home baking,,,,,,,,,,,
foods,foods/butter,6,is melted and brushed over dough before baking,,,,,,,,,,,
foods,foods/butter,7,is about four-fifths milk fat by weight,yes,"""is about four-fifths milk fat by weight"" - 80% is the legal minimum in the US and EU; European-style butters run to about 82-86%",,,,,,,,,
foods,foods/butter,8,can scorch and turn bitter if heated too long,,,,,,,,,,,
foods,foods/butter,9,is rubbed into flour to make pastry and crumble toppings,,,,,,,,,,,
foods,foods/butter,10,is stirred into hot mashed potatoes to make them rich,,,,,,,,,,,
foods,foods/butter,11,is mixed with garlic and herbs as a topping for grilled meat,,,,,,,,,,,
foods,foods/cheese,0,is made from milk and often bought at a deli counter,,,,,,,,,,,
foods,foods/cheese,1,"is often aged for weeks, months or years in cool cellars",,,,,,,,,,,
foods,foods/cheese,2,has a firm outer rind that is often cut away,,,,,,,,,,,
foods,foods/cheese,3,softens and turns gooey when heated in the oven,,,,,,,,,,,
foods,foods/cheese,4,is grated over hot dishes or sliced thinly for sandwiches,yes,,,,,,,,,,
foods,foods/cheese,5,can be made from the milk of goats or water buffalo as well,,,,,,,,,,,
foods,foods/cheese,6,comes in many regional styles with protected local names,,,,,,,,,,,
foods,foods/cheese,7,can have a strong smell that some people find off-putting,,,,,,,,,,,
foods,foods/cheese,8,"is eaten with crackers, bread or slices of fruit",,,,,,,,,,,
foods,foods/cheese,9,is wrapped tightly and kept in the fridge after opening,,,,,,,,,,,
foods,foods/cheese,10,is made with the help of friendly bacteria,,,,,,,,,,,
foods,foods/cheese,11,is salted in brine or rubbed with salt to preserve it,,,,,,,,,,,
foods,foods/egg,0,is sold in free-range and organic versions at higher prices,,,,,,,,,,,
foods,foods/egg,1,is a cheap and versatile source of protein,,,,,,,,,,,
foods,foods/egg,2,is one of the most common allergens in young children,,,,,,,,,,,
foods,foods/egg,3,is boiled for a few minutes to be eaten soft or hard,yes,,,,,,,,,,
foods,foods/egg,4,cooks in a hot pan in just a minute or two,,,,,,,,,,,
foods,foods/egg,5,is often served on hot toast at breakfast,,,,,,,,,,,
foods,foods/egg,6,is poached in a pan of gently simmering water,,,,,,,,,,,
foods,foods/egg,7,is mixed into batters for cakes and pancakes,,,,,,,,,,,
foods,foods/egg,8,"is stored in a carton, often in the fridge door",,,,,,,,,,,
foods,foods/egg,9,changes from runny to firm as it cooks,,,,,,,,,,,
foods,foods/egg,10,sinks in a glass of water when fresh and floats when stale,yes,"""sinks in a glass of water when fresh and floats when stale"" - the standard kitchen test; ageing eggs usually tilt or stand on end before they actually float",,,,,,,,,
foods,foods/egg,11,"is smooth and roughly oval, fitting easily in the palm",,,,,,,,,,,
foods,foods/grape,0,grows on climbing vines trained along wires in long rows,,,,,,,,,,,
foods,foods/grape,1,"is small, round and juicy with a smooth thin skin",,,,,,,,,,,
foods,foods/grape,2,"comes in green, red and dark purple varieties",,,,,,,,,,,
foods,foods/grape,3,can be crushed and fermented into an alcoholic drink,,,,,,,,,,,
foods,foods/grape,4,"is often sold dried as a sweet, chewy snack",,,,,,,,,,,
foods,foods/grape,5,is sold in seedless varieties for easy snacking,,,,,,,,,,,
foods,foods/grape,6,is frozen whole to make a cool summer snack,,,,,,,,,,,
foods,foods/grape,7,has a pale powdery bloom on its skin when freshly picked,,,,,,,,,,,
foods,foods/grape,8,is pulled off its stalk one at a time and eaten whole,yes,,,,,,,,,,
foods,foods/grape,9,is cut lengthwise for small children to prevent choking,yes,,,,,,,,,,
foods,foods/grape,10,is toxic to dogs even in small amounts,,"""is toxic to dogs even in small amounts"" - toxicity is well established but idiosyncratic; some dogs eat a few without harm",,,,,,,,,
foods,foods/grape,11,is pressed into a juice or cooked into a sweet jelly,,,,,,,,,,,
foods,foods/honey,0,is used as a natural sweetener in place of sugar,,,,,,,,,,,
foods,foods/honey,1,"is thick, sticky and amber in colour",,,,,,,,,,,
foods,foods/honey,2,keeps almost indefinitely in a sealed jar without spoiling,yes,"""keeps almost indefinitely in a sealed jar without spoiling"" - true of properly ripened low-moisture honey; high-moisture honey can ferment",,,,,,,,,
foods,foods/honey,3,can turn grainy if stored too long or too cold,,,,,,,,,,,
foods,foods/honey,4,is stirred into hot tea to sweeten it,,,,,,,,,,,
foods,foods/honey,5,"is spread on toast, crumpets or warm scones",,,,,,,,,,,
foods,foods/honey,6,"comes in dark, strong kinds and pale, mild kinds",,,,,,,,,,,
foods,foods/honey,7,is sold in glass jars and squeezable bottles,,,,,,,,,,,
foods,foods/honey,8,is an ingredient in some cough syrups and throat sweets,,,,,,,,,,,
foods,foods/honey,9,"is drizzled over pancakes, waffles and yoghurt",,,,,,,,,,,
foods,foods/honey,10,is added to marinades and glazes for roast meat,,,,,,,,,,,
foods,foods/honey,11,is warmed gently to make it runny again,,,,,,,,,,,
foods,foods/lemon,0,"has sharp, acidic juice that is rarely drunk on its own",,,,,,,,,,,
foods,foods/lemon,1,"has a bright yellow, waxy peel dotted with oil glands",yes,,,,,,,,,,
foods,foods/lemon,2,is squeezed over fried fish and grilled prawns,,,,,,,,,,,
foods,foods/lemon,3,has zest that is grated into cakes and biscuits,,,,,,,,,,,
foods,foods/lemon,4,is cut into wedges or thin slices for cold drinks,,,,,,,,,,,
foods,foods/lemon,5,is added to hot water or tea for a sharp flavour,,,,,,,,,,,
foods,foods/lemon,6,"grows on small, thorny evergreen trees in warm climates",,"""grows on small, thorny evergreen trees in warm climates"" - most lemon cultivars bear thorns, but some are nearly thornless",,,,,,,,,
foods,foods/lemon,7,is high in vitamin C but low in natural sugar,,,,,,,,,,,
foods,foods/lemon,8,keeps cut avocado and pears from turning brown,,,,,,,,,,,
foods,foods/lemon,9,is mixed with oil to dress salads in place of vinegar,,,,,,,,,,,
foods,foods/lemon,10,is oval with a small pointed tip at one or both ends,yes,,,,,,,,,,
foods,foods/lemon,11,is sometimes preserved in salt and used in slow-cooked stews,,,,,,,,,,,
foods,foods/mango,0,grows on large evergreen trees in tropical regions,,,,,,,,,,,
foods,foods/mango,1,"has sweet, juicy, deep yellow flesh when ripe",,,,,,,,,,,
foods,foods/mango,2,has a single large stone at its centre surrounded by flesh,,,,,,,,,,,
foods,foods/mango,3,is scored in a crisscross pattern to cut the flesh into cubes,yes,,,,,,,,,,
foods,foods/mango,4,"has smooth skin that can be green, yellow or red when ripe",,,,,,,,,,,
foods,foods/mango,5,"is blended with yoghurt into a sweet, thick drink",,,,,,,,,,,
foods,foods/mango,6,yields slightly to gentle pressure when it is ready to eat,,,,,,,,,,,
foods,foods/mango,7,is also eaten unripe and sour with salt and chilli,,,,,,,,,,,
foods,foods/mango,8,has flesh that can be stringy and fibrous near the seed,,,,,,,,,,,
foods,foods/mango,9,is served with coconut milk in sweet tropical desserts,,,,,,,,,,,
foods,foods/mango,10,"is cooked into sweet, spicy chutneys and pickles",,,,,,,,,,,
foods,foods/mango,11,has sap near the stem that can irritate the skin,,"""has sap near the stem that can irritate the skin"" - the sap contains urushiol-related compounds; it affects sensitive people, not everyone",,,,,,,,,
foods,foods/orange,0,"is a round citrus fruit with a thick, dimpled peel",yes,,,,,,,,,,
foods,foods/orange,1,is peeled by hand and pulled apart into juicy segments,,,,,,,,,,,
foods,foods/orange,2,is squeezed for its juice on a ridged reamer,,,,,,,,,,,
foods,foods/orange,3,has a peel that can stay green on the tree in the tropics,,"""has a peel that can stay green on the tree in the tropics"" - true (colour change needs cool nights), but may not be common knowledge to a reader",,,,,,,,,
foods,foods/orange,4,"grows in large groves in warm, sunny climates",,,,,,,,,,,
foods,foods/orange,5,"has a soft, bitter white pith just under its peel",,,,,,,,,,,
foods,foods/orange,6,has peel that is candied or boiled into preserves,,,,,,,,,,,
foods,foods/orange,7,"is sweet and juicy with a mild, tangy taste",,,,,,,,,,,
foods,foods/orange,8,"has seeds called pips, though many kinds are seedless",,,,,,,,,,,
foods,foods/orange,9,is cut into wedges as a juicy snack for children,,,,,,,,,,,
foods,foods/orange,10,has fragrant white blossom used in perfume,yes,"""has fragrant white blossom used in perfume"" - neroli oil comes mainly from bitter-orange blossom; sweet-orange blossom is used too",,,,,,,,,
foods,foods/orange,11,is roughly the size of a tennis ball or a little bigger,,,,,,,,,,,
foods,foods/pasta,0,is usually made from just wheat flour and water,,,,,,,,,,,
foods,foods/pasta,1,is boiled in well-salted water until just firm to the bite,yes,,,,,,,,,,
foods,foods/pasta,2,comes dried in boxes or fresh in chilled packs,,,,,,,,,,,
foods,foods/pasta,3,"comes in many different shapes, sizes and thicknesses",,,,,,,,,,,
foods,foods/pasta,4,is tossed with a tomato sauce and fresh basil before serving,,,,,,,,,,,
foods,foods/pasta,5,can be made fresh by rolling a dough thin and cutting it,,,,,,,,,,,
foods,foods/pasta,6,"is a cheap, filling staple kept in most kitchen cupboards",,,,,,,,,,,
foods,foods/pasta,7,is drained in a colander as soon as it is cooked,,,,,,,,,,,
foods,foods/pasta,8,is baked in the oven with a creamy sauce,,,,,,,,,,,
foods,foods/pasta,9,can be stuffed with a spinach or meat filling before boiling,,,,,,,,,,,
foods,foods/pasta,10,swells and softens as it soaks up water during cooking,,,,,,,,,,,
foods,foods/pasta,11,is served in wide bowls and eaten with a fork,,,,,,,,,,,
foods,foods/pizza,0,is made on a base of yeast-risen bread dough,,,,,,,,,,,
foods,foods/pizza,1,is baked in minutes in a blazing hot stone oven,,,,,,,,,,,
foods,foods/pizza,2,is spread with tomato sauce before its toppings are added,yes,,,,,,,,,,
foods,foods/pizza,3,is sliced into wedges and usually eaten by hand,,,,,,,,,,,
foods,foods/pizza,4,is a popular takeaway ordered by phone or app,,,,,,,,,,,
foods,foods/pizza,5,is often bought by the slice and eaten on the go,,,,,,,,,,,
foods,foods/pizza,6,has a crust that may be thin and crisp or thick and chewy,,,,,,,,,,,
foods,foods/pizza,7,is covered with a choice of meats and vegetables,,,,,,,,,,,
foods,foods/pizza,8,is often eaten cold as leftovers the next morning,,,,,,,,,,,
foods,foods/pizza,9,has dough that is stretched by hand and sometimes spun in the air,yes,,,,,,,,,,
foods,foods/pizza,10,is slid into the oven on a flat long-handled peel,,,,,,,,,,,
foods,foods/pizza,11,is sold frozen in supermarkets for quick oven meals,,,,,,,,,,,
foods,foods/soup,0,is usually served steaming hot on cold days,,,,,,,,,,,
foods,foods/soup,1,is eaten slowly from a bowl with a spoon,,,,,,,,,,,
foods,foods/soup,2,"is made by simmering vegetables, meat or beans in stock",,,,,,,,,,,
foods,foods/soup,3,can be blended smooth or left chunky with pieces,,,,,,,,,,,
foods,foods/soup,4,is served with crusty bread for dipping,,,,,,,,,,,
foods,foods/soup,5,can be frozen in batches and reheated later,,,,,,,,,,,
foods,foods/soup,6,is sometimes served chilled on hot summer days,,,,,,,,,,,
foods,foods/soup,7,is cooked slowly in a large pot on the stove,,,,,,,,,,,
foods,foods/soup,8,"can be thickened with cream, flour or potatoes",,,,,,,,,,,
foods,foods/soup,9,is sold in cans and packets as a quick lunch,,,,,,,,,,,
foods,foods/soup,10,is often served as a starter before the main course,,,,,,,,,,,
foods,foods/soup,11,is carried in a flask to stay warm on long walks,,,,,,,,,,,
foods,foods/steak,0,"comes from the loin, rib or rump, usually of beef",yes,,,,,,,,,,
foods,foods/steak,1,is seared in a very hot pan or over a grill,,,,,,,,,,,
foods,foods/steak,2,"is bought from the butcher in thick, individual portions",,,,,,,,,,,
foods,foods/steak,3,is rested for a few minutes after cooking so juices settle,,,,,,,,,,,
foods,foods/steak,4,has thin streaks of fat running through that add flavour,,,,,,,,,,,
foods,foods/steak,5,is often served with chips and a green salad,,,,,,,,,,,
foods,foods/steak,6,is sliced against the grain into strips for serving,,,,,,,,,,,
foods,foods/steak,7,is a centrepiece of barbecues and upmarket grill restaurants,,,,,,,,,,,
foods,foods/steak,8,is expensive when it comes from prized grass-fed herds,,,,,,,,,,,
foods,foods/steak,9,is checked for doneness by pressing it or with a thermometer,,,,,,,,,,,
foods,foods/steak,10,is seasoned simply with salt and pepper before cooking,,,,,,,,,,,
foods,foods/steak,11,stays red or pink inside when cooked only briefly,,,,,,,,,,,
foods,foods/strawberry,0,has tiny seeds dotted over its outer surface,yes,"""has tiny seeds dotted over its outer surface"" - botanically these are achenes (tiny fruits each holding a seed); everyday usage calls them seeds",,,,,,,,,
foods,foods/strawberry,1,turns bright red all over when fully ripe,,,,,,,,,,,
foods,foods/strawberry,2,has a small tuft of green leaves that is cut away,,,,,,,,,,,
foods,foods/strawberry,3,"grows on low, leafy plants close to the ground",,,,,,,,,,,
foods,foods/strawberry,4,"is picked in early summer, often by visitors at farms",,,,,,,,,,,
foods,foods/strawberry,5,is boiled with sugar into a sweet red jam,,,,,,,,,,,
foods,foods/strawberry,6,bruises easily and spoils within a few days of picking,,,,,,,,,,,
foods,foods/strawberry,7,is served with whipped cream in summer desserts,,,,,,,,,,,
foods,foods/strawberry,8,"is often grown under long, low tunnels to extend the season",,,,,,,,,,,
foods,foods/strawberry,9,is dipped in melted chocolate as a treat,,,,,,,,,,,
foods,foods/strawberry,10,"is a popular flavour for milkshakes, yoghurt and ice cream",,,,,,,,,,,
foods,foods/strawberry,11,"is soft and juicy with a sweet, slightly tart taste",,,,,,,,,,,
foods,foods/sushi,0,"is built around small portions of cooked, seasoned rice",,,,,,,,,,,
foods,foods/sushi,1,is topped or rolled with raw fish such as salmon or tuna,yes,,,,,,,,,,
foods,foods/sushi,2,is often wrapped in thin sheets of dried seaweed,yes,,,,,,,,,,
foods,foods/sushi,3,is dipped lightly in soy sauce before each bite,,,,,,,,,,,
foods,foods/sushi,4,is eaten with chopsticks or simply by hand,,,,,,,,,,,
foods,foods/sushi,5,"comes with a sharp, hot condiment on the side",,,,,,,,,,,
foods,foods/sushi,6,is cut into bite-sized rounds from a long roll,,,,,,,,,,,
foods,foods/sushi,7,is prepared by chefs who spend years learning the craft,,,,,,,,,,,
foods,foods/sushi,8,is sold in ready-made packs at supermarket chilled counters,,,,,,,,,,,
foods,foods/sushi,9,was first developed as a way to preserve fish,,"""was first developed as a way to preserve fish"" - refers to narezushi, fish packed in fermenting rice; accurate but not everyday knowledge",,,,,,,,,
foods,foods/sushi,10,can be filled with avocado and cucumber instead of meat,,,,,,,,,,,
foods,foods/sushi,11,tastes best eaten soon after it is made,,,,,,,,,,,
vehicles,vehicles/bicycle,0,has two wheels and is balanced by the person riding it,,,,,,,,,,,
vehicles,vehicles/bicycle,1,usually has no engine and is driven by human effort,,,,,,,,,,,
vehicles,vehicles/bicycle,2,usually sends power to its rear wheel through a metal chain,yes,,,,,,,,,,
vehicles,vehicles/bicycle,3,is steered by turning handlebars linked to the front wheel,,,,,,,,,,,
vehicles,vehicles/bicycle,4,has a small saddle on a post that adjusts in height,yes,,,,,,,,,,
vehicles,vehicles/bicycle,5,often has several gears for climbing hills and cruising on the flat,,,,,,,,,,,
vehicles,vehicles/bicycle,6,has inflatable tyres on wheels laced with thin wire spokes,,,,,,,,,,,
vehicles,vehicles/bicycle,7,makes almost no sound and gives off no exhaust,,,,,,,,,,,
vehicles,vehicles/bicycle,8,is ridden by couriers weaving through city traffic,,,,,,,,,,,
vehicles,vehicles/bicycle,9,usually has a light frame built from hollow tubes,,,,,,,,,,,
vehicles,vehicles/bicycle,10,balances upright only while it is moving or being held,,,,,,,,,,,
vehicles,vehicles/bicycle,11,can be carried up stairs or hung on a wall hook,,,,,,,,,,,
vehicles,vehicles/boat,0,is often steered with a rudder at the back,,,,,,,,,,,
vehicles,vehicles/boat,1,"can be moved along by oars, by sails or by a motor",yes,,,,,,,,,,
vehicles,vehicles/boat,2,is often tied up with ropes when it is not in use,,,,,,,,,,,
vehicles,vehicles/boat,3,has a front that tapers to a point to cut through water,,,,,,,,,,,
vehicles,vehicles/boat,4,is often towed on a trailer and launched from a ramp,,,,,,,,,,,
vehicles,vehicles/boat,5,"is used by people who fish on lakes, rivers and the sea",,,,,,,,,,,
vehicles,vehicles/boat,6,may carry a mast and sails to catch the wind,,,,,,,,,,,
vehicles,vehicles/boat,7,can leak and slowly fill with water if it is damaged,,,,,,,,,,,
vehicles,vehicles/boat,8,rocks from side to side as waves pass beneath it,,,,,,,,,,,
vehicles,vehicles/boat,9,is often given a name that is painted on its hull,,,,,,,,,,,
vehicles,vehicles/boat,10,is pushed by a spinning propeller when fitted with a motor,,,,,,,,,,,
vehicles,vehicles/boat,11,may have a small cabin below deck for sleeping,,,,,,,,,,,
vehicles,vehicles/canoe,0,is moved by people using paddles with a blade at one end,yes,,,,,,,,,,
vehicles,vehicles/canoe,1,"is usually open on top, with no deck covering the people inside",,,,,,,,,,,
vehicles,vehicles/canoe,2,is long and narrow with both ends pointed,,,,,,,,,,,
vehicles,vehicles/canoe,3,can be lifted onto a car roof by two adults,,,,,,,,,,,
vehicles,vehicles/canoe,4,is often rented by the hour at lakes and river parks,,,,,,,,,,,
vehicles,vehicles/canoe,5,"often seats two people, one at each end",,,,,,,,,,,
vehicles,vehicles/canoe,6,is usually steered by the person sitting at the back,,,,,,,,,,,
vehicles,vehicles/canoe,7,has no engine and glides almost silently over the water,,,,,,,,,,,
vehicles,vehicles/canoe,8,can carry tents and supplies on wilderness trips of several days,,,,,,,,,,,
vehicles,vehicles/canoe,9,is used for trips down rivers and across quiet lakes,,,,,,,,,,,
vehicles,vehicles/canoe,10,tips over easily if the people in it lean too far,,,,,,,,,,,
vehicles,vehicles/canoe,11,"is often made today of aluminium, fibreglass or polyethylene",,,,,,,,,,,
vehicles,vehicles/cart,0,has two or four wheels and is often pushed or pulled by hand,yes,,,,,,,,,,
vehicles,vehicles/cart,1,"may be pulled by a donkey, pony or ox in harness",yes,,,,,,,,,,
vehicles,vehicles/cart,2,"carries produce, firewood or luggage over short distances",,,,,,,,,,,
vehicles,vehicles/cart,3,has no engine and seldom moves faster than walking pace,,,,,,,,,,,
vehicles,vehicles/cart,4,often has a pair of shafts or handles at the front for pulling,,,,,,,,,,,
vehicles,vehicles/cart,5,is small enough to be moved along narrow lanes and paths,,,,,,,,,,,
vehicles,vehicles/cart,6,is used by market sellers to bring goods to their stalls,,,,,,,,,,,
vehicles,vehicles/cart,7,has an open box or flat bed resting over its axle,,,,,,,,,,,
vehicles,vehicles/cart,8,was long used on farms to haul hay and manure,,,,,,,,,,,
vehicles,vehicles/cart,9,was traditionally built from timber planks with iron-rimmed wheels,,,,,,,,,,,
vehicles,vehicles/cart,10,often has a single axle with one wheel at each end,,,,,,,,,,,
vehicles,vehicles/cart,11,rattles and creaks as it rolls over rough ground,,,,,,,,,,,
vehicles,vehicles/ferry,0,often repeats the same short route many times each day,,,,,,,,,,,
vehicles,vehicles/ferry,1,follows a published timetable with fixed departure times,,,,,,,,,,,
vehicles,vehicles/ferry,2,can take cars aboard by a ramp that lowers at one end,yes,,,,,,,,,,
vehicles,vehicles/ferry,3,"often has lounges, cafes and open decks for its passengers",,,,,,,,,,,
vehicles,vehicles/ferry,4,"crosses rivers, bays, straits and lakes",,,,,,,,,,,
vehicles,vehicles/ferry,5,is often run by a public transport authority,,"""is often run by a public transport authority"" - many ferries are public, but many are privately operated; 'often' carries the claim",,,,,,,,,
vehicles,vehicles/ferry,6,sounds a deep horn before it pulls away from the dock,,,,,,,,,,,
vehicles,vehicles/ferry,7,is usually driven by propellers turned by diesel engines,,,,,,,,,,,
vehicles,vehicles/ferry,8,carries commuters to islands that have no bridge to the mainland,yes,,,,,,,,,,
vehicles,vehicles/ferry,9,carries life rafts and life jackets for everyone on board,,,,,,,,,,,
vehicles,vehicles/ferry,10,is steered from a bridge high above its passenger decks,,,,,,,,,,,
vehicles,vehicles/ferry,11,can be big enough to carry hundreds of passengers at once,,,,,,,,,,,
vehicles,vehicles/jet,0,cruises high above most clouds and weather,,,,,,,,,,,
vehicles,vehicles/jet,1,is pushed forward by engines that suck in air and blast it out,yes,,,,,,,,,,
vehicles,vehicles/jet,2,usually has swept-back wings and a tall tail fin,,,,,,,,,,,
vehicles,vehicles/jet,3,takes off and lands on a long paved runway,,,,,,,,,,,
vehicles,vehicles/jet,4,is tracked on radar and guided by controllers on the ground,,,,,,,,,,,
vehicles,vehicles/jet,5,is used by air forces for combat and reconnaissance,,,,,,,,,,,
vehicles,vehicles/jet,6,carries passengers in rows of seats either side of an aisle,,,,,,,,,,,
vehicles,vehicles/jet,7,is flown by one or two pilots from a cockpit in the nose,,,,,,,,,,,
vehicles,vehicles/jet,8,makes a loud roar that can be heard for miles,,,,,,,,,,,
vehicles,vehicles/jet,9,tucks its wheels away out of the airflow after takeoff,,,,,,,,,,,
vehicles,vehicles/jet,10,burns kerosene fuel stored largely inside its wings,,,,,,,,,,,
vehicles,vehicles/jet,11,has a pressurised cabin so people can breathe at altitude,,,,,,,,,,,
vehicles,vehicles/kayak,0,is paddled with a long paddle that has a blade at each end,yes,,,,,,,,,,
vehicles,vehicles/kayak,1,usually has a snug cockpit that its occupant sits down inside,,,,,,,,,,,
vehicles,vehicles/kayak,2,is sat in with the legs stretched out in front,,,,,,,,,,,
vehicles,vehicles/kayak,3,"carries a single paddler in most designs, sometimes two",,,,,,,,,,,
vehicles,vehicles/kayak,4,can be rolled back upright by a skilled paddler after capsizing,yes,,,,,,,,,,
vehicles,vehicles/kayak,5,is usually light enough for one person to carry to the water,,,,,,,,,,,
vehicles,vehicles/kayak,6,is often moulded in one piece from tough polyethylene,,,,,,,,,,,
vehicles,vehicles/kayak,7,"is used for sea touring, whitewater runs and fishing",,,,,,,,,,,
vehicles,vehicles/kayak,8,is sometimes steered with foot pedals linked to a small rudder,,,,,,,,,,,
vehicles,vehicles/kayak,9,usually sits low in the water on a narrow hull,,,,,,,,,,,
vehicles,vehicles/kayak,10,is raced on flat water and on whitewater slalom courses,,,,,,,,,,,
vehicles,vehicles/kayak,11,often has sealed hatches for storing gear on long trips,,,,,,,,,,,
vehicles,vehicles/motorcycle,0,has an engine whose heat can be felt by the rider's legs,,,,,,,,,,,
vehicles,vehicles/motorcycle,1,has a hand lever on its handlebar that works the front brake,,,,,,,,,,,
vehicles,vehicles/motorcycle,2,usually has a clutch and a manual gearbox,,,,,,,,,,,
vehicles,vehicles/motorcycle,3,is ridden by people wearing helmets and armoured jackets,,,,,,,,,,,
vehicles,vehicles/motorcycle,4,leans into corners as the rider shifts their weight,,,,,,,,,,,
vehicles,vehicles/motorcycle,5,can easily keep pace with cars on a motorway,,,,,,,,,,,
vehicles,vehicles/motorcycle,6,usually has a fuel tank just in front of the seat,yes,,,,,,,,,,
vehicles,vehicles/motorcycle,7,is raced on paved circuits and across rough dirt tracks,,,,,,,,,,,
vehicles,vehicles/motorcycle,8,"makes a loud exhaust note, especially when revved",,,,,,,,,,,
vehicles,vehicles/motorcycle,9,sometimes carries a passenger on the seat behind the rider,,,,,,,,,,,
vehicles,vehicles/motorcycle,10,can have a sidecar attached for an extra passenger,yes,,,,,,,,,,
vehicles,vehicles/motorcycle,11,has a side stand that holds it upright when parked,,,,,,,,,,,
vehicles,vehicles/rocket,0,stands upright on a launch pad before liftoff,yes,,,,,,,,,,
vehicles,vehicles/rocket,1,burns through most of its fuel within minutes,,,,,,,,,,,
vehicles,vehicles/rocket,2,is usually assembled in a huge building and then moved out,,,,,,,,,,,
vehicles,vehicles/rocket,3,delivers satellites and crews into orbit around the Earth,yes,,,,,,,,,,
vehicles,vehicles/rocket,4,is often delayed on the ground by high winds or storms,,,,,,,,,,,
vehicles,vehicles/rocket,5,can leave a long trail of smoke and vapour in the sky,,,,,,,,,,,
vehicles,vehicles/rocket,6,is tall and slender with a pointed tip,,,,,,,,,,,
vehicles,vehicles/rocket,7,steers by swivelling the nozzles of its engines,,,,,,,,,,,
vehicles,vehicles/rocket,8,is often launched out over the sea for safety,,,,,,,,,,,
vehicles,vehicles/rocket,9,is increasingly designed to fly again rather than be thrown away,,"""is increasingly designed to fly again rather than be thrown away"" - reusable boosters are a growing share, but most launchers are still expendable",,,,,,,,,
vehicles,vehicles/rocket,10,is so loud that anyone close by needs ear protection,,"""is so loud that anyone close by needs ear protection"" - true of the noise level, though in practice nobody is allowed close at liftoff",,,,,,,,,
vehicles,vehicles/rocket,11,costs many millions and is built by governments or a few firms,,,,,,,,,,,
vehicles,vehicles/scooter,0,has small wheels and a low platform for the rider's feet,,,,,,,,,,,
vehicles,vehicles/scooter,1,has an upright steering column with handlebars at the top,,,,,,,,,,,
vehicles,vehicles/scooter,2,can be pushed along by kicking against the ground,yes,,,,,,,,,,
vehicles,vehicles/scooter,3,is popular for short trips along crowded city streets,,,,,,,,,,,
vehicles,vehicles/scooter,4,is often rented by the minute in large cities,,,,,,,,,,,
vehicles,vehicles/scooter,5,may have a small electric motor with a battery in the deck,,,,,,,,,,,
vehicles,vehicles/scooter,6,may have a small petrol engine that makes a buzzing sound,,,,,,,,,,,
vehicles,vehicles/scooter,7,often folds up so it can be carried onto a bus,,,,,,,,,,,
vehicles,vehicles/scooter,8,is ridden standing up in some designs and seated in others,,,,,,,,,,,
vehicles,vehicles/scooter,9,is ridden by children on pavements and in parks,,,,,,,,,,,
vehicles,vehicles/scooter,10,is limited to low speeds in cycle lanes in many cities,,"""is limited to low speeds in cycle lanes in many cities"" - e-scooter rules vary widely by city",,,,,,,,,
vehicles,vehicles/scooter,11,is stopped with a hand brake or by pressing a foot down,,,,,,,,,,,
vehicles,vehicles/submarine,0,operates hidden below the surface of the sea,,,,,,,,,,,
vehicles,vehicles/submarine,1,has a tall fin rising from the top of its hull,,,,,,,,,,,
vehicles,vehicles/submarine,2,raises a periscope to look above the surface,yes,,,,,,,,,,
vehicles,vehicles/submarine,3,controls its depth by adjusting its buoyancy,,,,,,,,,,,
vehicles,vehicles/submarine,4,has a long cylindrical hull with a rounded front,,,,,,,,,,,
vehicles,vehicles/submarine,5,uses sonar to find its way and detect other ships,,,,,,,,,,,
vehicles,vehicles/submarine,6,is often powered by a nuclear reactor instead of diesel engines,,,,,,,,,,,
vehicles,vehicles/submarine,7,carries weapons able to strike targets hundreds of kilometres away,,,,,,,,,,,
vehicles,vehicles/submarine,8,has a crew who live for months in cramped quarters,,,,,,,,,,,
vehicles,vehicles/submarine,9,has a strong hull built to withstand great pressure,,,,,,,,,,,
vehicles,vehicles/submarine,10,is entered and left through hatches on its top,,,,,,,,,,,
vehicles,vehicles/submarine,11,is designed to run as quietly as possible to avoid detection,,,,,,,,,,,
vehicles,vehicles/tractor,0,typically has huge rear wheels and smaller front wheels,yes,,,,,,,,,,
vehicles,vehicles/tractor,1,"drags heavy equipment across soft, muddy fields",,,,,,,,,,,
vehicles,vehicles/tractor,2,is steered from an open seat or a glass-sided cab,,,,,,,,,,,
vehicles,vehicles/tractor,3,is sometimes fitted with crawler tracks instead of wheels,,,,,,,,,,,
vehicles,vehicles/tractor,4,has deep tread on its tyres to grip muddy soil,,,,,,,,,,,
vehicles,vehicles/tractor,5,"moves slowly on public roads, holding up the traffic behind",,,,,,,,,,,
vehicles,vehicles/tractor,6,is powered by a large diesel engine with plenty of torque,,,,,,,,,,,
vehicles,vehicles/tractor,7,can pull loaded trailers along farm tracks and roads,,,,,,,,,,,
vehicles,vehicles/tractor,8,can be fitted with many interchangeable attachments for different jobs,,,,,,,,,,,
vehicles,vehicles/tractor,9,sometimes has a loader bucket mounted on the front,,,,,,,,,,,
vehicles,vehicles/tractor,10,took over heavy work that horses and oxen once did,,,,,,,,,,,
vehicles,vehicles/tractor,11,"is often painted green, red or blue by its maker",,"""is often painted green, red or blue by its maker"" - rests on maker colour conventions (green, red, blue brands); true in general, not a physical property",,,,,,,,,
vehicles,vehicles/train,0,runs on a pair of metal rails laid on sleepers,yes,,,,,,,,,,
vehicles,vehicles/train,1,is made of several linked sections that follow each other,,,,,,,,,,,
vehicles,vehicles/train,2,may be pulled by an engine at the front or pushed from behind,,,,,,,,,,,
vehicles,vehicles/train,3,picks up passengers at regular stops along a fixed route,,,,,,,,,,,
vehicles,vehicles/train,4,sounds a loud horn to warn people ahead of it,,,,,,,,,,,
vehicles,vehicles/train,5,was once powered by coal-fired steam engines,,,,,,,,,,,
vehicles,vehicles/train,6,can take its power from electric cables strung overhead,,,,,,,,,,,
vehicles,vehicles/train,7,carries freight in shipping containers and tankers,,,,,,,,,,,
vehicles,vehicles/train,8,cannot swerve and needs a long distance to stop,,,,,,,,,,,
vehicles,vehicles/train,9,passes through tunnels bored beneath mountains and seas,,,,,,,,,,,
vehicles,vehicles/train,10,can travel at over 300 kilometres per hour,,,,,,,,,,,
vehicles,vehicles/train,11,usually has a driver who sits in a cab at the very front,,,,,,,,,,,
vehicles,vehicles/truck,0,has a cab for the driver and a separate load area behind,yes,,,,,,,,,,
vehicles,vehicles/truck,1,moves goods over long distances between cities and ports,,,,,,,,,,,
vehicles,vehicles/truck,2,often pulls a long trailer hitched behind it,,,,,,,,,,,
vehicles,vehicles/truck,3,needs a special licence to drive when it is large and heavy,,,,,,,,,,,
vehicles,vehicles/truck,4,often has air brakes that hiss when they are released,,,,,,,,,,,
vehicles,vehicles/truck,5,sits high off the road with a tall step up to the cab,,,,,,,,,,,
vehicles,vehicles/truck,6,"may carry gravel, sand or soil on building sites",,,,,,,,,,,
vehicles,vehicles/truck,7,is sometimes home to its driver for days at a time,,,,,,,,,,,
vehicles,vehicles/truck,8,"often has six or more wheels, with pairs on the rear axles",,,,,,,,,,,
vehicles,vehicles/truck,9,is limited by law in how much weight it can carry,,,,,,,,,,,
vehicles,vehicles/truck,10,"delivers stock to shops, warehouses and building sites",,,,,,,,,,,
vehicles,vehicles/truck,11,comes in light forms with an open bed behind a small cabin,yes,,,,,,,,,,
vehicles,vehicles/van,0,has a boxy enclosed body with the load space behind the seats,yes,,,,,,,,,,
vehicles,vehicles/van,1,often has large doors at the back for loading bulky items,,,,,,,,,,,
vehicles,vehicles/van,2,can carry more people or goods than an ordinary car,,,,,,,,,,,
vehicles,vehicles/van,3,is used by plumbers and electricians to carry equipment,,,,,,,,,,,
vehicles,vehicles/van,4,can be driven on an ordinary car licence in most places,,"""can be driven on an ordinary car licence in most places"" - holds for light vans (up to about 3.5 t in Europe); larger vans need a higher category",,,,,,,,,
vehicles,vehicles/van,5,delivers parcels door to door in towns and suburbs,,,,,,,,,,,
vehicles,vehicles/van,6,can be fitted with beds for sleeping on the road,,,,,,,,,,,
vehicles,vehicles/van,7,carries a family and their luggage on three rows of seats,,,,,,,,,,,
vehicles,vehicles/van,8,may have no side windows behind the front seats,,,,,,,,,,,
vehicles,vehicles/van,9,is often painted with a company's name and phone number,,,,,,,,,,,
vehicles,vehicles/van,10,is taller than a car but runs on similar wheels,,,,,,,,,,,
vehicles,vehicles/van,11,shuttles airport travellers to nearby hotels,,,,,,,,,,,
vehicles,vehicles/wagon,0,has four wheels on two axles beneath a long load bed,,,,,,,,,,,
vehicles,vehicles/wagon,1,"is pulled by a team of horses, mules or oxen",,,,,,,,,,,
vehicles,vehicles/wagon,2,carried families and their belongings on long overland journeys,,,,,,,,,,,
vehicles,vehicles/wagon,3,may have a canvas cover stretched over curved hoops,yes,,,,,,,,,,
vehicles,vehicles/wagon,4,has a front axle that pivots so it can turn,,,,,,,,,,,
vehicles,vehicles/wagon,5,is often driven from a raised bench seat at the front,,,,,,,,,,,
vehicles,vehicles/wagon,6,is loaded over its sides or through a hinged tailboard,,,,,,,,,,,
vehicles,vehicles/wagon,7,rolls on large spoked wheels with iron tyres,,,,,,,,,,,
vehicles,vehicles/wagon,8,hauls sacks of grain and bales of hay from the fields,,,,,,,,,,,
vehicles,vehicles/wagon,9,is also a child's toy pulled along by a long handle,yes,,,,,,,,,,
vehicles,vehicles/wagon,10,often has a brake lever that presses a block against a wheel,,,,,,,,,,,
vehicles,vehicles/wagon,11,was a main means of moving freight overland before railways,,,,,,,,,,,
instruments,instruments/accordion,0,is worn on the chest with straps over both shoulders,,,,,,,,,,,
instruments,instruments/accordion,1,has rows of buttons for bass notes and chords under the left hand,yes,,,,,,,,,,
instruments,instruments/accordion,2,makes sound with free metal reeds set vibrating by moving air,,,,,,,,,,,
instruments,instruments/accordion,3,is pulled open and pushed closed to drive air through it,yes,,,,,,,,,,
instruments,instruments/accordion,4,often has black and white keys for playing melodies,,,,,,,,,,,
instruments,instruments/accordion,5,lets one hand play the tune while the other supplies accompaniment,,,,,,,,,,,
instruments,instruments/accordion,6,often has register switches that change its tone color,,,,,,,,,,,
instruments,instruments/accordion,7,can sustain chords without using the player's breath at all,,,,,,,,,,,
instruments,instruments/accordion,8,can sound different notes as air flows in and as it flows out,,,,,,,,,,,
instruments,instruments/accordion,9,is a lively voice in folk dance bands across Europe and the Americas,,,,,,,,,,,
instruments,instruments/accordion,10,often has paired reeds tuned slightly apart for a shimmering tone,,,,,,,,,,,
instruments,instruments/accordion,11,can weigh around ten kilograms in its larger full-size models,,"""can weigh around ten kilograms in its larger full-size models"": typical full-size 120-bass models weigh about 9 to 13 kg; smaller models are much lighter",,,,,,,,,
instruments,instruments/bell,0,is traditionally cast from molten metal poured into a mold,,,,,,,,,,,
instruments,instruments/bell,1,is often shaped like an upside-down cup with a flared rim,yes,,,,,,,,,,
instruments,instruments/bell,2,is struck by a swinging clapper inside or by a mallet outside,yes,,,,,,,,,,
instruments,instruments/bell,3,is tuned by removing metal until it rings at the right pitch,,,,,,,,,,,
instruments,instruments/bell,4,"gets its pitch mainly from its size, larger ones sounding lower",,,,,,,,,,,
instruments,instruments/bell,5,sounds a tone rich in overtones that do not line up neatly,,,,,,,,,,,
instruments,instruments/bell,6,"is sometimes played in tuned sets, each player sounding a few notes",,,,,,,,,,,
instruments,instruments/bell,7,keeps ringing long after a single strike as its vibration fades,,,,,,,,,,,
instruments,instruments/bell,8,is struck with mallets in the orchestral percussion section,,,,,,,,,,,
instruments,instruments/bell,9,carries its sound over long distances to signal an event,,,,,,,,,,,
instruments,instruments/bell,10,marks moments in religious services in many parts of the world,,,,,,,,,,,
instruments,instruments/bell,11,ranges from palm-sized to taller than a person,,,,,,,,,,,
instruments,instruments/drum,0,has a membrane stretched tightly over a hollow shell,,,,,,,,,,,
instruments,instruments/drum,1,"is struck with sticks, mallets, brushes or bare hands",,,,,,,,,,,
instruments,instruments/drum,2,is tuned by adjusting the tension of its head,,,,,,,,,,,
instruments,instruments/drum,3,is a mainstay of the rhythm section in rock and jazz,,,,,,,,,,,
instruments,instruments/drum,4,is often played with a foot pedal as part of a kit,yes,,,,,,,,,,
instruments,instruments/drum,5,is one of humanity's most ancient means of keeping rhythm,,,,,,,,,,,
instruments,instruments/drum,6,has heads once made of calfskin and now mostly of polyester film,,,,,,,,,,,
instruments,instruments/drum,7,is carried on a harness by players in marching bands,,,,,,,,,,,
instruments,instruments/drum,8,"can have one head or two, one at each end of its shell",,,,,,,,,,,
instruments,instruments/drum,9,has been used to send signals across long distances,,,,,,,,,,,
instruments,instruments/drum,10,"sounds a short, punchy note that dies away quickly",,,,,,,,,,,
instruments,instruments/drum,11,has coiled wires stretched across its lower head in one common type,yes,,,,,,,,,,
instruments,instruments/flute,0,is held sideways and played by blowing across a hole,yes,,,,,,,,,,
instruments,instruments/flute,1,"is usually metal in its concert form, often plated with silver",,,,,,,,,,,
instruments,instruments/flute,2,has a mechanism of padded keys and rods covering its tone holes,,,,,,,,,,,
instruments,instruments/flute,3,"plays in a high register, above most other winds of the orchestra",,,,,,,,,,,
instruments,instruments/flute,4,makes sound without a reed as breath splits on a sharp edge,,,,,,,,,,,
instruments,instruments/flute,5,is made of bamboo in many traditions across Asia,,,,,,,,,,,
instruments,instruments/flute,6,comes apart into sections for cleaning and carrying,,,,,,,,,,,
instruments,instruments/flute,7,"plays melodies in orchestras, concert bands and jazz groups",,,,,,,,,,,
instruments,instruments/flute,8,can play fast runs and trills with great agility,,,,,,,,,,,
instruments,instruments/flute,9,is found in some form in almost every musical culture,,,,,,,,,,,
instruments,instruments/flute,10,uses a lot of breath because part of the airstream escapes,,,,,,,,,,,
instruments,instruments/flute,11,"has a clear, airy tone with few strong overtones",,"""has a clear, airy tone with few strong overtones"": a comparative claim (weaker upper harmonics than reed winds), not an absolute one",,,,,,,,,
instruments,instruments/guitar,0,"has six strings in its standard form, tuned mostly in fourths",yes,,,,,,,,,,
instruments,instruments/guitar,1,has metal frets set across its fingerboard,,,,,,,,,,,
instruments,instruments/guitar,2,is strummed or plucked with a pick or the bare hand,,,,,,,,,,,
instruments,instruments/guitar,3,usually has an hourglass-shaped body with a narrow waist,,,,,,,,,,,
instruments,instruments/guitar,4,often has a round sound hole beneath its strings,,,,,,,,,,,
instruments,instruments/guitar,5,often accompanies singers with strummed chords,,,,,,,,,,,
instruments,instruments/guitar,6,uses magnetic pickups and an amplifier in its electric form,,,,,,,,,,,
instruments,instruments/guitar,7,"is central to blues, rock and folk music",,,,,,,,,,,
instruments,instruments/guitar,8,is often learned from chord charts rather than full notation,,,,,,,,,,,
instruments,instruments/guitar,9,has geared tuning machines mounted on a headstock,,,,,,,,,,,
instruments,instruments/guitar,10,sustains each plucked note only briefly unless amplified,,,,,,,,,,,
instruments,instruments/guitar,11,can be strung with either soft polymer or metal strings,,,,,,,,,,,
instruments,instruments/keyboard,0,has built-in speakers and runs on batteries or a mains adapter,,,,,,,,,,,
instruments,instruments/keyboard,1,"offers hundreds of preset sounds, from strings to church organ",,,,,,,,,,,
instruments,instruments/keyboard,2,has automatic accompaniment that plays backing rhythms and chords,yes,,,,,,,,,,
instruments,instruments/keyboard,3,has a shortened span of keys in a light portable body,,,,,,,,,,,
instruments,instruments/keyboard,4,is a popular first purchase for beginners learning at home,,,,,,,,,,,
instruments,instruments/keyboard,5,connects to a computer through a USB or MIDI port,,,,,,,,,,,
instruments,instruments/keyboard,6,has a small display screen and buttons for picking sounds,,,,,,,,,,,
instruments,instruments/keyboard,7,can record a performance and play it back from memory,,,,,,,,,,,
instruments,instruments/keyboard,8,includes built-in lessons and demo songs for learners,,,,,,,,,,,
instruments,instruments/keyboard,9,"is played by church bands, buskers and wedding entertainers",,,,,,,,,,,
instruments,instruments/keyboard,10,sits on a lightweight folding X-shaped stand,,,,,,,,,,,
instruments,instruments/keyboard,11,uses sampled recordings of acoustic sounds for most of its tones,,,,,,,,,,,
instruments,instruments/piano,0,has eighty-eight black and white keys in its standard form,yes,,,,,,,,,,
instruments,instruments/piano,1,has felt-tipped strikers that hit strings when keys are pressed,yes,,,,,,,,,,
instruments,instruments/piano,2,has pedals that change how long its notes keep ringing,,,,,,,,,,,
instruments,instruments/piano,3,is played seated on a bench using both hands and often a foot,,,,,,,,,,,
instruments,instruments/piano,4,holds its strings under very high tension on a sturdy frame,,,,,,,,,,,
instruments,instruments/piano,5,is a standard accompanist for singers and soloists in recitals,,,,,,,,,,,
instruments,instruments/piano,6,plays loud or soft depending on how hard the keys are struck,,,,,,,,,,,
instruments,instruments/piano,7,needs tuning by a trained technician about once a year,,"""needs tuning by a trained technician about once a year"": common advice; recommendations range from once to several times a year",,,,,,,,,
instruments,instruments/piano,8,has a large spruce soundboard that amplifies the vibrating strings,,,,,,,,,,,
instruments,instruments/piano,9,"has many strings, sometimes more than one for a single note",,,,,,,,,,,
instruments,instruments/piano,10,can weigh several hundred kilograms in its largest forms,,,,,,,,,,,
instruments,instruments/piano,11,spans one of the widest pitch ranges of any acoustic sound source,,,,,,,,,,,
instruments,instruments/recorder,0,is often taught in school music classes to young beginners,,,,,,,,,,,
instruments,instruments/recorder,1,is blown through a beak-shaped mouthpiece at its top end,yes,,,,,,,,,,
instruments,instruments/recorder,2,has seven front holes and one more at the back,yes,,,,,,,,,,
instruments,instruments/recorder,3,"comes in sizes including soprano, alto, tenor and bass",,,,,,,,,,,
instruments,instruments/recorder,4,"was popular in Europe centuries ago, then largely fell out of use",,,,,,,,,,,
instruments,instruments/recorder,5,is held pointing down and blown from the end,,,,,,,,,,,
instruments,instruments/recorder,6,is sold in cheap molded resin versions and fine boxwood ones,,,,,,,,,,,
instruments,instruments/recorder,7,usually has only open holes and no keys in its smaller sizes,,,,,,,,,,,
instruments,instruments/recorder,8,has a built-in duct that directs breath onto a sharp edge,,,,,,,,,,,
instruments,instruments/recorder,9,reaches higher notes by changing breath and half-covering a hole,,,,,,,,,,,
instruments,instruments/recorder,10,"has a soft, sweet tone with little room for loud dynamics",,,,,,,,,,,
instruments,instruments/recorder,11,often comes apart into two or three joints,,,,,,,,,,,
instruments,instruments/sax,0,has a single reed held on its mouthpiece by a ligature,,,,,,,,,,,
instruments,instruments/sax,1,is built of brass yet grouped with the woodwinds,yes,,,,,,,,,,
instruments,instruments/sax,2,has a conical body that often curves upward into a flared end,yes,,,,,,,,,,
instruments,instruments/sax,3,"comes in soprano, alto, tenor and baritone sizes",,,,,,,,,,,
instruments,instruments/sax,4,"is central to jazz, from small groups to big band sections",,,,,,,,,,,
instruments,instruments/sax,5,"plays both smooth ballads and raspy, growling solos",,,,,,,,,,,
instruments,instruments/sax,6,has padded keys that close tone holes along its body,,,,,,,,,,,
instruments,instruments/sax,7,is supported by a strap or harness while being played,,,,,,,,,,,
instruments,instruments/sax,8,often has a detachable curved crook between mouthpiece and body,,,,,,,,,,,
instruments,instruments/sax,9,"is common in rock and roll, soul and pop horn sections",,,,,,,,,,,
instruments,instruments/sax,10,is pitched in B-flat or E-flat depending on its size,,,,,,,,,,,
instruments,instruments/sax,11,is often played standing at the front of a band for solos,,,,,,,,,,,
instruments,instruments/synth,0,generates tones electronically rather than from strings or air,,,,,,,,,,,
instruments,instruments/synth,1,sweeps its tone from bright to dull with a resonant filter,yes,,,,,,,,,,
instruments,instruments/synth,2,is sometimes housed in a desktop box without any keys,,,,,,,,,,,
instruments,instruments/synth,3,can produce deep basslines and sustained washes of sound,,,,,,,,,,,
instruments,instruments/synth,4,has many knobs and sliders for shaping its sound,,,,,,,,,,,
instruments,instruments/synth,5,"can be analog, digital or software running on a computer",,,,,,,,,,,
instruments,instruments/synth,6,can be driven by a sequencer instead of played by hand,,,,,,,,,,,
instruments,instruments/synth,7,can imitate familiar sounds or create entirely new ones,,,,,,,,,,,
instruments,instruments/synth,8,is central to electronic dance music and many film scores,,,,,,,,,,,
instruments,instruments/synth,9,needs electricity and an amplifier or speakers to be heard,,,,,,,,,,,
instruments,instruments/synth,10,can add vibrato or a wobbling effect electronically,,,,,,,,,,,
instruments,instruments/synth,11,can be set to sound buzzy and harsh or smooth and glassy,,,,,,,,,,,
instruments,instruments/tabla,0,"is played as a pair of different sizes, one for each hand",,,,,,,,,,,
instruments,instruments/tabla,1,accompanies classical singers and plucked-string soloists in South Asia,,,,,,,,,,,
instruments,instruments/tabla,2,has a black spot of paste with iron filings on its heads,yes,,,,,,,,,,
instruments,instruments/tabla,3,is tuned by tightening the laced straps that hold its heads,,,,,,,,,,,
instruments,instruments/tabla,4,has a timber treble shell and a bigger bass shell often of metal,yes,,,,,,,,,,
instruments,instruments/tabla,5,is played with bare hands using precise strokes rather than sticks,,,,,,,,,,,
instruments,instruments/tabla,6,is taught by reciting spoken syllables that stand for its strokes,,,,,,,,,,,
instruments,instruments/tabla,7,can glide its low pitch as the player presses the skin with a palm,,,,,,,,,,,
instruments,instruments/tabla,8,is played by a musician seated cross-legged on the floor,,,,,,,,,,,
instruments,instruments/tabla,9,plays long repeating rhythmic cycles with intricate variations,,,,,,,,,,,
instruments,instruments/tabla,10,has natural goatskin heads on hollow shells,,,,,,,,,,,
instruments,instruments/tabla,11,is heard in Indian film songs and devotional music,,,,,,,,,,,
instruments,instruments/triangle,0,is a metal rod bent into a shape with one open corner,yes,,,,,,,,,,
instruments,instruments/triangle,1,is suspended by a cord so it can ring freely,,,,,,,,,,,
instruments,instruments/triangle,2,is struck with a slim metal beater,,,,,,,,,,,
instruments,instruments/triangle,3,"gives a bright, high ringing tone with no definite pitch",,,,,,,,,,,
instruments,instruments/triangle,4,is silenced by gripping it with the hand,,,,,,,,,,,
instruments,instruments/triangle,5,plays fast rolls by rattling the beater inside a corner,yes,,,,,,,,,,
instruments,instruments/triangle,6,can hang from a clip on a stand so both hands are free,,,,,,,,,,,
instruments,instruments/triangle,7,"comes in several small sizes, larger ones sounding darker",,,,,,,,,,,
instruments,instruments/triangle,8,keeps a steady shimmering pulse in some folk dance bands,,,,,,,,,,,
instruments,instruments/triangle,9,is often handed to young children in classroom percussion,,,,,,,,,,,
instruments,instruments/triangle,10,can be heard above a full orchestra despite its small size,,,,,,,,,,,
instruments,instruments/triangle,11,is often sounded only a few times in an orchestral piece,,,,,,,,,,,
instruments,instruments/trumpet,0,has three piston valves pressed by the right hand,yes,,,,,,,,,,
instruments,instruments/trumpet,1,is played by buzzing the mouth into a cup-shaped mouthpiece,,,,,,,,,,,
instruments,instruments/trumpet,2,ends in a wide flared opening that projects its sound forward,,,,,,,,,,,
instruments,instruments/trumpet,3,is pitched in B-flat in most bands and jazz groups,,,,,,,,,,,
instruments,instruments/trumpet,4,plays high melodic parts in brass sections,,,,,,,,,,,
instruments,instruments/trumpet,5,has its tubing folded into a compact loop,,,,,,,,,,,
instruments,instruments/trumpet,6,"plays fanfares, ceremonial flourishes and military calls",,,,,,,,,,,
instruments,instruments/trumpet,7,can be muted with a cone pushed into its opening,,,,,,,,,,,
instruments,instruments/trumpet,8,is prominent in Latin dance bands and big band jazz,,,,,,,,,,,
instruments,instruments/trumpet,9,also selects notes by altering breath pressure and mouth tension,,,,,,,,,,,
instruments,instruments/trumpet,10,once existed only in valveless forms that played limited notes,,,,,,,,,,,
instruments,instruments/trumpet,11,has a water key to drain condensed moisture from its tubing,,,,,,,,,,,
instruments,instruments/viola,0,"has four strings tuned C, G, D and A",yes,,,,,,,,,,
instruments,instruments/viola,1,reads most of its music in the alto clef,yes,,,,,,,,,,
instruments,instruments/viola,2,sounds lower than the smallest bowed string but higher than the largest,,,,,,,,,,,
instruments,instruments/viola,3,is held under the jaw on the left shoulder while bowed,,,,,,,,,,,
instruments,instruments/viola,4,fills inner harmony parts in the string section,,,,,,,,,,,
instruments,instruments/viola,5,"has a mellow, somewhat husky tone color",,,,,,,,,,,
instruments,instruments/viola,6,takes part in string quartets as well as orchestras,,,,,,,,,,,
instruments,instruments/viola,7,comes in a range of sizes to suit each player's reach,,,,,,,,,,,
instruments,instruments/viola,8,needs firm bow pressure to sound its thick lower strings,,,,,,,,,,,
instruments,instruments/viola,9,has a carved scroll at the top of its pegbox,,,,,,,,,,,
instruments,instruments/viola,10,can be bowed or plucked on its fretless strings,,,,,,,,,,,
instruments,instruments/viola,11,is made of carved spruce and maple with an ebony fingerboard,,,,,,,,,,,
instruments,instruments/violin,0,has four strings tuned in fifths from the G below middle C,yes,,,,,,,,,,
instruments,instruments/violin,1,"rests on the left shoulder, held in place by the player's jaw",,,,,,,,,,,
instruments,instruments/violin,2,is played with a horsehair bow drawn across its strings,,,,,,,,,,,
instruments,instruments/violin,3,has the highest pitch among the bowed strings of the orchestra,yes,,,,,,,,,,
instruments,instruments/violin,4,comes in fractional sizes so young children can learn on it,,,,,,,,,,,
instruments,instruments/violin,5,has two f-shaped sound holes cut into its carved top,,,,,,,,,,,
instruments,instruments/violin,6,"has no frets, so every note depends on exact placement",,,,,,,,,,,
instruments,instruments/violin,7,often leads the dance tunes in many folk music traditions,,,,,,,,,,,
instruments,instruments/violin,8,is played by many musicians at once in a symphony orchestra,,,,,,,,,,,
instruments,instruments/violin,9,is a favorite for virtuoso solo concertos with orchestra,,,,,,,,,,,
instruments,instruments/violin,10,has some centuries-old examples valued in the millions,,,,,,,,,,,
instruments,instruments/violin,11,reads its music almost always in the treble clef,,,,,,,,,,,
instruments,instruments/whistle,0,"has six tone holes along a thin, usually metal tube",yes,,,,,,,,,,
instruments,instruments/whistle,1,is common in traditional folk music of the British Isles,,,,,,,,,,,
instruments,instruments/whistle,2,is cheap enough to sell in souvenir and gift shops,,,,,,,,,,,
instruments,instruments/whistle,3,has a mouthpiece block fitted into the top of a slim tube,,,,,,,,,,,
instruments,instruments/whistle,4,"is sold in different lengths, each set to a single key",,,,,,,,,,,
instruments,instruments/whistle,5,is played with quick grace-note ornaments in folk tunes,,,,,,,,,,,
instruments,instruments/whistle,6,reaches sharps and flats by half-covering its holes,,,,,,,,,,,
instruments,instruments/whistle,7,jumps to a second octave when the player blows harder,,,,,,,,,,,
instruments,instruments/whistle,8,is small enough to carry around in a jacket pocket,,,,,,,,,,,
instruments,instruments/whistle,9,also comes in larger low versions with a breathier sound,,,,,,,,,,,
instruments,instruments/whistle,10,"gives a bright, piercing edge to its upper octave",,,,,,,,,,,
instruments,instruments/whistle,11,"has no keys and no back hole, only holes on the front",,,,,,,,,,,
body parts,body parts/ankle,0,sits just above the heel at the bottom of the leg,yes,,,,,,,,,,
body parts,body parts/ankle,1,lets the foot point downward or flex up toward the shin,yes,,,,,,,,,,
body parts,body parts/ankle,2,is a joint that is often sprained when playing sports,,,,,,,,,,,
body parts,body parts/ankle,3,can twist painfully when you step awkwardly off a curb,,,,,,,,,,,
body parts,body parts/ankle,4,has a bony knob sticking out on each side,,,,,,,,,,,
body parts,body parts/ankle,5,swells after a long flight or many hours of standing,,,,,,,,,,,
body parts,body parts/ankle,6,is wrapped in tape or a brace by many basketball players,,,,,,,,,,,
body parts,body parts/ankle,7,bears the full weight of the body with every step,,,,,,,,,,,
body parts,body parts/ankle,8,is often broken in falls and may need metal plates and pins,,,,,,,,,,,
body parts,body parts/ankle,9,can be seen below a pair of cropped trousers,,,,,,,,,,,
body parts,body parts/ankle,10,stiffens and aches with wear and tear in older age,,,,,,,,,,,
body parts,body parts/ankle,11,bends each time a person climbs a flight of stairs,,,,,,,,,,,
body parts,body parts/chin,0,juts forward from the lower jaw just below the mouth,yes,,,,,,,,,,
body parts,body parts/chin,1,sits at the very bottom of the face,yes,,,,,,,,,,
body parts,body parts/chin,2,can be enlarged with an implant for a stronger profile,,,,,,,,,,,
body parts,body parts/chin,3,gets lathered and shaved every morning by many men,,,,,,,,,,,
body parts,body parts/chin,4,is protected by the guard of a full-face helmet,,,,,,,,,,,
body parts,body parts/chin,5,is a common target for a knockout punch in boxing,,,,,,,,,,,
body parts,body parts/chin,6,can have a small dimple that some find attractive,,,,,,,,,,,
body parts,body parts/chin,7,moves up and down when a person chews or talks,,,,,,,,,,,
body parts,body parts/chin,8,can sag into a soft fold with age or weight gain,,,,,,,,,,,
body parts,body parts/chin,9,can be scraped when a toddler falls face first,,,,,,,,,,,
body parts,body parts/chin,10,breaks out in spots during the teenage years,,,,,,,,,,,
body parts,body parts/chin,11,is bony underneath with only a thin layer of flesh,,,,,,,,,,,
body parts,body parts/elbow,0,is the hinge where the arm bends in the middle,yes,,,,,,,,,,
body parts,body parts/elbow,1,joins the upper arm bone to the two forearm bones,yes,,,,,,,,,,
body parts,body parts/elbow,2,can nudge a neighbour discreetly to get their attention,,,,,,,,,,,
body parts,body parts/elbow,3,gets sore from gripping and swinging a racket,,,,,,,,,,,
body parts,body parts/elbow,4,develops a painful swelling from leaning on it for long periods,,,,,,,,,,,
body parts,body parts/elbow,5,wears holes in old clothing that then need patches,,,,,,,,,,,
body parts,body parts/elbow,6,flexes whenever you lift a cup up to your mouth,,,,,,,,,,,
body parts,body parts/elbow,7,bends and straightens repeatedly during weight training,,,,,,,,,,,
body parts,body parts/elbow,8,can slip out of place when a toddler is swung by the arms,,,,,,,,,,,
body parts,body parts/elbow,9,"has loose, wrinkled skin that stretches as the joint bends",,,,,,,,,,,
body parts,body parts/elbow,10,is protected by hard pads when rollerblading,,,,,,,,,,,
body parts,body parts/elbow,11,can break in a fall onto an outstretched arm,,,,,,,,,,,
body parts,body parts/finger,0,is one of four long digits on each hand,yes,,,,,,,,,,
body parts,body parts/finger,1,has a sensitive tip that can read raised dots by touch,yes,,,,,,,,,,
body parts,body parts/finger,2,has a nail at its tip that needs regular trimming,,,,,,,,,,,
body parts,body parts/finger,3,presses the keys when someone types an email,,,,,,,,,,,
body parts,body parts/finger,4,is licked to help turn the pages of a book,,,,,,,,,,,
body parts,body parts/finger,5,gets pricked by a sewing pin or a rose thorn,,,,,,,,,,,
body parts,body parts/finger,6,wrinkles like a prune after a long bath,,,,,,,,,,,
body parts,body parts/finger,7,is made of three small bones in a row,,,,,,,,,,,
body parts,body parts/finger,8,can get caught painfully in a closing car door,,,,,,,,,,,
body parts,body parts/finger,9,can be jammed painfully by a fast basketball pass,,,,,,,,,,,
body parts,body parts/finger,10,can go numb and white in bitter cold,,,,,,,,,,,
body parts,body parts/finger,11,slips into its own sleeve inside a glove,,,,,,,,,,,
body parts,body parts/hip,0,is a deep ball and socket joint at the top of the thigh,yes,,,,,,,,,,
body parts,body parts/hip,1,grows noticeably wider in girls as they go through puberty,yes,,,,,,,,,,
body parts,body parts/hip,2,"can break in a fall, especially in elderly women",,,,,,,,,,,
body parts,body parts/hip,3,is a common perch for carrying a toddler,,,,,,,,,,,
body parts,body parts/hip,4,is measured with a tape to find the right trouser size,,,,,,,,,,,
body parts,body parts/hip,5,bends deeply when someone sits down in a low chair,,,,,,,,,,,
body parts,body parts/hip,6,bumps into table corners when someone passes too close,,,,,,,,,,,
body parts,body parts/hip,7,may need surgery when wear and tear makes walking painful,,,,,,,,,,,
body parts,body parts/hip,8,is sore after lying on one side on a hard floor,,,,,,,,,,,
body parts,body parts/hip,9,tends to store extra fat as people gain weight,,,,,,,,,,,
body parts,body parts/hip,10,works hard with every stride when someone runs uphill,,,,,,,,,,,
body parts,body parts/hip,11,can click or pop in some people when it moves,,,,,,,,,,,
body parts,body parts/kidney,0,filters waste from the blood to make urine,yes,,,,,,,,,,
body parts,body parts/kidney,1,"can be donated by a living person, who keeps the other",yes,,,,,,,,,,
body parts,body parts/kidney,2,"sits deep inside, partly sheltered by the lower ribs",,,,,,,,,,,
body parts,body parts/kidney,3,"is reddish brown with a smooth, shiny outer surface",,,,,,,,,,,
body parts,body parts/kidney,4,can fail slowly over years without obvious symptoms,,,,,,,,,,,
body parts,body parts/kidney,5,is slowly harmed by years of high blood pressure or blood sugar,,,,,,,,,,,
body parts,body parts/kidney,6,is sold by butchers as offal to be grilled or stewed,,,,,,,,,,,
body parts,body parts/kidney,7,is sometimes sold illegally on the black market,,,,,,,,,,,
body parts,body parts/kidney,8,is about the size of a closed fist,,"""is about the size of a closed fist"": the usual textbook comparison; an adult kidney is about 10 to 12 cm long, so it is approximate",,,,,,,,,
body parts,body parts/kidney,9,"lies behind the gut, close to the spine",,,,,,,,,,,
body parts,body parts/kidney,10,is damaged by some painkillers taken in large amounts,,,,,,,,,,,
body parts,body parts/kidney,11,is often checked with an ultrasound scan of the belly,,,,,,,,,,,
body parts,body parts/knee,0,is the joint about halfway down the leg,yes,,,,,,,,,,
body parts,body parts/knee,1,has a small movable bone shielding its front,yes,,,,,,,,,,
body parts,body parts/knee,2,gets carpet burns when a baby crawls across the floor,,,,,,,,,,,
body parts,body parts/knee,3,swells with fluid after a hard fall onto it,,,,,,,,,,,
body parts,body parts/knee,4,gets scraped and bruised when children fall off bikes,,,,,,,,,,,
body parts,body parts/knee,5,has ligaments that footballers often tear,,,,,,,,,,,
body parts,body parts/knee,6,creaks and aches as its cushioning wears away with age,,,,,,,,,,,
body parts,body parts/knee,7,is covered by pads for skateboarding or roller skating,,,,,,,,,,,
body parts,body parts/knee,8,is held straight in a hinged brace while an injury heals,,,,,,,,,,,
body parts,body parts/knee,9,bends deeply when someone squats down to lift a heavy box,,,,,,,,,,,
body parts,body parts/knee,10,may need keyhole surgery after a twisting sports injury,,,,,,,,,,,
body parts,body parts/knee,11,hits the underside of a desk when you sit too close,,,,,,,,,,,
body parts,body parts/lip,0,comes as an upper and a lower one around the mouth,yes,,,,,,,,,,
body parts,body parts/lip,1,"helps form the sounds p, b and m in speech",yes,,,,,,,,,,
body parts,body parts/lip,2,"gets chapped and cracked in cold, dry weather",,,,,,,,,,,
body parts,body parts/lip,3,is bitten nervously when someone feels anxious,,,,,,,,,,,
body parts,body parts/lip,4,can be injected with filler by cosmetic doctors,,,,,,,,,,,
body parts,body parts/lip,5,trembles when someone is about to burst into tears,,,,,,,,,,,
body parts,body parts/lip,6,can blister and peel after too much sun,,,,,,,,,,,
body parts,body parts/lip,7,loses fullness and grows thinner with age,,,,,,,,,,,
body parts,body parts/lip,8,can be split open by a punch to the face,,,,,,,,,,,
body parts,body parts/lip,9,can be pierced and fitted with a small ring,,,,,,,,,,,
body parts,body parts/lip,10,turns blue when someone is very cold or short of oxygen,,,,,,,,,,,
body parts,body parts/lip,11,presses against the rim of a glass when someone drinks,,,,,,,,,,,
body parts,body parts/liver,0,"is the largest internal organ, under the right ribs",yes,,,,,,,,,,
body parts,body parts/liver,1,makes bile that helps the gut digest fats,yes,,,,,,,,,,
body parts,body parts/liver,2,clears many medicines and poisons from the blood,,,,,,,,,,,
body parts,body parts/liver,3,can be transplanted from a living donor,,"""can be transplanted from a living donor"": a living donor gives only a portion of the liver, which regrows in both people",,,,,,,,,
body parts,body parts/liver,4,can harden and scar after years of damage,,,,,,,,,,,
body parts,body parts/liver,5,"is sold by butchers as cheap, iron-rich offal",,,,,,,,,,,
body parts,body parts/liver,6,weighs about one and a half kilograms in an adult,,"""weighs about one and a half kilograms in an adult"": typical adult range is roughly 1.2 to 1.6 kg, so 'about' carries the claim",,,,,,,,,
body parts,body parts/liver,7,has a dark reddish-brown colour and smooth lobes,,,,,,,,,,,
body parts,body parts/liver,8,can build up fat in people who are overweight,,,,,,,,,,,
body parts,body parts/liver,9,is harmed by an overdose of a common painkiller,,,,,,,,,,,
body parts,body parts/liver,10,can bleed heavily after a stab wound to the belly,,,,,,,,,,,
body parts,body parts/liver,11,is an organ that no one can live without,,,,,,,,,,,
body parts,body parts/lung,0,fills with air each time you breathe in,yes,,,,,,,,,,
body parts,body parts/lung,1,swaps oxygen for carbon dioxide in tiny air sacs,yes,,,,,,,,,,
body parts,body parts/lung,2,is one of a pair of soft organs inside the trunk,,,,,,,,,,,
body parts,body parts/lung,3,is one of the organs harmed by years of smoking,,,,,,,,,,,
body parts,body parts/lung,4,can be punctured by a broken rib,,,,,,,,,,,
body parts,body parts/lung,5,can be infected by viruses that spread through coughs,,,,,,,,,,,
body parts,body parts/lung,6,can be supported by a machine in intensive care,,,,,,,,,,,
body parts,body parts/lung,7,shows up clearly when a doctor orders a chest X-ray,,,,,,,,,,,
body parts,body parts/lung,8,is soft and pinkish in a healthy adult,,"""is soft and pinkish in a healthy adult"": healthy lung tissue is pink, but adult lungs often show grey mottling from inhaled particles",,,,,,,,,
body parts,body parts/lung,9,is sheltered from blows by the ribs,,,,,,,,,,,
body parts,body parts/lung,10,can be donated after death to a patient on a waiting list,,,,,,,,,,,
body parts,body parts/lung,11,"gets weaker with age, making hard exercise more tiring",,,,,,,,,,,
body parts,body parts/neck,0,connects the head to the shoulders and upper back,yes,,,,,,,,,,
body parts,body parts/neck,1,houses the voice box and the windpipe,yes,,,,,,,,,,
body parts,body parts/neck,2,gets stiff after sleeping in an awkward position,,,,,,,,,,,
body parts,body parts/neck,3,is decorated with a fine chain by some people,,,,,,,,,,,
body parts,body parts/neck,4,has a pulse that can be felt at its side,,,,,,,,,,,
body parts,body parts/neck,5,can be strained when a car is hit from behind,,,,,,,,,,,
body parts,body parts/neck,6,is kept still in a brace after a bad fall,,,,,,,,,,,
body parts,body parts/neck,7,gets sunburnt at the back when working outdoors,,,,,,,,,,,
body parts,body parts/neck,8,"shows wrinkles and loose, sagging skin as people get older",,,,,,,,,,,
body parts,body parts/neck,9,can be massaged to ease tension and headaches,,,,,,,,,,,
body parts,body parts/neck,10,is where swollen glands can be felt during a cold,,,,,,,,,,,
body parts,body parts/neck,11,is bent forward for hours by people staring at phones,,,,,,,,,,,
body parts,body parts/skull,0,encases and protects the brain like a hard shell,yes,,,,,,,,,,
body parts,body parts/skull,1,has two large sockets that hold the eyes,yes,,,,,,,,,,
body parts,body parts/skull,2,is softer and more flexible in a newborn than in an adult,,,,,,,,,,,
body parts,body parts/skull,3,can crack from a heavy blow in a fight or a crash,,,,,,,,,,,
body parts,body parts/skull,4,is protected by a hard hat on a building site,,,,,,,,,,,
body parts,body parts/skull,5,is studied by anthropologists to estimate age and sex,,,,,,,,,,,
body parts,body parts/skull,6,is covered only by a thin layer of skin in places,,,,,,,,,,,
body parts,body parts/skull,7,remains long after the rest of a body has decayed,,,,,,,,,,,
body parts,body parts/skull,8,gives the face and forehead their underlying shape,,,,,,,,,,,
body parts,body parts/skull,9,is scanned with X-rays after a serious fall,,,,,,,,,,,
body parts,body parts/skull,10,is made of several bones joined firmly together,,,,,,,,,,,
body parts,body parts/skull,11,tends to be larger and heavier in men,,"""tends to be larger and heavier in men"": true on average only; individuals overlap widely",,,,,,,,,
body parts,body parts/stomach,0,lies between the gullet and the small intestine,yes,,,,,,,,,,
body parts,body parts/stomach,1,churns swallowed meals with strong acid and digestive juices,yes,,,,,,,,,,
body parts,body parts/stomach,2,"is a hollow, muscular organ that can stretch a lot",,,,,,,,,,,
body parts,body parts/stomach,3,"sits high in the belly, tucked under the ribs",,,,,,,,,,,
body parts,body parts/stomach,4,can feel queasy on a rough sea crossing,,,,,,,,,,,
body parts,body parts/stomach,5,is easily upset by bad shellfish or a bug,,,,,,,,,,,
body parts,body parts/stomach,6,has an inner lining folded into soft ridges,,,,,,,,,,,
body parts,body parts/stomach,7,can take a punch that leaves someone doubled over,,,,,,,,,,,
body parts,body parts/stomach,8,can cause a burning pain that rises into the chest,,"""can cause a burning pain that rises into the chest"": heartburn is stomach acid rising into the gullet; the stomach is the source, the burning is felt behind the breastbone",,,,,,,,,
body parts,body parts/stomach,9,is examined with a tiny camera passed down the throat,,,,,,,,,,,
body parts,body parts/stomach,10,feels tight and bloated after a huge holiday meal,,,,,,,,,,,
body parts,body parts/stomach,11,helps signal to the brain that a meal is enough,,,,,,,,,,,
body parts,body parts/thumb,0,can touch the tip of every other digit on the hand,yes,,,,,,,,,,
body parts,body parts/thumb,1,"is the thickest and most mobile digit, set apart from the others",yes,,,,,,,,,,
body parts,body parts/thumb,2,taps out text messages on a phone screen,,,,,,,,,,,
body parts,body parts/thumb,3,gets struck by accident while pounding in a nail,,,,,,,,,,,
body parts,body parts/thumb,4,pushes a drawing pin into a noticeboard,,,,,,,,,,,
body parts,body parts/thumb,5,has a nail that some people bite when nervous,,,,,,,,,,,
body parts,body parts/thumb,6,can be bent backwards and sprained in a fall onto the hand,,,,,,,,,,,
body parts,body parts/thumb,7,grips a pen together with the digits beside it,,,,,,,,,,,
body parts,body parts/thumb,8,gets stiff and sore at its base with age,,,,,,,,,,,
body parts,body parts/thumb,9,is one of five digits on each hand,,,,,,,,,,,
body parts,body parts/thumb,10,"has swirling ridges on its soft, fleshy pad",,,,,,,,,,,
body parts,body parts/thumb,11,gets pinched painfully in a folding chair,,,,,,,,,,,
body parts,body parts/toe,0,comes in a row of five on each foot,yes,,,,,,,,,,
body parts,body parts/toe,1,is stubbed painfully on furniture in the dark,yes,,,,,,,,,,
body parts,body parts/toe,2,has a nail that some people paint bright colours,,,,,,,,,,,
body parts,body parts/toe,3,helps keep the body balanced when standing and walking,,,,,,,,,,,
body parts,body parts/toe,4,can get blisters from new shoes that rub,,,,,,,,,,,
body parts,body parts/toe,5,"can pick up a fungal infection from damp, sweaty socks",,,,,,,,,,,
body parts,body parts/toe,6,is protected by reinforced boots on a building site,,,,,,,,,,,
body parts,body parts/toe,7,curls to grip the ground when walking barefoot,,,,,,,,,,,
body parts,body parts/toe,8,can be lost to severe cold on high mountain climbs,,,,,,,,,,,
body parts,body parts/toe,9,can be broken by a heavy object dropped on it,,,,,,,,,,,
body parts,body parts/toe,10,is cracked by some people to relieve stiffness,,,,,,,,,,,
body parts,body parts/toe,11,can be tickled to make a small child giggle,,,,,,,,,,,
body parts,body parts/tongue,0,pushes each mouthful toward the teeth while chewing,yes,,,,,,,,,,
body parts,body parts/tongue,1,"tastes sweet, salty, sour and bitter flavours",yes,,,,,,,,,,
body parts,body parts/tongue,2,helps shape the sounds a person makes when speaking,,,,,,,,,,,
body parts,body parts/tongue,3,is pierced with a metal stud by some people,,,,,,,,,,,
body parts,body parts/tongue,4,gets scalded by a sip of very hot coffee,,,,,,,,,,,
body parts,body parts/tongue,5,is looked at by a doctor checking for signs of illness,,,,,,,,,,,
body parts,body parts/tongue,6,is bitten by accident while eating in a hurry,,,,,,,,,,,
body parts,body parts/tongue,7,is sold by butchers and cooked slowly until tender,,,,,,,,,,,
body parts,body parts/tongue,8,can swell up dangerously in a serious allergic reaction,,,,,,,,,,,
body parts,body parts/tongue,9,can get small sores that sting with salty snacks,,,,,,,,,,,
body parts,body parts/tongue,10,feels dry and sticky when someone is very thirsty,,,,,,,,,,,
body parts,body parts/tongue,11,heals remarkably quickly after a small cut or burn,,"""heals remarkably quickly after a small cut or burn"": mouth tissue generally heals faster than skin; stated as a general tendency",,,,,,,,,
materials,materials/brick,0,is moulded from clay and fired into small rectangular blocks,yes,,,,,,,,,,
materials,materials/brick,1,often has a reddish brown colour that comes from iron compounds,,,,,,,,,,,
materials,materials/brick,2,can crack and flake when trapped water freezes inside it,,,,,,,,,,,
materials,materials/brick,3,sometimes develops white salty deposits on its outer face,,,,,,,,,,,
materials,materials/brick,4,resists fire well and releases stored heat slowly at night,,,,,,,,,,,
materials,materials/brick,5,is often salvaged from demolished buildings and used again,,,,,,,,,,,
materials,materials/brick,6,is stacked with mortar to build chimneys and house walls,yes,,,,,,,,,,
materials,materials/brick,7,is produced in kilns fuelled by gas or coal,,,,,,,,,,,
materials,materials/brick,8,is porous and slowly soaks up rain in wet weather,,,,,,,,,,,
materials,materials/brick,9,comes in standard sizes so builders can plan walls precisely,,,,,,,,,,,
materials,materials/brick,10,"can be glazed, hollow or perforated to save weight",,,,,,,,,,,
materials,materials/brick,11,is heavy and is moved around building sites on pallets,,,,,,,,,,,
materials,materials/bronze,0,is an alloy that contains a modest proportion of tin,yes,,,,,,,,,,
materials,materials/bronze,1,is a metal cast into outdoor statues and memorial plaques,yes,,,,,,,,,,
materials,materials/bronze,2,weathers to a green or brown patina when left outdoors,,,,,,,,,,,
materials,materials/bronze,3,is harder than the pure metals it is mostly made from,,,,,,,,,,,
materials,materials/bronze,4,"resists seawater, so it is used for ship propellers",,"""resists seawater, so it is used for ship propellers"": large propellers are mostly nickel-aluminium bronze; the traditional 'manganese bronze' is metallurgically a brass",,,,,,,,,
materials,materials/bronze,5,makes durable bearings and bushings with low friction,,,,,,,,,,,
materials,materials/bronze,6,"is struck into medals, coins and commemorative tokens",,,,,,,,,,,
materials,materials/bronze,7,is used for cymbals and gongs because of its ringing tone,,,,,,,,,,,
materials,materials/bronze,8,has a warm brownish metallic colour when freshly cast,,,,,,,,,,,
materials,materials/bronze,9,"does not spark when struck, so it suits work near flammable gases",,"""does not spark when struck, so it suits work near flammable gases"": non-sparking hand gear is usually specified in aluminium bronze or beryllium copper; true of copper alloys generally, but not a standard selling point of every tin bronze",,,,,,,,,
materials,materials/bronze,10,"melts at a lower temperature than iron, which made early casting easier",,,,,,,,,,,
materials,materials/bronze,11,was cast and hammered into weapons by early metalworkers,,,,,,,,,,,
materials,materials/cement,0,is ground into a powder finer than most flour,,"""is ground into a powder finer than most flour"": typical cement particles are about 10-15 micrometres, wheat flour mostly larger; true as a general comparison, not for every flour grade",,,,,,,,,
materials,materials/cement,1,is made by heating crushed limestone in a large kiln,,,,,,,,,,,
materials,materials/cement,2,hardens through a chemical reaction with water rather than by drying,,,,,,,,,,,
materials,materials/cement,3,acts as the binder that holds sand and gravel together,yes,,,,,,,,,,
materials,materials/cement,4,releases a large amount of carbon dioxide during manufacture,,,,,,,,,,,
materials,materials/cement,5,is caustic and can burn skin when it is wet,,,,,,,,,,,
materials,materials/cement,6,turns lumpy and unusable if stored somewhere damp,,,,,,,,,,,
materials,materials/cement,7,can set and harden even when it is underwater,,,,,,,,,,,
materials,materials/cement,8,is delivered in bulk by tanker lorries and stored in silos,,,,,,,,,,,
materials,materials/cement,9,is combined with sand and water to make mortar,,,,,,,,,,,
materials,materials/cement,10,gives off heat as it reacts with water,,,,,,,,,,,
materials,materials/cement,11,is sold in heavy bags at builders' merchants,,,,,,,,,,,
materials,materials/concrete,0,is strong under compression but cracks easily when pulled apart,,,,,,,,,,,
materials,materials/concrete,1,is often strengthened with embedded metal bars to carry tension,yes,,,,,,,,,,
materials,materials/concrete,2,is poured into moulds while wet and then left to harden,,,,,,,,,,,
materials,materials/concrete,3,keeps gaining strength for weeks after it has set,,,,,,,,,,,
materials,materials/concrete,4,is used for building foundations and bridge supports,,,,,,,,,,,
materials,materials/concrete,5,"is grey, heavy and feels cold to the touch",,,,,,,,,,,
materials,materials/concrete,6,"is laid for pavements, driveways and garage floors",,,,,,,,,,,
materials,materials/concrete,7,"is cast in factories into slabs, pipes and kerbs",,,,,,,,,,,
materials,materials/concrete,8,is mostly gravel and sand locked together by a hardened binder,yes,,,,,,,,,,
materials,materials/concrete,9,is broken up with jackhammers when buildings are demolished,,,,,,,,,,,
materials,materials/concrete,10,"shrinks slightly as it dries, which can cause fine cracks",,,,,,,,,,,
materials,materials/concrete,11,"can be stained, stamped or buffed for a decorative finish",,,,,,,,,,,
materials,materials/copper,0,is a reddish metal that looks pink when freshly cleaned,yes,,,,,,,,,,
materials,materials/copper,1,conducts electricity so well that it is widely used in cables,,,,,,,,,,,
materials,materials/copper,2,is used for plumbing pipes and fittings in many houses,,,,,,,,,,,
materials,materials/copper,3,turns green on roofs and domes after years of weathering,,,,,,,,,,,
materials,materials/copper,4,is dug from open-pit mines and smelted from its ore,,,,,,,,,,,
materials,materials/copper,5,kills many bacteria on its surface within hours,,,,,,,,,,,
materials,materials/copper,6,lines the bottoms of pans because it spreads heat quickly,,,,,,,,,,,
materials,materials/copper,7,is soft enough to be bent and hammered cold,,,,,,,,,,,
materials,materials/copper,8,is a trace nutrient that the human diet needs in small amounts,,,,,,,,,,,
materials,materials/copper,9,is often stolen from building sites and sold for scrap,,,,,,,,,,,
materials,materials/copper,10,winds the coils inside electric motors and transformers,,,,,,,,,,,
materials,materials/copper,11,is the chief ingredient of several yellow and brown alloys,yes,,,,,,,,,,
materials,materials/cotton,0,is a natural fibre that grows around the seeds of a plant,yes,,,,,,,,,,
materials,materials/cotton,1,is spun into yarn and woven into shirts and bedsheets,,,,,,,,,,,
materials,materials/cotton,2,absorbs sweat and lets skin breathe in hot weather,,,,,,,,,,,
materials,materials/cotton,3,can shrink noticeably when washed in very hot water,,,,,,,,,,,
materials,materials/cotton,4,creases easily unless it is blended with a synthetic fibre,,,,,,,,,,,
materials,materials/cotton,5,is a thirsty crop that often needs heavy irrigation,,,,,,,,,,,
materials,materials/cotton,6,is woven into hard-wearing workwear and casual trousers,,,,,,,,,,,
materials,materials/cotton,7,is rolled into soft balls and swabs for first aid,yes,,,,,,,,,,
materials,materials/cotton,8,is dyed easily and comes in every colour,,,,,,,,,,,
materials,materials/cotton,9,comes from a crop whose seeds are also pressed for oil,,,,,,,,,,,
materials,materials/cotton,10,"is woven into soft towels, underwear and baby clothes",,,,,,,,,,,
materials,materials/cotton,11,yellows and weakens with long exposure to sunlight,,,,,,,,,,,
materials,materials/gold,0,is a yellow metal that does not tarnish even after centuries buried,yes,,,,,,,,,,
materials,materials/gold,1,can be beaten into extremely thin decorative leaf,,,,,,,,,,,
materials,materials/gold,2,is traded on commodity markets alongside silver and oil,,,,,,,,,,,
materials,materials/gold,3,is recovered from ore that may hold only a few grams per tonne,,,,,,,,,,,
materials,materials/gold,4,is soft and very easy to shape in its pure form,,,,,,,,,,,
materials,materials/gold,5,coats electrical connector pins to keep contacts reliable,,,,,,,,,,,
materials,materials/gold,6,is so dense that even a small bar feels surprisingly heavy,,,,,,,,,,,
materials,materials/gold,7,is used by some dentists for crowns and fillings,,,,,,,,,,,
materials,materials/gold,8,is a favourite choice for wedding rings and other jewellery,,,,,,,,,,,
materials,materials/gold,9,is alloyed with other metals to make it harder for everyday wear,,,,,,,,,,,
materials,materials/gold,10,is highly unreactive and resists attack by nearly all acids,,,,,,,,,,,
materials,materials/gold,11,is recovered by recycling discarded phones and circuit boards,,,,,,,,,,,
materials,materials/granite,0,is an igneous rock with large crystals visible to the eye,yes,,,,,,,,,,
materials,materials/granite,1,"comes in grey, pink, red and many other shades",,,,,,,,,,,
materials,materials/granite,2,is a hard stone cut into kitchen worktops,,,,,,,,,,,
materials,materials/granite,3,is used for headstones because lettering stays crisp,,,,,,,,,,,
materials,materials/granite,4,is quarried in huge blocks using drills and wedges,,,,,,,,,,,
materials,materials/granite,5,"is heavy, cold to the touch and very hard to scratch",,,,,,,,,,,
materials,materials/granite,6,weathers slowly into rounded boulders on exposed hillsides,,,,,,,,,,,
materials,materials/granite,7,was laid as setts on old city streets and as kerbs,,,,,,,,,,,
materials,materials/granite,8,resists acid rain far better than softer building stones,,,,,,,,,,,
materials,materials/granite,9,forms huge bare domes and cliffs that attract rock climbers,,,,,,,,,,,
materials,materials/granite,10,is crushed into chippings for railway ballast and road surfaces,,,,,,,,,,,
materials,materials/granite,11,can be flamed or buffed to give a rough or glossy finish,,,,,,,,,,,
materials,materials/leather,0,is tanned so that it stays supple instead of rotting,yes,,,,,,,,,,
materials,materials/leather,1,"is cut and stitched into belts, bags and wallets",yes,,,,,,,,,,
materials,materials/leather,2,darkens and develops a soft sheen with years of handling,,,,,,,,,,,
materials,materials/leather,3,cracks and stiffens if it dries out without conditioning,,,,,,,,,,,
materials,materials/leather,4,"has a rich, distinctive smell when it is new",,,,,,,,,,,
materials,materials/leather,5,"is often dyed brown, black or tan",,,,,,,,,,,
materials,materials/leather,6,can be stamped with patterns using heated metal dies,,,,,,,,,,,
materials,materials/leather,7,is used to cover book bindings and desk tops,,,,,,,,,,,
materials,materials/leather,8,is imitated by cheaper synthetic look-alikes,,,,,,,,,,,
materials,materials/leather,9,softens and moulds to the wearer's shape with use,,,,,,,,,,,
materials,materials/leather,10,upholsters the seats of luxury cars and armchairs,,,,,,,,,,,
materials,materials/leather,11,"is breathable and tough, making it popular for work gloves",,,,,,,,,,,
materials,materials/marble,0,is a stone often white with grey veins running through it,yes,,,,,,,,,,
materials,materials/marble,1,is a rock formed deep underground under heat and pressure,,,,,,,,,,,
materials,materials/marble,2,has been prized by sculptors for carving statues,,,,,,,,,,,
materials,materials/marble,3,"is damaged by acids, which dull its shiny surface",,,,,,,,,,,
materials,materials/marble,4,can be slightly translucent where it is cut thin,,"""can be slightly translucent where it is cut thin"": true of fine white marbles; coarse or dark marbles are not noticeably translucent",,,,,,,,,
materials,materials/marble,5,is laid as buffed tiles in grand hallways and bathrooms,,,,,,,,,,,
materials,materials/marble,6,stains easily when wine or oil soaks into it,,,,,,,,,,,
materials,materials/marble,7,is used by bakers as a cool slab for rolling pastry,,,,,,,,,,,
materials,materials/marble,8,was carved into temple columns and friezes,,,,,,,,,,,
materials,materials/marble,9,slowly erodes on gravestones so that inscriptions fade,,,,,,,,,,,
materials,materials/marble,10,is fairly soft for a stone and scratches quite easily,,,,,,,,,,,
materials,materials/marble,11,is crushed into chips that are set into decorative floors,,,,,,,,,,,
materials,materials/nylon,0,is a synthetic fibre made from chemicals derived from petroleum,,,,,,,,,,,
materials,materials/nylon,1,is strong for its weight and dries quickly,,,,,,,,,,,
materials,materials/nylon,2,is extruded into fishing line and toothbrush bristles,yes,,,,,,,,,,
materials,materials/nylon,3,melts and forms a hard bead when held to a flame,,,,,,,,,,,
materials,materials/nylon,4,"is woven into tents, backpacks and windbreakers",,,,,,,,,,,
materials,materials/nylon,5,"is moulded into quiet, low-friction gears and cable ties",,,,,,,,,,,
materials,materials/nylon,6,"is braided into strong, stretchy climbing ropes",,,,,,,,,,,
materials,materials/nylon,7,is tufted into hard-wearing carpets for busy offices,,,,,,,,,,,
materials,materials/nylon,8,sheds tiny fibres into waterways each time it is washed,,,,,,,,,,,
materials,materials/nylon,9,was developed as a synthetic substitute for silk,,,,,,,,,,,
materials,materials/nylon,10,can be dyed easily and holds bright colours well,,,,,,,,,,,
materials,materials/nylon,11,"has a slippery, smooth feel and resists abrasion",,,,,,,,,,,
materials,materials/paper,0,is made in thin flexible sheets from pressed plant fibres,yes,,,,,,,,,,
materials,materials/paper,1,turns yellow and brittle with age and sunlight,,,,,,,,,,,
materials,materials/paper,2,tears easily along a line once it has been creased,,,,,,,,,,,
materials,materials/paper,3,is collected for recycling and can be reprocessed several times,,,,,,,,,,,
materials,materials/paper,4,absorbs spilled liquids and falls apart when soaked,,,,,,,,,,,
materials,materials/paper,5,is bleached white with chlorine or oxygen compounds,,,,,,,,,,,
materials,materials/paper,6,is folded into bags and boxes for packaging,,,,,,,,,,,
materials,materials/paper,7,catches fire easily and is used to kindle a fire,,,,,,,,,,,
materials,materials/paper,8,"comes in many weights, from thin tissue to stiff card",yes,,,,,,,,,,
materials,materials/paper,9,is shipped from mills in huge rolls that can weigh over a tonne,,,,,,,,,,,
materials,materials/paper,10,can be coated with clay or wax for a smooth or waterproof surface,,,,,,,,,,,
materials,materials/paper,11,is light and thin enough to be blown away by a breeze,,,,,,,,,,,
materials,materials/plastic,0,is shaped by injecting hot molten polymer into moulds,,,,,,,,,,,
materials,materials/plastic,1,is mostly made from chemicals refined from crude oil and gas,,,,,,,,,,,
materials,materials/plastic,2,can take centuries to break down in a landfill,,,,,,,,,,,
materials,materials/plastic,3,"is made into pipes, window frames and gutters for houses",,,,,,,,,,,
materials,materials/plastic,4,"is formed into bottles, carrier bags and cling film",yes,,,,,,,,,,
materials,materials/plastic,5,can be rigid or flexible depending on its additives,,,,,,,,,,,
materials,materials/plastic,6,is sorted by type before it can be recycled,,,,,,,,,,,
materials,materials/plastic,7,"is a poor conductor, so it insulates electrical cables",,,,,,,,,,,
materials,materials/plastic,8,softens when heated and can often be remelted and reshaped,,,,,,,,,,,
materials,materials/plastic,9,"is made into disposable cups, cutlery and straws",,,,,,,,,,,
materials,materials/plastic,10,can turn brittle and faded after years in sunlight,,,,,,,,,,,
materials,materials/plastic,11,"is light, cheap and can be made in almost any colour",,,,,,,,,,,
materials,materials/steel,0,"is an iron alloy hardened by quenching, then tempered",yes,,,,,,,,,,
materials,materials/steel,1,forms the girders and frames of skyscrapers and bridges,,,,,,,,,,,
materials,materials/steel,2,"rusts unless it is galvanised, painted or specially alloyed",,,,,,,,,,,
materials,materials/steel,3,is hot-rolled into long rails for railway tracks,,,,,,,,,,,
materials,materials/steel,4,is attracted to magnets in most of its common grades,,,,,,,,,,,
materials,materials/steel,5,is produced in huge furnaces and cast into thick slabs,,,,,,,,,,,
materials,materials/steel,6,is pressed into car body panels and drinks cans,,,,,,,,,,,
materials,materials/steel,7,is collected as scrap and melted down again,,,,,,,,,,,
materials,materials/steel,8,is drawn into strong wire for cables and fences,,,,,,,,,,,
materials,materials/steel,9,is coiled into springs that return to shape after loading,,,,,,,,,,,
materials,materials/steel,10,is welded into the hulls of ocean-going ships,,,,,,,,,,,
materials,materials/steel,11,is made into kitchen sinks and cutlery that resist corrosion,yes,,,,,,,,,,
materials,materials/velvet,0,"is a woven fabric with a soft, dense cut pile",yes,,,,,,,,,,
materials,materials/velvet,1,was woven from silk and worn by nobles,,,,,,,,,,,
materials,materials/velvet,2,changes shade when its surface is brushed in different directions,,,,,,,,,,,
materials,materials/velvet,3,is a woven fabric used for curtains and upholstery,,,,,,,,,,,
materials,materials/velvet,4,lines jewellery boxes to cushion rings and necklaces,,,,,,,,,,,
materials,materials/velvet,5,is now often made cheaply from polyester or viscose fibres,,,,,,,,,,,
materials,materials/velvet,6,crushes and marks easily if pressed flat with an iron,,,,,,,,,,,
materials,materials/velvet,7,is awkward to sew because its layers slide against each other,,,,,,,,,,,
materials,materials/velvet,8,is made into evening gowns and formal jackets,,,,,,,,,,,
materials,materials/velvet,9,"shows dust and lint readily, especially in dark colours",,,,,,,,,,,
materials,materials/velvet,10,"feels warm and heavy, so it suits winter clothes",,,,,,,,,,,
materials,materials/velvet,11,"is often used for ribbons, hair bands and chokers",,,,,,,,,,,
materials,materials/wood,0,comes from the trunks and branches of trees,yes,,,,,,,,,,
materials,materials/wood,1,has a grain that makes it split more easily in one direction,,,,,,,,,,,
materials,materials/wood,2,is sanded smooth before paint or stain is applied,,,,,,,,,,,
materials,materials/wood,3,usually floats on water because it is less dense,,,,,,,,,,,
materials,materials/wood,4,rots when damp and can be eaten by insects,,,,,,,,,,,
materials,materials/wood,5,swells and warps as the humidity around it changes,,,,,,,,,,,
materials,materials/wood,6,"is carved and joined into chairs, tables and cabinets",,,,,,,,,,,
materials,materials/wood,7,is burned in stoves and fireplaces as a fuel,,,,,,,,,,,
materials,materials/wood,8,is oiled or varnished to protect and enhance its figure,,,,,,,,,,,
materials,materials/wood,9,forms the frames and roof beams of many houses,,,,,,,,,,,
materials,materials/wood,10,is pulped to make cardboard and writing sheets,,,,,,,,,,,
materials,materials/wood,11,has a natural pattern of rings and knots,yes,,,,,,,,,,
