source,rep,point,lo,hi
bank,0,-1.5382244245889851,-1.8815217855307549,-1.2306211051952498
bank,10,-1.7682087664195776,-2.1804402601634725,-1.41605735075494
bank,20,-7.111927085920648,-15.865701253641944,-2.5412799580419847
bank,30,-1.9829865804545652,-2.887737572135628,-1.3554763843252398
bank,40,-1.938537574171705,-2.3546218701634984,-1.571694023240554
bank,50,-1.6867431402641968,-2.1400117656744917,-1.3025818590024794
bank,60,-2.717973866327962,-5.087339683133541,-1.3611243252030518
bank,70,-1.2606619356656594,-1.4946868333810324,-1.0455800280818408
bank,80,-2.2774365717511533,-2.7744456677398444,-1.8567343457326575
bank,90,-4.0982190739854945,-8.394813931964297,-1.7171188001267703
bank,100,-2.176243788026744,-3.0912402541292674,-1.426794654599724
bank,110,-9.874134290343797,-25.88487498623645,-1.6862692389529994
bank,120,-3.8282804399368215,-7.880646141749461,-1.64592673629596
bank,130,-2.1015854568586847,-3.3195473519316603,-1.3862384531600622
bank,140,-2.497580955112386,-3.799445716699845,-1.6187145151532123
bank,150,-2.924757505643804,-4.9875201626926495,-1.704358835356074
bank,160,-1.6779783589548294,-2.5922066691578225,-1.0769253429848766
bank,170,-2.641057983471523,-4.359294837917476,-1.623937200798108
bank,180,-1.9696696452809264,-2.4131598840906694,-1.546461296314076
bank,190,-1.911406468940089,-2.3448378898405986,-1.515678850968834
bank,200,-2.310627256547937,-4.024841606023595,-1.3130340403583616
bank,210,-1.496271315503049,-1.7370071824330726,-1.2741165934578649
bank,220,-2.757629577646066,-3.906213389347307,-1.9740337661438323
bank,230,-2.7714714630901174,-5.4373733863742135,-1.2872364983655955
bank,240,-2.790888612894527,-5.145704668050853,-1.3054324357862197
bank,250,-1.983659946108019,-2.5243895967126897,-1.5260104893715216
bank,260,-1.3796773383461642,-1.6922837661069006,-1.1226089962709829
bank,270,-28.041699172359596,-80.14131831856545,-1.8241048525482968
bank,280,-1.5962455294050175,-1.887880694691059,-1.3233576464460006
bank,290,-2.101580356200831,-2.539475222115179,-1.701622867282882
bank,300,-2.5093530038467713,-3.4791943637069007,-1.8008882199377962
bank,310,-2.579077557231577,-3.020541623296006,-2.1865151493281503
bank,320,-3.132558992173645,-5.326697257659374,-1.88314122587801
bank,330,-1.596936630381106,-1.874242155923223,-1.3458920005923662
bank,340,-1.744132456782821,-2.090038054924162,-1.432085516721557
bank,350,-1.741623195185487,-2.149458677265256,-1.357960368990847
bank,360,-1.8513869510644303,-2.2131583037045237,-1.514516274192949
bank,370,-2.59495667406314,-3.9262373141386337,-1.768415206252536
bank,380,-2.8122558764477494,-4.5845805938973045,-1.770419346008742
bank,390,-2.15450888543545,-2.7230994294005346,-1.6993709758716418
bank,400,-1.8445664160520947,-2.1931127489793982,-1.5255383910724392
bank,410,-3.353014594921162,-6.464880284028067,-1.633441085490121
bank,420,-1.931569135262893,-2.4432426794006714,-1.506666863887833
bank,430,-2.624836077851322,-3.875792938380037,-1.805242665256944
bank,440,-1.7780958604884682,-2.481648360621016,-1.236054049050067
bank,450,-2.00734076894618,-2.4360735546558545,-1.618248284477365
bank,460,-1.876916093042818,-2.7324738555735637,-1.302234179580488
bank,470,-2.755410836186151,-4.905018394046404,-1.5132836828358245
bank,480,-1.67088373865153,-2.1774713520290465,-1.319292571362794
bank,490,-1.7560619781072755,-2.0307365246698756,-1.4944330403515649
bank,500,-1.6244683959896926,-1.983578178881248,-1.3099054320493573
bank,510,-1.718378753910001,-2.761813286557002,-1.0578441246647312
bank,520,-1.7959702131333837,-2.1210797321117836,-1.5025205006150704
bank,530,-3.709483051834748,-6.418955789722781,-2.1597513720839365
bank,540,-2.894570990495839,-4.71435559109872,-1.5897325290157416
bank,550,-1.9711574287113172,-2.4297029613154284,-1.5628422572318414
bank,560,-2.5705382047984635,-3.7106080578452474,-1.8264988679671423
bank,570,-2.0335649213309805,-2.915590226271988,-1.4483279121993138
bank,580,-1.9571023211827552,-2.32851155303888,-1.614106616791414
bank,590,-1.583956978977552,-2.0014037293964613,-1.2071293191122692
bank,600,-1.4146055031561489,-1.7217401656415308,-1.1306656507987158
bank,610,-1.7678974933906964,-2.273882644204133,-1.3617130824512176
bank,620,-2.1163529200760833,-3.323244310196407,-1.3735393884347515
bank,630,-1.4588855371441354,-1.702275276605886,-1.2286807305561458
bank,640,-1.5349986834053495,-1.8857225336406795,-1.238851654985961
bank,650,-2.109840517520323,-2.61900314895539,-1.673564397593835
bank,660,-1.54636338407837,-2.0671557039363657,-1.146821276436688
bank,670,-1.5069223635868332,-1.7681238606484484,-1.2643804373371292
bank,680,-2.0760591056939743,-2.8668917151562807,-1.4949811553302337
bank,690,-2.1236847935154173,-2.7329366429016533,-1.6506367930695716
bank,700,-1.4225566734151838,-1.7076211544189863,-1.1600892386581318
bank,710,-1.7960329024168216,-2.101359042189938,-1.4845672977800406
bank,720,-2.2620846217609807,-2.666759676460013,-1.8866642275049663
bank,730,-4.202838312986529,-7.644346174870072,-1.7054777643846022
bank,740,-1.6369607151874013,-2.046823117404404,-1.308341756789844
bank,750,-3.184077617447903,-6.468144740776625,-1.380192280602323
bank,760,-1.5661985314246731,-2.0664687335868996,-1.1629687332197582
bank,770,-1.8500634008042671,-2.3591974795802853,-1.4613689943497967
bank,780,-3.0136474082144296,-4.499962478338647,-1.8714871930187953
bank,790,-1.5235912883390546,-1.8153135361750103,-1.2410616990776242
bank,800,-1.8967173366223615,-2.2924676649208933,-1.5256044538436784
bank,810,-3.480484044299335,-7.354214007651963,-1.3781246583548536
bank,820,-199.84922965517868,-593.2924844402328,-2.9295823665512963
bank,830,-1.9323567238206545,-2.2880251850673714,-1.609125035465134
bank,840,-2.278587147137507,-3.0455390675195417,-1.722646317267291
bank,850,-1.5841048857624995,-2.007657560627431,-1.236362271151783
bank,860,-1.6255570159352704,-2.033248012292568,-1.2604298106463574
bank,870,-2.2454821123694435,-3.222510181506373,-1.6019601911801384
bank,880,-6.787039749339084,-17.044970696396895,-1.5495729270854672
bank,890,-3.760050441271365,-7.472296472670457,-1.7043536862331243
bank,900,-2.324343587301705,-3.679996139353633,-1.5167449664856756
bank,910,-2.7386984836902566,-5.6068345840810565,-1.2184089257961528
bank,920,-1.79379298695032,-2.120599939117447,-1.4964791861636777
bank,930,-1.9788356278595451,-2.898013081344536,-1.380568096335283
bank,940,-1.6112429076942765,-1.9137031132228468,-1.3398235682529411
bank,950,-2.5586597133779296,-3.5122390186962695,-1.8833299544647868
bank,960,-1.7951633400080147,-2.3039310773053714,-1.4130092351059975
bank,970,-1.4819071704621534,-1.7589510089925209,-1.219665573173943
bank,980,-10.313907657940458,-26.581074733747368,-1.9628606260321697
bank,990,-2.7910220468412454,-4.5520051043364225,-1.726898386021275
bank,1,-1.8890691043110903,-2.7034811564108714,-1.3285380781634966
bank,11,-1.7020251237568935,-2.2427360648174965,-1.3275324353452995
bank,21,-2.1874601292760367,-2.7291097728916753,-1.7221804497078737
bank,31,-4.208270379121018,-8.035121417547442,-1.6986684202606228
bank,41,-2.7205634887278354,-3.8110100449693016,-1.869148356387252
bank,51,-2.77363459405045,-4.9096477192764985,-1.4538583840692665
bank,61,-1.634725450157798,-1.985136063507872,-1.2892410905542315
bank,71,-1.43581259579208,-1.7155146991809271,-1.1924245062495278
bank,81,-1.7245369430943982,-2.027933494218885,-1.4425785854005395
bank,91,-1.382491484954289,-1.669261347316475,-1.1308708494184518
bank,101,-23.488735178723054,-65.56230567598337,-2.316371163156981
bank,111,-2.255537100711337,-3.4770948319130572,-1.509127080546663
bank,121,-1.8687097387522429,-2.204632979101958,-1.5399129922769623
bank,131,-2.6354848998474605,-4.826383875740289,-1.408125478062784
bank,141,-2.2864326853839043,-4.27547882930808,-1.1774431836976216
bank,151,-4.858481999399437,-9.497791201890529,-2.2824732775051535
bank,161,-2.167154325972559,-3.3534679023688048,-1.3490558180315162
bank,171,-3.3684342216569036,-6.2537874996090626,-1.3909045983340342
bank,181,-1.6425902620040989,-2.192236921677213,-1.2409741403958328
bank,191,-8.352013725822225,-18.979246472230955,-1.7764495892908876
bank,201,-1.8786967998017887,-2.2492910933902004,-1.526803382909466
bank,211,-3.0960548390864004,-5.434715292578784,-1.7925131012557356
bank,221,-3.1134964708049484,-6.158693284071748,-1.4230310001388613
bank,231,-1.6460566538677488,-1.9776406636653243,-1.336854675609421
bank,241,-2.0246608861809188,-2.6660335387611895,-1.5318534304737326
bank,251,-1.7772769934311312,-2.209565604005132,-1.4391890730749384
bank,261,-3.170383716946,-5.7366981302167925,-1.6965584560851836
bank,271,-1.607418492503283,-2.173150020584155,-1.212091340901009
bank,281,-1.8632686873459512,-2.241696380499727,-1.495291232912805
bank,291,-9.5852850813387,-21.261557721545312,-1.9173126358960644
bank,301,-6.650655840486357,-16.448888071446525,-1.6181177483817746
bank,311,-1.7064741688626242,-2.048464213245698,-1.3768207032853224
bank,321,-2.0298138982821374,-3.4387794001080367,-1.210809418697509
bank,331,-1.8590569739540015,-2.5266482393801555,-1.3422741706174166
bank,341,-2.008190333239667,-2.598870738325268,-1.547739299950594
bank,351,-1.6660149051032436,-2.25713602724291,-1.2803116625764657
bank,361,-2.3908963967574617,-2.9604928544845355,-1.9147603321085027
bank,371,-2.224453190864247,-3.341106973512541,-1.4974706773655957
bank,381,-1.7423681815944692,-2.1659377697586453,-1.3879232192948547
bank,391,-2.0616538721110547,-2.421763334269811,-1.7283098430937267
bank,401,-2.2135619684897048,-2.887809614211079,-1.6521323956207534
bank,411,-2.672130939219495,-3.820024857164408,-1.8918314097660944
bank,421,-1.1478102083993242,-1.416436215364374,-0.9095729002608006
bank,431,-1.7429878450945622,-2.046010950815457,-1.4766534919405292
bank,441,-1.9619821758917348,-2.804563188819018,-1.341652403168943
bank,451,-3.016431415616963,-5.538747053552184,-1.5925432970265443
bank,461,-2.651874035425707,-4.0721630775065725,-1.7791981780164363
bank,471,-1.5732090786686164,-2.0075552969593,-1.207669789339579
bank,481,-7.797299288171882,-18.413639810993285,-1.4801880253465232
bank,491,-1.8488985404580127,-2.6263798569108987,-1.314475830837064
bank,501,-1.9980645070545155,-3.333684829115103,-1.1724423075693269
bank,511,-5.043708044556546,-9.731999495520885,-1.7237941322092885
bank,521,-1.6510074893370803,-2.0549320133340663,-1.3209960231503737
bank,531,-1.2325614130860854,-1.47031674063552,-1.031855405592011
bank,541,-1.4936884408987716,-1.8284575241982648,-1.192454856289202
bank,551,-20.441451620680972,-55.21581879803437,-2.0628767065559748
bank,561,-4.225159014840473,-9.096069923111136,-1.581247052256732
bank,571,-2.0605949182950054,-2.5428607285786464,-1.6179212440150024
bank,581,-2.15955209786415,-3.343388758094122,-1.4319204775037655
bank,591,-1.5466117269121755,-2.0042530590872216,-1.2194801869955314
bank,601,-1.5493431247279008,-1.8770355539924333,-1.2530598268201367
bank,611,-5.1580372518640445,-9.489094869711051,-1.9935248638603056
bank,621,-2.623443930588368,-4.291715490356988,-1.6214535983772111
bank,631,-4.793627706614039,-9.75784773477245,-2.1055585881817165
bank,641,-1.6592867653643322,-1.9773538715138537,-1.3747872964441403
bank,651,-2.055569255179452,-3.0533653886542433,-1.4293360405826925
bank,661,-2.1439589503603083,-2.972254379305568,-1.5297755873004448
bank,671,-1.9332193405495064,-2.748154745796241,-1.3218146980435448
bank,681,-1.5755650700268242,-2.03323177010638,-1.1820629460490444
bank,691,-2.2279330877917913,-3.2381901864313303,-1.5502411707075092
bank,701,-1.8075725415249464,-2.122362813702119,-1.540775136193978
bank,711,-1.8670397093225972,-2.3610514094682196,-1.460385091548793
bank,721,-2.0893581731672315,-2.9194759558058134,-1.4946225977211156
bank,731,-1.5581564516399695,-2.0703483477810485,-1.1396205462696254
bank,741,-1.9887260524272767,-2.417485184155397,-1.605240737281488
bank,751,-2.1345722093377866,-2.757727602155145,-1.6317836368763403
bank,761,-2.804955116979415,-3.289943313649039,-2.369153751498456
bank,771,-1.7257649687747396,-2.2994660734107635,-1.263275425858538
bank,781,-2.291724304444397,-2.845743607526036,-1.821006638516279
bank,791,-2.1651694770142607,-2.5278132808755394,-1.829152749254868
bank,801,-1.8517443041690391,-2.3489702776545527,-1.4509640546504856
bank,811,-1.2980587001687205,-1.5257633711609142,-1.0733505963358
bank,821,-1.5778343079427923,-1.9421806103674135,-1.2415577792847323
bank,831,-1.4509025705029623,-1.7766904593928277,-1.1678464762041991
bank,841,-2.7447605575183287,-4.200441315012855,-1.7923751864558746
bank,851,-1.87198736100882,-2.4480333994940304,-1.4073946633449237
bank,861,-2.596680976336664,-4.897227240560551,-1.293500211215188
bank,871,-220.8408087595593,-657.3309038835771,-2.452016215612501
bank,881,-1.156346214704794,-1.328043405360878,-1.000735511993802
bank,891,-1.5997092804779327,-1.882925905352503,-1.344455258029502
bank,901,-1.983608890239108,-2.483698762395123,-1.5521238438849023
bank,911,-1.5844436412362355,-2.1812410393842763,-1.0934562205192109
bank,921,-4.740875591407391,-9.08146876070463,-1.573348374354158
bank,931,-1.8077821295200165,-2.164235695157444,-1.4773656230403722
bank,941,-2.377543993011229,-3.6839253108882217,-1.5898568549442529
bank,951,-2.164739782828234,-2.817475233490696,-1.6738246986710288
bank,961,-2.446035708266717,-3.6819528768325007,-1.6711429989622812
bank,971,-1.5900601933712868,-1.8818080451853696,-1.3098912477136022
bank,981,-1.4884452626070004,-1.7971953785014798,-1.209911109723299
bank,991,-19.96234258247112,-56.23681758067822,-1.6560468434987692
bank,2,-1.588530834476046,-1.9698465258987472,-1.2679671609045815
bank,12,-8.401931920824232,-21.541571306704864,-1.6844831526874628
bank,22,-1.5767756438707856,-1.9645643525643808,-1.231948472364139
bank,32,-2.636847832749061,-4.866541286534452,-1.3659477766076913
bank,42,-1.6065971165213506,-1.8652097864820472,-1.3606365351850214
bank,52,-1.5071059530948787,-1.9053279380838788,-1.1718731127328856
bank,62,-2.3060651475695284,-3.573866341956496,-1.4788981816850653
bank,72,-2.3437618774971023,-3.431965772406873,-1.624090306520665
bank,82,-2.1199787653569384,-2.995095049270013,-1.484090403131248
bank,92,-2.456957027633283,-3.4025639601857263,-1.7837103296379124
bank,102,-1.895610628987035,-2.3538605730893356,-1.5167672695428709
bank,112,-2.080408194293282,-2.7399808381772184,-1.544685235505863
bank,122,-1.6957568994558216,-2.301934465624456,-1.2702744233287742
bank,132,-7.188765734057506,-17.24401639459498,-1.8495781927258552
bank,142,-2.0695833765965315,-2.5572918990969953,-1.6168391845700711
bank,152,-1.3685662993923122,-1.6223705858369633,-1.1407310664936643
bank,162,-1.4962533525986004,-1.8329816430573704,-1.238739700049621
bank,172,-10.375634877795076,-25.918022130316896,-1.8417832056810008
bank,182,-1.791857398643597,-2.278255811141825,-1.401584173256327
bank,192,-6.158619829932599,-14.782581335411464,-1.679095139754016
bank,202,-2.2236808718037873,-3.302545437839424,-1.5304483043089263
bank,212,-2.058835019311199,-3.036945464642849,-1.4155080142229302
bank,222,-1.52368905113422,-2.1805631056760717,-1.0925283629057618
bank,232,-4.262414911977325,-9.085891269753334,-1.5891076728282838
bank,242,-1.9299230174973556,-2.9256907803120664,-1.2938705920914897
bank,252,-1.9157645590112469,-2.3592614409799793,-1.5274501539295473
bank,262,-3.1094715298844853,-4.944009519354168,-1.8976991992219856
bank,272,-1.7075210925018862,-1.9957699282956776,-1.434708672741274
bank,282,-1.6788418977012045,-2.360437247378731,-1.1989419620585615
bank,292,-3.002547378012613,-5.401867040702316,-1.6286367764680156
bank,302,-1.5754616140365345,-1.9153275546781,-1.2690763295059693
bank,312,-1.6592243285288426,-1.98970803955998,-1.3756237382581666
bank,322,-1.8538718008932584,-2.1697176633687345,-1.5747282763330972
bank,332,-1.9614412168282265,-2.676570244992507,-1.41796263241417
bank,342,-1.8499769357600504,-2.585919013288923,-1.387060349472489
bank,352,-2.228342487050159,-2.9269990515902307,-1.7422456464674356
bank,362,-7.321203363792392,-18.158850518730773,-1.7253158484397164
bank,372,-1.4383228738445095,-1.7641823681163908,-1.1374643553024752
bank,382,-1.7534058130219246,-2.1879343632913715,-1.3843123425158843
bank,392,-5.753999024823542,-12.3756359114293,-2.24094686511225
bank,402,-2.3351558338333005,-2.7629631050216577,-1.9618732660139744
bank,412,-2.25287000427583,-2.7920025294962887,-1.821595776247313
bank,422,-3.230237634400086,-5.468444044706299,-1.921648577525154
bank,432,-3.2037893781096085,-5.788211581768205,-1.7290461014874898
bank,442,-2.5297750066990448,-4.360982786955361,-1.4701388417279302
bank,452,-30.70426740978423,-83.8864550767727,-2.806576144346794
bank,462,-2.1937765568737184,-2.7382484132125255,-1.7201791031913884
bank,472,-4.005918037500702,-8.334252649839277,-1.6669971533026458
bank,482,-2.6920326902850347,-3.5414902157805788,-2.0032248538804875
bank,492,-1.8609705330530917,-2.2244766531499858,-1.4989118106524997
bank,502,-3.1607898768675557,-6.4470970140026225,-1.352441520077769
bank,512,-2.124747157312675,-2.8813333863511934,-1.587386621238755
bank,522,-5.288399687925552,-12.826834239454028,-1.377165652690017
bank,532,-57.19533343251866,-167.80742863629004,-1.7543805683998497
bank,542,-1.7555746097865306,-2.1757180794568076,-1.4044276777642537
bank,552,-2.565938745006907,-3.8293900348782217,-1.7489870315083378
bank,562,-4.5175463687267285,-9.07567298300476,-1.6676626570832591
bank,572,-1.5808882464180296,-1.9802454555203088,-1.2348592934842066
bank,582,-2.674955259623452,-4.186461534202832,-1.761498084018668
bank,592,-2.7012745677466814,-5.150613553573019,-1.3188820963996328
bank,602,-1.3666507659642024,-1.5645061150983604,-1.185759070548927
bank,612,-3.105408109665553,-6.212391012448249,-1.3912981214952624
bank,622,-1.866390279977862,-2.49760745588401,-1.3962609098603236
bank,632,-3.326362017450047,-4.434318739753047,-2.5676476167410023
bank,642,-1.3830824068636711,-1.6096438298784712,-1.1776916874282528
bank,652,-2.400248858019534,-3.1094778622599697,-1.823004349373784
bank,662,-1.766846371807722,-2.1826884319088413,-1.372148502381253
bank,672,-1.3856651018441242,-1.7092074474078962,-1.0915897650957396
bank,682,-3.653303002642195,-7.375915098666496,-1.5763777633743952
bank,692,-2.467724819701473,-4.915391056560038,-1.1347667387828886
bank,702,-1.7869934875403235,-2.2298777535725307,-1.4038540269779225
bank,712,-1.6331361502263384,-1.9763987303396855,-1.3248410422625705
bank,722,-11.33160614912462,-29.553066867477938,-1.988926428915733
bank,732,-2.999783417959806,-4.857453566123842,-1.873348162466945
bank,742,-1.5675764888538648,-1.829389849585366,-1.3071216289148195
bank,752,-7.145056338039408,-17.934862920284516,-1.611633485105749
bank,762,-2.255915543204737,-3.6805818451946064,-1.2154189485912446
bank,772,-2.4853643111532717,-3.4969480264429533,-1.7548272658655295
bank,782,-3.5001940566971164,-6.423417426692733,-1.6971505973894694
bank,792,-1.6859149936073214,-2.061162778254885,-1.3565110401823668
bank,802,-1.737983000883669,-2.4505420738313157,-1.3061866465388663
bank,812,-4.516628768447906,-8.229791475633428,-1.711516959113716
bank,822,-2.3097045751884333,-3.3437543065023747,-1.6154065050991682
bank,832,-3.7102904857461128,-6.95016539193202,-1.9014652252449304
bank,842,-3.2344720518213466,-4.898517653593619,-2.2005994916470786
bank,852,-5.106222691296124,-11.627982718055025,-1.6149393307737252
bank,862,-1.4004602044046983,-1.5976349631495173,-1.2125879609821286
bank,872,-7.242372483869217,-17.843733524760648,-1.777028060036806
bank,882,-2.3844801599619885,-3.118118610962397,-1.749585238623404
bank,892,-2.665597229407944,-3.1531750190844976,-2.2189029922613535
bank,902,-2.562744918237481,-3.5805659821010027,-1.7517038186815512
bank,912,-2.209926202882414,-3.0132172494405225,-1.653479356247739
bank,922,-6.338723292599159,-14.303946125534305,-2.10019476346128
bank,932,-2.3048268890399513,-2.9051337710721183,-1.817752075122257
bank,942,-2.0660049068127524,-3.5613662312414736,-1.2233109153942834
bank,952,-2.4856063218936635,-3.2401586583468176,-1.9443101379884675
bank,962,-1.5136505733879528,-1.8275280307287003,-1.2172220114000345
bank,972,-1.5499411334788251,-1.9065445113539488,-1.220237320519051
bank,982,-1.6912400081647814,-2.086393228660149,-1.401251620124108
bank,992,-1.93941295082705,-2.805977266125528,-1.4111076071137771
bank,3,-1.9453463880768984,-2.3627141047041365,-1.5582643235956892
bank,13,-1.6804461311725254,-2.0815084992297117,-1.3374505186207926
bank,23,-1.462066921829848,-1.7250961006694383,-1.2251109268554117
bank,33,-1.9778870727600777,-2.4390455034099223,-1.5430443702632308
bank,43,-2.4888985225065037,-4.323880632427642,-1.4231134278940432
bank,53,-1.5042911025217092,-1.9876881494017369,-1.1304647967430372
bank,63,-2.7131607112811755,-5.308434735762015,-1.2789782170708182
bank,73,-3.200141156533851,-5.556985468232171,-1.8495904141796065
bank,83,-1.3593289614525372,-1.5894611252896438,-1.158377229652354
bank,93,-1.8401638793459592,-2.334513479796012,-1.466870555173026
bank,103,-1.5803219069908157,-1.8671161425550369,-1.3446864847107058
bank,113,-2.426940606329727,-3.1954890546853005,-1.8763367618818585
bank,123,-3.913899981015862,-7.073451215545285,-2.093198017737972
bank,133,-1.7542883330623589,-2.2210106466572017,-1.356643411190292
bank,143,-2.2011312167330193,-2.929698545461655,-1.6879804389625332
bank,153,-2.3289644382036725,-3.0194417295345786,-1.786678914181156
bank,163,-2.572672481853999,-4.7245924092557825,-1.358538946589752
bank,173,-1.616028874934854,-2.0686865096461697,-1.27756461240152
bank,183,-1.756075440808083,-2.2243377493605516,-1.3659474793255508
bank,193,-1.8570162913272783,-2.330987774356905,-1.4752487319493668
bank,203,-1.756653793482746,-2.0832492233792212,-1.4580154336009516
bank,213,-1.80807511494268,-2.330765206546796,-1.393203930937548
bank,223,-1.6019939438931587,-1.99562615660287,-1.296236264259516
bank,233,-2.1903236402590616,-2.9816235724916926,-1.6081875108360657
bank,243,-1.1962829512727795,-1.458207898714497,-0.9684000494951795
bank,253,-2.4374201687192523,-4.118572046489278,-1.43351534752534
bank,263,-2.4917564352301347,-3.8242091942972687,-1.6236337674580557
bank,273,-1.7677408365257976,-2.184437467926679,-1.4365023372476216
bank,283,-2.232415213742487,-3.744685199982069,-1.325358911006427
bank,293,-2.2133508597924663,-2.9409469917420825,-1.7069476905397385
bank,303,-3.0137365108747547,-3.895151571607285,-2.301431577293169
bank,313,-3.6372169040745415,-8.074218296243034,-1.260245083160751
bank,323,-1.6300303774993896,-2.11877374881168,-1.2378264575267168
bank,333,-2.3226688342850266,-3.5361396167290753,-1.5525789741679428
bank,343,-2.4430374566060644,-3.4727553060519054,-1.7121398202555915
bank,353,-2.0103569806414354,-2.583572720846215,-1.5365461812007275
bank,363,-32.16492498257212,-91.91766503670448,-2.1157200697799485
bank,373,-5.429623033679285,-12.815107195989237,-1.5961905736694255
bank,383,-2.1586907462472893,-3.5586196204796416,-1.3449359621059118
bank,393,-1.3922350507668817,-1.7222324821922284,-1.101833714729291
bank,403,-2.9520857700589764,-3.875159891389014,-2.255965650196759
bank,413,-36.57460554575112,-104.3995253524318,-2.374738745330639
bank,423,-1.3935116969024592,-1.6981435813787766,-1.1112164779412304
bank,433,-2.694149508253089,-3.394524870623587,-2.110259175277727
bank,443,-2.797941957046011,-5.519568509346258,-1.3056320462172943
bank,453,-10.01113446871316,-26.657201191129015,-1.532826432130048
bank,463,-2.1035789659062183,-2.5350744502016203,-1.7153494583630673
bank,473,-7.453238343249902,-18.55484704233782,-1.6567658488056312
bank,483,-2.2946776632553245,-2.744685455675552,-1.894994044055841
bank,493,-2.519614172254509,-4.794483836700544,-1.2786057239408857
bank,503,-21.645113723430732,-58.90922633724168,-2.7503938979522258
bank,513,-2.2763881031948827,-2.9325478630282458,-1.7569921609015395
bank,523,-1.5064947245309832,-2.0763298766059317,-1.0930080661131896
bank,533,-4.514654154602954,-9.876007334047314,-1.682349734729152
bank,543,-5.022094191651943,-11.01033917344344,-1.844216740197039
bank,553,-2.0581721919889224,-2.8783591462445175,-1.5188676276703246
bank,563,-1.7730281340708172,-2.0667022150094607,-1.4914756951543604
bank,573,-1.9032090989040096,-2.4013559577819374,-1.5000543069363657
bank,583,-6.8639423154326895,-14.309383860151978,-2.1794415433182075
bank,593,-1.633777340065711,-1.9972725605535568,-1.3097809916085632
bank,603,-1.7248440873090654,-2.16640275787189,-1.338498975552532
bank,613,-1.611031793206117,-1.8825694447605168,-1.3501567342027223
bank,623,-1.5272180209087007,-1.8594325454000864,-1.2297761234892717
bank,633,-2.313243811182264,-2.743947558908235,-1.8898780597018157
bank,643,-27.18024818422759,-76.45717373431955,-2.3652113880071033
bank,653,-3.6775089018231313,-6.828404878200691,-1.9079504857115497
bank,663,-3.172362088067117,-6.338262921478115,-1.4214337545852176
bank,673,-2.0324146985602067,-2.81273396821621,-1.454225512084134
bank,683,-7.7744837258022095,-19.243955840076367,-1.8027956468538069
bank,693,-4.180573062011747,-9.565790984867446,-1.3517889007755957
bank,703,-2.446539860187202,-3.539178327902279,-1.6816091349990898
bank,713,-1.5517019347016097,-1.9736926024689256,-1.189737755114552
bank,723,-1.3265275596671664,-1.6056889361730864,-1.098406705874399
bank,733,-1.8742500881772328,-2.220165003364774,-1.5633755263769806
bank,743,-26.110464109936665,-74.42919156643221,-1.7492783252670785
bank,753,-1.8699371937297409,-2.565581918276323,-1.3661188997745652
bank,763,-2.193168076306848,-2.979065138011576,-1.6467362772905287
bank,773,-1.6327086801495456,-2.0350071327055925,-1.291862549319727
bank,783,-2.616703648243425,-4.81345602147657,-1.3944098716664854
bank,793,-1.470678937680709,-1.7595193559203706,-1.214027854555427
bank,803,-2.236960369821319,-3.2316973561646343,-1.5549733496210498
bank,813,-1.3701714019474085,-1.6415031933044335,-1.1203415596681312
bank,823,-2.4997383822184243,-3.825073777553187,-1.6556296551647376
bank,833,-3.0898472109917847,-5.9978502424648585,-1.4390511497298604
bank,843,-1.8871009854064669,-2.18688128996695,-1.6073395571659992
bank,853,-1.5836717680283483,-2.1377693440530616,-1.1390091629758043
bank,863,-2.426534826057649,-3.671888430656197,-1.6087649786204894
bank,873,-3.3320511409649463,-6.841295583340277,-1.4513364056657092
bank,883,-1.979694047992611,-2.5917468088960174,-1.5434621535138937
bank,893,-1.4327156179614688,-1.7156840931260418,-1.1635436453329953
bank,903,-2.000821044262161,-3.215957319950585,-1.2806484678110586
bank,913,-2.4194197143583622,-4.314666656588269,-1.3478428014939126
bank,923,-1.6820964486807402,-2.09059993308757,-1.3522694444686043
bank,933,-2.4746183462797156,-3.8320165001302673,-1.6446960612264112
bank,943,-1.924195242150625,-2.630334160778183,-1.3545696455190854
bank,953,-2.282146757419804,-2.918511958031937,-1.765229009582214
bank,963,-1.3598624391759322,-1.8130274997392763,-0.9912409668974308
bank,973,-1.6656996291589568,-1.9765940470832892,-1.3768211969989534
bank,983,-1.6389513143782135,-1.904482967936609,-1.400964234059408
bank,993,-2.337019456364753,-3.3510175410473435,-1.5248953694336322
bank,4,-2.23852919424338,-2.6824522816407086,-1.8054074920736152
bank,14,-1.6203931382767935,-1.9562081873824284,-1.2912212742728435
bank,24,-1.6836743602496798,-2.2988725159775805,-1.2203944299973155
bank,34,-2.3504254449567163,-3.369446477727641,-1.5273226933511128
bank,44,-2.6629371673325695,-4.060033169088916,-1.7686191519281371
bank,54,-3.284655144549949,-5.865885411148548,-1.806001546686852
bank,64,-2.053096702068416,-2.5978288733145756,-1.6222577501054276
bank,74,-2.582694530794182,-3.762603905273148,-1.741860920699397
bank,84,-1.963998434002012,-2.7980263650908044,-1.4108947794470386
bank,94,-2.1435320066072094,-2.7117927052894153,-1.6505811436150757
bank,104,-1.6576220838412954,-2.2416517200193895,-1.2104677497514311
bank,114,-3.1730516851001,-6.548403164999346,-1.3680647695868866
bank,124,-1.5482008068036306,-1.8210351991137832,-1.3150845920212515
bank,134,-2.4524309023355055,-3.963466574265316,-1.56368998138142
bank,144,-2.2483503091922095,-4.328278563224358,-1.1299539109977266
bank,154,-2.175429226001378,-3.1427813229858894,-1.5171135442484471
bank,164,-1.8433123289871576,-2.263373600174626,-1.4860728734006143
bank,174,-2.1998802342043797,-2.6583556345416337,-1.803303986147749
bank,184,-1.7137852482806353,-2.0729554109420443,-1.398543608412118
bank,194,-2.8985814545412216,-5.544550507977621,-1.3571264239439975
bank,204,-1.465949632702914,-1.825311025117036,-1.1229108609922989
bank,214,-2.716987427085196,-3.7697216664503927,-1.8190549769145337
bank,224,-1.6629761800097569,-2.3117289076577,-1.2244675616460208
bank,234,-1.654857423258299,-2.03428467287138,-1.3283762580247318
bank,244,-1.791813275208611,-2.138386366132867,-1.47203229606301
bank,254,-2.0923700876099027,-2.7807583331726287,-1.5456063829875843
bank,264,-2.3358985179020166,-3.528195802655851,-1.5962746758832118
bank,274,-5.637209601355222,-11.275877106564202,-1.5825084109732983
bank,284,-2.0100760766170445,-2.4477708476053377,-1.6472420890008062
bank,294,-1.3401197529239255,-1.651256608455835,-1.04448591803362
bank,304,-2.099466633556116,-2.550376102715327,-1.7178184149118534
bank,314,-3.6345310537025175,-7.071605676850092,-1.778469788541181
bank,324,-1.804083369219668,-2.152227809378627,-1.4881015589899966
bank,334,-2.657294396034944,-4.905211893559415,-1.376126574358739
bank,344,-1.8054593015602045,-2.216938822045991,-1.4194533619416565
bank,354,-1.819116244911973,-2.157534413667871,-1.5058922611814995
bank,364,-4.129547791505917,-7.956480374490567,-2.0040243624843455
bank,374,-2.9093796255457147,-5.8991844902991195,-1.300849218788826
bank,384,-1.982724101240456,-2.416457253472229,-1.5838442000250796
bank,394,-2.805915125742138,-5.267608654677168,-1.4531731546695108
bank,404,-2.417449806984374,-3.2378167856715048,-1.7804399759458296
bank,414,-2.5056004339522233,-4.158877542701123,-1.550058984679659
bank,424,-69.77655755478317,-205.8504877320149,-1.600272825577973
bank,434,-1.8380600359320536,-2.2438993030752172,-1.466787111571778
bank,444,-1.878248708782222,-2.351537470795495,-1.4916190643491276
bank,454,-4.656766434265605,-9.14114132056304,-1.4874814046936171
bank,464,-71.13465085039711,-210.06238074704245,-1.5366677758509146
bank,474,-1.751171621304502,-2.3038241348701933,-1.328981448586194
bank,484,-3.748625585794736,-7.458586833483505,-1.559204969125614
bank,494,-1.8028300156933783,-2.1850083029226965,-1.4300832323494237
bank,504,-1.651582892104993,-2.0304192560799237,-1.314830724827226
bank,514,-10.945712102458334,-28.87395787294481,-1.7991684082265562
bank,524,-3.3487180276349062,-5.880958551746258,-1.8917968995060643
bank,534,-1.7033446766651998,-2.134722916609722,-1.3222132912060944
bank,544,-3.7197296407941263,-7.127427007014405,-1.8129871958875527
bank,554,-1.4774927322367863,-1.8506204128625672,-1.1704800646118445
bank,564,-2.2376094369551707,-3.897143861030411,-1.2740919722198227
bank,574,-3.601771688530838,-6.844954339604927,-1.8081175728569905
bank,584,-2.2356955296661916,-3.075380163052702,-1.5681343786251405
bank,594,-3.8079748278084775,-7.9856556597643955,-1.465124202667319
bank,604,-2.7712941129788815,-4.798385653148667,-1.539650711744891
bank,614,-33.62249041142116,-95.6725213460267,-1.8644007855410585
bank,624,-2.7566782807232086,-4.782929263811231,-1.5336276802278903
bank,634,-1.8066080816460868,-2.105479676939634,-1.5227774243013894
bank,644,-2.1371797369210146,-2.943146027499903,-1.5562708105583554
bank,654,-3.168092758485124,-6.306126319667844,-1.409627039209958
bank,664,-1.3450688923890697,-1.585744989136175,-1.1237394658662585
bank,674,-1.7258178013351002,-2.016636912605533,-1.4477610706683617
bank,684,-13.022573557686233,-34.48219349714915,-2.080708625924069
bank,694,-1.750681528445076,-2.1945341915515137,-1.392213614339031
bank,704,-2.4848357069602693,-4.115127942072772,-1.4888153848258316
bank,714,-1.580446898593617,-1.9392819189433543,-1.2428788927671204
bank,724,-1.5579108274347044,-1.843441254295635,-1.3185262816628824
bank,734,-1.4055987852855605,-1.6412476080372127,-1.1710424322725304
bank,744,-1.9865519358904349,-2.399171249204536,-1.600401847471964
bank,754,-2.299851830721199,-2.9085911703450193,-1.7930061251284848
bank,764,-2.5425306084239976,-3.69656031712604,-1.7714727463442652
bank,774,-1.7881568016578326,-2.3722798315672695,-1.3586267749817371
bank,784,-1.769732040874587,-2.460045986957601,-1.217760006098143
bank,794,-2.181501395288437,-3.675919926927636,-1.2975945298852511
bank,804,-1.4450320174148152,-1.7448439886502836,-1.1673726395118134
bank,814,-2.00538441309629,-2.5447762489833625,-1.517391110228726
bank,824,-3.1570396831548497,-6.292487690065441,-1.4538859925634788
bank,834,-5.9779793163378265,-12.924566821508977,-2.2626960886441427
bank,844,-8.251218521489193,-20.83860765358498,-1.8157803534912016
bank,854,-2.0913901826208825,-2.539703726954447,-1.697776786497105
bank,864,-7.185203531082175,-15.25575890423421,-1.7891002058702818
bank,874,-4.9679483939776246,-10.193958657428164,-2.0221542941722808
bank,884,-1.993236318693114,-2.9738593981922543,-1.3564443599082596
bank,894,-1.6431224361633434,-2.0597201367128135,-1.3305770086346291
bank,904,-5.4441707809542805,-12.544827947632982,-1.6984092699940505
bank,914,-3.1062258452418905,-6.257441113094975,-1.317888336641906
bank,924,-1.5435266767120983,-2.1856869599749245,-1.0375526350757138
bank,934,-1.6459343610325778,-1.968267842323133,-1.355263315368528
bank,944,-3.490377869936532,-6.572905214034125,-1.7724834832135816
bank,954,-1.285326242615176,-1.499590923826981,-1.0772320005641831
bank,964,-1.1957688165866354,-1.5123882341551198,-0.9098898816991156
bank,974,-1.4652650676705563,-1.793709731734722,-1.171220816547902
bank,984,-2.0490228674412267,-2.4082006701227017,-1.7295251565271557
bank,994,-2.1882834875464985,-2.588654310861928,-1.8084520729847784
bank,5,-3.7257402006464577,-7.739097128988795,-1.541766961017201
bank,15,-3.006261079536337,-4.72420816639905,-1.9580941228975055
bank,25,-2.797523661873723,-5.166056328543258,-1.4876072558160751
bank,35,-2.2792291164372216,-3.7265560525363006,-1.348284848957463
bank,45,-1.825762001951181,-2.1801917970833307,-1.5394621960735588
bank,55,-1.9517537105794591,-2.30698758026308,-1.6295250826388563
bank,65,-2.0390950296747423,-2.602169380870349,-1.565298517758204
bank,75,-2.0615060404059067,-2.5657129489419397,-1.6446603171390497
bank,85,-1.64666511681069,-1.9851653384072596,-1.299386457953748
bank,95,-10.327367279458844,-26.80239570029376,-1.9205341566589371
bank,105,-4.982966282489176,-11.338126594243963,-1.6389445256673134
bank,115,-2.273612365025879,-4.054032583310954,-1.2322475994457984
bank,125,-2.3782327658773097,-4.211454741939304,-1.3109075784009392
bank,135,-4.537858454612713,-8.734763509746669,-2.26110285532601
bank,145,-1.7113802921359142,-2.0868975231070412,-1.384068551368726
bank,155,-1.741764372389281,-2.593565207836934,-1.162462476114126
bank,165,-1.7609003914023889,-2.233545059130265,-1.3631002774738277
bank,175,-1.9949222582586228,-2.420482867284671,-1.6064933815799407
bank,185,-2.2665081975130725,-2.9438984283177487,-1.7300095852943151
bank,195,-2.528145658255806,-3.9190913488694985,-1.7073551831801468
bank,205,-2.083135327006548,-2.80288048205103,-1.586454023917429
bank,215,-1.5470898705396066,-1.878918800828681,-1.2509517920961757
bank,225,-2.062856126380084,-3.081970776694407,-1.4162337979415098
bank,235,-1.4578640616323746,-1.8074705794410413,-1.1738160456600186
bank,245,-1.4756972721542017,-1.826516390376194,-1.175378632814806
bank,255,-1.8811481082950847,-3.079430400032781,-1.1736622165673956
bank,265,-1.4257478335141878,-1.718436229122622,-1.1637158246958694
bank,275,-1.6233105767948015,-1.998302545696108,-1.2942897696594675
bank,285,-2.1664570888923587,-2.8325135877516256,-1.652354331444969
bank,295,-4.653108588283447,-8.82819791052005,-2.0507372904613717
bank,305,-1.9217871140496712,-2.5153906386657328,-1.4030764722124731
bank,315,-1.3490775781471531,-1.745828748913998,-1.0664427934048175
bank,325,-2.418562130278026,-4.627012568619607,-1.2217473210342864
bank,335,-2.9607052888580556,-5.615891458475775,-1.4268616200413546
bank,345,-2.0645414270214077,-2.739043189575961,-1.5131665161151175
bank,355,-1.9679128884134345,-2.8045776360646286,-1.4134214660414166
bank,365,-6.734404569293611,-15.884007451778707,-1.9036739615035452
bank,375,-6.976730524223728,-17.339743267809087,-1.6413592182375092
bank,385,-1.9197304350437008,-2.704839075405808,-1.3721430800008716
bank,395,-8.905755333072257,-22.379772207116737,-1.997951397952931
bank,405,-3.745951852463071,-7.746113714310231,-1.5898709224575962
bank,415,-105.6821307072933,-313.1599682694645,-1.7832317816634793
bank,425,-1.5676696062928268,-1.8942232638617993,-1.2768009021691633
bank,435,-5.0570236567431595,-11.396669750080209,-1.7463219461390682
bank,445,-3.347758595074485,-5.12737119420975,-2.252513862616145
bank,455,-1.8952365980495176,-2.288180148792593,-1.545267722858072
bank,465,-1.6313593018943549,-2.0792517336056737,-1.284527127067904
bank,475,-1.4839179839132235,-1.8065422262641972,-1.185579608800858
bank,485,-1.763287320366857,-2.329592910913025,-1.360732702868743
bank,495,-1.8547248709650976,-2.2562156422701904,-1.48905562011262
bank,505,-1.7022801326955386,-2.0666424043601235,-1.392547161286489
bank,515,-3.6882577414956934,-7.185837134356375,-1.7871087923968505
bank,525,-1.5325439744433986,-1.7880080044467217,-1.3007310464675548
bank,535,-1.5436337679162664,-2.236743188823867,-1.129088774385211
bank,545,-92.287299857185,-267.90230748197246,-3.4091181944202744
bank,555,-1.581055946364265,-1.9572065571442907,-1.2524072529752317
bank,565,-2.4120093579296156,-3.1082623503814095,-1.8545413575497227
bank,575,-2.017766953608568,-2.6961020546738235,-1.4706872136824083
bank,585,-3.201394528969975,-5.994039701473553,-1.5877315584969198
bank,595,-10.010318005946408,-26.132682767755725,-1.7525244608961563
bank,605,-6.314270222211013,-14.854673063653207,-1.8750285700013969
bank,615,-1.8473550703185304,-2.34769418078704,-1.4597973033978535
bank,625,-1.8456878314108875,-2.51254645251181,-1.3560653662784383
bank,635,-2.226066172792927,-3.4392015605875823,-1.483729945929109
bank,645,-2.4814054121633413,-3.0187892398275595,-1.997702177258424
bank,655,-1.850639622455024,-2.372926768828491,-1.4140168286193977
bank,665,-2.2960156290285383,-3.3455814979426437,-1.5229420394059032
bank,675,-1.7689893099550142,-2.071757675129496,-1.5173872915703672
bank,685,-3.0006452578401377,-4.6551328856978635,-1.97720630100603
bank,695,-2.4684601024048236,-4.017774495326385,-1.5508812105386092
bank,705,-1.9113502897913988,-2.441498626197453,-1.4411708167554338
bank,715,-3.6818518303828975,-7.201957667874494,-1.7555564656925484
bank,725,-3.519524573533187,-5.620215665692115,-2.1956242663306074
bank,735,-1.3174403712986715,-1.7059754446645208,-1.0106017516314796
bank,745,-3.0652347685903276,-5.438395441869998,-1.6713790276662708
bank,755,-2.3896246216829815,-4.381997589980554,-1.2426820213998977
bank,765,-1.5707134625100978,-1.967034932928752,-1.270267413911885
bank,775,-2.4105283408308633,-3.3557519402983953,-1.7773903746552815
bank,785,-2.1256865008106467,-3.6108424090992512,-1.227099841579952
bank,795,-1.551664932611502,-1.879847044203959,-1.2732739645418858
bank,805,-4.078453445607897,-8.92121168471685,-1.499910362162571
bank,815,-3.409130185779027,-6.512426124559712,-1.6362915313962203
bank,825,-1.5353598116703424,-1.8307640978177748,-1.2729888530660765
bank,835,-2.313824272249974,-3.3293068195724107,-1.6356461785606706
bank,845,-1.8869864875844689,-2.396045389014521,-1.460398707115923
bank,855,-46.11150008918154,-120.64688501478707,-3.884253401965352
bank,865,-3.862844634094448,-7.619843544996175,-1.8631409267551495
bank,875,-2.336473056036879,-3.506681264231758,-1.5571381247463485
bank,885,-16.918489043951894,-46.82329603716916,-1.8002582781449314
bank,895,-1.4865616022452768,-1.9227359093438623,-1.1501255862583275
bank,905,-1.4161609179316383,-1.693715846376751,-1.148705954541765
bank,915,-5.88767200345551,-13.242840521480648,-1.977088514841949
bank,925,-1.6900865508295009,-2.142158174664736,-1.309965936259344
bank,935,-1.8542551344584584,-2.882320852340493,-1.206178372286412
bank,945,-6.796259208484425,-16.37327900437141,-1.8320915369328992
bank,955,-2.617028616917782,-3.777671984665883,-1.7200848475323172
bank,965,-1.8939123796392252,-2.27730403343752,-1.5715550983327744
bank,975,-1.7322581369403396,-2.1521562343548037,-1.3819983170744958
bank,985,-1.7462030987307071,-2.141246749947335,-1.4112773907704017
bank,995,-3.219648240523718,-6.319931019897653,-1.521403948308463
bank,6,-1.2024785207359738,-1.4912223180152224,-0.9302372625574328
bank,16,-6.656463191003681,-16.052213564717764,-1.7826587707274866
bank,26,-2.0449198648621527,-2.7839006933282273,-1.5018020249087094
bank,36,-1.5436937834875684,-1.8810547105490112,-1.259370162866089
bank,46,-1.5192302805455613,-1.8713050076395068,-1.1978412909381293
bank,56,-1.8191468520178344,-2.2819193994652016,-1.4208379130050883
bank,66,-2.5809660658270968,-3.326326754999386,-1.9659495853385776
bank,76,-1.8885308625106365,-2.425341985500062,-1.5013772705117396
bank,86,-2.040930970681905,-3.514659305406843,-1.1602090619475065
bank,96,-2.368909525084633,-3.1649773863962225,-1.6780092039872372
bank,106,-3.4520515987317424,-6.7293987011703935,-1.4434734153361422
bank,116,-6.815925744009879,-15.957404195693512,-2.104524165361666
bank,126,-1.602594898947845,-1.9190838577286613,-1.2979204887800782
bank,136,-1.8400986729853883,-2.2584088653590215,-1.471562008814349
bank,146,-1.8912829930123989,-2.734417968960043,-1.3152413602710658
bank,156,-1.5886905680282275,-1.9143258582138392,-1.324157767822446
bank,166,-1.6124375553594474,-1.9754071746566864,-1.295237200941795
bank,176,-3.307958728062382,-6.47821675826322,-1.5239886807651235
bank,186,-2.404622432816502,-3.211567868134941,-1.7726399674991349
bank,196,-2.2107862465916437,-3.1660764792858247,-1.5732992470763083
bank,206,-3.7856555853568175,-7.922985494091081,-1.5862346647782322
bank,216,-2.458593535757851,-3.254368711416916,-1.888987370726605
bank,226,-3.1052745518804805,-6.339694492140225,-1.342123585299572
bank,236,-1.516736249032428,-1.8237060137573464,-1.2576095750546294
bank,246,-1.6010833494252767,-1.8779531320228957,-1.3401424712085082
bank,256,-2.8575279459169725,-5.479305799521828,-1.4165333512287348
bank,266,-1.6347065610287768,-2.1537911742490703,-1.1898630967931825
bank,276,-2.189636811039957,-2.5754515897210437,-1.796605456729383
bank,286,-1.594287596802998,-1.837113874882164,-1.3739938225347963
bank,296,-1.836340787283572,-2.473046516114222,-1.3694341528000216
bank,306,-1.5268357676273032,-1.7835102717416629,-1.2830669900493714
bank,316,-2.3431599178888276,-3.4658340690249405,-1.591892474945994
bank,326,-1.7927768966424795,-2.19417379142689,-1.4215022338106706
bank,336,-2.122577055897113,-2.5268236187242934,-1.729203823422478
bank,346,-1.829676011362711,-2.660466656927629,-1.2569457481272583
bank,356,-1.7590037795058624,-2.0692295462784065,-1.4757368416664929
bank,366,-1.3439240761885154,-1.5940739234647932,-1.1235566952614084
bank,376,-22.843631246190263,-63.17573618510573,-2.4732420023317836
bank,386,-2.2334989992247953,-2.7049271358916425,-1.8017016930795635
bank,396,-4.183656216802029,-9.169650356083238,-1.551283975358125
bank,406,-2.7947521235591384,-5.05102399792467,-1.4912710917831449
bank,416,-1.6124829449958549,-1.9496428730089508,-1.2924854319955192
bank,426,-1.39149596603488,-1.9417056686754637,-1.0236817827684437
bank,436,-7.596287221923793,-18.961734784115873,-1.7645549547158763
bank,446,-1.8434376968577384,-2.320178798145176,-1.4499628825364637
bank,456,-2.195673148247848,-2.7552235701143974,-1.7519742313555762
bank,466,-2.3855200109637464,-3.384670478849039,-1.6905166409819454
bank,476,-1.7419052799166264,-2.1737154230953015,-1.3707079985254376
bank,486,-1.833741589481527,-2.178696885374174,-1.5304955300044536
bank,496,-3.0189285861448054,-5.609281147386333,-1.537976206902437
bank,506,-2.1625058455165567,-3.265284715164678,-1.4637055305328823
bank,516,-1.740763270738062,-2.02633494500897,-1.456840820424605
bank,526,-1.928178057929696,-2.91041756749579,-1.3216755240917126
bank,536,-1.5222701050321397,-1.8102274485708816,-1.271146490184784
bank,546,-2.064045626052821,-2.7879805267518663,-1.5773712659987713
bank,556,-3.2579378202063847,-5.939240348966581,-1.7597687622050395
bank,566,-167.033251375377,-495.49821445550504,-2.5964490092618617
bank,576,-1.7299040437873126,-2.220622813678467,-1.3258809893535457
bank,586,-3.2569478291569895,-6.079089955021643,-1.6976069017848263
bank,596,-1.914861440184757,-2.8333838567365537,-1.3124396860257774
bank,606,-1.8203036957038947,-2.142749621310578,-1.52181729627012
bank,616,-1.9515425404139572,-2.8209400404239187,-1.3558895084986828
bank,626,-1.5423969184180288,-1.9438656522759048,-1.2047297403609232
bank,636,-5.205521848971359,-11.6141196635518,-1.8163588385963416
bank,646,-1.6494365788463337,-1.992391366310463,-1.350092696599825
bank,656,-9.101697228310757,-22.66092200470089,-2.0168834391813264
bank,666,-2.073516507821847,-2.394047650795542,-1.7757031705117203
bank,676,-2.0352122186650905,-2.3603713437929965,-1.705916158198205
bank,686,-1.94917862904538,-2.2831929961843622,-1.6135816990727454
bank,696,-5.77476227617964,-11.987012038463382,-2.3408698474940257
bank,706,-1.5802487915393553,-1.8876718070523943,-1.306064222698156
bank,716,-1.3465423838881097,-1.5772697129233897,-1.1361295249943777
bank,726,-1.8612495990777735,-2.9939728858488475,-1.1783895222341094
bank,736,-2.068858861923073,-2.6489547945600553,-1.5967731709616668
bank,746,-4.630371949529811,-10.420555323260748,-1.5444681424533209
bank,756,-1.7381249055739354,-2.432154092722987,-1.2116376411917449
bank,766,-2.4517849890614243,-3.612057791775629,-1.7175124288615513
bank,776,-1.4337782689836382,-1.7733209693485836,-1.1501289016717726
bank,786,-1.6953074605030083,-2.567513553216074,-1.0912214120192727
bank,796,-1.996695681909688,-2.3405214359648157,-1.6892319273183452
bank,806,-2.5535605422814167,-3.3551353030326148,-1.9829578198915587
bank,816,-2.1307698329903535,-2.7694486249504124,-1.6430302209181948
bank,826,-2.7240885191153064,-3.816380641351829,-1.970181967894339
bank,836,-2.1256058188268416,-3.3165916518870615,-1.3731097751125043
bank,846,-1.7175430774394442,-2.124722007471938,-1.407746611314323
bank,856,-4.090129666313005,-8.317630731914381,-1.7606628024332915
bank,866,-2.024115429914466,-3.102316483856128,-1.3536846190273266
bank,876,-1.5043632706123566,-1.7803177166045152,-1.2715703968773486
bank,886,-1.451116673008226,-1.7211111169013469,-1.1814757472061233
bank,896,-5.286446085379728,-12.363568785861409,-1.6034565155123917
bank,906,-1.4811284734825434,-1.8572852058087623,-1.155858332341151
bank,916,-1.8856218974393515,-3.065944575335053,-1.1695404755154508
bank,926,-1.5935705328047811,-2.181885120155097,-1.1463889577081914
bank,936,-2.213893373091993,-3.1287215126341503,-1.5947225286920956
bank,946,-2.557875540528262,-3.5604056503730592,-1.8218606893881415
bank,956,-1.389144111166084,-1.6405294237651071,-1.1382814888089403
bank,966,-1.6510352066828569,-1.933624319818752,-1.3900072185785133
bank,976,-2.698547276358783,-3.549264176048567,-1.9775927265576907
bank,986,-2.349444208825612,-2.715951197537153,-2.011097430922789
bank,996,-1.8188547760010512,-2.788936836740105,-1.1825460463751956
bank,7,-1.498451475338284,-1.9090789759350104,-1.123048929991229
bank,17,-1.5085258768182408,-1.7868103642381592,-1.2443352500633076
bank,27,-2.0931824032956197,-2.56061583179223,-1.656049433539867
bank,37,-3.6238707925219584,-8.056837500340652,-1.2977748613530091
bank,47,-8.648976219044208,-22.36926960291417,-1.610050190051138
bank,57,-26.674799433565347,-74.69610807316678,-2.3963424990645272
bank,67,-2.096869718903367,-2.5132340860406535,-1.7005396164001785
bank,77,-2.3797384999364137,-3.701324497510984,-1.549324300597622
bank,87,-13.731867112887324,-37.982991364147665,-1.4697101645949442
bank,97,-1.81757134918776,-2.639706871333664,-1.205242408970469
bank,107,-1.9174089815436224,-2.553568339933576,-1.391666026426796
bank,117,-1.7329843003636949,-2.446265024762919,-1.2543155951376002
bank,127,-20.437721852717424,-52.249745700200826,-2.3897645333947133
bank,137,-2.309192051444281,-3.160621848496903,-1.6758472219814595
bank,147,-2.8633082107246404,-4.707643056054835,-1.6997798036213418
bank,157,-68.05784208285428,-198.04239476288163,-2.930609424299721
bank,167,-2.7041658925402063,-4.707747358077702,-1.5459421619208285
bank,177,-1.527497079360825,-1.8442231968180247,-1.2276151063057987
bank,187,-2.4152932423123876,-3.4127175579163445,-1.6357490374069945
bank,197,-1.4545323713534994,-1.7935135042210302,-1.1556154674124663
bank,207,-1.7354658231518112,-2.027996445630422,-1.475796623632912
bank,217,-2.5367989736581427,-3.478691944575628,-1.879463418979644
bank,227,-3.238860338302147,-5.543687288215525,-1.918233334486502
bank,237,-9.759582351837627,-25.588003404540885,-1.6977564831474226
bank,247,-1.719094829167941,-2.2836604880487843,-1.286947038576
bank,257,-2.590584509243438,-5.063906998140751,-1.206473856574537
bank,267,-2.025340910011447,-2.8043029317094796,-1.4847833679140157
bank,277,-1.5937029603029758,-2.182023593715046,-1.181173745311936
bank,287,-20.955469644749947,-58.61727205084532,-1.995996960733051
bank,297,-15.656084440817905,-44.60477391377134,-1.1149243604183685
bank,307,-3.01215555213383,-4.21439023504535,-2.181666290559206
bank,317,-2.3191723145918495,-2.873809793267606,-1.809339074841982
bank,327,-1.5407794556253362,-1.9765066059892595,-1.172457780393403
bank,337,-1.946269213225018,-2.377940307311745,-1.5996801582664664
bank,347,-1.7304373550519927,-2.2464917087378904,-1.3568191736950928
bank,357,-1.8295298970143024,-2.2124621552711616,-1.461727135289955
bank,367,-1.8488616554330668,-2.9471032483923723,-1.198057393253734
bank,377,-1.490977126368347,-1.8159181307594576,-1.1932826641387184
bank,387,-1.9670013386939824,-2.4860863859193403,-1.5127164944183231
bank,397,-2.3243686740764464,-2.9516538676839827,-1.8763307172335917
bank,407,-1.326080192521453,-1.6228769132665402,-1.0824954757787275
bank,417,-1.6538330664341951,-2.0079874668262443,-1.3254067192205232
bank,427,-1.763987795411663,-2.1426139220558778,-1.4179031062779532
bank,437,-1.6117857127247086,-2.006367241047091,-1.3173643893824285
bank,447,-1.9243558718399325,-3.173869412688974,-1.1470564582702538
bank,457,-1.9201496158723668,-2.5997165142602956,-1.4258752668634975
bank,467,-1.2017586109228702,-1.474800906933862,-0.9430995675622758
bank,477,-1.7118985187206557,-2.274791002437493,-1.2712533316503192
bank,487,-1.9194647437843844,-2.9281630399274876,-1.2623718589994042
bank,497,-2.52719431621569,-4.239058583279104,-1.5439975946987037
bank,507,-90.43098192781883,-259.8924984379667,-2.4138614153191793
bank,517,-3.340156712908546,-6.136732660315407,-1.7483765716283748
bank,527,-1.4533279165085513,-1.8914001787691108,-1.0558158942383962
bank,537,-3.2517847993114355,-6.0100825810785645,-1.6287630747000432
bank,547,-1.8539164868984717,-2.4843251670488047,-1.3953744600053135
bank,557,-2.2391330413238126,-2.864361083047785,-1.7643597542528766
bank,567,-5.660249450121084,-13.268995768982483,-1.729232777716323
bank,577,-2.1694166719120633,-2.9335213943993144,-1.654905050043092
bank,587,-2.990640037683402,-5.34369749357285,-1.654701165517601
bank,597,-2.26779892250278,-3.2064553257442094,-1.6116086068070146
bank,607,-2.180313710957322,-3.1331694760130673,-1.523872354204304
bank,617,-1.558956357843285,-1.9593947971113916,-1.203390285738499
bank,627,-2.304970496203415,-3.621985512510816,-1.4649355505854045
bank,637,-1.9599749959258064,-2.292286927314317,-1.664027298849896
bank,647,-1.6038065507940074,-1.9712665699180785,-1.3113493251391537
bank,657,-2.386144514352182,-3.314117811086976,-1.6921414547468858
bank,667,-2.2450692672263446,-3.483641604224873,-1.443338061722043
bank,677,-2.0873560443405843,-2.6464675761455756,-1.6063720589040045
bank,687,-2.822980575030252,-5.522962726701353,-1.2983125298923768
bank,697,-2.0884340312439065,-2.940157623814691,-1.4700559517232852
bank,707,-1.4945542550385027,-1.8893322003067152,-1.1637091156257011
bank,717,-3.193933127098909,-5.280701368988659,-1.6938278255076424
bank,727,-1.638821312728724,-1.965709177841952,-1.3077145134785677
bank,737,-1.7293187721503045,-2.427814212309212,-1.2541031815765984
bank,747,-1.796823463942041,-2.68096932307406,-1.23336420661121
bank,757,-2.3942200779948184,-4.0896375184361995,-1.4173912983098969
bank,767,-20.732675557752568,-58.10446784161341,-1.8442190180912827
bank,777,-2.6209706782248303,-4.642430100741198,-1.492778796347338
bank,787,-1.7680822935182037,-2.1488463418056902,-1.4563454356895569
bank,797,-1.9069630701504292,-2.379530617052548,-1.478655848681293
bank,807,-2.49447543996272,-4.563875717034339,-1.3531330814076228
bank,817,-1.6533385236531828,-2.3641819692969035,-1.225492265334072
bank,827,-1.99215152134028,-2.466953901630509,-1.611135846343934
bank,837,-1.8984180571549083,-2.420982484732903,-1.4996359294501775
bank,847,-9.807221722646691,-25.33963087602105,-1.638796512919623
bank,857,-2650.3000226956806,-7947.436008170595,-1.6312991552779197
bank,867,-2.1251698104698455,-2.9902392575339753,-1.476057146528602
bank,877,-1.5498073774573544,-1.8842506969083472,-1.2392778476245558
bank,887,-2.303349766914573,-3.2640873882619825,-1.6177758861798408
bank,897,-1.4621069776122535,-1.780591930764706,-1.165974590078081
bank,907,-2.1771880482444574,-2.517730421989077,-1.8254296122342133
bank,917,-1.9081540805506,-2.370997889671332,-1.493844449696278
bank,927,-4.109090974646858,-7.740304973152275,-2.0926446818878235
bank,937,-1.7646393184596127,-2.143348850672456,-1.444581922445467
bank,947,-1.3775160335526644,-1.7027279264289452,-1.1005328782893664
bank,957,-1.6667200749476765,-2.495588063331045,-1.142038542749528
bank,967,-2.170858047727693,-3.340311996503678,-1.4501297471881347
bank,977,-1.8975686193960115,-2.376211515592375,-1.4984759529700218
bank,987,-8.21445647310453,-17.235884417874814,-1.8012780864696292
bank,997,-3.009893525693877,-4.944702825699704,-1.8932064654869956
bank,8,-2.5165065118462877,-4.759517314837645,-1.2926751455943892
bank,18,-1.648248345170321,-1.9509654507514425,-1.375299510435294
bank,28,-1.6822313850922297,-2.0746598221405512,-1.3364500751939068
bank,38,-2.0750402540745845,-2.9259243460250572,-1.5143775249210232
bank,48,-2.2161443224429345,-2.621460735027207,-1.833856242629906
bank,58,-1.4893029552659611,-1.82457486379021,-1.2161804478456526
bank,68,-2.062477582373664,-2.394559820463723,-1.7198224208686308
bank,78,-1.5559302680119886,-1.9704408436359273,-1.205519699882146
bank,88,-1.4863392038197816,-2.1215816247663497,-1.0536218405988285
bank,98,-2.951010576152754,-4.91271252537662,-1.749058332350882
bank,108,-1.4425551186268415,-1.6759886986168784,-1.2351176147392209
bank,118,-2.14717911558004,-3.263970740008796,-1.4639264886100818
bank,128,-1.529430728658216,-1.8473681188073692,-1.2497870931956472
bank,138,-2.734727064898948,-3.2834249436981215,-2.2270088574265396
bank,148,-9.526560468757538,-24.447809613075492,-1.870651998362643
bank,158,-1.76638136975366,-2.192543949987089,-1.387550684703151
bank,168,-2.504277833197376,-3.893276001073762,-1.6588256893069162
bank,178,-1.2844117204149952,-1.5901076953497493,-1.001693717284113
bank,188,-2.270494436400069,-3.104233150516837,-1.6179509427276175
bank,198,-3.441554823020768,-6.371369655664256,-1.8542818886122452
bank,208,-1.917468353197518,-2.2480114193525687,-1.5883233913874932
bank,218,-1.762232895233707,-2.387458659078387,-1.2883236199633812
bank,228,-2.419371098009586,-3.515334985933569,-1.6824278217546544
bank,238,-2.380979789699038,-4.318763543056877,-1.3143977537247686
bank,248,-3.4506092519053704,-5.779813120312392,-2.103550709908236
bank,258,-1.516174377965689,-2.007876965875519,-1.1579204354228894
bank,268,-2.689123239590306,-4.682666253498512,-1.5456204237388775
bank,278,-1.6473953404624062,-1.9872597672483456,-1.3717966175747969
bank,288,-2.5429758587035205,-4.535802668659996,-1.3958286452026047
bank,298,-1.813453955645844,-2.195734359640208,-1.4779712811859087
bank,308,-2.097780580339194,-2.7255526849834393,-1.6281082530135498
bank,318,-2.5332715456883266,-2.9420678430564378,-2.1049833661510458
bank,328,-1.7822579379009666,-2.143636348486322,-1.4530658024639744
bank,338,-1.61076102616491,-1.991989267732532,-1.277198956570607
bank,348,-1.7687000428600324,-2.243762884386732,-1.3530392261892927
bank,358,-5.9927700557842565,-14.063816938862024,-1.7892605266678192
bank,368,-1.8418220496707276,-2.4193872654995965,-1.3971899488413506
bank,378,-1.6612695862177107,-1.9347294869267884,-1.419800267349279
bank,388,-1.135405771068399,-1.3361993582056777,-0.948973780907586
bank,398,-2.2255918682208047,-3.0878661872206874,-1.6006240556530658
bank,408,-2.6046503447814615,-4.685971897881226,-1.4716542502774748
bank,418,-3.698043442624978,-7.530791779946949,-1.2959503271937047
bank,428,-1.9142773397767017,-2.538974491330856,-1.4593338749884792
bank,438,-2.576201459742465,-4.813558409155161,-1.3355841531137127
bank,448,-2.608780224663311,-4.7376451564063515,-1.414793566880564
bank,458,-2.325945292227985,-3.5455110359068644,-1.562634954102243
bank,468,-1.8681475892183927,-2.263553127743808,-1.4986760836006336
bank,478,-1.86525831925868,-2.691857729857909,-1.2486914802545566
bank,488,-5.171933148963787,-11.669745395230894,-1.7226645818359985
bank,498,-1.8029326373506864,-2.2544966678708382,-1.437333307431859
bank,508,-5.469187691671126,-12.028677923516735,-1.7312291634072094
bank,518,-1.9653191786703768,-2.8936321549416215,-1.346005940582867
bank,528,-3.21106491348191,-5.863538487514551,-1.6953772320236953
bank,538,-2.32674983966822,-3.103901324912039,-1.7252495175376676
bank,548,-1.9657807223449464,-2.4770305534238912,-1.5780701670053738
bank,558,-1.9759134919171688,-2.6417871286562535,-1.4710335868209083
bank,568,-3.644129798780413,-7.411974650457119,-1.5248561744548288
bank,578,-2.056120525503136,-2.6899222165199443,-1.5854487853590638
bank,588,-1.9292399319353188,-2.724005732742331,-1.402430354743078
bank,598,-1.78502446309531,-2.08917412691325,-1.4980204121880314
bank,608,-1.9430390269639404,-2.957383097706513,-1.3196534989713118
bank,618,-2.9575031257639215,-4.584883926476436,-1.938654002735417
bank,628,-3.0608695141716464,-6.092147714050778,-1.4229851984913795
bank,638,-2.120134786461356,-3.6767977673116494,-1.24309522522993
bank,648,-1.7373295148467789,-2.5381573972069,-1.2334750222372677
bank,658,-1.584739543321635,-1.8654547602434344,-1.3267065590112752
bank,668,-4.750025882049323,-11.34965872306052,-1.3392273607868497
bank,678,-1.6911325992151682,-2.148375279549404,-1.3088932159858977
bank,688,-2.0216762087746742,-2.512536758278764,-1.589417113185296
bank,698,-3.88954716389357,-7.819479382444211,-1.7394916268252272
bank,708,-33.066581953738414,-94.8910662523307,-1.9531530362659275
bank,718,-22.559166868706075,-61.66802984668361,-2.1376596318058207
bank,728,-1.861751095929429,-2.2315744408327123,-1.5204907066629012
bank,738,-1.5506144747207942,-1.8026622809425816,-1.3084577693531243
bank,748,-1.3841888415609938,-1.873041767214368,-0.9911577495048096
bank,758,-2.337327794533196,-3.775287319387607,-1.461878607911436
bank,768,-2.2379572431219756,-2.816455780546868,-1.7530897499275555
bank,778,-3.9823114157511905,-9.297961130296915,-1.176022240419538
bank,788,-2.0256122412559585,-2.377887529681344,-1.698145695857153
bank,798,-4.862978736119363,-11.148355486309258,-1.5087927194175217
bank,808,-2.743312390688317,-4.607637915085992,-1.6081168840949946
bank,818,-2.4396453735689496,-4.269113008744939,-1.3963974530620542
bank,828,-2.102056207501036,-3.1039308280848212,-1.430081510274514
bank,838,-2.9424068011612987,-5.248008415079804,-1.6264712097990246
bank,848,-2.604768883094513,-4.380448727264951,-1.587135326260367
bank,858,-3.8216024961972734,-7.660199231548945,-1.6625599803645448
bank,868,-3.294699393547607,-5.55610929692632,-1.702751663144506
bank,878,-1.630185994083933,-2.0449451362673714,-1.2783405890470143
bank,888,-1.7579694361680762,-2.096129164009966,-1.4617284118199787
bank,898,-2.689718344913394,-3.389460406027953,-2.142242067864553
bank,908,-1.583527842816386,-2.0064648506164593,-1.281283149619613
bank,918,-1.6336408855591995,-2.012005501208883,-1.284554696254816
bank,928,-4.194900844254406,-8.127049601714381,-2.019278406454005
bank,938,-1.521742053140088,-1.9398637080932533,-1.1688570774672626
bank,948,-1.4333032565738983,-1.6708942395248827,-1.2023560961209545
bank,958,-1.6386967720862549,-1.9238892972467392,-1.361252434446118
bank,968,-1.9832361544524697,-2.6347998882567545,-1.5016592063762255
bank,978,-1.472971031877111,-1.8235769283356489,-1.1475787304384253
bank,988,-1.7466103869507628,-2.21770072652399,-1.3218280168373868
bank,998,-1.6751538211413746,-2.5150760363255475,-1.1040462798793182
bank,9,-55.74318168353838,-162.6547759350257,-2.0632669194350255
bank,19,-1.9638138972111645,-2.474647024175111,-1.5145560002780438
bank,29,-1.7556280061290823,-2.6043557857924613,-1.166279558107618
bank,39,-1.3283560746443848,-1.6403311416566024,-1.0707664514001292
bank,49,-2.729005470599216,-4.8500967650987405,-1.5346394305141622
bank,59,-2.28906402400155,-2.674968368819002,-1.9444810725396091
bank,69,-2.0570974483945905,-2.8395542313806263,-1.5065127063128063
bank,79,-1.7385597718892265,-2.160989652639095,-1.3574762569746313
bank,89,-2.5385915150537706,-3.925572467256636,-1.632763459276367
bank,99,-13.074588759492965,-34.53732640124121,-2.1167053660335524
bank,109,-1.917244254470002,-2.304631529574409,-1.5537283291281268
bank,119,-2.1374077083967045,-3.076927038605088,-1.492913845766893
bank,129,-1.3153795122986744,-1.6689074373339627,-1.0355265945892314
bank,139,-1.759336630504619,-2.185095409563258,-1.36785779957209
bank,149,-1.461555373548801,-1.702845004308683,-1.2388179730818054
bank,159,-2.2196131598901845,-2.85901175556982,-1.7158948881733973
bank,169,-1.8027302812224777,-2.1148976653934946,-1.493788653295318
bank,179,-2.639110320055695,-3.07405798834113,-2.178625263410332
bank,189,-1.9434748491364695,-2.426833650380898,-1.5652113604102595
bank,199,-1.844331297572498,-2.481345355333051,-1.3817079780283092
bank,209,-3.854543250389765,-7.1546904002296365,-1.8070869353455103
bank,219,-4.226882416349858,-7.569153720222944,-2.3597760386665563
bank,229,-2.7111324503286163,-4.6700811469841605,-1.6129661828070772
bank,239,-1.6635357676216005,-1.9788032364656605,-1.3810618103399244
bank,249,-2.174092967998904,-3.103443301311902,-1.5509524493659232
bank,259,-1.801236753379928,-2.4205757250472923,-1.387484705042034
bank,269,-1.8009403533477928,-2.3393886807133444,-1.403039445498569
bank,279,-3.84428782828916,-7.839642830991579,-1.658623213129654
bank,289,-2.479475607597793,-3.917585443332751,-1.6294814529146846
bank,299,-1.8367689493708277,-2.1979279681472215,-1.5515965428179173
bank,309,-2.9422535187970196,-4.815092675900188,-1.8127741971834497
bank,319,-1.595975641600578,-1.882600314332982,-1.3143058662325626
bank,329,-2.690338416472532,-4.357607185033709,-1.6676339971428569
bank,339,-4.170549811325245,-7.278374137321242,-2.402499788247213
bank,349,-1.913853102973476,-2.4427899289671946,-1.48069166016795
bank,359,-1.7666119813402907,-2.3086153846671333,-1.387913873208612
bank,369,-1.764356836038604,-2.211850601975501,-1.386745672980347
bank,379,-1.9691798360654988,-2.387543111273315,-1.5888865385073878
bank,389,-1.5105915824800331,-1.7519645043946133,-1.314564012022665
bank,399,-2.247625376754294,-3.159767358245027,-1.5936929614886772
bank,409,-1.744965463038624,-2.5914763822362072,-1.191158989799301
bank,419,-2.77166991993166,-4.875669459490932,-1.5170335892274474
bank,429,-1.4017506501568922,-1.8630848512603309,-1.0773511641428588
bank,439,-3.256731257995398,-6.5819441814156034,-1.4058205024775725
bank,449,-1.595367560759718,-2.5699419136139405,-1.003639386430538
bank,459,-2.071153883858754,-3.371393773567547,-1.2889075642082009
bank,469,-4.562603701143031,-9.699512866490052,-1.7994654124870293
bank,479,-2.386265771385002,-3.464755228974696,-1.694212155312544
bank,489,-2.0346358630189765,-2.9775061482590512,-1.4258901940020574
bank,499,-1.5664223143863616,-1.8490943917926304,-1.3069085789521
bank,509,-1.663639827648064,-2.012775035485613,-1.3285921127143223
bank,519,-2.3762687455589684,-3.120736391572543,-1.840216516310723
bank,529,-1.3722045566716776,-1.6821984461141355,-1.0870997272854817
bank,539,-1.9986332725298677,-2.437718331082173,-1.5818985355332111
bank,549,-4.129980030704862,-7.189325170450082,-2.4136396773559117
bank,559,-1.9361767988094103,-2.52961545926541,-1.4733636059816553
bank,569,-1.8441604745240592,-2.3195664355523924,-1.4557326872304892
bank,579,-2.877250458985258,-3.873781414739323,-2.080072023237443
bank,589,-2.75594413071666,-4.542691283031809,-1.6951747423692864
bank,599,-1.5698264263287194,-1.9297934382262687,-1.2479191342794371
bank,609,-1.6972365332782702,-3.092496011888574,-0.8926863192813841
bank,619,-1.5342826546130175,-1.8163189307336145,-1.2534495675705464
bank,629,-2.688074293414975,-4.2591135378370195,-1.684197220167441
bank,639,-5.159228158616948,-11.836797826662004,-1.559961072150425
bank,649,-1.3405672408535896,-1.6985048765275994,-1.024862331351205
bank,659,-2.4734382572860647,-3.632663117992375,-1.7459004211144646
bank,669,-8.35117383933017,-21.153754521533937,-1.7618121230214945
bank,679,-2.054975494042041,-2.752871687988983,-1.5042867020010344
bank,689,-2.298435792521751,-2.6490766601946563,-1.9334429182989583
bank,699,-1.9945066372788056,-2.4161482540239394,-1.6031248216269136
bank,709,-1.7088313111993312,-1.98244519129957,-1.4453036175803609
bank,719,-3.2478209010763197,-5.283734460049684,-2.058870988172018
bank,729,-1.4939288009896785,-2.002727328438282,-1.106237534773312
bank,739,-2.1185246874001833,-2.500869396728287,-1.7775400260244094
bank,749,-1.9537919574576763,-2.5943651288787453,-1.4488906892636195
bank,759,-1.4827184863978349,-1.7522991312551168,-1.2398586754726315
bank,769,-8.207300672122111,-20.89086096457964,-1.6914459430779771
bank,779,-1.7854563669646133,-2.3671381293796987,-1.315587734457798
bank,789,-12.538668005588429,-32.68600472979755,-2.1906470734399446
bank,799,-2.0934378329130814,-2.49626712066587,-1.7195796120724631
bank,809,-1.872821372893384,-2.796921004282738,-1.2542369424946354
bank,819,-1.5443123472467692,-2.017740322669365,-1.173383259192281
bank,829,-1.5615067818457002,-1.8422658862995969,-1.3278076349466317
bank,839,-1.388190972236745,-1.7263353257968117,-1.1009869257408045
bank,849,-1.8892040395604184,-2.603420917297205,-1.3984251476877407
bank,859,-2.0503785733833446,-2.442249772960256,-1.6871843315672743
bank,869,-2.8560592351861107,-5.331798945240589,-1.4609166667503588
bank,879,-3.768797737633596,-7.545178901772522,-1.7006981859190362
bank,889,-2.016804826127443,-2.68233765046886,-1.5299840789246248
bank,899,-1.83364205440934,-2.1445244823280927,-1.5352232686155118
bank,909,-1.576733529099816,-1.9932836967869731,-1.2448893675223478
bank,919,-2.6510576021712513,-4.182500637031358,-1.7252611674751837
bank,929,-2.8873441941552125,-4.848496839894655,-1.717660788845143
bank,939,-1.3374098130638028,-1.6340679118453196,-1.0501255598123889
bank,949,-1.764855390737489,-2.240551352364488,-1.3417170547179604
bank,959,-1.6497829871189271,-1.9316740906754633,-1.3906275460480144
bank,969,-1.943202666310278,-2.7576520332550793,-1.3806486454402205
bank,979,-1.432454416174441,-1.6441819728085243,-1.2455791295894607
bank,989,-1.5700004124293516,-2.050635179496917,-1.207877540529526
bank,999,-2.7900754529020277,-4.594404097106845,-1.667517532559624
d4v12b,0,-1.8316681889832764,-2.2908696126672985,-1.3951614935957994
d4v12b,160,-2.106640080250194,-3.30659978034525,-1.258421361411556
d4v12b,320,-2.2922532311637895,-3.052700285374116,-1.6380492092626742
d4v12b,480,-4.785716991436133,-10.385765117923029,-1.8167992266220336
d4v12b,640,-1.5253219632066235,-1.9316777699447136,-1.1860148976032412
d4v12b,800,-1.5301260704311723,-1.8051931013312883,-1.2812977888473605
d4v12b,960,-2.242269197395756,-2.8422589853627476,-1.7158455793060934
d4v12b,1,-7.771756460772673,-16.04781424857411,-1.6049455954909913
d4v12b,161,-1.313899665101801,-1.479175665543187,-1.1600189733653057
d4v12b,321,-2.1224965509398936,-2.5423591746186696,-1.7096667920354576
d4v12b,481,-3.731573742407918,-7.835099948877014,-1.5117701460141912
d4v12b,641,-2.6376513623860727,-4.518718858920158,-1.529918657084399
d4v12b,801,-1.6775009517645778,-2.0309584221713513,-1.378543056990421
d4v12b,961,-1.4105915602389236,-1.7063818483159945,-1.1599879271696638
d4v12b,2,-2.1376213668301385,-3.6907267358499136,-1.243329609163241
d4v12b,162,-3.5932596591943957,-7.833409587767266,-1.2825472293497049
d4v12b,322,-2.3132048505913856,-3.128846874479215,-1.706842162849741
d4v12b,482,-3.3959284421250144,-6.1664407823843845,-1.849402565985747
d4v12b,642,-10.642382512401385,-28.56034933857361,-1.5026446274175769
d4v12b,802,-3.2792817870453215,-5.63401392653898,-1.9083371853468127
d4v12b,962,-1.4784962701085065,-1.8209257952218347,-1.1676006899960512
d4v12b,3,-1.8452129043167829,-2.2463492134509275,-1.4945753652794558
d4v12b,163,-1.9547898913285335,-2.6338188279087813,-1.4459991349854415
d4v12b,323,-2.9158880082818843,-4.731196895052566,-1.812577652716588
d4v12b,483,-2.6809477175099703,-3.8341808248027904,-1.9161629560693072
d4v12b,643,-3.1439890652239644,-6.24256015335889,-1.444393823570625
d4v12b,803,-1.982006325173079,-2.837741260416523,-1.4001505784391852
d4v12b,963,-1.653941235651828,-2.2158030203720527,-1.248870150296168
d4v12b,4,-1.6915449743296882,-2.126163469741412,-1.3089452545784028
d4v12b,164,-1.871927367633686,-2.6169668239390496,-1.377464924700336
d4v12b,324,-2.203417923189543,-3.518548846263811,-1.3966127829037815
d4v12b,484,-2.854303259263137,-3.7659168503335856,-2.155834779850965
d4v12b,644,-218.45644267926647,-649.9989258080653,-2.4517561033664816
d4v12b,804,-3.3014040649284335,-6.911675205085818,-1.3582883180067855
d4v12b,964,-1.3702666975886884,-1.6384323730406507,-1.1380150839128604
d4v12b,5,-2.1356327264034327,-2.57833064757139,-1.7408726331616022
d4v12b,165,-1.7040580477561038,-2.5121954095330064,-1.1672894208461837
d4v12b,325,-1.764953410977168,-2.2444705435264347,-1.3745933170346214
d4v12b,485,-4.5934205552562,-9.87698555757778,-1.7328532636338074
d4v12b,645,-44.701190725873744,-128.6647016019956,-2.479347966950054
d4v12b,805,-1.9687041232927585,-2.3553941627253594,-1.6335111830118412
d4v12b,965,-1.5215571631802225,-2.067753700061545,-1.1362100611533128
d4v12b,6,-2.739318566874527,-4.525499631232897,-1.6290277804242328
d4v12b,166,-2.1402318452827966,-2.6221696605697535,-1.7139698262093412
d4v12b,326,-1.8533172547860464,-2.2989145691812514,-1.4994806160399965
d4v12b,486,-3.9210923262542847,-7.0078499960058585,-2.1131521256922507
d4v12b,646,-1.7441158053582924,-2.6614408338265516,-1.1262879620676858
d4v12b,806,-1.4286880935467208,-1.6952478002128557,-1.1852363163194262
d4v12b,966,-3.729841542396013,-8.032511113943157,-1.4288020537633763
d4v12b,7,-2.1481488604274053,-2.817162454991994,-1.582259787202829
d4v12b,167,-1.809912772058885,-2.0991022936328148,-1.5378438110278545
d4v12b,327,-1.5989615345082164,-1.923783596285993,-1.298417051824152
d4v12b,487,-16.20391245132404,-38.53884736389115,-1.92839365786718
d4v12b,647,-2.343022741422904,-3.745794915377642,-1.5015699849820057
d4v12b,807,-2.072161399841515,-2.444940891104762,-1.7298788115880428
d4v12b,967,-3.3188512041114633,-5.6337102430283945,-1.9554899053265564
d4v12b,8,-2.7557189154069013,-5.148732827592103,-1.3817083821241247
d4v12b,168,-1.5598929455482646,-1.8670300231030783,-1.2869648554701103
d4v12b,328,-31.171202920259983,-89.70732592526612,-1.734279298863466
d4v12b,488,-2.127280155590502,-3.2385654116634055,-1.3792108207881972
d4v12b,648,-1.6868202149085172,-2.0860977773732543,-1.3237472377125057
d4v12b,808,-1.7287771125586808,-2.1313463424003407,-1.3829871355731167
d4v12b,968,-4.405687340729597,-10.16992542641349,-1.399149574685477
d4v12b,9,-2.0519048507668725,-2.7249553711177454,-1.5265932976471044
d4v12b,169,-1.5539341828343376,-1.836992058744148,-1.3001523155336894
d4v12b,329,-1.917787201255594,-3.0227068807848596,-1.229297864434388
d4v12b,489,-2.6153058874649604,-4.443521761260919,-1.5194463186088043
d4v12b,649,-2.2774258188261025,-3.2615398398968836,-1.6256765764503476
d4v12b,809,-2.083691112618928,-2.9565265479019116,-1.4067515528934742
d4v12b,969,-1.5358217111599797,-1.8321799400599776,-1.2849628488889
d4v12b,10,-3.629935008301844,-5.658936864001695,-2.3401086159922
d4v12b,170,-1.985329174042494,-2.65681589896869,-1.4260962199707536
d4v12b,330,-1.7118099487044325,-2.420571615266029,-1.2544270249564164
d4v12b,490,-1.8666735300823116,-2.6313574043777663,-1.2956985598203743
d4v12b,650,-1.55683367029033,-1.8953135964408296,-1.2335784014219888
d4v12b,810,-2.134907750462391,-2.5317836351520264,-1.7477974413322446
d4v12b,970,-1.9854336685404916,-2.7095257415492267,-1.5031452826278735
d4v12b,11,-2.6187432697024056,-4.564349717557511,-1.4422034303585551
d4v12b,171,-1.4769668889488083,-1.843202976972474,-1.1855259759229635
d4v12b,331,-2.4216934144651048,-3.127628253216886,-1.851192427203293
d4v12b,491,-2.1809450425526364,-2.9655538584587275,-1.6395595570459538
d4v12b,651,-2.427216157596164,-3.0155568025838178,-1.9036710316378325
d4v12b,811,-2.8196479410098094,-4.426657103151022,-1.802568918798506
d4v12b,971,-1.613047122069252,-1.987498731505018,-1.3045608761040846
d4v12b,12,-2.1772423363355724,-2.7505882846316907,-1.6813185499915928
d4v12b,172,-2.7879944819349545,-4.245704762886631,-1.86788984712416
d4v12b,332,-5.073780431902894,-11.136496517592647,-1.9121088003083393
d4v12b,492,-1.416434513127659,-1.6879469275021548,-1.1801892137994925
d4v12b,652,-11.07645472188544,-28.95465573420446,-1.9143648754117697
d4v12b,812,-5.700790849327749,-13.64262316282099,-1.6035982823777972
d4v12b,972,-4.797173213291455,-10.523342285266448,-1.8182231010297183
d4v12b,13,-2.2774230005795655,-2.983522023734245,-1.7133044201034828
d4v12b,173,-3.0893875902108263,-4.008699206491234,-2.3478067631767208
d4v12b,333,-2.73665916420906,-4.006541121618923,-1.7722648998758008
d4v12b,493,-1.568152399153263,-1.9776593283507615,-1.2488381391532586
d4v12b,653,-7.256282647592691,-18.50946676378365,-1.4902816996852577
d4v12b,813,-1.7094985692818323,-2.2342256974483337,-1.2823662791571675
d4v12b,973,-2.0417718261827833,-3.1674108442512914,-1.3719844770377518
d4v12b,14,-2.1096972477054976,-2.916596979922291,-1.495601243584094
d4v12b,174,-1.5222466208828362,-1.886497947114531,-1.1915287563005383
d4v12b,334,-2.296540872919749,-3.050057304241521,-1.7092900178278276
d4v12b,494,-1.642050429680439,-2.0012947269527186,-1.3331695417900813
d4v12b,654,-10.601442332397244,-27.86223630783643,-1.8211982814711385
d4v12b,814,-3.118760181766619,-5.721973214889075,-1.674352740415422
d4v12b,974,-2.019314879851848,-3.3479050872580305,-1.1850265031694074
d4v12b,15,-2.0984635667163123,-3.030288553536902,-1.470159214630237
d4v12b,175,-2.0545482711690446,-2.620315049565972,-1.588232864148895
d4v12b,335,-1.3690089804124568,-1.6972008318094831,-1.067794475510808
d4v12b,495,-1.888210354764399,-3.337376209167783,-1.0758010594184908
d4v12b,655,-2.8955867537717435,-3.7937025300719647,-2.188640525319989
d4v12b,815,-2.700298787604007,-4.180446334153202,-1.7763486951898972
d4v12b,975,-4.493976578739894,-10.259289215382108,-1.3970594149948363
d4v12b,16,-2.013679812202676,-2.433343369378637,-1.670955991072291
d4v12b,176,-9.883880153828596,-26.16688982107988,-1.315842744728775
d4v12b,336,-23.688511824068996,-68.04398762444575,-1.344639140474049
d4v12b,496,-1.5574479083438044,-2.111516466938912,-1.1527257373960216
d4v12b,656,-1.971613122116318,-2.409542883013622,-1.5884205431059952
d4v12b,816,-2.1751855985677127,-2.962818549772105,-1.5734128365783489
d4v12b,976,-1.2810354714228862,-1.5808459299631936,-1.047610481563283
d4v12b,17,-1.4365379159503728,-1.7254905907129514,-1.191045633155051
d4v12b,177,-7.836544361138497,-19.7471047268191,-1.6692479060308174
d4v12b,337,-2.2074325955203618,-3.347924837872405,-1.454912131884918
d4v12b,497,-1.7538523850356862,-2.104407679856248,-1.4344202188900708
d4v12b,657,-1.5589118711266303,-2.04150507611252,-1.1996321815330668
d4v12b,817,-1.9713968529424757,-2.884776430181151,-1.3976578071615438
d4v12b,977,-2.227356810016489,-3.5266407648249927,-1.4593627232350015
d4v12b,18,-1.5740451861468898,-2.0168912433100785,-1.2088589392063904
d4v12b,178,-178.43652948180096,-529.4101313475388,-2.6239915585750744
d4v12b,338,-1.828210554784365,-2.4677125750264546,-1.3281683310477457
d4v12b,498,-1.8887701389145912,-2.30819874436783,-1.5369907806481022
d4v12b,658,-2.243410479160306,-2.8692903417688855,-1.7473309663518153
d4v12b,818,-1.744789142287341,-2.1616114156846717,-1.3902487032439372
d4v12b,978,-1.4187374294279629,-1.760883325661358,-1.1431958145983652
d4v12b,19,-2.14755994079093,-2.62899215437721,-1.6931820058122165
d4v12b,179,-1.9617317203915905,-2.2977477829325283,-1.6485949017339987
d4v12b,339,-37.26856758461526,-107.3741320755263,-2.00042998269562
d4v12b,499,-2.0897803476434964,-2.5329518368453887,-1.6789888344176869
d4v12b,659,-2.1071302316499185,-3.0763628835645314,-1.4594149221163026
d4v12b,819,-1.5972977669261652,-1.9163970808032769,-1.2907291048837992
d4v12b,979,-3.6109125476664135,-7.228003822320392,-1.5979646541460844
d4v12b,20,-2.0672527585482445,-2.682815664837516,-1.5802337171400769
d4v12b,180,-1.4149491177972728,-1.6918614749412528,-1.1494072861078348
d4v12b,340,-2.3118109530722153,-3.1141541524978877,-1.7310797803295044
d4v12b,500,-1.4828413264300655,-2.099840189799561,-1.0669553521510826
d4v12b,660,-2.185349332999664,-4.136700504471546,-1.094187081623023
d4v12b,820,-1.5664452150385362,-1.9951112642952653,-1.22764294643035
d4v12b,980,-2.732538796422605,-5.147257322174763,-1.2732028309041894
d4v12b,21,-1.6406605144716844,-2.0209738299463917,-1.3204849263990317
d4v12b,181,-1.963319348869314,-2.708812132706598,-1.425499146212936
d4v12b,341,-5.799250030149613,-13.406112041307418,-1.8287810039092
d4v12b,501,-1.3891829420337478,-1.902774740963345,-1.0718505724355143
d4v12b,661,-2.483705459591444,-4.578401783850791,-1.3161657721449074
d4v12b,821,-1.6459413705842088,-2.0167906305822916,-1.3130008624995315
d4v12b,981,-1.8287273829748312,-2.270500224136909,-1.485552130283485
d4v12b,22,-3.0412295982012245,-5.227025023905753,-1.744212865323078
d4v12b,182,-2.809635989269178,-3.7591735698566575,-2.1225998349359356
d4v12b,342,-1.7210308220861537,-2.059738613073988,-1.408142636546624
d4v12b,502,-3.056274017460766,-4.85721602746322,-1.964597674857372
d4v12b,662,-1.431019896187805,-1.7157837338839133,-1.1532139970324016
d4v12b,822,-2.2405379330865327,-3.069048944492357,-1.6594780377472802
d4v12b,982,-11.09942753880716,-28.83053471845968,-1.9152721709151024
d4v12b,23,-2.9552403748053218,-5.8477917012678144,-1.371280887254635
d4v12b,183,-1.6155147140144894,-1.9605083832797672,-1.3129930058269796
d4v12b,343,-4.2172416418723495,-7.5893217688230274,-2.000658644267478
d4v12b,503,-2.0015771050614837,-2.6539367117613955,-1.504139540796576
d4v12b,663,-1.7833499753963402,-2.317863794741171,-1.3305846340567429
d4v12b,823,-1.4373324990224725,-1.8712889114019051,-1.1390384036677568
d4v12b,983,-1.8409179049417836,-2.588659195618606,-1.3228567384243977
d4v12b,24,-1.9320376071032117,-2.3357294083706286,-1.5790087461826603
d4v12b,184,-2.383530996850879,-4.227737418219952,-1.2808297206946686
d4v12b,344,-2.1363839574146364,-3.1417601776262924,-1.4895406247569356
d4v12b,504,-1.5979853929064118,-1.8251384287025147,-1.379543162448169
d4v12b,664,-1.6474943249816518,-2.0006665059797224,-1.34201304750474
d4v12b,824,-1.558816524566676,-1.9350323787033117,-1.1927725576153358
d4v12b,984,-87.08078779939194,-256.11048319002407,-2.308391710869301
d4v12b,25,-1.9650313680602385,-2.28440919424551,-1.6589154220874531
d4v12b,185,-1.7407676657580298,-2.0923842059678823,-1.422815194227797
d4v12b,345,-1.8069419117778804,-2.1419024513572436,-1.5156444628053811
d4v12b,505,-2.224829262107185,-2.949503335485066,-1.6819790859528057
d4v12b,665,-14.201449319989855,-38.47482655320828,-1.8441237018799317
d4v12b,825,-1.609754573880741,-1.9520254625759363,-1.2908598476961908
d4v12b,985,-2.3616047612954403,-2.9238862792435647,-1.8473576563883083
d4v12b,26,-3.5820719648305723,-6.744622073209272,-1.7832301293932311
d4v12b,186,-2.5732393743934594,-4.410208492676012,-1.5451307745991265
d4v12b,346,-3.6465105576926184,-6.063675662979635,-2.1936112200177513
d4v12b,506,-2.1872894131137692,-3.3135403623215085,-1.4692288146845551
d4v12b,666,-1.9004576309550416,-2.339121319489146,-1.5317162537411728
d4v12b,826,-1.8777363280357644,-2.3388809437870193,-1.4993454565176376
d4v12b,986,-1.6353194874986463,-2.6240762232233497,-1.021796327481376
d4v12b,27,-2.1604512997632814,-2.797616275828884,-1.674637708063781
d4v12b,187,-1.9938252614362924,-2.3786773788897415,-1.657206565685592
d4v12b,347,-1.948710185138093,-2.508056322524552,-1.5161989394011155
d4v12b,507,-1.7369305806812192,-2.152753650265254,-1.3664535520149652
d4v12b,667,-20.081234006243108,-56.157316415746656,-1.8277708203307497
d4v12b,827,-1.7068832752454322,-2.0773901789231553,-1.3903218708245644
d4v12b,987,-2.2465009878124604,-3.053913010274447,-1.64972065418055
d4v12b,28,-1.4123804952853671,-1.6053246223826112,-1.2274714210959383
d4v12b,188,-1.858958519994432,-2.4061083721691423,-1.4327451415591346
d4v12b,348,-2.021378844482218,-2.8956468398915716,-1.4936609187470025
d4v12b,508,-1.6062152419155271,-2.089557761233645,-1.2269114049416847
d4v12b,668,-1.8606367118585736,-2.3273544900372363,-1.4290060415581611
d4v12b,828,-1.858266503671243,-2.60707962620095,-1.3549727222487238
d4v12b,988,-1.5203826913155725,-1.9137065773747344,-1.1677415149852988
d4v12b,29,-3.3014271331451255,-5.923658693796927,-1.7995295135573424
d4v12b,189,-1.9684689614209665,-2.8363225427367524,-1.4174963702168883
d4v12b,349,-1.976407490775554,-2.530999862265794,-1.5350215472784607
d4v12b,509,-6.404499787572075,-15.32961832913834,-1.7210177928984467
d4v12b,669,-1.6336794732154805,-1.9284390182561664,-1.3593019376729545
d4v12b,829,-1.8046562653806384,-2.3251348930210187,-1.3780513593049109
d4v12b,989,-1.12376278798672,-1.285496326101229,-0.9626896893055776
d4v12b,30,-2.9233915446811336,-5.6425471667536256,-1.4484217563799
d4v12b,190,-2.6333171902752444,-3.1962584546876345,-2.1736927691439587
d4v12b,350,-3.038511746089166,-5.387131505504516,-1.704854002894381
d4v12b,510,-2.0889032376018344,-2.7919298072695775,-1.5447940925458532
d4v12b,670,-2.4413335327173864,-2.858748973506817,-2.0467351486385525
d4v12b,830,-4.675296584194248,-9.303817599793136,-1.5043971189884924
d4v12b,990,-1.3408720457761287,-1.647489467926537,-1.0985451811225653
d4v12b,31,-1.970708345824923,-2.5114757977432127,-1.5261207565188522
d4v12b,191,-2.497326738064567,-3.288623449777351,-1.8957286902063808
d4v12b,351,-1.676538677889716,-2.2909428004007224,-1.2283001806798106
d4v12b,511,-9.36097855361853,-24.273490423117515,-1.3578150014824586
d4v12b,671,-2.032757839477664,-2.4728716515837723,-1.6464160460618482
d4v12b,831,-2.056494638810933,-2.902128080115241,-1.447632624341039
d4v12b,991,-14.29603985920797,-39.04611505439179,-1.7240176115664014
d4v12b,32,-2.846368316801138,-5.086626707080108,-1.5805384641884528
d4v12b,192,-2.3908002013661056,-4.5359991905356,-1.212229412465226
d4v12b,352,-2.0688423862944303,-3.27605734552672,-1.3112183683405418
d4v12b,512,-2.4204708473921244,-3.3010170897505353,-1.7300081674038057
d4v12b,672,-1.8931917196158303,-3.3230967459880683,-1.084931851901562
d4v12b,832,-3.243059791456524,-6.1195643421473855,-1.5998168519930756
d4v12b,992,-2.579411938029864,-4.20405788548468,-1.615221871151533
d4v12b,33,-7.025560941162595,-16.12992025059767,-2.1272587726345726
d4v12b,193,-30.618973817748294,-89.04861400606475,-1.2614123340709786
d4v12b,353,-1.2835191466550315,-1.4710397105890125,-1.1009918899632487
d4v12b,513,-1.8275939608599951,-2.2352677698823955,-1.457826743398233
d4v12b,673,-2.1289459158564323,-3.127595860129712,-1.3574686079504183
d4v12b,833,-1.9876788045495144,-2.87305220621542,-1.3786815250443694
d4v12b,993,-1.749959821158067,-2.4823340355527623,-1.2185847228958897
d4v12b,34,-1.9172297811524783,-2.408952570734744,-1.5373496651379133
d4v12b,194,-4.407765483492525,-9.189930729639038,-1.79807999935754
d4v12b,354,-1.541580708236452,-1.9425608721981285,-1.2067825168984307
d4v12b,514,-1.7705080648810363,-2.1758415699785987,-1.3878987802976246
d4v12b,674,-1.9377203852260385,-2.434892245741536,-1.512442628782087
d4v12b,834,-5.377971775052567,-11.715753794291135,-2.0255451919842486
d4v12b,994,-12.629089030249183,-33.621912451740485,-1.9328348893288143
d4v12b,35,-37.86300504684018,-108.729872086268,-2.0812695195630444
d4v12b,195,-3.882056486402046,-8.002955425139069,-1.643814860606106
d4v12b,355,-1.871682741119349,-2.528619843078283,-1.40415535341877
d4v12b,515,-1.9632092262110676,-3.041712331619644,-1.285945596503613
d4v12b,675,-2.0457662684156004,-3.447484341067391,-1.1825679286015205
d4v12b,835,-2.1774618635754126,-3.21616440393493,-1.5041716923123716
d4v12b,995,-1.633933659783929,-1.9550478860821128,-1.3187254496333356
d4v12b,36,-9.017762965734605,-22.480088478443847,-2.063447249198005
d4v12b,196,-1.4370045553225068,-1.80182224489944,-1.146528652228712
d4v12b,356,-7.762735223988826,-19.690728177665864,-1.6347735300124222
d4v12b,516,-2.1109128453021655,-2.9133353491060445,-1.521803451738566
d4v12b,676,-5.02750728303251,-11.498202685177422,-1.5915840022907894
d4v12b,836,-1.7500615447648498,-2.1839296124427343,-1.390461014992759
d4v12b,996,-1.627705105934805,-1.9508045920465809,-1.312493885767422
d4v12b,37,-1.316626159139838,-1.6840043880152131,-1.0022634796201204
d4v12b,197,-3.3085326296117605,-6.259071236348627,-1.6414201686896304
d4v12b,357,-1.6619975828249136,-1.9149289061078272,-1.39698123819225
d4v12b,517,-2.702490895533742,-3.632289996880889,-1.9838978880688456
d4v12b,677,-2.284469441621551,-2.776927859677562,-1.8258663342718815
d4v12b,837,-1.116613794999437,-1.384094906266564,-0.887847818086788
d4v12b,997,-12.433897744957566,-33.213086652362186,-1.810201516361889
d4v12b,38,-3.778334916164386,-7.401484596346801,-1.803664148325088
d4v12b,198,-1.9970412900033456,-2.67949899605059,-1.5012492144766303
d4v12b,358,-1.799042870777699,-2.3836761309238854,-1.3186669727206857
d4v12b,518,-2.4782003375862263,-3.722799423036889,-1.6653547821325223
d4v12b,678,-7.458208523291536,-18.134304080878685,-1.743934232017657
d4v12b,838,-1.566365288718352,-1.906237024266011,-1.286430645664719
d4v12b,998,-1.7267619370564025,-2.288254852004634,-1.2591663915705085
d4v12b,39,-1.9765569418702305,-2.5789112318727794,-1.5015086883982722
d4v12b,199,-1.4059230689235696,-1.7198557564950214,-1.109028757235979
d4v12b,359,-1.5822036380758622,-1.895044704287914,-1.3018111977302964
d4v12b,519,-3.795701314854624,-7.733831106926608,-1.6456660037334825
d4v12b,679,-2.3380944442807907,-3.802997224948228,-1.442989804396378
d4v12b,839,-1.6437846577511457,-2.425060462752216,-1.083932484663437
d4v12b,999,-2.038444394189752,-2.4332815755671247,-1.6807139880070507
d4v12b,40,-9.145421962883738,-23.646832063499144,-1.7052326387924497
d4v12b,200,-1.5525664080568449,-2.000169923289572,-1.1799029279762203
d4v12b,360,-10.109685040913996,-26.12596675557372,-1.816889080444532
d4v12b,520,-3.4125444586610074,-6.73768791887956,-1.5645778199214784
d4v12b,680,-2.151703790898699,-3.192850773939786,-1.4631737588384268
d4v12b,840,-1.9660487221932952,-2.31334027487532,-1.6323711159233916
d4v12b,41,-1.7638515829324786,-2.4998139885042185,-1.2808089054642615
d4v12b,201,-1.675075566502405,-2.0186627954187104,-1.3678303001219327
d4v12b,361,-2.1826857311872643,-2.7980116367777734,-1.7537518562055392
d4v12b,521,-5.855722106393031,-12.967334986102186,-2.039747739873573
d4v12b,681,-24.08107904786889,-68.32157448883116,-1.7798655423924252
d4v12b,841,-1.428152553167438,-1.7657268361045186,-1.112336615294442
d4v12b,42,-10.678481293637194,-28.46377135485136,-1.6434270775621886
d4v12b,43,-2.1487276938337856,-2.828911800029344,-1.6530757649923356
d4v12b,44,-1.6348742061660837,-2.1051105291769914,-1.2908197452268058
d4v12b,45,-2.971049335496573,-4.27859469962741,-2.062165910755714
d4v12b,46,-1.275179588461659,-1.521758586234522,-1.045371360511949
d4v12b,47,-11.363593325315865,-29.667055166282676,-1.8436431477235171
d4v12b,48,-3.5866086438197176,-7.799742389257856,-1.3630359481247856
d4v12b,49,-1.6405315344735545,-2.0221730786097996,-1.326174247192217
d4v12b,50,-2.195507605706692,-3.393673597820755,-1.439225398776335
d4v12b,51,-1.6905184154473507,-2.0554786157739993,-1.3548767160951032
d4v12b,52,-1.3704590880816054,-1.594195507388918,-1.1783223515137735
d4v12b,53,-1.6132375105528869,-1.893979927865053,-1.3361998577334586
d4v12b,54,-2.0048075957896137,-3.239220603518058,-1.276881379255351
d4v12b,55,-2.9270950619491405,-5.037595151684119,-1.7168471473775024
d4v12b,56,-1.710049468652976,-2.5619421532284203,-1.1518788595199136
d4v12b,202,-11.238047327898924,-25.967787860502114,-2.0036816342228776
d4v12b,203,-3.191520238368565,-4.9615235848045005,-2.0764325010393647
d4v12b,204,-2.019474171378257,-2.832279287266075,-1.5174658439193942
d4v12b,205,-1.709672702296816,-1.981472107728527,-1.4505830521585623
d4v12b,206,-2.9685317928983217,-6.150897148414441,-1.2764734821860952
d4v12b,207,-1.6003471134376357,-1.9301845763814456,-1.2913302374930111
d4v12b,208,-2.5248029917067787,-3.1171405114128734,-2.003006660379964
d4v12b,209,-1.798952013042222,-2.2763117569191036,-1.4170584034344256
d4v12b,210,-2.4510204075402835,-3.352982765354416,-1.798480386746142
d4v12b,211,-2.391458745915779,-3.2652737273632777,-1.7500092869286603
d4v12b,212,-6.158954083985904,-15.319673535782334,-1.4268201325368113
d4v12b,213,-2.6062596884922185,-4.116680193127726,-1.5972443553553397
d4v12b,214,-1.823806853239102,-2.227716484839303,-1.4926692256254883
d4v12b,215,-1.8291865762579005,-2.2094574200935826,-1.4569358119755085
d4v12b,216,-1.952538251469571,-2.3673886391568453,-1.5878213701343318
d4v12b,362,-2.2543531550833267,-3.3082291629609784,-1.5470799701611593
d4v12b,363,-1.7236894450008515,-2.303474653488754,-1.267188224898204
d4v12b,364,-3.973525988683973,-8.227350765591899,-1.6738411136253146
d4v12b,365,-2.9838525528002515,-5.922334448283729,-1.337999823493364
d4v12b,366,-1.8310131722002296,-2.565485764483807,-1.3235418863343928
d4v12b,367,-1.7944290252880188,-2.302963973099057,-1.39143609324959
d4v12b,368,-2.425437281249525,-4.573532117521078,-1.242817173722901
d4v12b,369,-2.5112937478088355,-4.425048657404951,-1.3866248735735094
d4v12b,370,-1.8521468450857184,-2.6194831056827272,-1.3716718547453626
d4v12b,371,-1.963410573163225,-2.4790684546648536,-1.5185811836635088
d4v12b,372,-2.680272937277639,-3.7984110190686473,-1.7898102114726302
d4v12b,373,-2.2842339149620434,-2.71151138304347,-1.875324311726959
d4v12b,374,-1.7537059566785531,-2.6529815647234907,-1.207574369750318
d4v12b,375,-1.9347708264758936,-2.7256104986735417,-1.3750873964432258
d4v12b,376,-3.0819066417607237,-5.296856192559008,-1.8150619197857003
d4v12b,522,-2.1684197186132694,-2.855146966061896,-1.676159223289556
d4v12b,523,-1.4979163047317254,-1.779794733796552,-1.230674440640341
d4v12b,524,-2.008644568454033,-2.5696384983902507,-1.5315723076786945
d4v12b,525,-2.0968018287052335,-2.5727668028944746,-1.6772469788128797
d4v12b,526,-1.51342870171147,-1.856603896853144,-1.2192447609352726
d4v12b,527,-2.9428431871175693,-5.007542858283131,-1.7257372060831715
d4v12b,528,-1.8045596630054943,-2.24828591470218,-1.4661988318464558
d4v12b,529,-1.3492581327593989,-1.6131948280305717,-1.111891638864497
d4v12b,530,-1.2573552807743082,-1.5993190976344034,-0.973607327266366
d4v12b,531,-1.6907772903421003,-2.087996019900944,-1.312742438467884
d4v12b,532,-5.668727802294141,-11.32183277040789,-1.6660385921371736
d4v12b,533,-32.4436386084354,-87.68973884400175,-2.34702561771618
d4v12b,534,-4.322052018480924,-9.412510795057257,-1.6171622423995118
d4v12b,535,-2.0652537309374956,-2.6115799303139453,-1.5617352072906554
d4v12b,536,-2.8640685203342877,-3.9508074898480103,-2.0860093601443026
d4v12b,682,-1.8095347709887837,-2.200055968955722,-1.461733880571986
d4v12b,683,-1.5216773092439446,-1.7698552302675352,-1.2763040967622157
d4v12b,684,-1.6443701965754125,-2.5567051972407397,-1.0695354228782818
d4v12b,685,-1.5166506062080622,-1.8058889605111843,-1.27674138739802
d4v12b,686,-1.557922588631429,-1.9869691838453472,-1.2009049571549033
d4v12b,687,-2.080323175404849,-2.7982929306906628,-1.5859604143663422
d4v12b,688,-15.795934154815209,-43.75725242196825,-1.6647849549002074
d4v12b,689,-4.565610648659991,-8.142029074642629,-2.3999885514051025
d4v12b,690,-2.2560850977088887,-2.733996495109938,-1.8325161884175567
d4v12b,691,-7.0440585127057265,-17.07398491883956,-1.8344116418055412
d4v12b,692,-7.310610680330946,-18.389145560690444,-1.615887201738787
d4v12b,693,-1.316658969682631,-1.560933854780843,-1.0943718706079106
d4v12b,694,-2.1665513354147556,-2.8816352268054315,-1.649321298423221
d4v12b,695,-1.8012471376159802,-2.3480534397614257,-1.3607830450030476
d4v12b,696,-3.6897844347342215,-6.839059462886575,-1.9222987451304432
d4v12b,842,-5.169582905191842,-11.130516922972252,-2.0317034853175957
d4v12b,843,-1.722933652264078,-2.3639822080484807,-1.2420595329523985
d4v12b,844,-27.261699728645876,-77.78117649818941,-1.8269682194181327
d4v12b,845,-1.6193159180312362,-2.2632008103690984,-1.1277358015131984
d4v12b,846,-1.817397407664486,-2.2185855854825567,-1.447724314825434
d4v12b,847,-1.4927515497931498,-2.07809026535884,-1.074444586261997
d4v12b,848,-26.41326563566907,-74.91526862378763,-1.9663937688002
d4v12b,849,-1.6457544631801766,-2.126030259933219,-1.2528664182215037
d4v12b,850,-2.258317456060694,-2.7145328257126704,-1.823382495059772
d4v12b,851,-1.8416119737166037,-2.2171296900355895,-1.4913993811116604
d4v12b,852,-1.5970236079118625,-1.848333719490578,-1.3768000529693427
d4v12b,853,-10.631005171053465,-27.652861229636393,-1.9732814566174033
d4v12b,854,-4.6258883562212585,-9.602294682621,-1.9778863859649003
d4v12b,855,-2.744703522971069,-3.1975346417479806,-2.325089649627497
d4v12b,856,-1.8817690047605793,-2.4453395860832408,-1.4810460710535969
d4v12b,57,-2.3912219468448264,-3.174182293544265,-1.8415609325899327
d4v12b,58,-2.3617323251777456,-3.5725132454050996,-1.6169319836090186
d4v12b,59,-3.056534768360718,-5.9282857695675,-1.4766843823051867
d4v12b,60,-3.515029869763002,-6.205853236734208,-1.9792298427558588
d4v12b,61,-1.980645949972717,-2.5363443026666137,-1.5059928030391585
d4v12b,62,-1.6763677028719677,-2.1489200714527756,-1.2920696392913984
d4v12b,63,-5.186327626580894,-11.962561317950517,-1.6069093199843998
d4v12b,64,-2.324249785773027,-3.963776449165627,-1.3620102410749635
d4v12b,65,-2.3166355104993155,-2.90782920230456,-1.7898840714651043
d4v12b,66,-1.6904535624713215,-2.143855638543787,-1.3090876475773463
d4v12b,67,-1.97358774118524,-2.3468868503352853,-1.6622470290190745
d4v12b,68,-2.109256907157667,-2.6777502122677537,-1.6543188907735895
d4v12b,69,-1.330774214874472,-1.5672406449049616,-1.1313380233392851
d4v12b,70,-4.623408199978591,-9.725137103247318,-1.890609032833506
d4v12b,71,-2.1183180493572946,-2.651426402626045,-1.7217360971209552
d4v12b,217,-2.51405508090595,-4.3586587795910825,-1.4240526850086046
d4v12b,218,-3.2270090517821712,-4.882296310049235,-2.141293783616697
d4v12b,219,-1.8397069767033036,-2.1406105616294435,-1.5578678324045605
d4v12b,220,-1.457265829280476,-1.8193834835601552,-1.161682046041809
d4v12b,221,-1.5833836797819338,-2.1893646197730297,-1.1175992835858386
d4v12b,222,-1.841052125553788,-2.356299863473707,-1.4380057909975494
d4v12b,223,-1.5864536349829794,-1.8959762957843664,-1.342053003095381
d4v12b,224,-2.017286797417819,-2.519433884537285,-1.5826118494082475
d4v12b,225,-18.34634137903515,-51.62892516075646,-1.5532352689021272
d4v12b,226,-3.1215931038315183,-5.66170301550468,-1.6574540893116343
d4v12b,227,-1.6245116171989198,-1.894929765582888,-1.3684130780218136
d4v12b,228,-8.861240436220745,-18.900304397314823,-2.6886609944273014
d4v12b,229,-4.2895783119775635,-9.268345878414651,-1.6421317542187726
d4v12b,230,-1.8763616447598572,-2.6592008137677516,-1.3095126070532692
d4v12b,231,-1.757884269298799,-2.3006057171003276,-1.334748433020597
d4v12b,377,-3.903437078310864,-7.610916016111986,-1.843971534344695
d4v12b,378,-1.6287146437726694,-2.2195070659530742,-1.2083274613227302
d4v12b,379,-1.7254601988231153,-2.1560850924153625,-1.3549548990513487
d4v12b,380,-1.753253503970921,-2.2205990895124335,-1.3989352074368373
d4v12b,381,-2.22485360431598,-3.5202299023390418,-1.4211018503432662
d4v12b,382,-2.4710702069513677,-4.047152594975014,-1.516917280321017
d4v12b,383,-2.3186588902756946,-3.7846389508989775,-1.43777821598035
d4v12b,384,-1.540572023994385,-1.9439461846907455,-1.1793899689678338
d4v12b,385,-4.622856848669434,-10.29487675211452,-1.6190149624300614
d4v12b,386,-2.2592396283848957,-2.8166031592037237,-1.8133494604436704
d4v12b,387,-6.464613522371162,-14.8872039716418,-2.063086394073586
d4v12b,388,-2.2440194564267952,-3.0375871073433416,-1.648993015090824
d4v12b,389,-1.9880959364764943,-2.53843773455912,-1.6096973560514645
d4v12b,390,-1.4980251469800645,-1.839670203668401,-1.1854541423271272
d4v12b,391,-1.7890312327714784,-2.3641430399828365,-1.3971938618211104
d4v12b,537,-43.62624019130445,-123.01773229338444,-3.1477369294751645
d4v12b,538,-1.6678073162330542,-1.9345972479853384,-1.4208022911697862
d4v12b,539,-2.109934972807368,-2.724820619561992,-1.6438558342610543
d4v12b,540,-1.7392782773808644,-2.080111141495008,-1.439070653981809
d4v12b,541,-2.0183324875098316,-2.402364496599251,-1.6717904281411629
d4v12b,542,-1.8524078047365504,-2.205685954687027,-1.5508950031280813
d4v12b,543,-1.946793179078905,-2.4631902506302756,-1.501994262449041
d4v12b,544,-1.341210834670398,-1.6064930435728568,-1.0925238571176603
d4v12b,545,-2.100696681339044,-3.399834661105358,-1.344017723156968
d4v12b,546,-8.114978467340986,-21.24528410772702,-1.4370329300913345
d4v12b,547,-2.385532110857172,-3.6960387589661488,-1.5870365749533386
d4v12b,548,-1.8261989435115225,-2.269069119894121,-1.4432663495900406
d4v12b,549,-5.705221789404141,-13.26690303889036,-1.660842399392682
d4v12b,550,-2.435171862681465,-4.348982316295626,-1.3136679432989655
d4v12b,551,-4.63984944556773,-9.572170969539483,-1.921240025120501
d4v12b,697,-1.8030010368851856,-2.2913868625938254,-1.4274398343772283
d4v12b,698,-2.415254072294747,-3.357447033412657,-1.753993286241082
d4v12b,699,-2.1756272936158343,-3.898722118867228,-1.2016967697393155
d4v12b,700,-2.4144655961935797,-4.086870607757604,-1.4299896272385508
d4v12b,701,-3.9140729216430294,-8.323359040347574,-1.532050641129335
d4v12b,702,-1.9866218717608384,-3.2603355530167697,-1.213318020690876
d4v12b,703,-2.3483686719675028,-3.807535503595025,-1.440889974656421
d4v12b,704,-1.226803676217731,-1.430756594244713,-1.027206505222421
d4v12b,705,-1.6836406209642345,-2.557253734360101,-1.117121920737815
d4v12b,706,-2.1795510904527746,-2.672656713724859,-1.7292884728614062
d4v12b,707,-1.8016929160489852,-2.174943127965081,-1.4597151836752509
d4v12b,708,-2.7720257587524477,-5.31574101259224,-1.38219993132397
d4v12b,709,-1.5860052345753624,-1.983117339202058,-1.2143115708774923
d4v12b,710,-3.5626145532542974,-7.0032815262734065,-1.6755235631435186
d4v12b,711,-6.847799490000213,-17.19849920479887,-1.5109658036570852
d4v12b,857,-14.590328850804353,-38.862702999027555,-1.7267438101664985
d4v12b,858,-1.7735972233947834,-2.0747494597433054,-1.51594748288972
d4v12b,859,-3.9458591672752834,-8.02406611793052,-1.6892487262655886
d4v12b,860,-1.484500004478967,-1.9645537290747932,-1.0529194411838962
d4v12b,861,-1.3975890034739602,-1.6769483912432095,-1.1220884623553815
d4v12b,862,-2.5094196134998046,-2.897279714143741,-2.1276232058946563
d4v12b,863,-1.5229309230069512,-2.110547952251498,-1.087003795212108
d4v12b,864,-2.0641082357757803,-2.9787461871368506,-1.4349567601359727
d4v12b,865,-1.9455413974086735,-2.5370586588931534,-1.4647202606136542
d4v12b,866,-2.1286229618600108,-2.849423900306095,-1.5420372039461674
d4v12b,867,-2.4358669019162296,-3.6065992251772543,-1.6261860830283703
d4v12b,868,-5.522156241743327,-11.72887985359096,-1.7628597109681463
d4v12b,869,-2.03422911685174,-2.6500762954837467,-1.5446394822778422
d4v12b,870,-2.5031627238182317,-3.746473878880969,-1.713249397361189
d4v12b,871,-2.3505350599998485,-3.6682365597660778,-1.5629139661278093
d4v12b,72,-2.927656126229391,-5.020973343082496,-1.6946806166680115
d4v12b,73,-2.0277199804407777,-2.9020609323031343,-1.4304659609370547
d4v12b,74,-4.141737097994752,-8.18163277328766,-1.9736704729866057
d4v12b,75,-2.6706180835434266,-5.053950231995448,-1.3530193428559003
d4v12b,76,-3.727125997697013,-7.053200799717341,-1.8693816907491947
d4v12b,77,-48.38954799068791,-140.94417650515388,-1.9477431434510009
d4v12b,78,-1.3836651477502333,-1.6569080132290834,-1.1310417938792363
d4v12b,79,-1.877861428729655,-2.427257641386646,-1.4577529321675415
d4v12b,80,-1.880781197839038,-2.352998174013805,-1.4860511755919177
d4v12b,81,-2.296106061111016,-2.807431008306935,-1.8774460655580072
d4v12b,82,-5.45973805860105,-10.992682354092718,-2.540347922656432
d4v12b,83,-3.0641411828964067,-3.6283368208748694,-2.5730006576602165
d4v12b,84,-2.607405676427173,-4.09650575558409,-1.6975046131765044
d4v12b,85,-1.2088918625478566,-1.4909107231555472,-0.976725307690664
d4v12b,86,-25.35210003907283,-72.11012917157882,-1.8000242505820243
d4v12b,232,-3.641494174878899,-5.926087806791607,-2.252030251060976
d4v12b,233,-2.1862399343654815,-3.343859605137846,-1.407495629541686
d4v12b,234,-2.607224691738332,-3.73357652515691,-1.834863259114339
d4v12b,235,-2.183470839327098,-3.0231148216813275,-1.5523073374879088
d4v12b,236,-2.167180462793106,-2.861275076542524,-1.6224574206595144
d4v12b,237,-2.042662820084161,-2.507140067916089,-1.612112517153179
d4v12b,238,-1.3493573145286353,-1.5896753187385828,-1.1208163360908667
d4v12b,239,-1.9317205112435132,-2.5298844173926622,-1.482690372269113
d4v12b,240,-1.8527152617538576,-2.1865621194306635,-1.549849252747118
d4v12b,241,-1.4764906702306129,-1.9384364139185588,-1.1110984619014164
d4v12b,242,-1.7728397269336336,-2.5180807581771365,-1.2384771488563695
d4v12b,243,-2.3371448541302704,-3.752283204880554,-1.4894156412217323
d4v12b,244,-1.760245620212148,-2.121128833338893,-1.419934941501893
d4v12b,245,-1.4264295488956873,-1.776867375246483,-1.1287435393402694
d4v12b,246,-2.2924274806264258,-3.7084304149947016,-1.4125129084162042
d4v12b,392,-3.0529546235113125,-4.360797531590037,-2.14516830793299
d4v12b,393,-1.9650460201871136,-3.3621265557701916,-1.1543438384431448
d4v12b,394,-1.9897867328554892,-2.8333614170090127,-1.376008332821171
d4v12b,395,-3.115824112033593,-6.22461972796415,-1.363567942038381
d4v12b,396,-1.81823210218913,-2.1922160251475225,-1.5033487379944892
d4v12b,397,-2.200485513566233,-3.18567343104275,-1.5556419448518792
d4v12b,398,-1.9798613573321355,-2.8112667194643235,-1.4506880994571782
d4v12b,399,-1.6338626859140255,-2.035417564429806,-1.2799811784127988
d4v12b,400,-1.8704000826536795,-2.6763924449865915,-1.350311844410882
d4v12b,401,-2.9833094189125653,-5.123047754007697,-1.7607996188559338
d4v12b,402,-2.09670440186657,-2.839154047537416,-1.551431173448116
d4v12b,403,-1.7502250422927237,-2.476174514704172,-1.2611627315799014
d4v12b,404,-1.5188753644868442,-1.8170025448836264,-1.2194173483149084
d4v12b,405,-1.9455248380955543,-2.521498610415813,-1.513900018434207
d4v12b,406,-1.3522975294097763,-1.63336202980376,-1.1161537566428212
d4v12b,552,-134.76387912243587,-397.41355778554794,-3.2186634898163597
d4v12b,553,-1.5906583786319874,-1.9182810479535035,-1.2981410168909722
d4v12b,554,-3.262874587700825,-5.966101117456386,-1.7074336055925643
d4v12b,555,-1.9972661173686563,-2.422142355491963,-1.60987444527356
d4v12b,556,-1.21479133616306,-1.4662487826723944,-0.9763889991418694
d4v12b,557,-3.9388124509288662,-7.470357715309024,-2.001612381494674
d4v12b,558,-1.6394829911380882,-1.8948116896073288,-1.4102021667236204
d4v12b,559,-2.5942881902352894,-4.181206683968813,-1.6288203921858937
d4v12b,560,-1.7296529650741816,-2.224565968018271,-1.3074193549608897
d4v12b,561,-1.6542864837915108,-2.0948675187491954,-1.317017999464873
d4v12b,562,-1.7578340195027602,-2.2902072834508025,-1.3897075738466609
d4v12b,563,-2.761946991997599,-3.822642622939438,-2.011471214300085
d4v12b,564,-3.470623507040256,-7.323589342638078,-1.429773587186732
d4v12b,565,-1.6187811082736414,-1.9951913095579037,-1.2849229938421614
d4v12b,566,-1.7204656713735762,-2.078030980451245,-1.3931819613133116
d4v12b,712,-1.9691537897368705,-2.4202449742182757,-1.5467063342520515
d4v12b,713,-6.519693529173144,-15.972040830126744,-1.4678650054455549
d4v12b,714,-2.7379300100828656,-3.5673429637719103,-2.110760796929561
d4v12b,715,-1.7545351137454448,-2.5043583121262305,-1.2531720173994991
d4v12b,716,-2.576042481642247,-3.2738180753489945,-2.015723035564852
d4v12b,717,-21.99892885022762,-61.980916662180064,-1.8472306874526536
d4v12b,718,-2.0383618933865586,-2.5660945912695117,-1.6096925016512251
d4v12b,719,-2.09284385528988,-2.6722539696440153,-1.622445997458773
d4v12b,720,-15.861916953836706,-39.416920340814094,-2.245481381971648
d4v12b,721,-2.3258548286279153,-2.891087509605158,-1.873051962289933
d4v12b,722,-2.511181325020512,-4.471316055173395,-1.408713853866068
d4v12b,723,-1.6368267884144585,-1.9322521280531528,-1.374035644305782
d4v12b,724,-2.4782376265470685,-3.7889279510008143,-1.679696104821934
d4v12b,725,-2.005970433496612,-2.5235354352450425,-1.5668616295011355
d4v12b,726,-1.997244117787599,-3.0143656085314983,-1.2374833303225932
d4v12b,872,-1.8006691796925736,-2.2221204625073305,-1.4227752882350688
d4v12b,873,-1.8412172047202064,-2.656237178604437,-1.3123867434078742
d4v12b,874,-2.2973359806152533,-2.8729604809610834,-1.7735562848724766
d4v12b,875,-1.8022920634459123,-2.1772171729175716,-1.4569806912811114
d4v12b,876,-2.0813071011325444,-2.7566562804459713,-1.5936373091624914
d4v12b,877,-1.434028309598635,-1.910823739025152,-1.0855572296740952
d4v12b,878,-4.509465205456763,-10.232119429988572,-1.5022660856302157
d4v12b,879,-2.0003737073707315,-2.4557029507993273,-1.6001429972736612
d4v12b,880,-2.8939823753454172,-4.665638992940756,-1.8191164586058928
d4v12b,881,-1.0626013697553365,-1.276225646017765,-0.8706123615695716
d4v12b,882,-2.5783969670457987,-3.543437975794619,-1.8827848912856928
d4v12b,883,-1.4210860241810035,-1.6503839140584824,-1.2116301924064352
d4v12b,884,-1.996211632697034,-2.389112338797785,-1.6150196837830548
d4v12b,885,-32.12225223849911,-92.72500136353574,-1.6359143727608905
d4v12b,886,-2.0765907393863396,-3.129756617110474,-1.3798153858945157
d4v12b,87,-1.981009903734231,-2.311143117403083,-1.6790075122408872
d4v12b,88,-1.8028833698002176,-2.2326825852115535,-1.42272339091444
d4v12b,89,-2.7591695876120967,-4.338823810190236,-1.4833545783848687
d4v12b,90,-1.8026297104263664,-2.2384245858680623,-1.4241709101807412
d4v12b,91,-2.412476233681655,-3.1150682322419616,-1.8573173739222189
d4v12b,92,-2.555984079558529,-3.6258432231156488,-1.6858496387054018
d4v12b,93,-1.9763588481219705,-2.309062562047054,-1.6592096698758905
d4v12b,94,-46.025074798429486,-132.1423810386792,-2.730580527134131
d4v12b,95,-1.6840087332417992,-2.112876731784324,-1.3591041037263871
d4v12b,96,-2.330293344825753,-4.025758389762894,-1.347320021144912
d4v12b,97,-2.8223855083841007,-4.841120126230743,-1.6279144703148505
d4v12b,98,-2.0844051483076793,-3.109778798437085,-1.403818414027262
d4v12b,99,-1.4108422978874346,-1.9003153282026732,-1.042123501658658
d4v12b,100,-2.059428267310941,-3.0263032579109392,-1.4249580950249905
d4v12b,101,-4.130660007221507,-9.229029753816684,-1.423708834376671
d4v12b,247,-1.382154633828831,-1.7680331158871263,-1.0638320271510715
d4v12b,248,-3.2222883815393097,-6.662839277475267,-1.3766687059869154
d4v12b,249,-3.6225437961217777,-7.880891203129853,-1.3496922847027746
d4v12b,250,-1.8864700841420228,-2.393705210532529,-1.5182373272047385
d4v12b,251,-2.5685513085872285,-4.298321791557137,-1.5457826928644036
d4v12b,252,-21.318802653704168,-57.790371897899256,-2.748843181366805
d4v12b,253,-3.718567381257414,-7.901846466201647,-1.51722970438809
d4v12b,254,-2.001884288398745,-2.4294129507969897,-1.6108672146309544
d4v12b,255,-1.4571165800243122,-1.7343151132709749,-1.195708304513885
d4v12b,256,-2.6790658735654063,-3.399873064613189,-2.1432212064472407
d4v12b,257,-1.5200043550363591,-1.880709226030617,-1.1936286242118537
d4v12b,258,-1.8376796517126357,-2.2824556241649128,-1.468241700930783
d4v12b,259,-1.9064285483536207,-2.516947820620132,-1.3978347257403656
d4v12b,260,-1.5842824557753232,-1.9562199639707416,-1.3051899605154855
d4v12b,261,-2.003980482312,-2.498286866063772,-1.5578216743101831
d4v12b,407,-1.8913522031314296,-2.273427187008793,-1.5103422377029705
d4v12b,408,-2.0191290703337925,-2.6252297139213945,-1.5991623661784315
d4v12b,409,-1.662186640387024,-2.0489771485427823,-1.3400134738711196
d4v12b,410,-36.21729474378616,-102.41175776373473,-2.876559309158507
d4v12b,411,-6.389113444211931,-14.341519686751072,-2.1869149279152555
d4v12b,412,-2.0028813621416663,-2.908883476352905,-1.3871567458734952
d4v12b,413,-2.488873565310559,-3.2344617913553964,-1.9311987560336945
d4v12b,414,-1.647951900220954,-1.9525099400097152,-1.350675182667321
d4v12b,415,-1.9650371545895595,-2.3259624333533795,-1.5996360309616011
d4v12b,416,-1.884871855228871,-2.2038912414121623,-1.5790677936857271
d4v12b,417,-1.5328737986667065,-1.8319793015970884,-1.2440674343250078
d4v12b,418,-2.5876718301555384,-3.7387611537435026,-1.8337085196532608
d4v12b,419,-2.5286929052728695,-3.3342141154625136,-1.8820854161966525
d4v12b,420,-1.864452531460426,-2.161860557114239,-1.5854119844343268
d4v12b,421,-2.618534181800065,-4.480835945640856,-1.52744144342292
d4v12b,567,-1.7713130072428518,-2.3487839824481775,-1.3319620548498423
d4v12b,568,-2.7103466269316936,-3.5918809638655973,-2.0433225310840704
d4v12b,569,-2.950401735663257,-4.747082772491984,-1.86000515353289
d4v12b,570,-4.201139535503801,-9.13913376987495,-1.5895436834588756
d4v12b,571,-1.6332186329171532,-1.997090789217688,-1.2930218467552128
d4v12b,572,-2.0453333903746502,-2.60702658215312,-1.5535289101871814
d4v12b,573,-1.4074153911723606,-1.7558051852434593,-1.11005622714204
d4v12b,574,-2.1494074725497283,-2.7693515378183693,-1.652716221387576
d4v12b,575,-5.3857382243730125,-11.970801495918838,-1.9400520798288317
d4v12b,576,-1.1636785067913975,-1.379046535547058,-0.9744306571055972
d4v12b,577,-2.816619377789566,-4.874636613415266,-1.6542591269120608
d4v12b,578,-2.017545033385906,-2.593903974996603,-1.4994470080766171
d4v12b,579,-5.873126695385028,-13.934784864291773,-1.658865877372755
d4v12b,580,-2.259315000424838,-3.325217973684941,-1.5823194193236398
d4v12b,581,-2.1386400037857527,-3.0137938985431685,-1.520950937630895
d4v12b,727,-8.15970021779626,-19.62259497494809,-2.2055386955681033
d4v12b,728,-5.1848932724607755,-12.50650156071669,-1.3967025139726446
d4v12b,729,-1.7214309697112102,-2.0499914182787737,-1.443413611217761
d4v12b,730,-1.6192396861914409,-1.9347203112655968,-1.3153120893039552
d4v12b,731,-1.8759363809113403,-2.41772709319879,-1.4295230325832295
d4v12b,732,-1.6955358025729592,-2.0248323390990803,-1.393830791339101
d4v12b,733,-1.6664521672695454,-1.983471472208105,-1.384470700001514
d4v12b,734,-8.793836490315755,-23.344438961910452,-1.4088283836530529
d4v12b,735,-1.871402357250632,-2.386111928211154,-1.4164005119260052
d4v12b,736,-1.7168354859411472,-2.1395535276730087,-1.38344077804477
d4v12b,737,-2.625929286351293,-5.01031756271208,-1.2815914875728305
d4v12b,738,-1.953555382143836,-2.6829002791510455,-1.4475760889233158
d4v12b,739,-1.7595467791071042,-2.541818437769012,-1.202520728544401
d4v12b,740,-1.8726630630145007,-2.5357273644829545,-1.4012366765335036
d4v12b,741,-1.6372625438801909,-2.020104349265296,-1.303414243782835
d4v12b,887,-1.923836573568188,-2.6173688750138417,-1.4266912009364234
d4v12b,888,-1.96386910589815,-2.7787420842976083,-1.3723936718742682
d4v12b,889,-3.4496396276203773,-6.135352604598193,-1.9114349477790624
d4v12b,890,-1.4979591679187712,-1.7793306276030698,-1.2321598615752285
d4v12b,891,-2.90767371806967,-6.044874158142266,-1.224466992387122
d4v12b,892,-1.6013618707887551,-1.9041729336048996,-1.313149459129556
d4v12b,893,-2.164355340730161,-2.740497290565639,-1.6798939366666956
d4v12b,894,-2.187673448041509,-3.044909412703233,-1.54955244219856
d4v12b,895,-1.8979360851312037,-3.0272675611559414,-1.1483075584505615
d4v12b,896,-2.439192490386724,-4.027152362710431,-1.446625156826554
d4v12b,897,-7.29968106678586,-17.693362987086523,-1.9034999518029008
d4v12b,898,-2.685226580129755,-4.918037464390888,-1.4208884435030664
d4v12b,899,-3.8276285641651233,-7.366889292215533,-1.8685789723181985
d4v12b,900,-1.3898370031957217,-1.698412165135052,-1.0862386353324736
d4v12b,901,-1.720831865008552,-2.2075326414738035,-1.2982409763591722
d4v12b,102,-2.33397685001043,-3.5929621348338396,-1.4154281571902412
d4v12b,103,-1.8546202798506672,-2.551614999177376,-1.3290307788649305
d4v12b,104,-2.03644379393576,-2.979510667657802,-1.4446038879556633
d4v12b,105,-2.1310971526725915,-3.14021329276009,-1.4662843910378391
d4v12b,106,-6.358755785788033,-15.372804261182225,-1.6485310793294028
d4v12b,107,-3.6788182878386126,-7.65149851520596,-1.5236205326348229
d4v12b,108,-2.75763697258909,-4.021907571416208,-1.7366182026671
d4v12b,109,-1.918629987298452,-2.627625848962727,-1.442908586302856
d4v12b,110,-2.4136151051823536,-3.573369302397592,-1.6548439500601075
d4v12b,111,-1.539361034045748,-1.8008980675713224,-1.2894720217535085
d4v12b,112,-1.2797550703837397,-1.517968546893535,-1.0684766116364268
d4v12b,113,-1.7314507845453542,-2.03748376848484,-1.4644166158257828
d4v12b,114,-2.1190845885496556,-2.708598157711523,-1.6475519729962498
d4v12b,115,-2.1081773267224646,-2.947562656598142,-1.5324509233269477
d4v12b,116,-4.5475213951983084,-9.946093838647055,-1.630862885283319
d4v12b,262,-1.9951661669494871,-2.462687709516365,-1.5910622670934145
d4v12b,263,-13.673470251991724,-36.73006998669024,-1.9783841137368263
d4v12b,264,-1.462784303151001,-1.8238455008815129,-1.140371044103763
d4v12b,265,-2.6956152453411772,-5.263024213974586,-1.3068219957810427
d4v12b,266,-3.093053836085839,-5.286459384428787,-1.7977656821066526
d4v12b,267,-36.896938536674966,-107.09576576132932,-1.6569606880345715
d4v12b,268,-1.9678164687621904,-3.5292070198964542,-1.0949555963700903
d4v12b,269,-2.7017080798703423,-4.229730371460325,-1.7687661774957233
d4v12b,270,-10.355463728665256,-24.055782055558872,-1.4405268399698778
d4v12b,271,-1.6300314785845174,-2.132037431365132,-1.2625470437186508
d4v12b,272,-4.5717251445348595,-8.804428229391053,-2.01472369791039
d4v12b,273,-2.3827254799516733,-3.4944167181267525,-1.606158424325255
d4v12b,274,-2.3712254998384923,-3.632086621686325,-1.5269938413630268
d4v12b,275,-2.002803956162306,-2.489493194570138,-1.6017549743493915
d4v12b,276,-1.980767901444092,-2.3734012920673475,-1.634292125673131
d4v12b,422,-1.5191284771763014,-1.8436455122567632,-1.251250064681237
d4v12b,423,-1.2151021373312312,-1.6751046759806127,-0.8832080924017535
d4v12b,424,-1.7399933261226377,-2.1881853022320374,-1.3841916259162634
d4v12b,425,-6.592237837179589,-14.862853437170106,-2.2756351860643895
d4v12b,426,-4.117297045683662,-8.79028641531636,-1.5767548400802425
d4v12b,427,-21.731621853811916,-61.59083901968756,-1.6347016704539674
d4v12b,428,-1.5953043109418965,-1.8822915180769544,-1.3292921399131032
d4v12b,429,-1.6605146504796355,-2.068907692494396,-1.3153843405921892
d4v12b,430,-2.6792728715697836,-3.721507752601259,-1.9062739638100623
d4v12b,431,-2.86689992518329,-3.796860341438851,-2.104521700797223
d4v12b,432,-2.2724011336438865,-3.5974615355074904,-1.4758487953300528
d4v12b,433,-1.6150948394350573,-2.036969247379246,-1.2492688852311868
d4v12b,434,-2.0985687294943896,-2.6911325882132484,-1.639598498254975
d4v12b,435,-1.874911839246519,-2.326369489492212,-1.5377475695566365
d4v12b,436,-2.1835068042696504,-3.4727025785749897,-1.365030971130592
d4v12b,582,-1.499529506742744,-1.8424063003578983,-1.191951807972466
d4v12b,583,-2.296073003645449,-4.397577892842984,-1.12584993395544
d4v12b,584,-2.7633184308948495,-5.0697583517838485,-1.4563492771341426
d4v12b,585,-2.299147288001084,-3.6585984840445698,-1.4655374351496149
d4v12b,586,-1.9825557050410512,-2.838694218087727,-1.3717855826340892
d4v12b,587,-3.6401464415065297,-7.256625199654168,-1.6316434218769116
d4v12b,588,-3.200515520421173,-5.153419008351233,-1.8874574787613596
d4v12b,589,-2.039217601694557,-3.226251944265723,-1.3063296223780196
d4v12b,590,-1.7636929430120214,-2.257082175556716,-1.3714331536242097
d4v12b,591,-1.7566882244642887,-2.3826389854439145,-1.275921303531749
d4v12b,592,-1.6639911014441962,-2.0017392767301696,-1.347016815760665
d4v12b,593,-1.4950000768779126,-1.808951530405127,-1.215930227225777
d4v12b,594,-1.8147570303059513,-2.184904718897279,-1.5045842876068485
d4v12b,595,-2.0955983275888066,-2.7112051046130667,-1.6209245923813518
d4v12b,596,-1.5908362498787,-1.949227569938259,-1.2575337604592154
d4v12b,742,-1.599733832940106,-1.8127689382945291,-1.4089675440697758
d4v12b,743,-1.4171753452483895,-1.7169012258102276,-1.1472674118429964
d4v12b,744,-2.602653948024624,-4.151646353426337,-1.6669506453629517
d4v12b,745,-1.3181434358989603,-1.63352840116228,-1.04829410167198
d4v12b,746,-1.6922136555847127,-2.013339888001346,-1.4138824983981646
d4v12b,747,-1.957526148622985,-2.365573797816346,-1.5626991952507476
d4v12b,748,-1.6294934910617211,-1.9644919351038608,-1.331287747422965
d4v12b,749,-1.7118673357102645,-1.9870058281885488,-1.4378301635315562
d4v12b,750,-3.921346263212505,-5.964981568166097,-2.636621346619869
d4v12b,751,-2.597228324451738,-4.34328024789045,-1.5612565120533386
d4v12b,752,-1.8572574778919615,-2.412756279572537,-1.4207721290998372
d4v12b,753,-2.14494435398634,-2.7405268672246894,-1.6589873351200104
d4v12b,754,-2.008593126704917,-2.433570000271307,-1.6417166333314177
d4v12b,755,-66.67876620956928,-193.26709539068207,-3.050426238916653
d4v12b,756,-9.125395899883497,-22.532123485393296,-2.193637115490401
d4v12b,902,-276.1200308298717,-826.000514349959,-1.0602528541681655
d4v12b,903,-2.216000292941964,-3.132029077260958,-1.5128335929155134
d4v12b,904,-1.2927476578257466,-1.5685018319752329,-1.0365716263875064
d4v12b,905,-2.243879886310584,-3.596838960964135,-1.4175952073657674
d4v12b,906,-2.0660079360131673,-2.567736205005851,-1.612653481563273
d4v12b,907,-1.3350335140454153,-1.6631812362902956,-1.035638411729107
d4v12b,908,-1.236795524365502,-1.8278504341552455,-0.862665508775191
d4v12b,909,-1.6764588109497742,-2.1222083826421496,-1.327736950995407
d4v12b,910,-1.3901325476492228,-1.7153047338114311,-1.1010144752146
d4v12b,911,-2.0723284324774047,-3.158378400193609,-1.3746107968849388
d4v12b,912,-3.95334117566415,-9.04377061009134,-1.2392281559432388
d4v12b,913,-19.151967178405304,-51.017144083772195,-2.9801416765150015
d4v12b,914,-2.1667293498526408,-3.262623039289172,-1.448529001476133
d4v12b,915,-2.6747749294115906,-4.627225002766369,-1.5035751405076596
d4v12b,916,-1.8601048300111325,-2.602629324223566,-1.3398762930249044
d4v12b,117,-2.273354341279038,-2.877123196383985,-1.7370258969617287
d4v12b,118,-3.0928977952663987,-5.308161070075719,-1.813655925477084
d4v12b,119,-1.835099904070787,-2.9135383598921343,-1.1485645611298545
d4v12b,120,-5.461566706824666,-12.87587310737179,-1.514302316864714
d4v12b,121,-1.9505138602875904,-2.495624922594815,-1.516629483097092
d4v12b,122,-1.9942468160916589,-2.3695381165236866,-1.6407941475518106
d4v12b,123,-1.7778475351171417,-2.301423489237614,-1.3689925710072486
d4v12b,124,-1.9051299538507591,-2.348326515384202,-1.4875430442964963
d4v12b,125,-1.7843200793909446,-2.3024550762650904,-1.335167356720561
d4v12b,126,-2.255152425570053,-2.936398325117635,-1.6924293374827222
d4v12b,127,-1.9962689421347597,-2.778288402529106,-1.4827194269036956
d4v12b,128,-1.6334383081084995,-2.066116920959322,-1.2103286605895478
d4v12b,129,-2.0698120466903256,-2.9412546443548613,-1.468928987414474
d4v12b,130,-28.661995212099747,-80.44916328153757,-2.5257826175129403
d4v12b,131,-1.4454551293494229,-1.7226184446929995,-1.196083565940521
d4v12b,277,-1.8473338459362876,-2.254061885983577,-1.4977397195967188
d4v12b,278,-4.99722278355001,-11.205785253082365,-1.683153767795903
d4v12b,279,-2.763741750297865,-5.087793186850013,-1.440616192364759
d4v12b,280,-2.3102359459725843,-3.7750656403128104,-1.4248100599995512
d4v12b,281,-1.74135593895103,-2.2177022959066077,-1.3653915509776078
d4v12b,282,-3.8628925490171944,-6.823440211596964,-1.9013376892636955
d4v12b,283,-1.6652090200451646,-2.3101207795505996,-1.232145834869116
d4v12b,284,-2.325179030016138,-2.9104877915497323,-1.831675802974552
d4v12b,285,-2.0339682683271945,-3.474278965029465,-1.156172961053916
d4v12b,286,-5.3714196603018785,-12.46101106691371,-1.674065349798727
d4v12b,287,-1.6951143943515323,-2.103419651799938,-1.378853843332028
d4v12b,288,-1.8462762367377628,-2.414120675717899,-1.412609811454876
d4v12b,289,-29.116397275708213,-82.93646863116167,-1.974081486460867
d4v12b,290,-1.22162180827885,-1.460300672340217,-1.0001758198699633
d4v12b,291,-1.7215285074323046,-2.0969599630363365,-1.4002210076458
d4v12b,437,-1.7937191234187968,-2.142245959657863,-1.4834592339468964
d4v12b,438,-2.1851466842348017,-2.8709436443158687,-1.6420886777323054
d4v12b,439,-1.8689336528829423,-2.1865930822146895,-1.5623131108847292
d4v12b,440,-1.4208953080088045,-1.821527933319259,-1.0771169206146012
d4v12b,441,-1.831895653468791,-2.3890970502494033,-1.389831153154537
d4v12b,442,-2.8974041664947463,-5.7939987616056206,-1.3028297844460903
d4v12b,443,-1.5858976073664832,-1.966014388172603,-1.2599311810218792
d4v12b,444,-1.8639182767202915,-3.0586231993723136,-1.1798799863859806
d4v12b,445,-1.4291272973659233,-1.7336077311549178,-1.1666281036504076
d4v12b,446,-1.9498801445274416,-2.5843053678145433,-1.4817702087859903
d4v12b,447,-2.3281927262697395,-2.863749736711161,-1.862757510009695
d4v12b,448,-1.6263768734920083,-1.940070197580835,-1.3429305571351111
d4v12b,449,-1.2258919872678702,-1.4977751949309828,-1.0087865868628727
d4v12b,450,-1.8597089833310123,-2.438770485824661,-1.3577737810752606
d4v12b,451,-3.1468619138656937,-6.110468726707787,-1.4926070350822835
d4v12b,597,-6.623211177846757,-13.302985850835244,-2.002324960218964
d4v12b,598,-1.9754632820097893,-2.488461244710617,-1.5374111872470697
d4v12b,599,-4.4145911777035876,-8.869734310608786,-1.743896501815205
d4v12b,600,-2.688995256070432,-3.5428783683362868,-2.052876874107558
d4v12b,601,-2.115669497086735,-3.0945428119300114,-1.4928133068953635
d4v12b,602,-1.520693293710843,-1.8493465773618345,-1.2363440849777454
d4v12b,603,-1.932963466336792,-2.389436412942239,-1.5222157063772528
d4v12b,604,-1.4787389820966146,-1.804553689968791,-1.2043962698591042
d4v12b,605,-1.4153156398284168,-1.6894418208150783,-1.1801157050394688
d4v12b,606,-1.644953386042173,-1.909707228562596,-1.4051238690932444
d4v12b,607,-2.2674082306368475,-3.8012547038829654,-1.3265874451030866
d4v12b,608,-1.611726550486796,-1.9265025015463848,-1.315609704018691
d4v12b,609,-2.055639707915865,-2.449142683860282,-1.69807989641458
d4v12b,610,-7.821448843736651,-19.4305832239083,-1.8983537814478004
d4v12b,611,-22.869160463100535,-63.40376576600084,-2.3614304868789016
d4v12b,757,-65.37180808317655,-192.02038558477415,-1.8960532770193192
d4v12b,758,-32.07432663152152,-91.87272820618875,-2.020369817685735
d4v12b,759,-2.6959526439146364,-4.21984063721736,-1.760501170518382
d4v12b,760,-1.6944319248605664,-2.0583652410116535,-1.3520277114613115
d4v12b,761,-3.946321703639234,-7.603532611886766,-1.9768235848469569
d4v12b,762,-1.570822247552621,-2.0516444285449738,-1.215981080744486
d4v12b,763,-1.8761451934035864,-2.388693493042235,-1.454913523734862
d4v12b,764,-2.8240099133888226,-4.921142626558314,-1.5944178928599118
d4v12b,765,-2.142652034697767,-2.6388909329493453,-1.6597150559928249
d4v12b,766,-3.158215747194886,-4.846449421394554,-2.096952855670222
d4v12b,767,-2.43028991671065,-4.007813936218725,-1.271573206548943
d4v12b,768,-1.6140514949084035,-1.922522610727992,-1.310202112683236
d4v12b,769,-2.147768063089173,-2.690286123582195,-1.7185513364349694
d4v12b,770,-1.3892653139279505,-1.6590072889576517,-1.1347848956392088
d4v12b,771,-4.650271184641864,-9.63798725694254,-1.5054121200022126
d4v12b,917,-1.718379696849587,-2.04458373513193,-1.4228505810826193
d4v12b,918,-1.7486901712966303,-2.1231965944379056,-1.411446415760623
d4v12b,919,-30.890860747021968,-87.3661586056382,-2.4188255558287763
d4v12b,920,-2.275711601655418,-2.8124252662440763,-1.8078819271095656
d4v12b,921,-11.115723473506767,-28.55682382057251,-1.9339477708370856
d4v12b,922,-1.3656699704381448,-1.7074610234088716,-1.062779943319489
d4v12b,923,-2.000331231532741,-2.4130261548500775,-1.617166005591444
d4v12b,924,-1.5832181068979314,-1.9691635770286209,-1.2647668465630777
d4v12b,925,-8.097508158196325,-20.618836487681385,-1.663960861412217
d4v12b,926,-3.492707171818896,-7.352150360597575,-1.432411763478754
d4v12b,927,-2.3468499064947115,-2.911793207681546,-1.9096054556032684
d4v12b,928,-3.3895998323906404,-7.423862791150553,-1.2653589144406938
d4v12b,929,-2.0331807847035255,-2.5458691396473316,-1.6253686191333216
d4v12b,930,-2.759265992498234,-4.764799669433983,-1.566997453733492
d4v12b,931,-2.2154322259806687,-2.751981129166047,-1.7915077388258145
d4v12b,132,-1.496475193177175,-1.811835393060371,-1.185935015918208
d4v12b,133,-1.2864445971626326,-1.503952246275134,-1.0808422808908162
d4v12b,134,-2.04746380140506,-2.4894401099318313,-1.642533516245439
d4v12b,135,-1.7834278884906056,-2.5770216947290394,-1.2912898072387224
d4v12b,136,-2.027699892288819,-2.6747596921336685,-1.5056819955069742
d4v12b,137,-1.9777447154823895,-2.244736384910764,-1.702548117159803
d4v12b,138,-1.5847685875725903,-1.94434074885756,-1.3162478303496528
d4v12b,139,-1.7824402639054004,-2.2487985549411555,-1.3634593896893668
d4v12b,140,-3.0431204705962984,-5.186601237631048,-1.7482199000361038
d4v12b,141,-2.260043991231202,-3.5108053171853855,-1.475732790515282
d4v12b,142,-2.224627154387521,-3.254030244770674,-1.5569327284825003
d4v12b,143,-2.659791053844039,-4.342711557689843,-1.4655732507873098
d4v12b,144,-1.9040518563835376,-2.309513389691048,-1.5468037567494843
d4v12b,145,-2.719723971263716,-4.26253293674994,-1.6133921797365858
d4v12b,146,-1.6058385129064925,-1.9413716881176952,-1.2899141250391548
d4v12b,292,-1.3873949372709395,-1.6032747700609995,-1.166331971026879
d4v12b,293,-2.0775886251378344,-3.065503440725467,-1.4431708672399142
d4v12b,294,-418.5422175470427,-1250.7113353362283,-2.269395819096738
d4v12b,295,-1.9920719894837473,-2.9650829482834573,-1.2936852108047965
d4v12b,296,-3.084456060437577,-5.90190713084981,-1.5186377975405632
d4v12b,297,-2.9545943435487843,-5.7210315873507405,-1.4631533025702057
d4v12b,298,-2.1278875245347644,-2.581493656962387,-1.740455466325313
d4v12b,299,-11.990081910794428,-32.28618684522962,-1.6882321185654503
d4v12b,300,-2.9480555524747456,-4.983980624333064,-1.7416956245880666
d4v12b,301,-2.0243291721472367,-3.004418928267889,-1.410900990041869
d4v12b,302,-2.915245954849533,-5.020768706540151,-1.719947610497709
d4v12b,303,-14.704083494584676,-38.886776069050455,-2.3753066437981145
d4v12b,304,-6.43706927336862,-15.804875778347093,-1.5932857808594925
d4v12b,305,-2.484612018664363,-3.693539477248939,-1.5738639658710605
d4v12b,306,-2.210107455593489,-2.9598266170728285,-1.6026533312455262
d4v12b,452,-1.6729819167522353,-2.0978857570112597,-1.3311149687059505
d4v12b,453,-2.1694053995102736,-2.7287718180588465,-1.7013516370039663
d4v12b,454,-1.903266626740414,-2.3789223950262177,-1.496042943542116
d4v12b,455,-9.51029300504543,-25.250075538272263,-1.4864850196345163
d4v12b,456,-13.1989479133761,-35.089686928465035,-2.086935421586677
d4v12b,457,-1.8197468133787111,-2.3671365563863036,-1.3910977881401574
d4v12b,458,-3.8190987727987142,-7.315768693820373,-1.5449487121971202
d4v12b,459,-2.951269645302453,-4.448619398479116,-1.955275733225182
d4v12b,460,-1.6562509946601205,-1.9862422504104569,-1.3342630644686122
d4v12b,461,-2.47091735813325,-3.890967813628681,-1.5659231300588548
d4v12b,462,-2.391420930250528,-3.9136987250504,-1.4707771489876418
d4v12b,463,-1.6707595868565677,-1.9997058650395585,-1.3782236282599198
d4v12b,464,-4.406711277442703,-9.949763405177334,-1.4492845665817629
d4v12b,465,-2.250870318734235,-3.161634036978497,-1.66553719053894
d4v12b,466,-1.685554096559864,-2.2695378637307373,-1.2620986282039472
d4v12b,612,-3.670022495318975,-8.250656284702181,-1.254594395150448
d4v12b,613,-2.7279555632739667,-4.213291988789116,-1.8034366087589888
d4v12b,614,-1.861641408955334,-2.313496948113324,-1.4782339801538107
d4v12b,615,-1.7642919308741547,-2.338334736171344,-1.293540782477038
d4v12b,616,-1.5125907139723054,-1.8085996410841036,-1.2478799470274802
d4v12b,617,-3.5601131998113873,-5.859101999720047,-2.1774078642153705
d4v12b,618,-1.7828237050779818,-2.2956191609672767,-1.386563639461014
d4v12b,619,-1.2741889584657204,-1.4598945235420029,-1.1095654193694362
d4v12b,620,-1.855241066752408,-2.411306714901946,-1.3861232627570066
d4v12b,621,-1.303355179183443,-1.5552889579891194,-1.057315601928024
d4v12b,622,-3.90529219460894,-7.1134987137876875,-2.0291108169593204
d4v12b,623,-2.1574389731271046,-2.705942549740999,-1.721347631024233
d4v12b,624,-2.6259512406920575,-4.340013675728081,-1.60868202586167
d4v12b,625,-3.319876320405108,-6.258066326020997,-1.6416024705506906
d4v12b,626,-1.5726875708992076,-2.0341435666985315,-1.236392901352482
d4v12b,772,-2.142786962623561,-2.5308636723846942,-1.7811462144695105
d4v12b,773,-2.823404312485036,-4.89115651733832,-1.628544083661562
d4v12b,774,-1.6154062544497445,-1.956865721650109,-1.3204872395784355
d4v12b,775,-1.945820220244733,-3.303741230060247,-1.134159560346514
d4v12b,776,-2.0228572785848815,-2.404653871593485,-1.6696612366159391
d4v12b,777,-1.8097417955057689,-2.703296973370112,-1.2141483272937323
d4v12b,778,-1.340505315688429,-1.6940582152858856,-1.0584256597569797
d4v12b,779,-1.55237873622118,-1.8507493564489332,-1.277666203736498
d4v12b,780,-1.7998421833494276,-2.2000691469563485,-1.4381058792725951
d4v12b,781,-1.8779357940901245,-2.383605722470884,-1.4313190681938257
d4v12b,782,-2.506538608532247,-3.798879147580283,-1.631853316777963
d4v12b,783,-1.3482262400803644,-1.6169335098255988,-1.1208344410277915
d4v12b,784,-2.183331311694081,-2.6937117244758193,-1.7063580802756264
d4v12b,785,-1.7998087651014143,-2.1516430967907154,-1.463797149165888
d4v12b,786,-1.923597188659336,-2.346034988099415,-1.5670808919021717
d4v12b,932,-2.0658534213661457,-3.559591623852271,-1.1782506255667695
d4v12b,933,-1.54600437785644,-1.8805152371686673,-1.265779500642174
d4v12b,934,-1.6829390084509757,-1.9934283055427977,-1.3694011076101282
d4v12b,935,-1.5890500623836683,-2.0333321790934846,-1.2038026817574667
d4v12b,936,-1.603163243196891,-2.170268332088295,-1.151277611580125
d4v12b,937,-3.3558191239207797,-6.16037700593561,-1.7660109407057865
d4v12b,938,-2.6955732107399655,-3.5083153299699728,-2.0450764089659357
d4v12b,939,-1.672243277411979,-2.408175465818365,-1.1642267731535705
d4v12b,940,-1.5740677279544228,-1.90930492203837,-1.2722847875577437
d4v12b,941,-2.37947139199394,-3.546170345659746,-1.615912661175943
d4v12b,942,-1.4181584253449055,-1.6780235956862477,-1.155987551978599
d4v12b,943,-2.1930305902328615,-3.356459248837516,-1.3248206238514555
d4v12b,944,-1.835577863251185,-2.208451563708018,-1.4926149915651996
d4v12b,945,-4.044395792111921,-7.695771741604866,-2.019109185971305
d4v12b,946,-1.5963498236922304,-2.2117532688861195,-1.1259623404656849
d4v12b,147,-2.1342080698580084,-3.258713485519118,-1.4251192407067688
d4v12b,148,-4.10121207528255,-8.920021560811286,-1.4923977418170309
d4v12b,149,-2.438633984644652,-3.385699584487869,-1.7406208343955658
d4v12b,150,-2.3830772547496055,-3.263702574528276,-1.7812577195916983
d4v12b,151,-1.6530096641755887,-2.0781272498994903,-1.289185025032221
d4v12b,152,-2.2647205434586404,-2.75069986543133,-1.8106078267418917
d4v12b,153,-1.7938083042642057,-2.1528220060222494,-1.4587297979751757
d4v12b,154,-2.4208622508011484,-4.487461645863185,-1.2764455557432393
d4v12b,155,-1.8267624879009272,-2.317163487111314,-1.4079353171806304
d4v12b,156,-3.491911634805321,-7.497409017200676,-1.346513096337547
d4v12b,157,-1.7805502000315216,-2.173076062377887,-1.4397490911985036
d4v12b,158,-1.9853755155140609,-2.5559971233694365,-1.5682105912554063
d4v12b,159,-2.18742324115071,-3.112489089009364,-1.5699317217672144
d4v12b,307,-1.846787279554044,-2.535982609456777,-1.3311271886439633
d4v12b,308,-2.268959293324769,-2.8099681058162345,-1.7726376264021946
d4v12b,309,-2.032546597812451,-2.9175288363803307,-1.4254774547706222
d4v12b,310,-2.2440007114691904,-3.352672292089077,-1.5402878381616396
d4v12b,311,-3.297676425907613,-6.3168330988616335,-1.676094239835383
d4v12b,312,-2.213751287973544,-2.8683699618718106,-1.6633606780119905
d4v12b,313,-1.7642904197955702,-2.5166510621717504,-1.1444830393061922
d4v12b,314,-8.086742648145695,-20.82491658787424,-1.548433734171944
d4v12b,315,-1.6459947658065692,-2.016292568539805,-1.33267030537709
d4v12b,316,-1.6652106139916514,-2.219272524285007,-1.267775889128176
d4v12b,317,-1.4872938886713054,-1.952584732345352,-1.135681221676961
d4v12b,318,-1.2241605894945609,-1.4537119579393154,-1.024697369825914
d4v12b,319,-1.976634312480796,-3.1297372039242037,-1.2130173065683592
d4v12b,467,-2.0477636204268457,-2.447972319038793,-1.6849408856997523
d4v12b,468,-2.0187891216406477,-2.916297512610802,-1.368391767137925
d4v12b,469,-2.6769414442413777,-4.34419697528171,-1.6680556492144862
d4v12b,470,-2.0730409595794157,-2.8894585651037894,-1.5093267837788993
d4v12b,471,-7.076690464132066,-16.48791727579423,-2.1917746204569415
d4v12b,472,-1.9571293295367336,-2.568523844306647,-1.4925801497199642
d4v12b,473,-18.51457977738366,-49.18475884729072,-1.7069377297199653
d4v12b,474,-401.34746271497545,-1198.5187744496714,-2.6046574422956095
d4v12b,475,-3.654458914747992,-7.805140820163019,-1.3672421377172463
d4v12b,476,-2.024420840505728,-2.6225295861368187,-1.546971596087488
d4v12b,477,-1.738989841974295,-2.328962210218345,-1.3054343331295164
d4v12b,478,-2.4145382951184584,-3.3928883775277976,-1.708886085748906
d4v12b,479,-1.893469122989717,-2.347697218337363,-1.4993797055162954
d4v12b,627,-1.8015842353900715,-2.5729409722993335,-1.2839591352247168
d4v12b,628,-10.029893779787312,-27.13348653591783,-1.3536554379961998
d4v12b,629,-1.7229337471698791,-2.0993345598977213,-1.3871146811164548
d4v12b,630,-1.4815610699001036,-1.7906243509969302,-1.218438372928918
d4v12b,631,-9.32143058720078,-24.38511350592163,-1.6348450026926364
d4v12b,632,-1.733543945708514,-2.2134241540919923,-1.3385463130277588
d4v12b,633,-1.9532377687646467,-2.760334297285415,-1.3924624432025785
d4v12b,634,-1.792572701183568,-2.534953792736148,-1.275348636501849
d4v12b,635,-2.210036428769081,-2.875666321175426,-1.7484441727127096
d4v12b,636,-1.5370490474427585,-1.842257645334596,-1.256129885805243
d4v12b,637,-3.8372286851342112,-7.561186500036755,-1.6916537502090632
d4v12b,638,-2.2896672092287074,-3.0317183149714046,-1.692824363100491
d4v12b,639,-1.424218239213709,-1.8454830183464468,-1.109575574527283
d4v12b,787,-1.9798865657223237,-2.6485947127364953,-1.4779358484196996
d4v12b,788,-29.946311038863684,-85.94267740951689,-1.737300998873057
d4v12b,789,-2.388402485444165,-2.908367461954024,-1.971424777055388
d4v12b,790,-2.5828067927068665,-4.926499113790514,-1.2532532994706915
d4v12b,791,-1.401950094465628,-1.7493597394628648,-1.1062388361179587
d4v12b,792,-1.6547142427081356,-1.9720750630883883,-1.3612560198139796
d4v12b,793,-1.7618189254526344,-2.160367623421247,-1.4177986067363637
d4v12b,794,-1.782486255983002,-2.407570210325572,-1.3427587279714852
d4v12b,795,-1.728007468139269,-2.2954048959452025,-1.3568325990973296
d4v12b,796,-2.261946748902131,-3.229377263281223,-1.523698191721894
d4v12b,797,-2.172135587073864,-2.7462494673633224,-1.6455789731627894
d4v12b,798,-4.531975719710427,-8.98760619479415,-2.028979281498365
d4v12b,799,-1.8809649119964305,-3.054607621096941,-1.1396473892099643
d4v12b,947,-1.6316794888173538,-2.1548407782727224,-1.2021841134524314
d4v12b,948,-2.250976635686846,-3.138070282465491,-1.5285205406996465
d4v12b,949,-1.7411885734918475,-2.0697880183088886,-1.42668512153191
d4v12b,950,-5.643585465214424,-13.352891097728737,-1.670569408831018
d4v12b,951,-1.6279435879881712,-2.0286910721811333,-1.278217895821006
d4v12b,952,-3.3772139383166553,-4.432185342072279,-2.6126920642205245
d4v12b,953,-5.355648201692402,-12.21055162055294,-1.7680212077172748
d4v12b,954,-2.819075552730536,-5.73073033948331,-1.2363158845918547
d4v12b,955,-2.1325593462280117,-2.7669763118667356,-1.6272602452840803
d4v12b,956,-1.9540835623585897,-2.694985704265916,-1.4009191886773218
d4v12b,957,-2.355786078279893,-3.4322242678738184,-1.6220538877378663
d4v12b,958,-1.5444946897148195,-1.8113682224976035,-1.2919897029649887
d4v12b,959,-1.3332715748050856,-1.6228001669425307,-1.0675818621861697
