t_ms,level,n,mean,mean_sem,sd,sd_sem,sd_base,sd_base_sem,var
-500,1,20,-0.045963,0.02763,1.1931,0.038977,0,0,1.4524
-498,1,20,-0.044666,0.026164,1.1093,0.036198,0,0,1.2554
-496,1,20,-0.043328,0.024742,1.0283,0.033549,0,0,1.0789
-494,1,20,-0.041949,0.023375,0.95127,0.031074,0,0,0.92326
-492,1,20,-0.040532,0.022075,0.87903,0.028821,0,0,0.78848
-490,1,20,-0.039079,0.020855,0.81261,0.026842,0,0,0.67402
-488,1,20,-0.037594,0.019724,0.75295,0.025187,0,0,0.57898
-486,1,20,-0.036081,0.01869,0.70092,0.023899,0,0,0.50214
-484,1,20,-0.034546,0.017761,0.65723,0.023001,0,0,0.442
-482,1,20,-0.032994,0.01694,0.62229,0.022485,0,0,0.39685
-480,1,20,-0.031431,0.016228,0.59613,0.022305,0,0,0.36482
-478,1,20,-0.029865,0.015623,0.57831,0.02238,0,0,0.34396
-476,1,20,-0.028303,0.015119,0.56795,0.022616,0,0,0.33229
-474,1,20,-0.026753,0.014709,0.56381,0.022922,0,0,0.32786
-472,1,20,-0.025223,0.014382,0.56443,0.023238,0,0,0.32884
-470,1,20,-0.023721,0.014125,0.56832,0.023527,0,0,0.33351
-468,1,20,-0.022256,0.013928,0.57411,0.023775,0,0,0.34034
-466,1,20,-0.020837,0.013778,0.58059,0.023974,0,0,0.34801
-464,1,20,-0.019471,0.013664,0.58682,0.024114,0,0,0.35541
-462,1,20,-0.018166,0.013577,0.59208,0.024187,0,0,0.36168
-460,1,20,-0.016932,0.013511,0.59589,0.024183,0,0,0.3662
-458,1,20,-0.015773,0.013459,0.59793,0.024095,0,0,0.36856
-456,1,20,-0.014699,0.013419,0.59808,0.023917,0,0,0.36857
-454,1,20,-0.013714,0.013388,0.59633,0.023645,0,0,0.36624
-452,1,20,-0.012824,0.013367,0.5928,0.023281,0,0,0.36171
-450,1,20,-0.012035,0.013357,0.58769,0.022829,0,0,0.35528
-448,1,20,-0.011348,0.013359,0.58127,0.022296,0,0,0.34732
-446,1,20,-0.010768,0.013376,0.57387,0.021693,0,0,0.33827
-444,1,20,-0.010296,0.013409,0.56585,0.021035,0,0,0.32859
-442,1,20,-0.0099329,0.013461,0.55759,0.020338,0,0,0.31877
-440,1,20,-0.0096783,0.013532,0.54946,0.019624,0,0,0.30922
-438,1,20,-0.0095308,0.013623,0.5418,0.018913,0,0,0.30035
-436,1,20,-0.009488,0.013734,0.53493,0.01823,0,0,0.29246
-434,1,20,-0.0095465,0.013862,0.52908,0.017595,0,0,0.28581
-432,1,20,-0.0097017,0.014007,0.52445,0.017029,0,0,0.28055
-430,1,20,-0.009948,0.014164,0.52111,0.016544,0,0,0.27676
-428,1,20,-0.010279,0.014329,0.5191,0.016147,0,0,0.27442
-426,1,20,-0.010688,0.014498,0.51835,0.015837,0,0,0.27345
-424,1,20,-0.011166,0.014668,0.51873,0.015603,0,0,0.27371
-422,1,20,-0.011705,0.014832,0.52007,0.015433,0,0,0.275
-420,1,20,-0.012295,0.014987,0.52215,0.015308,0,0,0.2771
-418,1,20,-0.012927,0.015128,0.52473,0.015215,0,0,0.27974
-416,1,20,-0.01359,0.015252,0.52757,0.015141,0,0,0.28269
-414,1,20,-0.014273,0.015354,0.53044,0.01508,0,0,0.28569
-412,1,20,-0.014968,0.015434,0.53313,0.015028,0,0,0.28852
-410,1,20,-0.015662,0.015488,0.53546,0.014985,0,0,0.29099
-408,1,20,-0.016346,0.015515,0.53731,0.014956,0,0,0.29295
-406,1,20,-0.017008,0.015514,0.53856,0.014944,0,0,0.29429
-404,1,20,-0.017641,0.015486,0.53916,0.014952,0,0,0.29494
-402,1,20,-0.018234,0.015431,0.5391,0.014984,0,0,0.29489
-400,1,20,-0.018778,0.01535,0.53839,0.015038,0,0,0.29416
-398,1,20,-0.019266,0.015245,0.53708,0.015114,0,0,0.29279
-396,1,20,-0.019691,0.015119,0.53525,0.015206,0,0,0.29088
-394,1,20,-0.020047,0.014974,0.533,0.015305,0,0,0.28854
-392,1,20,-0.020327,0.014812,0.53045,0.015403,0,0,0.28588
-390,1,20,-0.020529,0.014638,0.5277,0.015487,0,0,0.28303
-388,1,20,-0.020649,0.014454,0.52489,0.015547,0,0,0.2801
-386,1,20,-0.020684,0.014265,0.52212,0.015573,0,0,0.27722
-384,1,20,-0.020634,0.014074,0.51949,0.015557,0,0,0.27447
-382,1,20,-0.0205,0.013884,0.51708,0.015495,0,0,0.27193
-380,1,20,-0.020282,0.013699,0.51494,0.015387,0,0,0.26966
-378,1,20,-0.019983,0.013521,0.5131,0.015238,0,0,0.26768
-376,1,20,-0.019607,0.013353,0.51156,0.015056,0,0,0.266
-374,1,20,-0.019157,0.013198,0.5103,0.014854,0,0,0.2646
-372,1,20,-0.01864,0.013057,0.5093,0.014646,0,0,0.26346
-370,1,20,-0.018061,0.012931,0.50848,0.014446,0,0,0.26252
-368,1,20,-0.017428,0.012822,0.50779,0.014269,0,0,0.26172
-366,1,20,-0.016748,0.012729,0.50715,0.014124,0,0,0.261
-364,1,20,-0.016029,0.012653,0.50651,0.01402,0,0,0.26029
-362,1,20,-0.015279,0.012592,0.5058,0.013958,0,0,0.25953
-360,1,20,-0.014509,0.012547,0.50495,0.013936,0,0,0.25867
-358,1,20,-0.013726,0.012516,0.50395,0.013949,0,0,0.25766
-356,1,20,-0.01294,0.012497,0.50274,0.013986,0,0,0.25647
-354,1,20,-0.012159,0.01249,0.50133,0.014039,0,0,0.25508
-352,1,20,-0.011394,0.012493,0.49971,0.014096,0,0,0.25349
-350,1,20,-0.010651,0.012505,0.4979,0.014146,0,0,0.25171
-348,1,20,-0.0099387,0.012524,0.49593,0.01418,0,0,0.24977
-346,1,20,-0.0092653,0.01255,0.49382,0.014191,0,0,0.24769
-344,1,20,-0.0086371,0.012582,0.49164,0.014175,0,0,0.24553
-342,1,20,-0.0080603,0.012619,0.48942,0.014129,0,0,0.24332
-340,1,20,-0.0075402,0.01266,0.48722,0.014052,0,0,0.24113
-338,1,20,-0.0070811,0.012706,0.48509,0.013946,0,0,0.23901
-336,1,20,-0.0066865,0.012757,0.48308,0.013815,0,0,0.23699
-334,1,20,-0.0063589,0.012813,0.48122,0.013665,0,0,0.23512
-332,1,20,-0.0060998,0.012875,0.47957,0.013503,0,0,0.23345
-330,1,20,-0.0059097,0.012942,0.47813,0.013338,0,0,0.23198
-328,1,20,-0.0057881,0.013017,0.47692,0.013179,0,0,0.23075
-326,1,20,-0.0057335,0.013099,0.47595,0.013036,0,0,0.22976
-324,1,20,-0.0057436,0.01319,0.47521,0.012919,0,0,0.22899
-322,1,20,-0.005815,0.01329,0.47469,0.012837,0,0,0.22846
-320,1,20,-0.0059436,0.0134,0.47436,0.012798,0,0,0.22813
-318,1,20,-0.0061246,0.01352,0.4742,0.012808,0,0,0.22799
-316,1,20,-0.0063524,0.01365,0.47418,0.012871,0,0,0.228
-314,1,20,-0.0066209,0.013791,0.47427,0.012987,0,0,0.22814
-312,1,20,-0.0069236,0.013943,0.47444,0.013155,0,0,0.22838
-310,1,20,-0.0072534,0.014104,0.47466,0.013369,0,0,0.2287
-308,1,20,-0.0076033,0.014274,0.4749,0.013623,0,0,0.22906
-306,1,20,-0.0079659,0.014452,0.47516,0.013907,0,0,0.22945
-304,1,20,-0.0083339,0.014636,0.4754,0.014212,0,0,0.22984
-302,1,20,-0.0087001,0.014825,0.47563,0.014528,0,0,0.23024
-300,1,20,-0.0090575,0.015016,0.47585,0.014844,0,0,0.23062
-298,1,20,-0.0093995,0.015208,0.47605,0.015151,0,0,0.23099
-296,1,20,-0.0097199,0.015398,0.47625,0.015441,0,0,0.23134
-294,1,20,-0.010013,0.015585,0.47644,0.015707,0,0,0.23169
-292,1,20,-0.010274,0.015766,0.47665,0.015945,0,0,0.23202
-290,1,20,-0.010498,0.015939,0.47686,0.016154,0,0,0.23236
-288,1,20,-0.010682,0.016102,0.4771,0.016334,0,0,0.23269
-286,1,20,-0.010823,0.016253,0.47736,0.016488,0,0,0.23304
-284,1,20,-0.010919,0.016391,0.47765,0.016619,0,0,0.23339
-282,1,20,-0.01097,0.016513,0.47795,0.016733,0,0,0.23376
-280,1,20,-0.010975,0.01662,0.47827,0.016835,0,0,0.23413
-278,1,20,-0.010935,0.01671,0.4786,0.01693,0,0,0.23451
-276,1,20,-0.010852,0.016783,0.47893,0.017022,0,0,0.23488
-274,1,20,-0.010729,0.016838,0.47924,0.017113,0,0,0.23523
-272,1,20,-0.010569,0.016876,0.47952,0.017205,0,0,0.23557
-270,1,20,-0.010376,0.016897,0.47977,0.017296,0,0,0.23586
-268,1,20,-0.010155,0.016901,0.47997,0.017382,0,0,0.23611
-266,1,20,-0.0099122,0.01689,0.48012,0.01746,0,0,0.2363
-264,1,20,-0.0096529,0.016864,0.48021,0.017524,0,0,0.23643
-262,1,20,-0.0093838,0.016825,0.48024,0.017567,0,0,0.23649
-260,1,20,-0.0091116,0.016774,0.48021,0.017581,0,0,0.23648
-258,1,20,-0.0088432,0.016713,0.48014,0.017562,0,0,0.23639
-256,1,20,-0.0085857,0.016643,0.48002,0.017505,0,0,0.23624
-254,1,20,-0.0083458,0.016566,0.47987,0.017404,0,0,0.23604
-252,1,20,-0.0081305,0.016482,0.47971,0.01726,0,0,0.23578
-250,1,20,-0.0079463,0.016394,0.47954,0.017072,0,0,0.2355
-248,1,20,-0.0077991,0.016302,0.47939,0.016843,0,0,0.2352
-246,1,20,-0.0076946,0.016208,0.47926,0.016576,0,0,0.23491
-244,1,20,-0.0076377,0.016112,0.47918,0.016276,0,0,0.23464
-242,1,20,-0.0076328,0.016014,0.47915,0.015952,0,0,0.23442
-240,1,20,-0.0076833,0.015916,0.47918,0.015609,0,0,0.23425
-238,1,20,-0.0077918,0.015818,0.4793,0.015256,0,0,0.23415
-236,1,20,-0.00796,0.015719,0.4795,0.014902,0,0,0.23414
-234,1,20,-0.0081888,0.015621,0.47978,0.014553,0,0,0.23421
-232,1,20,-0.0084779,0.015523,0.48015,0.014217,0,0,0.23439
-230,1,20,-0.0088261,0.015425,0.48061,0.0139,0,0,0.23466
-228,1,20,-0.0092313,0.015327,0.48115,0.01361,0,0,0.23502
-226,1,20,-0.0096902,0.015231,0.48176,0.013349,0,0,0.23547
-224,1,20,-0.010199,0.015136,0.48242,0.013123,0,0,0.236
-222,1,20,-0.010752,0.015043,0.48313,0.012935,0,0,0.23659
-220,1,20,-0.011344,0.014954,0.48386,0.012786,0,0,0.23723
-218,1,20,-0.011969,0.014868,0.48461,0.012679,0,0,0.2379
-216,1,20,-0.012619,0.014789,0.48536,0.012615,0,0,0.2386
-214,1,20,-0.013286,0.014717,0.48609,0.012595,0,0,0.2393
-212,1,20,-0.013962,0.014654,0.48679,0.012617,0,0,0.23999
-210,1,20,-0.014638,0.014602,0.48745,0.012682,0,0,0.24067
-208,1,20,-0.015307,0.014562,0.48807,0.012786,0,0,0.24132
-206,1,20,-0.015959,0.014537,0.48865,0.012927,0,0,0.24195
-204,1,20,-0.016584,0.014528,0.48918,0.013103,0,0,0.24256
-202,1,20,-0.017176,0.014536,0.48967,0.013307,0,0,0.24314
-200,1,20,-0.017725,0.014562,0.49013,0.013535,0,0,0.24371
-198,1,20,-0.018223,0.014607,0.49058,0.013782,0,0,0.24427
-196,1,20,-0.018664,0.01467,0.49102,0.014041,0,0,0.24484
-194,1,20,-0.01904,0.014752,0.49147,0.014308,0,0,0.24543
-192,1,20,-0.019347,0.014851,0.49195,0.014576,0,0,0.24605
-190,1,20,-0.019578,0.014967,0.49248,0.01484,0,0,0.24672
-188,1,20,-0.019731,0.015096,0.49306,0.015096,0,0,0.24744
-186,1,20,-0.019801,0.015237,0.49372,0.015342,0,0,0.24823
-184,1,20,-0.019788,0.015388,0.49446,0.015574,0,0,0.2491
-182,1,20,-0.019691,0.015546,0.49528,0.015793,0,0,0.25004
-180,1,20,-0.019509,0.015707,0.49619,0.015997,0,0,0.25106
-178,1,20,-0.019245,0.015871,0.49717,0.016189,0,0,0.25216
-176,1,20,-0.018901,0.016032,0.49823,0.016368,0,0,0.25332
-174,1,20,-0.018481,0.01619,0.49935,0.016537,0,0,0.25454
-172,1,20,-0.017989,0.016341,0.50051,0.016695,0,0,0.25581
-170,1,20,-0.017433,0.016484,0.5017,0.016842,0,0,0.25709
-168,1,20,-0.016817,0.016616,0.5029,0.016977,0,0,0.25838
-166,1,20,-0.016151,0.016736,0.50409,0.017096,0,0,0.25966
-164,1,20,-0.015441,0.016842,0.50525,0.017194,0,0,0.2609
-162,1,20,-0.014697,0.016934,0.50637,0.017266,0,0,0.26208
-160,1,20,-0.013929,0.017011,0.50743,0.017306,0,0,0.26318
-158,1,20,-0.013146,0.017073,0.50842,0.017306,0,0,0.26418
-156,1,20,-0.012357,0.017119,0.50932,0.017262,0,0,0.26507
-154,1,20,-0.011574,0.017149,0.51013,0.017168,0,0,0.26583
-152,1,20,-0.010805,0.017164,0.51084,0.017021,0,0,0.26646
-150,1,20,-0.01006,0.017165,0.51144,0.01682,0,0,0.26694
-148,1,20,-0.0093482,0.017151,0.51192,0.016567,0,0,0.26728
-146,1,20,-0.008679,0.017124,0.51229,0.016265,0,0,0.26747
-144,1,20,-0.0080601,0.017085,0.51254,0.015919,0,0,0.26752
-142,1,20,-0.0074989,0.017034,0.51268,0.015539,0,0,0.26743
-140,1,20,-0.0070018,0.016972,0.51271,0.015133,0,0,0.26722
-138,1,20,-0.0065744,0.0169,0.51263,0.014713,0,0,0.2669
-136,1,20,-0.0062212,0.016819,0.51245,0.014291,0,0,0.26648
-134,1,20,-0.0059455,0.01673,0.51218,0.013878,0,0,0.26599
-132,1,20,-0.0057496,0.016633,0.51182,0.013485,0,0,0.26542
-130,1,20,-0.0056345,0.016529,0.5114,0.013123,0,0,0.26481
-128,1,20,-0.0056,0.016419,0.51093,0.012797,0,0,0.26416
-126,1,20,-0.0056448,0.016305,0.51041,0.012514,0,0,0.26349
-124,1,20,-0.0057663,0.016186,0.50987,0.012276,0,0,0.26283
-122,1,20,-0.0059609,0.016065,0.50932,0.012081,0,0,0.26218
-120,1,20,-0.0062237,0.015942,0.50877,0.011928,0,0,0.26155
-118,1,20,-0.006549,0.015818,0.50825,0.01181,0,0,0.26096
-116,1,20,-0.0069303,0.015694,0.50776,0.011722,0,0,0.26043
-114,1,20,-0.0073599,0.015573,0.50732,0.011657,0,0,0.25996
-112,1,20,-0.0078299,0.015456,0.50695,0.011608,0,0,0.25956
-110,1,20,-0.0083315,0.015344,0.50666,0.011568,0,0,0.25925
-108,1,20,-0.0088557,0.015239,0.50646,0.011532,0,0,0.25903
-106,1,20,-0.0093931,0.015144,0.50636,0.011497,0,0,0.25891
-104,1,20,-0.0099344,0.015058,0.50636,0.011461,0,0,0.2589
-102,1,20,-0.01047,0.014985,0.50649,0.011423,0,0,0.25901
-100,1,20,-0.010991,0.014924,0.50673,0.011383,0,0,0.25923
-98,1,20,-0.011489,0.014878,0.50709,0.011344,0,0,0.25958
-96,1,20,-0.011955,0.014846,0.50757,0.011311,0,0,0.26006
-94,1,20,-0.012382,0.014829,0.50818,0.011288,0,0,0.26067
-92,1,20,-0.012763,0.014826,0.5089,0.01128,0,0,0.2614
-90,1,20,-0.013092,0.014838,0.50972,0.011294,0,0,0.26224
-88,1,20,-0.013365,0.014861,0.51065,0.011337,0,0,0.2632
-86,1,20,-0.013577,0.014896,0.51165,0.011414,0,0,0.26426
-84,1,20,-0.013727,0.01494,0.51272,0.01153,0,0,0.2654
-82,1,20,-0.013814,0.01499,0.51383,0.011689,0,0,0.26662
-80,1,20,-0.013837,0.015045,0.51497,0.011892,0,0,0.26788
-78,1,20,-0.013799,0.015101,0.51611,0.01214,0,0,0.26917
-76,1,20,-0.013701,0.015156,0.51722,0.01243,0,0,0.27046
-74,1,20,-0.01355,0.015207,0.5183,0.012756,0,0,0.27173
-72,1,20,-0.013349,0.015252,0.51931,0.013112,0,0,0.27295
-70,1,20,-0.013106,0.015289,0.52023,0.01349,0,0,0.2741
-68,1,20,-0.012829,0.015317,0.52106,0.013881,0,0,0.27516
-66,1,20,-0.012527,0.015333,0.52176,0.014277,0,0,0.27611
-64,1,20,-0.012209,0.015336,0.52234,0.014669,0,0,0.27693
-62,1,20,-0.011887,0.015328,0.52279,0.015051,0,0,0.27762
-60,1,20,-0.011572,0.015306,0.52311,0.015415,0,0,0.27816
-58,1,20,-0.011275,0.015273,0.5233,0.015759,0,0,0.27856
-56,1,20,-0.011009,0.015229,0.52337,0.016079,0,0,0.27883
-54,1,20,-0.010786,0.015175,0.52334,0.016373,0,0,0.27898
-52,1,20,-0.010617,0.015112,0.52322,0.016642,0,0,0.27902
-50,1,20,-0.010516,0.015044,0.52305,0.016885,0,0,0.279
-48,1,20,-0.010492,0.014972,0.52286,0.017102,0,0,0.27894
-46,1,20,-0.010557,0.014897,0.52268,0.017293,0,0,0.27888
-44,1,20,-0.01072,0.014822,0.52255,0.017459,0,0,0.27885
-42,1,20,-0.010991,0.014749,0.52252,0.017599,0,0,0.27891
-40,1,20,-0.011376,0.01468,0.52262,0.017713,0,0,0.2791
-38,1,20,-0.011883,0.014614,0.5229,0.017804,0,0,0.27945
-36,1,20,-0.012515,0.014553,0.5234,0.017873,0,0,0.28001
-34,1,20,-0.013276,0.014496,0.52414,0.017923,0,0,0.28082
-32,1,20,-0.014167,0.014445,0.52515,0.01796,0,0,0.28191
-30,1,20,-0.015188,0.014397,0.52645,0.01799,0,0,0.2833
-28,1,20,-0.016336,0.014351,0.52805,0.018019,0,0,0.285
-26,1,20,-0.017607,0.014307,0.52994,0.018057,0,0,0.28703
-24,1,20,-0.018996,0.014262,0.53211,0.018109,0,0,0.28937
-22,1,20,-0.020494,0.014216,0.53455,0.018184,0,0,0.29203
-20,1,20,-0.022091,0.014167,0.53723,0.018285,0,0,0.29496
-18,1,20,-0.023776,0.014115,0.5401,0.018415,0,0,0.29815
-16,1,20,-0.025535,0.01406,0.54314,0.018575,0,0,0.30156
-14,1,20,-0.027355,0.014002,0.5463,0.018761,0,0,0.30513
-12,1,20,-0.029219,0.013943,0.54952,0.018969,0,0,0.30881
-10,1,20,-0.03111,0.013886,0.55276,0.019192,0,0,0.31254
-8,1,20,-0.033009,0.013834,0.55597,0.019422,0,0,0.31627
-6,1,20,-0.034897,0.013791,0.5591,0.019651,0,0,0.31993
-4,1,20,-0.036756,0.013763,0.5621,0.019871,0,0,0.32346
-2,1,20,-0.038564,0.013755,0.56493,0.020075,0,0,0.3268
0,1,20,-0.040302,0.013773,0.56755,0.020256,0,0,0.32991
2,1,20,-0.04195,0.013824,0.56993,0.020409,0,0,0.33274
4,1,20,-0.043488,0.013911,0.57205,0.020531,0,0,0.33524
6,1,20,-0.044898,0.014041,0.57387,0.020619,0,0,0.3374
8,1,20,-0.046161,0.014214,0.57539,0.020675,0,0,0.33919
10,1,20,-0.047261,0.014432,0.5766,0.020699,0,0,0.34061
12,1,20,-0.048184,0.014695,0.57751,0.020694,0,0,0.34165
14,1,20,-0.048914,0.014998,0.57811,0.020665,0,0,0.34233
16,1,20,-0.049442,0.015338,0.57843,0.020617,0,0,0.34266
18,1,20,-0.049756,0.015706,0.57849,0.020558,0,0,0.34268
20,1,20,-0.04985,0.016096,0.57831,0.020494,0,0,0.34243
22,1,20,-0.04972,0.016497,0.57793,0.020433,0,0,0.34194
24,1,20,-0.049362,0.016901,0.57738,0.020382,0,0,0.34126
26,1,20,-0.048777,0.017297,0.57669,0.020345,0,0,0.34044
28,1,20,-0.047968,0.017675,0.57592,0.020327,0,0,0.33953
30,1,20,-0.04694,0.018026,0.57509,0.020328,0,0,0.33858
32,1,20,-0.045704,0.018341,0.57426,0.020348,0,0,0.33764
34,1,20,-0.044268,0.018611,0.57346,0.020384,0,0,0.33675
36,1,20,-0.042649,0.01883,0.57273,0.020432,0,0,0.33595
38,1,20,-0.040861,0.018991,0.5721,0.020484,0,0,0.33528
40,1,20,-0.038925,0.01909,0.57161,0.020534,0,0,0.33475
42,1,20,-0.036861,0.019125,0.57126,0.020576,0,0,0.33439
44,1,20,-0.034693,0.019092,0.57109,0.020604,0,0,0.33421
46,1,20,-0.032447,0.018993,0.57109,0.020614,0,0,0.33421
48,1,20,-0.030149,0.018829,0.57126,0.020604,0,0,0.3344
50,1,20,-0.027829,0.018603,0.5716,0.020572,0,0,0.33477
52,1,20,-0.025515,0.018321,0.5721,0.020522,0,0,0.3353
54,1,20,-0.02324,0.017987,0.57274,0.020455,0,0,0.33598
56,1,20,-0.021032,0.017612,0.5735,0.020376,0,0,0.33679
58,1,20,-0.018926,0.017203,0.57436,0.020291,0,0,0.33771
60,1,20,-0.016951,0.016772,0.57529,0.020204,0,0,0.33872
62,1,20,-0.015138,0.016331,0.57628,0.020121,0,0,0.33979
64,1,20,-0.013519,0.01589,0.57731,0.020043,0,0,0.34092
66,1,20,-0.012123,0.015462,0.57836,0.019973,0,0,0.34208
68,1,20,-0.010977,0.015058,0.57943,0.019911,0,0,0.34328
70,1,20,-0.010107,0.014688,0.58051,0.019857,0,0,0.34449
72,1,20,-0.0095393,0.01436,0.58161,0.019808,0,0,0.34572
74,1,20,-0.0092948,0.01408,0.58272,0.019763,0,0,0.34698
76,1,20,-0.0093934,0.01385,0.58386,0.019718,0,0,0.34828
78,1,20,-0.0098525,0.013671,0.58505,0.019671,0,0,0.34964
80,1,20,-0.010686,0.01354,0.5863,0.01962,0,0,0.35107
82,1,20,-0.011906,0.013453,0.58765,0.019566,0,0,0.3526
84,1,20,-0.01352,0.013406,0.58911,0.019508,0,0,0.35428
86,1,20,-0.015532,0.013394,0.59071,0.019447,0,0,0.35612
88,1,20,-0.017945,0.013416,0.59248,0.019384,0,0,0.35818
90,1,20,-0.020757,0.013474,0.59446,0.019324,0,0,0.36048
92,1,20,-0.023962,0.013573,0.59667,0.019267,0,0,0.36307
94,1,20,-0.027552,0.013723,0.59914,0.019217,0,0,0.36599
96,1,20,-0.031515,0.013942,0.6019,0.01918,0,0,0.36927
98,1,20,-0.035836,0.014251,0.60496,0.01916,0,0,0.37295
100,1,20,-0.040498,0.014673,0.60834,0.019166,0,0,0.37706
102,1,20,-0.04548,0.015236,0.61205,0.019208,0,0,0.38162
104,1,20,-0.050759,0.015964,0.6161,0.019299,0,0,0.38666
106,1,20,-0.056308,0.016878,0.62048,0.019456,0,0,0.39219
108,1,20,-0.062101,0.017992,0.62518,0.019695,0,0,0.39822
110,1,20,-0.068107,0.019313,0.63018,0.020034,0,0,0.40475
112,1,20,-0.074296,0.020839,0.63545,0.020487,0,0,0.41177
114,1,20,-0.080634,0.022564,0.64097,0.021066,0,0,0.41928
116,1,20,-0.08709,0.024475,0.64671,0.021776,0,0,0.42724
118,1,20,-0.093628,0.026554,0.65262,0.022616,0,0,0.43563
120,1,20,-0.10021,0.028782,0.65867,0.02358,0,0,0.44441
122,1,20,-0.10682,0.031136,0.66483,0.024656,0,0,0.45355
124,1,20,-0.1134,0.033593,0.67105,0.025827,0,0,0.46298
126,1,20,-0.11993,0.036129,0.6773,0.027076,0,0,0.47266
128,1,20,-0.12638,0.038718,0.68353,0.028385,0,0,0.48252
130,1,20,-0.13271,0.041334,0.68971,0.029732,0,0,0.4925
132,1,20,-0.1389,0.043953,0.69581,0.0311,0,0,0.50253
134,1,20,-0.14492,0.04655,0.70179,0.03247,0,0,0.51254
136,1,20,-0.15075,0.049098,0.70761,0.033826,0,0,0.52245
138,1,20,-0.15636,0.051574,0.71325,0.035152,0,0,0.5322
140,1,20,-0.16174,0.053954,0.71868,0.036433,0,0,0.54172
142,1,20,-0.16686,0.056215,0.72387,0.037658,0,0,0.55092
144,1,20,-0.17172,0.058336,0.72879,0.038814,0,0,0.55976
146,1,20,-0.17631,0.060296,0.73344,0.039893,0,0,0.56817
148,1,20,-0.18061,0.062078,0.73779,0.040885,0,0,0.5761
150,1,20,-0.18462,0.063665,0.74183,0.041785,0,0,0.58349
152,1,20,-0.18834,0.065042,0.74556,0.042585,0,0,0.59031
154,1,20,-0.19178,0.066197,0.74896,0.043282,0,0,0.59654
156,1,20,-0.19493,0.067119,0.75205,0.04387,0,0,0.60214
158,1,20,-0.19781,0.0678,0.75482,0.044349,0,0,0.60712
160,1,20,-0.20043,0.068236,0.75728,0.044713,0,0,0.61146
162,1,20,-0.2028,0.068425,0.75946,0.044962,0,0,0.61519
164,1,20,-0.20494,0.068365,0.76137,0.045092,0,0,0.61832
166,1,20,-0.20686,0.06806,0.76304,0.045101,0,0,0.62088
168,1,20,-0.2086,0.067515,0.7645,0.044986,0,0,0.62292
170,1,20,-0.21016,0.06674,0.76579,0.044747,0,0,0.62447
172,1,20,-0.21157,0.065745,0.76693,0.044381,0,0,0.6256
174,1,20,-0.21287,0.064543,0.76796,0.043888,0,0,0.62636
176,1,20,-0.21407,0.063153,0.76893,0.043269,0,0,0.62682
178,1,20,-0.21521,0.061592,0.76986,0.042527,0,0,0.62705
180,1,20,-0.21632,0.059884,0.77079,0.041667,0,0,0.62711
182,1,20,-0.21741,0.058053,0.77175,0.040699,0,0,0.62707
184,1,20,-0.21853,0.056125,0.77276,0.039634,0,0,0.627
186,1,20,-0.2197,0.054131,0.77383,0.038488,0,0,0.62696
188,1,20,-0.22094,0.052103,0.77499,0.037281,0,0,0.62702
190,1,20,-0.22229,0.050074,0.77624,0.036036,0,0,0.62723
192,1,20,-0.22377,0.048083,0.77759,0.03478,0,0,0.62764
194,1,20,-0.22541,0.046167,0.77904,0.03354,0,0,0.62828
196,1,20,-0.22722,0.044367,0.78059,0.032348,0,0,0.62921
198,1,20,-0.22923,0.042721,0.78225,0.031235,0,0,0.63045
200,1,20,-0.23146,0.041269,0.784,0.030231,0,0,0.63202
202,1,20,-0.23393,0.040048,0.78585,0.029367,0,0,0.63395
204,1,20,-0.23665,0.039087,0.78781,0.028664,0,0,0.63625
206,1,20,-0.23963,0.038413,0.78986,0.028142,0,0,0.63893
208,1,20,-0.24289,0.038039,0.79203,0.027811,0,0,0.64201
210,1,20,-0.24643,0.037969,0.79432,0.027673,0,0,0.64549
212,1,20,-0.25027,0.038199,0.79673,0.027722,0,0,0.64937
214,1,20,-0.25439,0.038713,0.79927,0.027944,0,0,0.65367
216,1,20,-0.25881,0.039488,0.80197,0.028322,0,0,0.6584
218,1,20,-0.26352,0.040497,0.80483,0.028834,0,0,0.66355
220,1,20,-0.26852,0.041711,0.80787,0.029461,0,0,0.66915
222,1,20,-0.27381,0.043102,0.81111,0.030183,0,0,0.6752
224,1,20,-0.27936,0.044642,0.81455,0.030985,0,0,0.68173
226,1,20,-0.28519,0.046306,0.81822,0.031852,0,0,0.68875
228,1,20,-0.29126,0.048072,0.82211,0.032776,0,0,0.69628
230,1,20,-0.29758,0.04992,0.82625,0.033748,0,0,0.70433
232,1,20,-0.30412,0.051835,0.83064,0.034762,0,0,0.71292
234,1,20,-0.31086,0.0538,0.83528,0.035812,0,0,0.72207
236,1,20,-0.3178,0.055804,0.84019,0.036893,0,0,0.73178
238,1,20,-0.32491,0.057833,0.84535,0.037996,0,0,0.74205
240,1,20,-0.33216,0.059876,0.85078,0.039115,0,0,0.75289
242,1,20,-0.33955,0.061924,0.85645,0.04024,0,0,0.76428
244,1,20,-0.34704,0.063964,0.86238,0.041362,0,0,0.7762
246,1,20,-0.35463,0.065985,0.86853,0.042471,0,0,0.78862
248,1,20,-0.36227,0.067978,0.8749,0.043555,0,0,0.8015
250,1,20,-0.36997,0.06993,0.88146,0.044606,0,0,0.81478
252,1,20,-0.37768,0.07183,0.88818,0.045612,0,0,0.8284
254,1,20,-0.38539,0.073666,0.89504,0.046566,0,0,0.84229
256,1,20,-0.39308,0.075428,0.90198,0.047458,0,0,0.85636
258,1,20,-0.40073,0.077104,0.90898,0.048283,0,0,0.87053
260,1,20,-0.40832,0.078682,0.91598,0.049034,0,0,0.8847
262,1,20,-0.41583,0.080153,0.92294,0.049709,0,0,0.89877
264,1,20,-0.42324,0.081507,0.92981,0.050305,0,0,0.91263
266,1,20,-0.43052,0.082735,0.93654,0.050823,0,0,0.92619
268,1,20,-0.43768,0.083828,0.94308,0.051263,0,0,0.93934
270,1,20,-0.44468,0.084781,0.94939,0.05163,0,0,0.952
272,1,20,-0.45152,0.085588,0.95543,0.051928,0,0,0.96407
274,1,20,-0.45817,0.086244,0.96114,0.052162,0,0,0.97549
276,1,20,-0.46463,0.086748,0.96651,0.05234,0,0,0.98619
278,1,20,-0.47089,0.087097,0.97151,0.052468,0,0,0.99613
280,1,20,-0.47692,0.087293,0.97611,0.052555,0,0,1.0053
282,1,20,-0.48273,0.087337,0.98031,0.052606,0,0,1.0136
284,1,20,-0.4883,0.087233,0.9841,0.052628,0,0,1.0211
286,1,20,-0.49363,0.086985,0.9875,0.052627,0,0,1.0278
288,1,20,-0.4987,0.086599,0.99051,0.052606,0,0,1.0337
290,1,20,-0.50351,0.086083,0.99317,0.052567,0,0,1.0389
292,1,20,-0.50805,0.085446,0.99549,0.05251,0,0,1.0434
294,1,20,-0.51232,0.084696,0.99752,0.052435,0,0,1.0473
296,1,20,-0.51631,0.083844,0.9993,0.052338,0,0,1.0506
298,1,20,-0.52002,0.0829,1.0009,0.052217,0,0,1.0535
300,1,20,-0.52344,0.081877,1.0023,0.052069,0,0,1.0561
302,1,20,-0.52657,0.080786,1.0036,0.051891,0,0,1.0583
304,1,20,-0.52941,0.079638,1.0048,0.051681,0,0,1.0604
306,1,20,-0.53196,0.078445,1.006,0.05144,0,0,1.0623
308,1,20,-0.53421,0.077219,1.0072,0.05117,0,0,1.0641
310,1,20,-0.53616,0.07597,1.0084,0.050876,0,0,1.066
312,1,20,-0.53781,0.07471,1.0096,0.050562,0,0,1.0679
314,1,20,-0.53917,0.073448,1.0109,0.050236,0,0,1.0699
316,1,20,-0.54022,0.072193,1.0123,0.049903,0,0,1.0721
318,1,20,-0.54097,0.070955,1.0137,0.049572,0,0,1.0743
320,1,20,-0.54143,0.069739,1.0152,0.049247,0,0,1.0767
322,1,20,-0.54159,0.068553,1.0167,0.048933,0,0,1.0792
324,1,20,-0.54145,0.067403,1.0183,0.048633,0,0,1.0818
326,1,20,-0.54101,0.066292,1.0198,0.048347,0,0,1.0844
328,1,20,-0.54029,0.065226,1.0213,0.048075,0,0,1.087
330,1,20,-0.53927,0.064207,1.0228,0.047814,0,0,1.0895
332,1,20,-0.53797,0.063238,1.0241,0.047563,0,0,1.0919
334,1,20,-0.53638,0.062321,1.0254,0.047317,0,0,1.094
336,1,20,-0.53452,0.061456,1.0265,0.047072,0,0,1.0958
338,1,20,-0.53239,0.060644,1.0274,0.046825,0,0,1.0973
340,1,20,-0.52998,0.059886,1.0281,0.046571,0,0,1.0983
342,1,20,-0.52732,0.059182,1.0286,0.046306,0,0,1.0988
344,1,20,-0.52441,0.05853,1.0288,0.046028,0,0,1.0987
346,1,20,-0.52125,0.057929,1.0287,0.045734,0,0,1.098
348,1,20,-0.51785,0.05738,1.0283,0.045422,0,0,1.0966
350,1,20,-0.51423,0.056879,1.0275,0.045091,0,0,1.0944
352,1,20,-0.51039,0.056426,1.0264,0.044742,0,0,1.0916
354,1,20,-0.50634,0.056017,1.025,0.044375,0,0,1.088
356,1,20,-0.50211,0.055651,1.0232,0.043992,0,0,1.0837
358,1,20,-0.49769,0.055324,1.0211,0.043594,0,0,1.0788
360,1,20,-0.4931,0.055034,1.0187,0.043186,0,0,1.0731
362,1,20,-0.48836,0.054776,1.0159,0.04277,0,0,1.0669
364,1,20,-0.48348,0.054547,1.0129,0.042351,0,0,1.0601
366,1,20,-0.47848,0.054343,1.0097,0.041932,0,0,1.0528
368,1,20,-0.47337,0.05416,1.0062,0.041517,0,0,1.0451
370,1,20,-0.46817,0.053993,1.0025,0.041109,0,0,1.0372
372,1,20,-0.46289,0.053837,0.99873,0.040713,0,0,1.029
374,1,20,-0.45755,0.053688,0.99485,0.040329,0,0,1.0206
376,1,20,-0.45217,0.05354,0.99092,0.039961,0,0,1.0123
378,1,20,-0.44677,0.05339,0.98698,0.039609,0,0,1.0039
380,1,20,-0.44136,0.053233,0.98307,0.039272,0,0,0.99573
382,1,20,-0.43596,0.053063,0.97923,0.03895,0,0,0.98772
384,1,20,-0.43059,0.052877,0.9755,0.03864,0,0,0.97998
386,1,20,-0.42526,0.05267,0.97191,0.03834,0,0,0.97254
388,1,20,-0.41999,0.052438,0.96849,0.038044,0,0,0.96547
390,1,20,-0.4148,0.052178,0.96525,0.037749,0,0,0.95878
392,1,20,-0.4097,0.051886,0.96221,0.03745,0,0,0.95249
394,1,20,-0.4047,0.051559,0.95938,0.037142,0,0,0.94662
396,1,20,-0.39982,0.051194,0.95676,0.03682,0,0,0.94114
398,1,20,-0.39507,0.050789,0.95434,0.036482,0,0,0.93605
400,1,20,-0.39046,0.050342,0.95211,0.036122,0,0,0.93131
402,1,20,-0.386,0.049851,0.95006,0.035741,0,0,0.92688
404,1,20,-0.3817,0.049315,0.94816,0.035338,0,0,0.92274
406,1,20,-0.37757,0.048733,0.94639,0.034913,0,0,0.91882
408,1,20,-0.37362,0.048106,0.94472,0.03447,0,0,0.91508
410,1,20,-0.36985,0.047434,0.94313,0.034013,0,0,0.91147
412,1,20,-0.36626,0.046717,0.94158,0.033549,0,0,0.90795
414,1,20,-0.36286,0.045957,0.94004,0.033084,0,0,0.90447
416,1,20,-0.35964,0.045158,0.93849,0.032627,0,0,0.90099
418,1,20,-0.35662,0.044321,0.93691,0.032187,0,0,0.89749
420,1,20,-0.35377,0.043451,0.93529,0.031772,0,0,0.89394
422,1,20,-0.35111,0.042552,0.93361,0.031388,0,0,0.89034
424,1,20,-0.34862,0.04163,0.93186,0.03104,0,0,0.88667
426,1,20,-0.34631,0.04069,0.93006,0.030731,0,0,0.88295
428,1,20,-0.34416,0.039739,0.92821,0.030459,0,0,0.8792
430,1,20,-0.34216,0.038785,0.92632,0.030221,0,0,0.87543
432,1,20,-0.34031,0.037835,0.92442,0.030011,0,0,0.87167
434,1,20,-0.3386,0.036898,0.92254,0.029821,0,0,0.86797
436,1,20,-0.337,0.035982,0.92069,0.029646,0,0,0.86436
438,1,20,-0.33553,0.035095,0.9189,0.029478,0,0,0.86089
440,1,20,-0.33415,0.034246,0.9172,0.029317,0,0,0.85759
442,1,20,-0.33285,0.033442,0.91561,0.02916,0,0,0.8545
444,1,20,-0.33163,0.03269,0.91415,0.029014,0,0,0.85166
446,1,20,-0.33047,0.031996,0.91282,0.028885,0,0,0.8491
448,1,20,-0.32936,0.031363,0.91164,0.028784,0,0,0.84683
450,1,20,-0.32827,0.030793,0.9106,0.028724,0,0,0.84486
452,1,20,-0.3272,0.030288,0.90969,0.028716,0,0,0.8432
454,1,20,-0.32614,0.029845,0.90891,0.028771,0,0,0.84185
456,1,20,-0.32507,0.02946,0.90824,0.028895,0,0,0.84077
458,1,20,-0.32397,0.029129,0.90767,0.029092,0,0,0.83994
460,1,20,-0.32284,0.028844,0.90717,0.029357,0,0,0.83933
462,1,20,-0.32166,0.028597,0.90672,0.029683,0,0,0.83889
464,1,20,-0.32043,0.028379,0.90631,0.030056,0,0,0.83856
466,1,20,-0.31913,0.028181,0.9059,0.030459,0,0,0.83829
468,1,20,-0.31776,0.027993,0.90548,0.030873,0,0,0.83801
470,1,20,-0.3163,0.027806,0.90503,0.031279,0,0,0.83768
472,1,20,-0.31475,0.027613,0.90453,0.031656,0,0,0.83722
474,1,20,-0.3131,0.027407,0.90396,0.031986,0,0,0.83658
476,1,20,-0.31136,0.027182,0.90329,0.032254,0,0,0.8357
478,1,20,-0.30951,0.026934,0.90253,0.032445,0,0,0.83456
480,1,20,-0.30754,0.026662,0.90164,0.03255,0,0,0.83309
482,1,20,-0.30547,0.026364,0.90064,0.032561,0,0,0.83129
484,1,20,-0.30329,0.026043,0.89949,0.032474,0,0,0.82912
486,1,20,-0.301,0.0257,0.89821,0.032287,0,0,0.82659
488,1,20,-0.2986,0.025342,0.89679,0.032003,0,0,0.82369
490,1,20,-0.2961,0.024974,0.89522,0.031627,0,0,0.82043
492,1,20,-0.29349,0.024604,0.89352,0.031167,0,0,0.81683
494,1,20,-0.29078,0.024239,0.89168,0.030636,0,0,0.81292
496,1,20,-0.28798,0.02389,0.88971,0.030046,0,0,0.80873
498,1,20,-0.28509,0.023565,0.88761,0.029417,0,0,0.8043
500,1,20,-0.28211,0.023272,0.8854,0.028769,0,0,0.79966
502,1,20,-0.27906,0.02302,0.88308,0.028124,0,0,0.79487
504,1,20,-0.27593,0.022815,0.88067,0.027507,0,0,0.78995
506,1,20,-0.27274,0.022661,0.87815,0.02694,0,0,0.78494
508,1,20,-0.26949,0.022562,0.87556,0.026445,0,0,0.77989
510,1,20,-0.2662,0.022516,0.87289,0.02604,0,0,0.77482
512,1,20,-0.26286,0.022521,0.87015,0.025737,0,0,0.76974
514,1,20,-0.25948,0.022573,0.86735,0.025541,0,0,0.76469
516,1,20,-0.25608,0.022663,0.8645,0.025453,0,0,0.75968
518,1,20,-0.25266,0.022783,0.86162,0.025465,0,0,0.7547
520,1,20,-0.24922,0.022924,0.85869,0.025567,0,0,0.74977
522,1,20,-0.24577,0.023075,0.85574,0.025746,0,0,0.74488
524,1,20,-0.24232,0.023226,0.85276,0.025986,0,0,0.74003
526,1,20,-0.23888,0.023366,0.84976,0.026275,0,0,0.73521
528,1,20,-0.23544,0.023487,0.84674,0.0266,0,0,0.73042
530,1,20,-0.23202,0.02358,0.84371,0.026952,0,0,0.72565
532,1,20,-0.22861,0.023639,0.84066,0.027325,0,0,0.72089
534,1,20,-0.22523,0.023658,0.8376,0.027714,0,0,0.71616
536,1,20,-0.22188,0.023634,0.83453,0.028115,0,0,0.71146
538,1,20,-0.21855,0.023565,0.83147,0.028527,0,0,0.7068
540,1,20,-0.21526,0.023453,0.82842,0.02895,0,0,0.70221
542,1,20,-0.212,0.023298,0.82541,0.029383,0,0,0.6977
544,1,20,-0.20878,0.023104,0.82244,0.029826,0,0,0.69331
546,1,20,-0.20559,0.022878,0.81955,0.030279,0,0,0.68908
548,1,20,-0.20245,0.022625,0.81675,0.030744,0,0,0.68504
550,1,20,-0.19936,0.022355,0.81407,0.031224,0,0,0.68124
552,1,20,-0.1963,0.022077,0.81155,0.03172,0,0,0.67773
554,1,20,-0.19329,0.021802,0.80919,0.032235,0,0,0.67453
556,1,20,-0.19033,0.021539,0.80703,0.032775,0,0,0.6717
558,1,20,-0.18741,0.021298,0.80507,0.033343,0,0,0.66926
560,1,20,-0.18454,0.021091,0.80334,0.033941,0,0,0.66724
562,1,20,-0.18173,0.020925,0.80183,0.034573,0,0,0.66565
564,1,20,-0.17896,0.020807,0.80056,0.035239,0,0,0.66449
566,1,20,-0.17624,0.020741,0.79951,0.035938,0,0,0.66376
568,1,20,-0.17358,0.02073,0.79868,0.036667,0,0,0.66343
570,1,20,-0.17097,0.020772,0.79804,0.037419,0,0,0.66347
572,1,20,-0.16841,0.020865,0.79757,0.038187,0,0,0.66382
574,1,20,-0.16591,0.021003,0.79724,0.038959,0,0,0.66444
576,1,20,-0.16348,0.021177,0.79703,0.039724,0,0,0.66524
578,1,20,-0.1611,0.02138,0.79689,0.040467,0,0,0.66614
580,1,20,-0.15878,0.021601,0.79678,0.041174,0,0,0.66707
582,1,20,-0.15653,0.02183,0.79667,0.04183,0,0,0.66793
584,1,20,-0.15435,0.022056,0.79651,0.042419,0,0,0.66862
586,1,20,-0.15224,0.02227,0.79628,0.042927,0,0,0.66907
588,1,20,-0.1502,0.022463,0.79593,0.04334,0,0,0.66919
590,1,20,-0.14823,0.022627,0.79543,0.043647,0,0,0.6689
592,1,20,-0.14634,0.022757,0.79476,0.043837,0,0,0.66815
594,1,20,-0.14452,0.022846,0.79389,0.043903,0,0,0.66688
596,1,20,-0.14279,0.022893,0.79281,0.04384,0,0,0.66507
598,1,20,-0.14113,0.022894,0.79151,0.043646,0,0,0.66268
600,1,20,-0.13956,0.02285,0.78998,0.043321,0,0,0.65973
602,1,20,-0.13807,0.022761,0.78823,0.042872,0,0,0.65623
604,1,20,-0.13667,0.022631,0.78626,0.042304,0,0,0.65221
606,1,20,-0.13535,0.022463,0.78409,0.041629,0,0,0.64772
608,1,20,-0.13411,0.022262,0.78174,0.04086,0,0,0.64284
610,1,20,-0.13295,0.022036,0.77923,0.040013,0,0,0.63762
612,1,20,-0.13188,0.02179,0.77659,0.039108,0,0,0.63216
614,1,20,-0.13088,0.021532,0.77387,0.038164,0,0,0.62654
616,1,20,-0.12997,0.021271,0.77108,0.037201,0,0,0.62086
618,1,20,-0.12913,0.021014,0.76828,0.036242,0,0,0.61521
620,1,20,-0.12836,0.02077,0.7655,0.035307,0,0,0.60967
622,1,20,-0.12765,0.020545,0.76278,0.034414,0,0,0.60434
624,1,20,-0.12701,0.020346,0.76017,0.033579,0,0,0.59929
626,1,20,-0.12643,0.020179,0.7577,0.032815,0,0,0.59458
628,1,20,-0.12591,0.020046,0.75541,0.032134,0,0,0.59027
630,1,20,-0.12543,0.019951,0.75333,0.03154,0,0,0.5864
632,1,20,-0.12499,0.019893,0.75148,0.031038,0,0,0.58302
634,1,20,-0.12459,0.019871,0.74988,0.030627,0,0,0.58014
636,1,20,-0.12422,0.019883,0.74855,0.030305,0,0,0.57778
638,1,20,-0.12387,0.019925,0.7475,0.030067,0,0,0.57593
640,1,20,-0.12354,0.019992,0.74673,0.029907,0,0,0.5746
642,1,20,-0.12321,0.020078,0.74624,0.029818,0,0,0.57377
644,1,20,-0.12289,0.020179,0.74604,0.029793,0,0,0.57344
646,1,20,-0.12257,0.020288,0.74611,0.029826,0,0,0.57359
648,1,20,-0.12223,0.020401,0.74646,0.029911,0,0,0.5742
650,1,20,-0.12188,0.020513,0.74707,0.030046,0,0,0.57526
652,1,20,-0.1215,0.020619,0.74793,0.030231,0,0,0.57676
654,1,20,-0.1211,0.020719,0.74903,0.030469,0,0,0.57869
656,1,20,-0.12066,0.020809,0.75037,0.03077,0,0,0.58104
658,1,20,-0.12019,0.020889,0.75191,0.031144,0,0,0.58381
660,1,20,-0.11968,0.020961,0.75366,0.031608,0,0,0.58698
662,1,20,-0.11912,0.021024,0.75557,0.032179,0,0,0.59056
664,1,20,-0.11852,0.021083,0.75763,0.032874,0,0,0.59453
666,1,20,-0.11787,0.021139,0.7598,0.033708,0,0,0.59888
668,1,20,-0.11718,0.021198,0.76205,0.034692,0,0,0.60359
670,1,20,-0.11643,0.021264,0.76436,0.035831,0,0,0.60863
672,1,20,-0.11564,0.021341,0.76667,0.037121,0,0,0.61397
674,1,20,-0.1148,0.021434,0.76896,0.038551,0,0,0.61954
676,1,20,-0.11392,0.021548,0.77119,0.040101,0,0,0.62529
678,1,20,-0.113,0.021687,0.77332,0.041747,0,0,0.63113
680,1,20,-0.11204,0.021854,0.77531,0.043456,0,0,0.63699
682,1,20,-0.11105,0.022052,0.77714,0.045193,0,0,0.64275
684,1,20,-0.11003,0.022283,0.77877,0.046923,0,0,0.64831
686,1,20,-0.10899,0.022547,0.78016,0.048608,0,0,0.65355
688,1,20,-0.10792,0.022844,0.78131,0.050211,0,0,0.65834
690,1,20,-0.10685,0.023172,0.78217,0.051698,0,0,0.66257
692,1,20,-0.10578,0.023529,0.78273,0.053036,0,0,0.66611
694,1,20,-0.1047,0.023911,0.78297,0.054196,0,0,0.66885
696,1,20,-0.10363,0.024314,0.78288,0.055151,0,0,0.6707
698,1,20,-0.10258,0.024734,0.78245,0.055881,0,0,0.67156
700,1,20,-0.10155,0.025166,0.78167,0.056368,0,0,0.67138
702,1,20,-0.10055,0.025605,0.78054,0.056599,0,0,0.67011
704,1,20,-0.099579,0.026046,0.77907,0.056566,0,0,0.66775
706,1,20,-0.098649,0.026483,0.77727,0.056266,0,0,0.6643
708,1,20,-0.097764,0.026912,0.77515,0.055703,0,0,0.65981
710,1,20,-0.096928,0.027328,0.77273,0.054884,0,0,0.65435
712,1,20,-0.096146,0.027728,0.77004,0.053824,0,0,0.64801
714,1,20,-0.095421,0.028106,0.76711,0.052542,0,0,0.64091
716,1,20,-0.094756,0.028461,0.76397,0.051065,0,0,0.6332
718,1,20,-0.094153,0.028788,0.76066,0.049425,0,0,0.62502
720,1,20,-0.093613,0.029087,0.75723,0.047663,0,0,0.61656
722,1,20,-0.093138,0.029353,0.75371,0.045826,0,0,0.60799
724,1,20,-0.092725,0.029587,0.75016,0.043967,0,0,0.59947
726,1,20,-0.092376,0.029786,0.74661,0.042144,0,0,0.59118
728,1,20,-0.092086,0.02995,0.74312,0.04042,0,0,0.58327
730,1,20,-0.091855,0.030079,0.73973,0.038857,0,0,0.57588
732,1,20,-0.091678,0.030172,0.73648,0.037512,0,0,0.56914
734,1,20,-0.091552,0.030229,0.73342,0.036429,0,0,0.56313
736,1,20,-0.091471,0.030252,0.73061,0.035631,0,0,0.55791
738,1,20,-0.091431,0.030241,0.72808,0.035115,0,0,0.55352
740,1,20,-0.091425,0.030197,0.72588,0.034848,0,0,0.54997
742,1,20,-0.091447,0.030121,0.72405,0.03477,0,0,0.54722
744,1,20,-0.091491,0.030014,0.72264,0.034805,0,0,0.54523
746,1,20,-0.09155,0.029878,0.72166,0.034876,0,0,0.5439
748,1,20,-0.091617,0.029714,0.7211,0.034917,0,0,0.54315
750,1,20,-0.091684,0.029525,0.72092,0.034888,0,0,0.54285
752,1,20,-0.091745,0.029311,0.72104,0.034775,0,0,0.54288
754,1,20,-0.091793,0.029076,0.72137,0.034588,0,0,0.5431
756,1,20,-0.09182,0.02882,0.72178,0.034352,0,0,0.54338
758,1,20,-0.091821,0.028546,0.72216,0.034091,0,0,0.54359
760,1,20,-0.09179,0.028256,0.72241,0.033826,0,0,0.54362
762,1,20,-0.09172,0.027951,0.72247,0.033569,0,0,0.54337
764,1,20,-0.091608,0.027635,0.72226,0.033325,0,0,0.54276
766,1,20,-0.091448,0.027309,0.72176,0.033094,0,0,0.54174
768,1,20,-0.091237,0.026974,0.72094,0.03287,0,0,0.54028
770,1,20,-0.090972,0.026635,0.71981,0.03265,0,0,0.53838
772,1,20,-0.090651,0.026292,0.71839,0.032431,0,0,0.53606
774,1,20,-0.090272,0.025949,0.7167,0.032213,0,0,0.53337
776,1,20,-0.089835,0.025607,0.71479,0.031998,0,0,0.53038
778,1,20,-0.08934,0.02527,0.71273,0.031788,0,0,0.52719
780,1,20,-0.088788,0.02494,0.71059,0.031587,0,0,0.52389
782,1,20,-0.088181,0.024621,0.70844,0.031394,0,0,0.52061
784,1,20,-0.087522,0.024315,0.70637,0.031204,0,0,0.51746
786,1,20,-0.086814,0.024025,0.70449,0.031006,0,0,0.51457
788,1,20,-0.08606,0.023756,0.70287,0.030786,0,0,0.51204
790,1,20,-0.085267,0.02351,0.70162,0.030533,0,0,0.50998
792,1,20,-0.084437,0.023291,0.70079,0.030246,0,0,0.50849
794,1,20,-0.083579,0.023102,0.70042,0.029941,0,0,0.50762
796,1,20,-0.082697,0.022946,0.70051,0.029661,0,0,0.50743
798,1,20,-0.081797,0.022827,0.70102,0.029467,0,0,0.50793
800,1,20,-0.080887,0.022747,0.70191,0.029434,0,0,0.50914
802,1,20,-0.079973,0.022707,0.70308,0.029631,0,0,0.51101
804,1,20,-0.079062,0.022709,0.70446,0.03011,0,0,0.5135
806,1,20,-0.07816,0.022754,0.70597,0.030893,0,0,0.51652
808,1,20,-0.077274,0.022842,0.70751,0.031973,0,0,0.51999
810,1,20,-0.07641,0.022969,0.70901,0.033314,0,0,0.52379
812,1,20,-0.075574,0.023136,0.71042,0.034859,0,0,0.52779
814,1,20,-0.074771,0.023337,0.71167,0.036544,0,0,0.53185
816,1,20,-0.074006,0.02357,0.71272,0.0383,0,0,0.53584
818,1,20,-0.073283,0.023829,0.71353,0.040061,0,0,0.53962
820,1,20,-0.072606,0.024108,0.71407,0.041767,0,0,0.54305
822,1,20,-0.071977,0.024401,0.71434,0.043366,0,0,0.54601
824,1,20,-0.071399,0.024703,0.7143,0.04481,0,0,0.54838
826,1,20,-0.070873,0.025005,0.71398,0.046063,0,0,0.55008
828,1,20,-0.0704,0.025301,0.71337,0.047092,0,0,0.55103
830,1,20,-0.069978,0.025585,0.71249,0.047872,0,0,0.55118
832,1,20,-0.069607,0.025849,0.71136,0.048384,0,0,0.55051
834,1,20,-0.069285,0.026088,0.71,0.048615,0,0,0.549
836,1,20,-0.06901,0.026295,0.70844,0.048558,0,0,0.54669
838,1,20,-0.068777,0.026466,0.70671,0.048212,0,0,0.54361
840,1,20,-0.068582,0.026596,0.70485,0.047581,0,0,0.53983
842,1,20,-0.06842,0.026682,0.70288,0.046678,0,0,0.53544
844,1,20,-0.068287,0.02672,0.70083,0.04552,0,0,0.53054
846,1,20,-0.068175,0.026709,0.69874,0.044135,0,0,0.52525
848,1,20,-0.06808,0.026648,0.69662,0.04256,0,0,0.5197
850,1,20,-0.067993,0.026536,0.6945,0.04084,0,0,0.51402
852,1,20,-0.067908,0.026375,0.69239,0.039036,0,0,0.50836
854,1,20,-0.067818,0.026168,0.69031,0.037219,0,0,0.50285
856,1,20,-0.067715,0.025917,0.68828,0.035471,0,0,0.49764
858,1,20,-0.067593,0.025626,0.68632,0.03388,0,0,0.49285
860,1,20,-0.067445,0.025303,0.68447,0.032531,0,0,0.4886
862,1,20,-0.067264,0.024951,0.68277,0.031488,0,0,0.48501
864,1,20,-0.067043,0.02458,0.6813,0.030775,0,0,0.48216
866,1,20,-0.066777,0.024197,0.68018,0.030355,0,0,0.48015
868,1,20,-0.066461,0.023811,0.67954,0.030129,0,0,0.47902
870,1,20,-0.06609,0.02343,0.67953,0.029963,0,0,0.47882
872,1,20,-0.065659,0.023064,0.68027,0.029731,0,0,0.47957
874,1,20,-0.065166,0.022721,0.68181,0.029386,0,0,0.48127
876,1,20,-0.064607,0.02241,0.68407,0.028989,0,0,0.48392
878,1,20,-0.063982,0.022139,0.68689,0.028697,0,0,0.48746
880,1,20,-0.06329,0.021912,0.69007,0.028706,0,0,0.49186
882,1,20,-0.06253,0.021736,0.69343,0.029184,0,0,0.49703
884,1,20,-0.061704,0.021612,0.69681,0.030222,0,0,0.5029
886,1,20,-0.060813,0.021541,0.70008,0.031824,0,0,0.50936
888,1,20,-0.05986,0.021523,0.70317,0.033923,0,0,0.51631
890,1,20,-0.058849,0.021555,0.70601,0.03641,0,0,0.52364
892,1,20,-0.057784,0.021632,0.70857,0.039166,0,0,0.53121
894,1,20,-0.05667,0.021748,0.71082,0.042076,0,0,0.53891
896,1,20,-0.055512,0.021897,0.71277,0.045043,0,0,0.5466
898,1,20,-0.054317,0.022072,0.71443,0.047984,0,0,0.55415
900,1,20,-0.053092,0.022267,0.7158,0.050832,0,0,0.56146
902,1,20,-0.051844,0.022475,0.7169,0.053535,0,0,0.56839
904,1,20,-0.05058,0.02269,0.71775,0.056049,0,0,0.57485
906,1,20,-0.049308,0.022907,0.71837,0.058343,0,0,0.58073
908,1,20,-0.048037,0.023122,0.71879,0.060391,0,0,0.58596
910,1,20,-0.046773,0.023332,0.71902,0.062178,0,0,0.59045
912,1,20,-0.045526,0.023536,0.71908,0.063691,0,0,0.59415
914,1,20,-0.044301,0.023732,0.71898,0.064925,0,0,0.59702
916,1,20,-0.043108,0.023923,0.71873,0.065881,0,0,0.59904
918,1,20,-0.041952,0.024108,0.71834,0.06656,0,0,0.60019
920,1,20,-0.04084,0.02429,0.71782,0.066971,0,0,0.60048
922,1,20,-0.039778,0.024473,0.71716,0.067123,0,0,0.59993
924,1,20,-0.038772,0.024659,0.71638,0.067032,0,0,0.59857
926,1,20,-0.037825,0.024851,0.71547,0.066711,0,0,0.59646
928,1,20,-0.036943,0.025052,0.71445,0.066179,0,0,0.59365
930,1,20,-0.036127,0.025266,0.7133,0.065457,0,0,0.59021
932,1,20,-0.03538,0.025493,0.71205,0.064564,0,0,0.58621
934,1,20,-0.034703,0.025737,0.71069,0.063524,0,0,0.58175
936,1,20,-0.034097,0.025995,0.70923,0.062359,0,0,0.57689
938,1,20,-0.03356,0.026268,0.70769,0.061095,0,0,0.57174
940,1,20,-0.033093,0.026554,0.70607,0.059756,0,0,0.56638
942,1,20,-0.032692,0.02685,0.70439,0.058366,0,0,0.5609
944,1,20,-0.032355,0.027151,0.70267,0.056951,0,0,0.55537
946,1,20,-0.032078,0.027453,0.70093,0.055534,0,0,0.54989
948,1,20,-0.031856,0.02775,0.69917,0.054139,0,0,0.54453
950,1,20,-0.031685,0.028036,0.69743,0.052787,0,0,0.53935
952,1,20,-0.031558,0.028304,0.69572,0.051498,0,0,0.53442
954,1,20,-0.03147,0.028548,0.69408,0.050292,0,0,0.5298
956,1,20,-0.031414,0.028762,0.69251,0.049184,0,0,0.52554
958,1,20,-0.031384,0.02894,0.69106,0.048187,0,0,0.52168
960,1,20,-0.031372,0.029076,0.68974,0.047314,0,0,0.51828
962,1,20,-0.031372,0.029165,0.68858,0.046573,0,0,0.51535
964,1,20,-0.031376,0.029202,0.6876,0.045971,0,0,0.51294
966,1,20,-0.031377,0.029185,0.68682,0.045514,0,0,0.51108
968,1,20,-0.03137,0.029112,0.68626,0.045207,0,0,0.50979
970,1,20,-0.031347,0.02898,0.68595,0.045053,0,0,0.50909
972,1,20,-0.031302,0.02879,0.68589,0.045055,0,0,0.50901
974,1,20,-0.03123,0.028542,0.68609,0.045214,0,0,0.50956
976,1,20,-0.031126,0.028238,0.68656,0.045533,0,0,0.51076
978,1,20,-0.030985,0.027882,0.68731,0.046013,0,0,0.51262
980,1,20,-0.030804,0.027476,0.68833,0.046653,0,0,0.51515
982,1,20,-0.03058,0.027027,0.68962,0.047452,0,0,0.51835
984,1,20,-0.030311,0.02654,0.69116,0.048409,0,0,0.52223
986,1,20,-0.029995,0.02602,0.69295,0.049518,0,0,0.52677
988,1,20,-0.029632,0.025477,0.69496,0.050774,0,0,0.53195
990,1,20,-0.029221,0.024918,0.69717,0.052167,0,0,0.53775
992,1,20,-0.028764,0.02435,0.69954,0.053688,0,0,0.54412
994,1,20,-0.028263,0.023782,0.70205,0.055323,0,0,0.55103
996,1,20,-0.027719,0.023222,0.70466,0.057056,0,0,0.5584
998,1,20,-0.027137,0.022678,0.70733,0.058869,0,0,0.56617
1000,1,20,-0.02652,0.022158,0.71002,0.060744,0,0,0.57423
1002,1,20,-0.025872,0.021667,0.71267,0.062657,0,0,0.5825
1004,1,20,-0.025199,0.021211,0.71526,0.064584,0,0,0.59085
1006,1,20,-0.024505,0.020794,0.71772,0.066503,0,0,0.59916
1008,1,20,-0.023797,0.020419,0.72003,0.068386,0,0,0.6073
1010,1,20,-0.023081,0.020086,0.72213,0.070209,0,0,0.61513
1012,1,20,-0.022362,0.019795,0.72399,0.071946,0,0,0.62251
1014,1,20,-0.021648,0.019543,0.72556,0.073571,0,0,0.62928
1016,1,20,-0.020944,0.019329,0.72682,0.075061,0,0,0.63531
1018,1,20,-0.020256,0.019146,0.72773,0.076392,0,0,0.64046
1020,1,20,-0.019591,0.018992,0.72826,0.077543,0,0,0.64461
1022,1,20,-0.018954,0.018859,0.7284,0.078493,0,0,0.64763
1024,1,20,-0.018352,0.018745,0.72813,0.079226,0,0,0.64943
1026,1,20,-0.017788,0.018642,0.72744,0.079724,0,0,0.64992
1028,1,20,-0.017268,0.018547,0.72632,0.079974,0,0,0.64906
1030,1,20,-0.016794,0.018458,0.72478,0.079964,0,0,0.6468
1032,1,20,-0.016372,0.018369,0.72284,0.079687,0,0,0.64314
1034,1,20,-0.016004,0.018281,0.7205,0.079135,0,0,0.6381
1036,1,20,-0.01569,0.018193,0.71778,0.078305,0,0,0.63171
1038,1,20,-0.015434,0.018103,0.71472,0.077198,0,0,0.62405
1040,1,20,-0.015236,0.018015,0.71134,0.075816,0,0,0.61522
1042,1,20,-0.015095,0.017928,0.70769,0.074164,0,0,0.60533
1044,1,20,-0.015012,0.017847,0.7038,0.072252,0,0,0.59452
1046,1,20,-0.014984,0.017773,0.69972,0.07009,0,0,0.58295
1048,1,20,-0.015009,0.017709,0.69549,0.067694,0,0,0.57078
1050,1,20,-0.015086,0.017658,0.69116,0.065083,0,0,0.55819
1052,1,20,-0.01521,0.017623,0.68678,0.062278,0,0,0.54536
1054,1,20,-0.015378,0.017606,0.6824,0.059304,0,0,0.53249
1056,1,20,-0.015586,0.017609,0.67804,0.056192,0,0,0.51974
1058,1,20,-0.015829,0.017631,0.67377,0.052975,0,0,0.50729
1060,1,20,-0.016102,0.017674,0.66961,0.049691,0,0,0.49529
1062,1,20,-0.016401,0.017736,0.6656,0.046385,0,0,0.4839
1064,1,20,-0.01672,0.017815,0.66177,0.043108,0,0,0.47324
1066,1,20,-0.017054,0.017909,0.65813,0.039918,0,0,0.46341
1068,1,20,-0.017397,0.018015,0.65472,0.03688,0,0,0.4545
1070,1,20,-0.017745,0.018129,0.65155,0.034068,0,0,0.44657
1072,1,20,-0.018092,0.018247,0.64863,0.031558,0,0,0.43965
1074,1,20,-0.018434,0.018366,0.64599,0.029425,0,0,0.43375
1076,1,20,-0.018765,0.01848,0.64363,0.02773,0,0,0.42887
1078,1,20,-0.019082,0.018588,0.64159,0.026505,0,0,0.42498
1080,1,20,-0.019381,0.018685,0.63987,0.025735,0,0,0.42202
1082,1,20,-0.019659,0.018769,0.63853,0.025356,0,0,0.41994
1084,1,20,-0.019913,0.018837,0.63759,0.02526,0,0,0.41865
1086,1,20,-0.02014,0.018888,0.63709,0.025317,0,0,0.41806
1088,1,20,-0.02034,0.018921,0.63704,0.025405,0,0,0.41809
1090,1,20,-0.02051,0.018935,0.63744,0.025431,0,0,0.41862
1092,1,20,-0.020651,0.018931,0.63824,0.025349,0,0,0.41956
1094,1,20,-0.020762,0.018909,0.63936,0.025158,0,0,0.42081
1096,1,20,-0.020843,0.018871,0.64071,0.024889,0,0,0.42227
1098,1,20,-0.020897,0.018819,0.64217,0.024588,0,0,0.42386
1100,1,20,-0.020925,0.018755,0.64364,0.024303,0,0,0.4255
1102,1,20,-0.020928,0.018682,0.64505,0.024072,0,0,0.4271
1104,1,20,-0.02091,0.018603,0.64634,0.023915,0,0,0.42862
1106,1,20,-0.020872,0.01852,0.64745,0.023844,0,0,0.42999
1108,1,20,-0.020819,0.018437,0.64836,0.023855,0,0,0.43119
1110,1,20,-0.020754,0.018356,0.64907,0.023939,0,0,0.43217
1112,1,20,-0.02068,0.018282,0.64955,0.024081,0,0,0.43293
1114,1,20,-0.020602,0.018215,0.64982,0.024266,0,0,0.43346
1116,1,20,-0.020523,0.018159,0.64989,0.024477,0,0,0.43374
1118,1,20,-0.020447,0.018116,0.64977,0.024701,0,0,0.4338
1120,1,20,-0.020377,0.018087,0.64949,0.024926,0,0,0.43364
1122,1,20,-0.020319,0.018074,0.64905,0.025143,0,0,0.43328
1124,1,20,-0.020274,0.018078,0.6485,0.025345,0,0,0.43275
1126,1,20,-0.020246,0.018099,0.64784,0.025525,0,0,0.43208
1128,1,20,-0.020239,0.018138,0.64711,0.02568,0,0,0.43129
1130,1,20,-0.020254,0.018195,0.64634,0.025808,0,0,0.43041
1132,1,20,-0.020294,0.01827,0.64554,0.025905,0,0,0.42947
1134,1,20,-0.020361,0.018362,0.64474,0.025969,0,0,0.42851
1136,1,20,-0.020457,0.018471,0.64397,0.026001,0,0,0.42755
1138,1,20,-0.020581,0.018596,0.64325,0.026,0,0,0.42662
1140,1,20,-0.020734,0.018736,0.6426,0.025966,0,0,0.42574
1142,1,20,-0.020916,0.018891,0.64203,0.025902,0,0,0.42495
1144,1,20,-0.021128,0.019059,0.64155,0.02581,0,0,0.42425
1146,1,20,-0.021366,0.019239,0.64119,0.025696,0,0,0.42367
1148,1,20,-0.02163,0.019429,0.64093,0.025566,0,0,0.42321
1150,1,20,-0.021918,0.019628,0.64079,0.025426,0,0,0.4229
1152,1,20,-0.022228,0.019834,0.64076,0.025287,0,0,0.42273
1154,1,20,-0.022556,0.020044,0.64084,0.025156,0,0,0.4227
1156,1,20,-0.022899,0.020258,0.64102,0.025043,0,0,0.42282
1158,1,20,-0.023254,0.020471,0.64129,0.024956,0,0,0.42308
1160,1,20,-0.023618,0.020682,0.64162,0.024901,0,0,0.42346
1162,1,20,-0.023985,0.020887,0.64202,0.024884,0,0,0.42396
1164,1,20,-0.024352,0.021085,0.64246,0.024906,0,0,0.42454
1166,1,20,-0.024714,0.021272,0.64293,0.024967,0,0,0.4252
1168,1,20,-0.025068,0.021445,0.64341,0.025064,0,0,0.42591
1170,1,20,-0.025409,0.021603,0.64387,0.025194,0,0,0.42663
1172,1,20,-0.025732,0.021741,0.64431,0.025348,0,0,0.42735
1174,1,20,-0.026033,0.02186,0.64471,0.025519,0,0,0.42803
1176,1,20,-0.026309,0.021955,0.64505,0.0257,0,0,0.42864
1178,1,20,-0.026555,0.022027,0.64531,0.02588,0,0,0.42916
1180,1,20,-0.026767,0.022073,0.64549,0.026054,0,0,0.42955
1182,1,20,-0.026943,0.022094,0.64555,0.026213,0,0,0.4298
1184,1,20,-0.027078,0.02209,0.64551,0.026353,0,0,0.42988
1186,1,20,-0.02717,0.022059,0.64534,0.026468,0,0,0.42977
1188,1,20,-0.027217,0.022005,0.64503,0.026556,0,0,0.42947
1190,1,20,-0.027216,0.021927,0.6446,0.026612,0,0,0.42896
1192,1,20,-0.027166,0.021829,0.64402,0.026637,0,0,0.42824
1194,1,20,-0.027064,0.021711,0.64331,0.026629,0,0,0.42732
1196,1,20,-0.026911,0.021578,0.64247,0.026588,0,0,0.42619
1198,1,20,-0.026705,0.021431,0.6415,0.026516,0,0,0.42488
1200,1,20,-0.026446,0.021276,0.64042,0.026413,0,0,0.42339
1202,1,20,-0.026134,0.021114,0.63923,0.026283,0,0,0.42174
1204,1,20,-0.02577,0.02095,0.63795,0.026128,0,0,0.41995
1206,1,20,-0.025354,0.020786,0.63659,0.025951,0,0,0.41804
1208,1,20,-0.024888,0.020627,0.63517,0.025757,0,0,0.41604
1210,1,20,-0.024373,0.020476,0.63369,0.025549,0,0,0.41397
1212,1,20,-0.023811,0.020334,0.63217,0.025332,0,0,0.41183
1214,1,20,-0.023204,0.020205,0.63063,0.025111,0,0,0.40967
1216,1,20,-0.022554,0.02009,0.62906,0.024891,0,0,0.40748
1218,1,20,-0.021864,0.019989,0.62748,0.024677,0,0,0.4053
1220,1,20,-0.021136,0.019905,0.62589,0.024472,0,0,0.40311
1222,1,20,-0.020374,0.019836,0.6243,0.02428,0,0,0.40095
1224,1,20,-0.019581,0.019782,0.62271,0.024104,0,0,0.3988
1226,1,20,-0.01876,0.019743,0.62112,0.023946,0,0,0.39669
1228,1,20,-0.017913,0.019716,0.61954,0.023807,0,0,0.3946
1230,1,20,-0.017046,0.019702,0.61797,0.02369,0,0,0.39255
1232,1,20,-0.016161,0.019697,0.6164,0.023592,0,0,0.39053
1234,1,20,-0.015262,0.019701,0.61485,0.023516,0,0,0.38855
1236,1,20,-0.014353,0.019712,0.61331,0.02346,0,0,0.38661
1238,1,20,-0.013437,0.019728,0.6118,0.023424,0,0,0.38472
1240,1,20,-0.012518,0.019749,0.61031,0.02341,0,0,0.38289
1242,1,20,-0.0116,0.019773,0.60886,0.023416,0,0,0.38112
1244,1,20,-0.010687,0.0198,0.60746,0.023444,0,0,0.37944
1246,1,20,-0.0097822,0.019829,0.60612,0.023493,0,0,0.37787
1248,1,20,-0.0088894,0.019861,0.60486,0.023564,0,0,0.37641
1250,1,20,-0.0080123,0.019895,0.60371,0.023655,0,0,0.3751
1252,1,20,-0.0071544,0.019932,0.60268,0.023764,0,0,0.37396
1254,1,20,-0.0063193,0.019971,0.6018,0.023888,0,0,0.37301
1256,1,20,-0.0055103,0.020014,0.60109,0.024025,0,0,0.37228
1258,1,20,-0.0047309,0.02006,0.60058,0.02417,0,0,0.37179
1260,1,20,-0.0039841,0.020109,0.60027,0.024321,0,0,0.37157
1262,1,20,-0.003273,0.020161,0.6002,0.024477,0,0,0.37162
1264,1,20,-0.0026006,0.020216,0.60036,0.024638,0,0,0.37197
1266,1,20,-0.0019697,0.020272,0.60077,0.024806,0,0,0.37262
1268,1,20,-0.0013828,0.02033,0.60142,0.024984,0,0,0.37357
1270,1,20,-0.0008423,0.020387,0.6023,0.025178,0,0,0.37481
1272,1,20,-0.0003504,0.020442,0.60339,0.025392,0,0,0.37633
1274,1,20,9.098e-05,0.020492,0.60468,0.02563,0,0,0.37812
1276,1,20,0.00048014,0.020537,0.60614,0.025894,0,0,0.38015
1278,1,20,0.00081567,0.020573,0.60774,0.026185,0,0,0.38237
1280,1,20,0.0010964,0.020598,0.60944,0.026502,0,0,0.38476
1282,1,20,0.0013216,0.02061,0.61122,0.026841,0,0,0.38728
1284,1,20,0.0014908,0.020607,0.61303,0.027199,0,0,0.38987
1286,1,20,0.0016036,0.020586,0.61485,0.027569,0,0,0.39249
1288,1,20,0.0016605,0.020547,0.61664,0.027945,0,0,0.39508
1290,1,20,0.0016619,0.020487,0.61837,0.028318,0,0,0.39761
1292,1,20,0.0016087,0.020406,0.62,0.028682,0,0,0.40003
1294,1,20,0.0015023,0.020303,0.62151,0.029029,0,0,0.40229
1296,1,20,0.0013443,0.020177,0.62289,0.029353,0,0,0.40436
1298,1,20,0.0011368,0.020031,0.6241,0.029646,0,0,0.4062
1300,1,20,0.00088229,0.019863,0.62513,0.029903,0,0,0.40778
1302,1,20,0.00058349,0.019676,0.62599,0.030119,0,0,0.40909
1304,1,20,0.00024357,0.019472,0.62665,0.030289,0,0,0.41012
1306,1,20,-0.00013396,0.019252,0.62713,0.030411,0,0,0.41086
1308,1,20,-0.00054533,0.01902,0.62741,0.030483,0,0,0.4113
1310,1,20,-0.00098644,0.018779,0.62753,0.030502,0,0,0.41147
1312,1,20,-0.001453,0.018531,0.62747,0.030469,0,0,0.41136
1314,1,20,-0.0019403,0.018282,0.62726,0.030385,0,0,0.411
1316,1,20,-0.0024438,0.018034,0.62691,0.030253,0,0,0.41041
1318,1,20,-0.0029584,0.01779,0.62644,0.030076,0,0,0.40961
1320,1,20,-0.0034793,0.017555,0.62586,0.029861,0,0,0.40864
1322,1,20,-0.0040013,0.017332,0.62518,0.029613,0,0,0.40752
1324,1,20,-0.0045194,0.017123,0.62443,0.029341,0,0,0.40628
1326,1,20,-0.0050286,0.016932,0.62362,0.029053,0,0,0.40494
1328,1,20,-0.0055241,0.016759,0.62276,0.028761,0,0,0.40355
1330,1,20,-0.006001,0.016607,0.62187,0.028471,0,0,0.40212
1332,1,20,-0.0064547,0.016475,0.62095,0.028194,0,0,0.40068
1334,1,20,-0.0068811,0.016365,0.62002,0.027937,0,0,0.39925
1336,1,20,-0.007276,0.016275,0.61909,0.027704,0,0,0.39786
1338,1,20,-0.0076358,0.016205,0.61819,0.027498,0,0,0.39652
1340,1,20,-0.0079573,0.016152,0.61731,0.02732,0,0,0.39525
1342,1,20,-0.0082376,0.016116,0.61647,0.027165,0,0,0.39406
1344,1,20,-0.0084743,0.016093,0.6157,0.027028,0,0,0.39296
1346,1,20,-0.0086655,0.016081,0.615,0.026901,0,0,0.39197
1348,1,20,-0.0088099,0.016078,0.61439,0.026775,0,0,0.3911
1350,1,20,-0.0089067,0.016081,0.61389,0.02664,0,0,0.39035
1352,1,20,-0.0089556,0.01609,0.61351,0.026486,0,0,0.38973
1354,1,20,-0.0089568,0.0161,0.61327,0.026306,0,0,0.38924
1356,1,20,-0.0089112,0.016112,0.61316,0.026091,0,0,0.3889
1358,1,20,-0.0088203,0.016124,0.61319,0.025837,0,0,0.38869
1360,1,20,-0.008686,0.016134,0.61338,0.025542,0,0,0.38863
1362,1,20,-0.0085107,0.016142,0.61371,0.025205,0,0,0.38871
1364,1,20,-0.0082975,0.016148,0.61417,0.024829,0,0,0.38892
1366,1,20,-0.0080496,0.016153,0.61477,0.024417,0,0,0.38927
1368,1,20,-0.0077711,0.016155,0.61548,0.023978,0,0,0.38974
1370,1,20,-0.007466,0.016157,0.61629,0.023517,0,0,0.39032
1372,1,20,-0.007139,0.016158,0.61718,0.023046,0,0,0.391
1374,1,20,-0.0067949,0.016159,0.61812,0.022573,0,0,0.39175
1376,1,20,-0.0064388,0.016162,0.6191,0.022108,0,0,0.39257
1378,1,20,-0.0060758,0.016166,0.62009,0.021662,0,0,0.39342
1380,1,20,-0.0057112,0.016173,0.62106,0.021243,0,0,0.39429
1382,1,20,-0.0053505,0.016184,0.62198,0.020857,0,0,0.39513
1384,1,20,-0.0049988,0.016198,0.62284,0.020511,0,0,0.39593
1386,1,20,-0.0046614,0.016216,0.62361,0.020208,0,0,0.39665
1388,1,20,-0.0043434,0.016239,0.62427,0.01995,0,0,0.39727
1390,1,20,-0.0040494,0.016265,0.62478,0.019737,0,0,0.39776
1392,1,20,-0.0037841,0.016295,0.62515,0.019569,0,0,0.39808
1394,1,20,-0.0035517,0.016327,0.62534,0.019445,0,0,0.39824
1396,1,20,-0.0033558,0.016362,0.62535,0.019364,0,0,0.39819
1398,1,20,-0.0031999,0.016398,0.62517,0.019326,0,0,0.39793
1400,1,20,-0.0030868,0.016434,0.62479,0.01933,0,0,0.39746
1402,1,20,-0.0030189,0.01647,0.62421,0.019378,0,0,0.39677
1404,1,20,-0.0029979,0.016503,0.62343,0.019471,0,0,0.39587
1406,1,20,-0.003025,0.016533,0.62247,0.019611,0,0,0.39478
1408,1,20,-0.0031009,0.016559,0.62133,0.019798,0,0,0.3935
1410,1,20,-0.0032256,0.01658,0.62004,0.020033,0,0,0.39208
1412,1,20,-0.0033984,0.016595,0.61862,0.020314,0,0,0.39053
1414,1,20,-0.0036183,0.016603,0.61709,0.020638,0,0,0.3889
1416,1,20,-0.0038835,0.016605,0.6155,0.020997,0,0,0.38722
1418,1,20,-0.0041917,0.016598,0.61389,0.021386,0,0,0.38555
1420,1,20,-0.0045399,0.016585,0.61228,0.021795,0,0,0.38392
1422,1,20,-0.0049249,0.016564,0.61074,0.022215,0,0,0.38238
1424,1,20,-0.0053429,0.016537,0.60929,0.022635,0,0,0.38097
1426,1,20,-0.0057895,0.016504,0.60798,0.023047,0,0,0.37973
1428,1,20,-0.0062603,0.016466,0.60684,0.023442,0,0,0.3787
1430,1,20,-0.0067503,0.016424,0.60591,0.023814,0,0,0.37791
1432,1,20,-0.0072544,0.016379,0.60521,0.024159,0,0,0.37737
1434,1,20,-0.0077671,0.016333,0.60476,0.024475,0,0,0.37712
1436,1,20,-0.0082832,0.016287,0.60456,0.02476,0,0,0.37714
1438,1,20,-0.0087969,0.016243,0.60461,0.025016,0,0,0.37744
1440,1,20,-0.0093027,0.016203,0.6049,0.025244,0,0,0.37801
1442,1,20,-0.0097953,0.016168,0.60542,0.025447,0,0,0.37883
1444,1,20,-0.010269,0.016139,0.60613,0.025628,0,0,0.37987
1446,1,20,-0.010719,0.016118,0.60701,0.02579,0,0,0.3811
1448,1,20,-0.011141,0.016107,0.60803,0.025934,0,0,0.38247
1450,1,20,-0.011529,0.016105,0.60913,0.026065,0,0,0.38395
1452,1,20,-0.01188,0.016114,0.61028,0.026182,0,0,0.38547
1454,1,20,-0.012189,0.016134,0.61144,0.026289,0,0,0.38698
1456,1,20,-0.012454,0.016164,0.61255,0.026384,0,0,0.38845
1458,1,20,-0.012671,0.016205,0.61359,0.02647,0,0,0.38981
1460,1,20,-0.012838,0.016256,0.61451,0.026547,0,0,0.39101
1462,1,20,-0.012954,0.016316,0.61528,0.026614,0,0,0.39203
1464,1,20,-0.013017,0.016383,0.61586,0.026672,0,0,0.3928
1466,1,20,-0.013026,0.016457,0.61624,0.026721,0,0,0.39332
1468,1,20,-0.012982,0.016535,0.61639,0.02676,0,0,0.39354
1470,1,20,-0.012886,0.016617,0.6163,0.026788,0,0,0.39346
1472,1,20,-0.012737,0.016699,0.61596,0.026806,0,0,0.39306
1474,1,20,-0.012539,0.01678,0.61538,0.026811,0,0,0.39235
1476,1,20,-0.012293,0.016859,0.61456,0.026803,0,0,0.39134
1478,1,20,-0.012003,0.016934,0.61352,0.026781,0,0,0.39004
1480,1,20,-0.011671,0.017003,0.61228,0.026742,0,0,0.38847
1482,1,20,-0.011302,0.017064,0.61085,0.026688,0,0,0.38667
1484,1,20,-0.0109,0.017117,0.60926,0.026618,0,0,0.38466
1486,1,20,-0.010469,0.017161,0.60754,0.026532,0,0,0.38248
1488,1,20,-0.010015,0.017194,0.60571,0.026434,0,0,0.38017
1490,1,20,-0.0095434,0.017217,0.60382,0.026326,0,0,0.37776
1492,1,20,-0.0090592,0.017228,0.60188,0.026212,0,0,0.37531
1494,1,20,-0.0085686,0.017228,0.59992,0.026096,0,0,0.37284
1496,1,20,-0.0080774,0.017216,0.59798,0.025981,0,0,0.3704
1498,1,20,-0.0075917,0.017193,0.59607,0.025872,0,0,0.36801
1500,1,20,-0.0071177,0.01716,0.59422,0.025773,0,0,0.36571
1502,1,20,-0.0066613,0.017117,0.59244,0.025685,0,0,0.36353
1504,1,20,-0.0062286,0.017064,0.59077,0.025609,0,0,0.36147
1506,1,20,-0.0058253,0.017003,0.58922,0.025546,0,0,0.35957
1508,1,20,-0.0054572,0.016933,0.58779,0.025494,0,0,0.35785
1510,1,20,-0.0051296,0.016856,0.5865,0.025452,0,0,0.3563
1512,1,20,-0.0048476,0.016773,0.58537,0.025418,0,0,0.35494
1514,1,20,-0.0046161,0.016685,0.5844,0.025387,0,0,0.35377
1516,1,20,-0.0044394,0.016591,0.58359,0.025358,0,0,0.3528
1518,1,20,-0.0043216,0.016494,0.58295,0.02533,0,0,0.35203
1520,1,20,-0.0042662,0.016393,0.58249,0.0253,0,0,0.35145
1522,1,20,-0.0042764,0.01629,0.58219,0.025268,0,0,0.35108
1524,1,20,-0.0043546,0.016186,0.58207,0.025235,0,0,0.3509
1526,1,20,-0.0045031,0.01608,0.58211,0.025204,0,0,0.35093
1528,1,20,-0.0047233,0.015974,0.58232,0.025177,0,0,0.35114
1530,1,20,-0.0050162,0.015869,0.58269,0.025157,0,0,0.35156
1532,1,20,-0.0053824,0.015766,0.58322,0.025151,0,0,0.35216
1534,1,20,-0.0058217,0.015667,0.5839,0.025161,0,0,0.35296
1536,1,20,-0.0063336,0.015571,0.58472,0.025192,0,0,0.35395
1538,1,20,-0.0069168,0.015481,0.58567,0.025246,0,0,0.35512
1540,1,20,-0.0075697,0.015397,0.58676,0.025327,0,0,0.35648
1542,1,20,-0.0082901,0.015322,0.58797,0.025434,0,0,0.358
1544,1,20,-0.0090753,0.015257,0.5893,0.025565,0,0,0.35969
1546,1,20,-0.0099222,0.015204,0.59074,0.025718,0,0,0.36154
1548,1,20,-0.010827,0.015164,0.59227,0.025887,0,0,0.36352
1550,1,20,-0.011786,0.015137,0.59389,0.026067,0,0,0.36562
1552,1,20,-0.012795,0.015127,0.59559,0.02625,0,0,0.36782
1554,1,20,-0.013849,0.015132,0.59735,0.026429,0,0,0.3701
1556,1,20,-0.014944,0.015154,0.59916,0.026597,0,0,0.37243
1558,1,20,-0.016073,0.015193,0.601,0.026746,0,0,0.37479
1560,1,20,-0.017232,0.015248,0.60285,0.026871,0,0,0.37715
1562,1,20,-0.018415,0.015319,0.6047,0.026967,0,0,0.37948
1564,1,20,-0.019617,0.015404,0.60651,0.02703,0,0,0.38174
1566,1,20,-0.020831,0.015501,0.60828,0.027058,0,0,0.38392
1568,1,20,-0.022052,0.01561,0.60998,0.02705,0,0,0.38597
1570,1,20,-0.023274,0.015726,0.61158,0.027005,0,0,0.38789
1572,1,20,-0.024491,0.015848,0.61307,0.026924,0,0,0.38963
1574,1,20,-0.025698,0.015972,0.61444,0.026808,0,0,0.39119
1576,1,20,-0.026889,0.016096,0.61566,0.026658,0,0,0.39254
1578,1,20,-0.028059,0.016217,0.61674,0.026475,0,0,0.39368
1580,1,20,-0.029202,0.016331,0.61765,0.02626,0,0,0.39459
1582,1,20,-0.030315,0.016437,0.6184,0.026015,0,0,0.39527
1584,1,20,-0.031391,0.016531,0.61898,0.025741,0,0,0.39573
1586,1,20,-0.032428,0.016611,0.6194,0.025439,0,0,0.39596
1588,1,20,-0.033421,0.016675,0.61967,0.025111,0,0,0.39597
1590,1,20,-0.034366,0.016723,0.61978,0.024759,0,0,0.39578
1592,1,20,-0.03526,0.016752,0.61975,0.024384,0,0,0.39539
1594,1,20,-0.036101,0.016762,0.61959,0.023992,0,0,0.39483
1596,1,20,-0.036885,0.016754,0.61931,0.023587,0,0,0.39411
1598,1,20,-0.037612,0.016726,0.61892,0.023174,0,0,0.39326
1600,1,20,-0.038279,0.016681,0.61842,0.02276,0,0,0.39229
1602,1,20,-0.038885,0.016618,0.61784,0.022354,0,0,0.39123
1604,1,20,-0.039429,0.01654,0.61719,0.021964,0,0,0.39009
1606,1,20,-0.039911,0.016448,0.61646,0.0216,0,0,0.38889
1608,1,20,-0.040331,0.016345,0.61568,0.021271,0,0,0.38766
1610,1,20,-0.040689,0.016232,0.61486,0.020985,0,0,0.38641
1612,1,20,-0.040986,0.016111,0.61399,0.020749,0,0,0.38516
1614,1,20,-0.041223,0.015987,0.6131,0.020569,0,0,0.38393
1616,1,20,-0.041402,0.01586,0.61219,0.020447,0,0,0.38272
1618,1,20,-0.041525,0.015734,0.61127,0.020385,0,0,0.38155
1620,1,20,-0.041593,0.015611,0.61036,0.020379,0,0,0.38043
1622,1,20,-0.041608,0.015493,0.60947,0.020428,0,0,0.37938
1624,1,20,-0.041574,0.015383,0.60859,0.020526,0,0,0.37839
1626,1,20,-0.041493,0.015282,0.60775,0.020667,0,0,0.37748
1628,1,20,-0.041368,0.015191,0.60695,0.020845,0,0,0.37664
1630,1,20,-0.041202,0.015112,0.6062,0.021054,0,0,0.3759
1632,1,20,-0.040999,0.015046,0.6055,0.02129,0,0,0.37525
1634,1,20,-0.04076,0.014992,0.60486,0.021548,0,0,0.37468
1636,1,20,-0.040491,0.014953,0.60429,0.021825,0,0,0.37421
1638,1,20,-0.040194,0.014927,0.60377,0.022119,0,0,0.37383
1640,1,20,-0.039872,0.014914,0.60332,0.022428,0,0,0.37355
1642,1,20,-0.03953,0.014915,0.60292,0.02275,0,0,0.37334
1644,1,20,-0.039169,0.014929,0.60258,0.023083,0,0,0.37322
1646,1,20,-0.038794,0.014954,0.60229,0.023426,0,0,0.37318
1648,1,20,-0.038408,0.014992,0.60205,0.023775,0,0,0.3732
1650,1,20,-0.038013,0.01504,0.60184,0.024126,0,0,0.37328
1652,1,20,-0.037612,0.0151,0.60168,0.024475,0,0,0.3734
1654,1,20,-0.037209,0.015169,0.60154,0.024818,0,0,0.37356
1656,1,20,-0.036805,0.015247,0.60144,0.025149,0,0,0.37374
1658,1,20,-0.036403,0.015334,0.60135,0.025464,0,0,0.37394
1660,1,20,-0.036005,0.015429,0.60127,0.025757,0,0,0.37413
1662,1,20,-0.035613,0.015531,0.6012,0.026026,0,0,0.37432
1664,1,20,-0.035229,0.015639,0.60114,0.026266,0,0,0.37448
1666,1,20,-0.034855,0.015753,0.60108,0.026477,0,0,0.37461
1668,1,20,-0.034491,0.015872,0.60101,0.026655,0,0,0.37471
1670,1,20,-0.034139,0.015993,0.60093,0.026801,0,0,0.37477
1672,1,20,-0.0338,0.016117,0.60085,0.026914,0,0,0.37478
1674,1,20,-0.033474,0.016242,0.60075,0.026995,0,0,0.37475
1676,1,20,-0.033163,0.016367,0.60065,0.027044,0,0,0.37467
1678,1,20,-0.032866,0.01649,0.60054,0.027062,0,0,0.37456
1680,1,20,-0.032584,0.01661,0.60043,0.027052,0,0,0.37442
1682,1,20,-0.032316,0.016726,0.60031,0.027015,0,0,0.37424
1684,1,20,-0.032063,0.016836,0.60021,0.026955,0,0,0.37405
1686,1,20,-0.031825,0.01694,0.60011,0.026873,0,0,0.37385
1688,1,20,-0.0316,0.017035,0.60002,0.026773,0,0,0.37364
1690,1,20,-0.031389,0.017122,0.59995,0.02666,0,0,0.37344
1692,1,20,-0.03119,0.0172,0.59989,0.026536,0,0,0.37325
1694,1,20,-0.031003,0.017268,0.59985,0.026406,0,0,0.37307
1696,1,20,-0.030828,0.017325,0.59982,0.026274,0,0,0.3729
1698,1,20,-0.030663,0.017371,0.5998,0.026144,0,0,0.37275
1700,1,20,-0.030507,0.017407,0.59979,0.02602,0,0,0.37262
1702,1,20,-0.03036,0.017433,0.59978,0.025905,0,0,0.37249
1704,1,20,-0.03022,0.01745,0.59976,0.025802,0,0,0.37236
1706,1,20,-0.030087,0.017457,0.59973,0.025713,0,0,0.37223
1708,1,20,-0.029959,0.017455,0.59966,0.025638,0,0,0.37208
1710,1,20,-0.029836,0.017446,0.59957,0.025579,0,0,0.37191
1712,1,20,-0.029716,0.01743,0.59943,0.025535,0,0,0.3717
1714,1,20,-0.029599,0.017409,0.59924,0.025504,0,0,0.37145
1716,1,20,-0.029483,0.017383,0.599,0.025485,0,0,0.37114
1718,1,20,-0.029369,0.017353,0.5987,0.025472,0,0,0.37077
1720,1,20,-0.029254,0.017321,0.59835,0.025464,0,0,0.37034
1722,1,20,-0.029139,0.017286,0.59795,0.025455,0,0,0.36985
1724,1,20,-0.029022,0.017249,0.59749,0.025441,0,0,0.3693
1726,1,20,-0.028904,0.017212,0.59701,0.025415,0,0,0.36869
1728,1,20,-0.028783,0.017174,0.5965,0.025374,0,0,0.36804
1730,1,20,-0.028659,0.017136,0.59598,0.025313,0,0,0.36737
1732,1,20,-0.028533,0.017097,0.59547,0.025228,0,0,0.36668
1734,1,20,-0.028403,0.017059,0.59499,0.025117,0,0,0.366
1736,1,20,-0.028269,0.017021,0.59456,0.024978,0,0,0.36535
1738,1,20,-0.028133,0.016982,0.59419,0.024812,0,0,0.36476
1740,1,20,-0.027993,0.016943,0.5939,0.024622,0,0,0.36424
1742,1,20,-0.02785,0.016905,0.59371,0.024411,0,0,0.36382
1744,1,20,-0.027704,0.016865,0.59363,0.024187,0,0,0.36351
1746,1,20,-0.027556,0.016825,0.59367,0.023958,0,0,0.36334
1748,1,20,-0.027406,0.016785,0.59382,0.023733,0,0,0.36333
1750,1,20,-0.027255,0.016744,0.5941,0.023524,0,0,0.36346
1752,1,20,-0.027104,0.016703,0.59449,0.023341,0,0,0.36377
1754,1,20,-0.026954,0.016662,0.595,0.023195,0,0,0.36424
1756,1,20,-0.026805,0.016621,0.5956,0.023094,0,0,0.36488
1758,1,20,-0.026658,0.01658,0.5963,0.023045,0,0,0.36567
1760,1,20,-0.026516,0.016539,0.59708,0.023053,0,0,0.3666
1762,1,20,-0.026378,0.016498,0.59792,0.023119,0,0,0.36766
1764,1,20,-0.026246,0.016457,0.59881,0.02324,0,0,0.36884
1766,1,20,-0.026122,0.016417,0.59974,0.023413,0,0,0.3701
1768,1,20,-0.026008,0.016377,0.60069,0.023631,0,0,0.37143
1770,1,20,-0.025903,0.016336,0.60165,0.023886,0,0,0.37282
1772,1,20,-0.025811,0.016295,0.60261,0.024171,0,0,0.37424
1774,1,20,-0.025732,0.016252,0.60356,0.024476,0,0,0.37566
1776,1,20,-0.025668,0.016207,0.60449,0.024794,0,0,0.37709
1778,1,20,-0.02562,0.01616,0.6054,0.02512,0,0,0.3785
1780,1,20,-0.025591,0.016108,0.60628,0.025448,0,0,0.37988
1782,1,20,-0.025581,0.016051,0.60714,0.025773,0,0,0.38124
1784,1,20,-0.025593,0.015989,0.60796,0.026094,0,0,0.38256
1786,1,20,-0.025626,0.01592,0.60876,0.026408,0,0,0.38384
1788,1,20,-0.025683,0.015845,0.60953,0.026715,0,0,0.38509
1790,1,20,-0.025765,0.015761,0.61028,0.027011,0,0,0.38631
1792,1,20,-0.025872,0.01567,0.61102,0.027298,0,0,0.38751
1794,1,20,-0.026007,0.015571,0.61175,0.027573,0,0,0.38868
1796,1,20,-0.026168,0.015464,0.61247,0.027835,0,0,0.38984
1798,1,20,-0.026358,0.015352,0.61319,0.028083,0,0,0.39099
1800,1,20,-0.026576,0.015234,0.61391,0.028314,0,0,0.39212
1802,1,20,-0.026823,0.015113,0.61463,0.028527,0,0,0.39324
1804,1,20,-0.027099,0.014991,0.61535,0.028721,0,0,0.39433
1806,1,20,-0.027403,0.014871,0.61606,0.028893,0,0,0.3954
1808,1,20,-0.027735,0.014755,0.61676,0.029045,0,0,0.39642
1810,1,20,-0.028095,0.014647,0.61743,0.029176,0,0,0.39739
1812,1,20,-0.028482,0.014551,0.61806,0.029288,0,0,0.3983
1814,1,20,-0.028895,0.014469,0.61863,0.029384,0,0,0.39911
1816,1,20,-0.029332,0.014406,0.61913,0.029466,0,0,0.39982
1818,1,20,-0.029792,0.014364,0.61955,0.029537,0,0,0.40042
1820,1,20,-0.030273,0.014346,0.61986,0.029602,0,0,0.40087
1822,1,20,-0.030773,0.014355,0.62005,0.029662,0,0,0.40118
1824,1,20,-0.031291,0.014392,0.62012,0.029722,0,0,0.40133
1826,1,20,-0.031824,0.014458,0.62006,0.029782,0,0,0.40133
1828,1,20,-0.032368,0.014552,0.61987,0.029844,0,0,0.40116
1830,1,20,-0.032923,0.014675,0.61955,0.029907,0,0,0.40084
1832,1,20,-0.033484,0.014823,0.61912,0.02997,0,0,0.40038
1834,1,20,-0.034049,0.014994,0.6186,0.03003,0,0,0.3998
1836,1,20,-0.034616,0.015186,0.61799,0.030085,0,0,0.39911
1838,1,20,-0.03518,0.015393,0.61733,0.030131,0,0,0.39834
1840,1,20,-0.035739,0.015613,0.61664,0.030163,0,0,0.39753
1842,1,20,-0.036289,0.01584,0.61594,0.030177,0,0,0.39669
1844,1,20,-0.036829,0.01607,0.61528,0.030168,0,0,0.39586
1846,1,20,-0.037354,0.016299,0.61467,0.030132,0,0,0.39507
1848,1,20,-0.037861,0.016522,0.61413,0.030067,0,0,0.39434
1850,1,20,-0.038348,0.016736,0.61369,0.029968,0,0,0.39368
1852,1,20,-0.038812,0.016937,0.61336,0.029834,0,0,0.39313
1854,1,20,-0.039251,0.017121,0.61315,0.029665,0,0,0.39267
1856,1,20,-0.039661,0.017285,0.61305,0.029461,0,0,0.39232
1858,1,20,-0.04004,0.017428,0.61305,0.029223,0,0,0.39206
1860,1,20,-0.040387,0.017548,0.61314,0.028953,0,0,0.39187
1862,1,20,-0.0407,0.017643,0.6133,0.028654,0,0,0.39174
1864,1,20,-0.040977,0.017713,0.6135,0.028329,0,0,0.39163
1866,1,20,-0.041217,0.017756,0.61369,0.027982,0,0,0.3915
1868,1,20,-0.041419,0.017774,0.61385,0.027618,0,0,0.39131
1870,1,20,-0.041582,0.017767,0.61393,0.027239,0,0,0.39101
1872,1,20,-0.041706,0.017736,0.6139,0.02685,0,0,0.39057
1874,1,20,-0.04179,0.017683,0.61371,0.026453,0,0,0.38993
1876,1,20,-0.041834,0.017608,0.61332,0.026052,0,0,0.38906
1878,1,20,-0.04184,0.017515,0.61271,0.025648,0,0,0.38792
1880,1,20,-0.041808,0.017406,0.61185,0.025244,0,0,0.38647
1882,1,20,-0.041738,0.017284,0.61073,0.024842,0,0,0.38471
1884,1,20,-0.041633,0.017151,0.60932,0.024442,0,0,0.38262
1886,1,20,-0.041493,0.01701,0.60763,0.024047,0,0,0.38021
1888,1,20,-0.04132,0.016865,0.60568,0.023658,0,0,0.37748
1890,1,20,-0.041116,0.016719,0.60346,0.023275,0,0,0.37446
1892,1,20,-0.040883,0.016574,0.60102,0.022902,0,0,0.37119
1894,1,20,-0.040624,0.016433,0.59839,0.022538,0,0,0.36772
1896,1,20,-0.04034,0.0163,0.5956,0.022188,0,0,0.36409
1898,1,20,-0.040034,0.016177,0.59272,0.021854,0,0,0.36039
1900,1,20,-0.039709,0.016066,0.58979,0.021538,0,0,0.35666
1902,1,20,-0.039368,0.015969,0.58688,0.021245,0,0,0.353
1904,1,20,-0.039012,0.015887,0.58404,0.020977,0,0,0.34947
1906,1,20,-0.038645,0.015823,0.58135,0.020741,0,0,0.34614
1908,1,20,-0.038268,0.015776,0.57886,0.020538,0,0,0.3431
1910,1,20,-0.037886,0.015747,0.57663,0.020373,0,0,0.34039
1912,1,20,-0.037499,0.015737,0.57472,0.02025,0,0,0.33809
1914,1,20,-0.037111,0.015744,0.57316,0.020169,0,0,0.33625
1916,1,20,-0.036724,0.015768,0.57201,0.020134,0,0,0.33489
1918,1,20,-0.03634,0.015809,0.57127,0.020143,0,0,0.33406
1920,1,20,-0.035961,0.015864,0.57097,0.020197,0,0,0.33376
1922,1,20,-0.035588,0.015932,0.57113,0.020292,0,0,0.33401
1924,1,20,-0.035224,0.016013,0.57172,0.020426,0,0,0.3348
1926,1,20,-0.034871,0.016103,0.57275,0.020595,0,0,0.3361
1928,1,20,-0.034528,0.016202,0.57418,0.020793,0,0,0.3379
1930,1,20,-0.034198,0.016308,0.57599,0.021015,0,0,0.34016
1932,1,20,-0.033882,0.016418,0.57813,0.021257,0,0,0.34282
1934,1,20,-0.03358,0.016532,0.58057,0.021512,0,0,0.34585
1936,1,20,-0.033294,0.016648,0.58325,0.021776,0,0,0.34919
1938,1,20,-0.033022,0.016765,0.58612,0.022044,0,0,0.35277
1940,1,20,-0.032767,0.01688,0.58914,0.022312,0,0,0.35655
1942,1,20,-0.032527,0.016994,0.59226,0.022576,0,0,0.36046
1944,1,20,-0.032303,0.017106,0.59543,0.022833,0,0,0.36444
1946,1,20,-0.032096,0.017213,0.5986,0.02308,0,0,0.36844
1948,1,20,-0.031903,0.017316,0.60173,0.023316,0,0,0.37241
1950,1,20,-0.031726,0.017414,0.6048,0.02354,0,0,0.37631
1952,1,20,-0.031564,0.017507,0.60776,0.02375,0,0,0.38009
1954,1,20,-0.031416,0.017594,0.6106,0.023946,0,0,0.38372
1956,1,20,-0.031281,0.017676,0.61329,0.024127,0,0,0.38718
1958,1,20,-0.031159,0.017751,0.61581,0.024293,0,0,0.39044
1960,1,20,-0.03105,0.017821,0.61816,0.024445,0,0,0.39348
1962,1,20,-0.030952,0.017884,0.62033,0.024584,0,0,0.39629
1964,1,20,-0.030864,0.017942,0.62232,0.024709,0,0,0.39888
1966,1,20,-0.030787,0.017994,0.62412,0.024821,0,0,0.40123
1968,1,20,-0.030719,0.018041,0.62574,0.024922,0,0,0.40335
1970,1,20,-0.030659,0.018083,0.62719,0.025011,0,0,0.40526
1972,1,20,-0.030607,0.01812,0.62848,0.02509,0,0,0.40695
1974,1,20,-0.030561,0.018153,0.62961,0.02516,0,0,0.40844
1976,1,20,-0.030522,0.018182,0.6306,0.02522,0,0,0.40974
1978,1,20,-0.030489,0.018207,0.63146,0.025273,0,0,0.41087
1980,1,20,-0.03046,0.018229,0.63219,0.025319,0,0,0.41185
1982,1,20,-0.030436,0.018247,0.63282,0.025358,0,0,0.41268
1984,1,20,-0.030416,0.018263,0.63335,0.025392,0,0,0.41338
1986,1,20,-0.030399,0.018277,0.6338,0.02542,0,0,0.41398
1988,1,20,-0.030384,0.018288,0.63417,0.025445,0,0,0.41447
1990,1,20,-0.030373,0.018297,0.63448,0.025465,0,0,0.41488
1992,1,20,-0.030363,0.018305,0.63473,0.025482,0,0,0.41522
1994,1,20,-0.030355,0.018312,0.63493,0.025495,0,0,0.41549
1996,1,20,-0.030349,0.018317,0.6351,0.025507,0,0,0.41571
1998,1,20,-0.030344,0.018321,0.63523,0.025516,0,0,0.41589
-500,2,20,-0.016507,0.026318,1.1683,0.036795,-0.024856,0.030492,1.3906
-498,2,20,-0.017036,0.025015,1.0857,0.034175,-0.023567,0.028241,1.2009
-496,2,20,-0.017543,0.023796,1.0059,0.031587,-0.022385,0.026088,1.0309
-494,2,20,-0.018022,0.022669,0.92994,0.029059,-0.021332,0.024061,0.88083
-492,2,20,-0.018467,0.021644,0.8586,0.026629,-0.020432,0.022188,0.75067
-490,2,20,-0.018873,0.020725,0.7929,0.02435,-0.019708,0.020494,0.63996
-488,2,20,-0.019237,0.019915,0.73376,0.022293,-0.019183,0.019002,0.54785
-486,2,20,-0.019554,0.019211,0.68204,0.020547,-0.018876,0.017728,0.47321
-484,2,20,-0.019823,0.018609,0.63844,0.019203,-0.018793,0.016681,0.41461
-482,2,20,-0.020041,0.018098,0.60337,0.018324,-0.01892,0.015862,0.37044
-480,2,20,-0.020207,0.017668,0.57692,0.017903,-0.019209,0.01527,0.33893
-478,2,20,-0.020322,0.017305,0.55872,0.01785,-0.019588,0.014894,0.31822
-476,2,20,-0.020387,0.016994,0.54798,0.018021,-0.019968,0.014718,0.30645
-474,2,20,-0.020403,0.016723,0.54354,0.01827,-0.020269,0.014715,0.30178
-472,2,20,-0.020372,0.016477,0.544,0.018495,-0.020432,0.014849,0.30243
-470,2,20,-0.020299,0.016246,0.5479,0.018646,-0.020427,0.015076,0.3068
-468,2,20,-0.020186,0.016021,0.55386,0.018712,-0.020248,0.01535,0.31341
-466,2,20,-0.020039,0.015794,0.56069,0.018699,-0.0199,0.015627,0.32102
-464,2,20,-0.019862,0.015561,0.56742,0.018623,-0.019396,0.015869,0.32856
-462,2,20,-0.019662,0.01532,0.57334,0.018496,-0.01875,0.016044,0.33521
-460,2,20,-0.019444,0.01507,0.57792,0.018328,-0.017971,0.01613,0.34037
-458,2,20,-0.019214,0.014814,0.58087,0.018128,-0.017069,0.016109,0.34365
-456,2,20,-0.01898,0.014555,0.58203,0.017903,-0.016051,0.015973,0.34485
-454,2,20,-0.018747,0.014297,0.58141,0.01766,-0.014924,0.015717,0.34396
-452,2,20,-0.018522,0.014046,0.5791,0.017408,-0.013698,0.015344,0.34112
-450,2,20,-0.018312,0.013807,0.5753,0.017158,-0.012384,0.01486,0.33657
-448,2,20,-0.018123,0.013584,0.57027,0.016922,-0.010995,0.014278,0.33065
-446,2,20,-0.01796,0.013383,0.56432,0.016714,-0.009548,0.013616,0.32377
-444,2,20,-0.017829,0.013207,0.55779,0.016547,-0.0080659,0.012897,0.31633
-442,2,20,-0.017736,0.013058,0.55102,0.016433,-0.0065742,0.01215,0.30875
-440,2,20,-0.017683,0.012936,0.54436,0.016384,-0.0051024,0.01141,0.30142
-438,2,20,-0.017674,0.012841,0.53812,0.016403,-0.0036829,0.010712,0.29469
-436,2,20,-0.017714,0.01277,0.53258,0.016493,-0.0023498,0.010094,0.28881
-434,2,20,-0.017802,0.01272,0.52795,0.016647,-0.0011368,0.0095865,0.28399
-432,2,20,-0.017942,0.012685,0.52437,0.016856,-7.5917e-05,0.0092085,0.28036
-430,2,20,-0.018132,0.012662,0.52192,0.017104,0.00080483,0.008963,0.27796
-428,2,20,-0.018373,0.012644,0.52058,0.017376,0.0014826,0.0088359,0.27674
-426,2,20,-0.018662,0.012628,0.52029,0.017655,0.0019412,0.0088012,0.27662
-424,2,20,-0.018999,0.012609,0.52091,0.017923,0.0021719,0.0088288,0.27745
-422,2,20,-0.019379,0.012584,0.52225,0.018168,0.0021738,0.0088925,0.27901
-420,2,20,-0.019799,0.012553,0.52411,0.018379,0.001954,0.0089749,0.28111
-418,2,20,-0.020254,0.012513,0.52626,0.018549,0.0015272,0.009069,0.28349
-416,2,20,-0.020739,0.012467,0.52849,0.018674,0.00091446,0.0091769,0.28592
-414,2,20,-0.021247,0.012416,0.53058,0.018751,0.00014188,0.0093063,0.2882
-412,2,20,-0.021772,0.012363,0.53237,0.018782,-0.00076075,0.009467,0.29012
-410,2,20,-0.022308,0.012313,0.5337,0.018768,-0.0017615,0.009667,0.29153
-408,2,20,-0.022846,0.012271,0.53448,0.018713,-0.0028277,0.0099096,0.29232
-406,2,20,-0.02338,0.012241,0.53463,0.01862,-0.0039267,0.010192,0.29242
-404,2,20,-0.023902,0.012229,0.53413,0.018495,-0.0050271,0.010506,0.2918
-402,2,20,-0.024403,0.012239,0.533,0.018341,-0.0060991,0.010837,0.29048
-400,2,20,-0.024876,0.012274,0.53127,0.018164,-0.0071153,0.011168,0.28852
-398,2,20,-0.025314,0.012336,0.52903,0.017968,-0.0080506,0.011478,0.286
-396,2,20,-0.025709,0.012426,0.52637,0.017758,-0.0088832,0.011747,0.28305
-394,2,20,-0.026054,0.012543,0.52341,0.017538,-0.0095947,0.011956,0.2798
-392,2,20,-0.026344,0.012683,0.52028,0.017309,-0.01017,0.012085,0.27638
-390,2,20,-0.026571,0.012842,0.51711,0.017073,-0.010598,0.012122,0.27294
-388,2,20,-0.026732,0.013014,0.51402,0.016831,-0.010871,0.012055,0.2696
-386,2,20,-0.026821,0.013193,0.51114,0.016583,-0.010986,0.011882,0.26649
-384,2,20,-0.026834,0.013371,0.50855,0.016327,-0.010944,0.011603,0.26369
-382,2,20,-0.026769,0.013541,0.50633,0.016063,-0.010748,0.011226,0.26127
-380,2,20,-0.026624,0.013696,0.50453,0.015789,-0.010405,0.010769,0.25929
-378,2,20,-0.026398,0.013829,0.50317,0.015504,-0.0099248,0.010253,0.25775
-376,2,20,-0.026089,0.013933,0.50224,0.015209,-0.0093189,0.0097047,0.25664
-374,2,20,-0.0257,0.014004,0.5017,0.014902,-0.0086013,0.0091562,0.25593
-372,2,20,-0.025232,0.014038,0.50151,0.014585,-0.007788,0.0086396,0.25555
-370,2,20,-0.024686,0.014031,0.50158,0.014261,-0.0068963,0.0081849,0.25545
-368,2,20,-0.024067,0.013981,0.50184,0.013932,-0.0059455,0.007816,0.25553
-366,2,20,-0.023378,0.013888,0.5022,0.013602,-0.0049558,0.0075477,0.25572
-364,2,20,-0.022625,0.013753,0.50256,0.013278,-0.0039477,0.0073825,0.25592
-362,2,20,-0.021813,0.013579,0.50285,0.012966,-0.0029419,0.007311,0.25606
-360,2,20,-0.020948,0.013367,0.503,0.012674,-0.0019579,0.0073149,0.25606
-358,2,20,-0.020038,0.013124,0.50293,0.012409,-0.0010136,0.0073712,0.25587
-356,2,20,-0.019089,0.012856,0.50262,0.012179,-0.00012426,0.0074565,0.25544
-354,2,20,-0.018109,0.012568,0.50203,0.01199,0.00069769,0.0075507,0.25477
-352,2,20,-0.017106,0.01227,0.50116,0.011848,0.0014436,0.0076381,0.25383
-350,2,20,-0.016089,0.01197,0.50001,0.011755,0.0021085,0.0077087,0.25264
-348,2,20,-0.015065,0.011678,0.49862,0.011709,0.0026919,0.0077574,0.25123
-346,2,20,-0.014042,0.011403,0.49702,0.011709,0.0031969,0.0077837,0.24964
-344,2,20,-0.01303,0.011155,0.49527,0.011746,0.0036309,0.0077903,0.24791
-342,2,20,-0.012036,0.010942,0.49342,0.011812,0.0040045,0.0077826,0.24612
-340,2,20,-0.011067,0.010772,0.49155,0.011895,0.0043312,0.0077665,0.24431
-338,2,20,-0.010131,0.01065,0.48971,0.011984,0.0046265,0.0077483,0.24255
-336,2,20,-0.0092342,0.010579,0.48798,0.012067,0.0049065,0.0077332,0.24089
-334,2,20,-0.0083839,0.01056,0.48641,0.012134,0.0051872,0.0077254,0.23939
-332,2,20,-0.0075854,0.010591,0.48505,0.012178,0.0054829,0.0077279,0.23809
-330,2,20,-0.006844,0.010669,0.48393,0.012193,0.0058051,0.0077429,0.23701
-328,2,20,-0.0061641,0.010788,0.48308,0.012181,0.006162,0.0077731,0.23619
-326,2,20,-0.0055495,0.010942,0.48251,0.012143,0.0065575,0.0078215,0.23561
-324,2,20,-0.0050032,0.011122,0.4822,0.012089,0.0069912,0.0078922,0.23529
-322,2,20,-0.0045275,0.011323,0.48215,0.012027,0.007459,0.0079895,0.23521
-320,2,20,-0.004124,0.011537,0.48231,0.011972,0.0079535,0.0081175,0.23535
-318,2,20,-0.0037933,0.011759,0.48267,0.011934,0.0084652,0.0082787,0.23567
-316,2,20,-0.0035355,0.011983,0.48317,0.011926,0.0089833,0.0084729,0.23615
-314,2,20,-0.0033498,0.012206,0.48377,0.011958,0.0094968,0.0086965,0.23675
-312,2,20,-0.0032349,0.012424,0.48444,0.012034,0.0099954,0.0089423,0.23743
-310,2,20,-0.0031886,0.012636,0.48513,0.012156,0.01047,0.0091998,0.23816
-308,2,20,-0.0032083,0.01284,0.48582,0.012323,0.010912,0.0094564,0.2389
-306,2,20,-0.0032906,0.013037,0.48647,0.012529,0.011316,0.0096981,0.23964
-304,2,20,-0.0034317,0.013226,0.48708,0.012769,0.011679,0.009911,0.24034
-302,2,20,-0.0036274,0.013407,0.48763,0.013035,0.011997,0.010083,0.24101
-300,2,20,-0.003873,0.013583,0.48812,0.013321,0.01227,0.010203,0.24163
-298,2,20,-0.0041636,0.013753,0.48855,0.013621,0.0125,0.010266,0.24221
-296,2,20,-0.004494,0.013917,0.48894,0.01393,0.012691,0.010269,0.24275
-294,2,20,-0.0048586,0.014077,0.48929,0.014245,0.012849,0.010214,0.24326
-292,2,20,-0.0052519,0.014231,0.48963,0.014564,0.012983,0.010109,0.24377
-290,2,20,-0.0056684,0.014379,0.48997,0.014882,0.013105,0.0099647,0.24428
-288,2,20,-0.0061024,0.01452,0.49033,0.015197,0.01323,0.0097962,0.24481
-286,2,20,-0.0065483,0.014653,0.49073,0.015505,0.013375,0.0096205,0.24539
-284,2,20,-0.0070008,0.014774,0.4912,0.015799,0.013558,0.0094543,0.24602
-282,2,20,-0.0074547,0.014882,0.49175,0.016073,0.013798,0.0093122,0.24673
-280,2,20,-0.0079048,0.014974,0.49239,0.016319,0.014114,0.0092043,0.24751
-278,2,20,-0.0083464,0.015048,0.49313,0.016529,0.014522,0.009135,0.24836
-276,2,20,-0.0087752,0.0151,0.49396,0.016695,0.015034,0.0091019,0.24929
-274,2,20,-0.009187,0.015128,0.49489,0.016813,0.015656,0.0090976,0.25029
-272,2,20,-0.009578,0.01513,0.49591,0.016877,0.016389,0.0091102,0.25134
-270,2,20,-0.0099451,0.015104,0.497,0.016885,0.017227,0.0091266,0.25242
-268,2,20,-0.010285,0.01505,0.49812,0.01684,0.018155,0.0091338,0.25352
-266,2,20,-0.010596,0.014965,0.49927,0.016744,0.019155,0.0091211,0.2546
-264,2,20,-0.010874,0.014852,0.50041,0.016604,0.0202,0.0090809,0.25564
-262,2,20,-0.01112,0.01471,0.5015,0.016426,0.021258,0.00901,0.25662
-260,2,20,-0.011331,0.014541,0.50251,0.016222,0.022298,0.0089095,0.25752
-258,2,20,-0.011506,0.014348,0.50342,0.016,0.023282,0.0087857,0.2583
-256,2,20,-0.011645,0.014135,0.5042,0.015773,0.024178,0.0086493,0.25894
-254,2,20,-0.011748,0.013906,0.50483,0.015551,0.024952,0.0085153,0.25945
-252,2,20,-0.011814,0.013664,0.50529,0.015344,0.025574,0.008402,0.25979
-250,2,20,-0.011845,0.013416,0.50556,0.015161,0.026019,0.008329,0.25996
-248,2,20,-0.01184,0.013168,0.50566,0.015011,0.026267,0.0083144,0.25997
-246,2,20,-0.011802,0.012924,0.50556,0.014898,0.026302,0.008372,0.25981
-244,2,20,-0.01173,0.012691,0.50529,0.014825,0.026117,0.0085087,0.2595
-242,2,20,-0.011627,0.012474,0.50486,0.014794,0.025709,0.0087223,0.25904
-240,2,20,-0.011494,0.012277,0.50427,0.014801,0.025083,0.0090025,0.25845
-238,2,20,-0.011333,0.012104,0.50355,0.014841,0.024251,0.0093318,0.25775
-236,2,20,-0.011145,0.011959,0.50272,0.014907,0.023228,0.0096886,0.25695
-234,2,20,-0.010932,0.011841,0.50182,0.01499,0.022038,0.010049,0.25609
-232,2,20,-0.010697,0.011752,0.50086,0.015079,0.020707,0.010391,0.25518
-230,2,20,-0.01044,0.01169,0.49988,0.015165,0.019265,0.010692,0.25425
-228,2,20,-0.010166,0.011653,0.49889,0.015236,0.017744,0.010934,0.25331
-226,2,20,-0.0098744,0.011637,0.49793,0.015286,0.016178,0.011102,0.25238
-224,2,20,-0.0095684,0.011638,0.49702,0.015307,0.014601,0.011184,0.25148
-222,2,20,-0.00925,0.011652,0.49617,0.015294,0.013042,0.011173,0.25063
-220,2,20,-0.0089211,0.011674,0.49539,0.015246,0.011531,0.011066,0.24983
-218,2,20,-0.0085837,0.011702,0.4947,0.015164,0.010091,0.010865,0.2491
-216,2,20,-0.00824,0.011731,0.4941,0.015053,0.0087426,0.010577,0.24844
-214,2,20,-0.007892,0.011759,0.49359,0.014919,0.0074977,0.010211,0.24786
-212,2,20,-0.0075416,0.011784,0.49315,0.014773,0.0063644,0.0097823,0.24735
-210,2,20,-0.0071908,0.011805,0.4928,0.014626,0.0053442,0.0093109,0.24691
-208,2,20,-0.0068418,0.011823,0.49251,0.014491,0.004433,0.008819,0.24655
-206,2,20,-0.0064965,0.011838,0.49227,0.01438,0.0036217,0.0083323,0.24626
-204,2,20,-0.0061569,0.011854,0.49207,0.014306,0.0028966,0.0078775,0.24603
-202,2,20,-0.0058252,0.011871,0.49191,0.014277,0.0022405,0.0074807,0.24585
-200,2,20,-0.0055034,0.011895,0.49176,0.014302,0.0016332,0.0071645,0.24572
-198,2,20,-0.0051936,0.011926,0.49163,0.014382,0.0010531,0.0069444,0.24563
-196,2,20,-0.004898,0.01197,0.49149,0.014517,0.00047768,0.0068261,0.24557
-194,2,20,-0.0046188,0.012029,0.49135,0.014703,-0.00011535,0.0068053,0.24554
-192,2,20,-0.0043582,0.012106,0.4912,0.014933,-0.00074699,0.0068692,0.24552
-190,2,20,-0.0041184,0.012201,0.49104,0.015198,-0.0014361,0.0070006,0.24551
-188,2,20,-0.0039018,0.012315,0.49087,0.015487,-0.0021986,0.0071819,0.24551
-186,2,20,-0.0037106,0.012449,0.49068,0.015789,-0.0030466,0.0073989,0.2455
-184,2,20,-0.0035471,0.012599,0.49047,0.016094,-0.0039878,0.0076417,0.24548
-182,2,20,-0.0034136,0.012764,0.49026,0.016393,-0.0050257,0.0079055,0.24546
-180,2,20,-0.0033125,0.012939,0.49003,0.016677,-0.0061584,0.0081894,0.24541
-178,2,20,-0.0032459,0.01312,0.48979,0.016942,-0.0073798,0.0084948,0.24535
-176,2,20,-0.0032161,0.013303,0.48955,0.01718,-0.0086793,0.008824,0.24527
-174,2,20,-0.0032251,0.013482,0.4893,0.017391,-0.010043,0.0091778,0.24517
-172,2,20,-0.0032748,0.013651,0.48906,0.017572,-0.011453,0.0095548,0.24504
-170,2,20,-0.0033673,0.013807,0.48881,0.017722,-0.01289,0.0099505,0.2449
-168,2,20,-0.0035041,0.013944,0.48857,0.017844,-0.014334,0.010357,0.24475
-166,2,20,-0.0036866,0.014058,0.48833,0.017938,-0.015763,0.010765,0.24458
-164,2,20,-0.0039163,0.014146,0.4881,0.018007,-0.017155,0.011161,0.2444
-162,2,20,-0.0041941,0.014205,0.48788,0.018052,-0.018489,0.011534,0.24422
-160,2,20,-0.0045208,0.014233,0.48769,0.018076,-0.019746,0.011872,0.24405
-158,2,20,-0.0048967,0.01423,0.48752,0.01808,-0.020906,0.012164,0.24388
-156,2,20,-0.005322,0.014195,0.48737,0.018065,-0.021951,0.012401,0.24373
-154,2,20,-0.0057964,0.014128,0.48727,0.018032,-0.022865,0.012578,0.24361
-152,2,20,-0.0063193,0.014032,0.4872,0.01798,-0.023634,0.012692,0.24351
-150,2,20,-0.0068896,0.01391,0.48719,0.017907,-0.024246,0.012741,0.24345
-148,2,20,-0.0075058,0.013763,0.48723,0.017814,-0.02469,0.012729,0.24342
-146,2,20,-0.0081661,0.013596,0.48733,0.017698,-0.02496,0.012659,0.24344
-144,2,20,-0.0088682,0.013413,0.48749,0.017559,-0.025052,0.012538,0.24351
-142,2,20,-0.0096094,0.013219,0.48772,0.017397,-0.024965,0.012374,0.24362
-140,2,20,-0.010386,0.013018,0.48801,0.01721,-0.024703,0.012175,0.24378
-138,2,20,-0.011196,0.012816,0.48836,0.017001,-0.024271,0.011949,0.24399
-136,2,20,-0.012033,0.012616,0.48877,0.016771,-0.023682,0.011704,0.24424
-134,2,20,-0.012894,0.012424,0.48923,0.016522,-0.022948,0.011448,0.24453
-132,2,20,-0.013775,0.012243,0.48974,0.016258,-0.022088,0.011187,0.24486
-130,2,20,-0.014669,0.012077,0.49028,0.015982,-0.021119,0.010924,0.24523
-128,2,20,-0.015572,0.011927,0.49086,0.015697,-0.020062,0.010663,0.24563
-126,2,20,-0.016477,0.011795,0.49147,0.015407,-0.018938,0.010406,0.24605
-124,2,20,-0.01738,0.011682,0.4921,0.015116,-0.017768,0.010155,0.2465
-122,2,20,-0.018273,0.011588,0.49274,0.014825,-0.016571,0.0099115,0.24697
-120,2,20,-0.019151,0.011513,0.4934,0.014539,-0.015367,0.0096793,0.24746
-118,2,20,-0.020007,0.011455,0.49407,0.014259,-0.014171,0.0094616,0.24797
-116,2,20,-0.020835,0.011413,0.49476,0.013986,-0.012999,0.0092632,0.2485
-114,2,20,-0.021629,0.011386,0.49546,0.013724,-0.011863,0.0090897,0.24906
-112,2,20,-0.022382,0.011372,0.49618,0.013473,-0.010771,0.0089465,0.24965
-110,2,20,-0.023089,0.011371,0.49693,0.013235,-0.009732,0.0088385,0.25027
-108,2,20,-0.023743,0.011382,0.49771,0.013011,-0.0087503,0.008769,0.25093
-106,2,20,-0.024339,0.011404,0.49853,0.012804,-0.0078287,0.0087388,0.25165
-104,2,20,-0.024872,0.011439,0.4994,0.012614,-0.0069684,0.0087465,0.25242
-102,2,20,-0.025337,0.011486,0.50032,0.012443,-0.0061694,0.0087882,0.25326
-100,2,20,-0.025729,0.011547,0.5013,0.012295,-0.0054306,0.0088586,0.25417
-98,2,20,-0.026046,0.011623,0.50234,0.012174,-0.0047506,0.0089521,0.25516
-96,2,20,-0.026283,0.011715,0.50345,0.012083,-0.004128,0.0090632,0.25623
-94,2,20,-0.026439,0.011823,0.50462,0.012031,-0.0035616,0.009188,0.25739
-92,2,20,-0.02651,0.011949,0.50585,0.012024,-0.0030505,0.009324,0.25863
-90,2,20,-0.026496,0.012091,0.50713,0.012071,-0.0025941,0.0094703,0.25995
-88,2,20,-0.026395,0.01225,0.50846,0.01218,-0.0021916,0.009627,0.26135
-86,2,20,-0.026209,0.012423,0.50981,0.012357,-0.0018422,0.0097941,0.2628
-84,2,20,-0.025937,0.01261,0.51117,0.012606,-0.001544,0.009971,0.26432
-82,2,20,-0.025582,0.012806,0.51254,0.012925,-0.0012935,0.010155,0.26587
-80,2,20,-0.025145,0.013008,0.51388,0.013311,-0.0010855,0.010343,0.26744
-78,2,20,-0.02463,0.013213,0.51519,0.013752,-0.00091239,0.010527,0.26902
-76,2,20,-0.02404,0.013417,0.51646,0.014236,-0.00076424,0.0107,0.27058
-74,2,20,-0.02338,0.013615,0.51767,0.014747,-0.00062869,0.010853,0.27212
-72,2,20,-0.022654,0.013803,0.51882,0.015265,-0.00049141,0.01098,0.2736
-70,2,20,-0.021869,0.013979,0.5199,0.015773,-0.00033665,0.011073,0.27502
-68,2,20,-0.02103,0.014139,0.52091,0.016252,-0.00014792,0.011129,0.27636
-66,2,20,-0.020144,0.014281,0.52185,0.016689,9.1094e-05,0.011148,0.27762
-64,2,20,-0.019219,0.014402,0.52274,0.017068,0.00039569,0.011134,0.27879
-62,2,20,-0.018261,0.014504,0.52357,0.017381,0.00077924,0.011097,0.27987
-60,2,20,-0.01728,0.014584,0.52436,0.017621,0.0012524,0.011048,0.28086
-58,2,20,-0.016283,0.014646,0.52512,0.017785,0.0018223,0.011005,0.28176
-56,2,20,-0.015278,0.014692,0.52586,0.017875,0.0024922,0.010986,0.2826
-54,2,20,-0.014274,0.014724,0.5266,0.017894,0.0032607,0.01101,0.28339
-52,2,20,-0.013279,0.014747,0.52734,0.017851,0.0041219,0.011091,0.28415
-50,2,20,-0.012301,0.014766,0.52812,0.017755,0.0050651,0.01124,0.2849
-48,2,20,-0.011349,0.014786,0.52894,0.017616,0.0060752,0.01146,0.28567
-46,2,20,-0.010431,0.014813,0.52981,0.017449,0.0071328,0.011745,0.28649
-44,2,20,-0.0095537,0.014853,0.53077,0.017265,0.0082155,0.012083,0.28738
-42,2,20,-0.0087247,0.014909,0.53182,0.017077,0.0092982,0.012456,0.28837
-40,2,20,-0.0079505,0.014987,0.53298,0.016896,0.010354,0.012843,0.28949
-38,2,20,-0.0072373,0.01509,0.53426,0.016733,0.011357,0.013224,0.29075
-36,2,20,-0.0065904,0.015219,0.53568,0.016595,0.012282,0.013577,0.29218
-34,2,20,-0.0060145,0.015375,0.53724,0.016489,0.013103,0.013885,0.29379
-32,2,20,-0.0055136,0.015557,0.53895,0.016419,0.013801,0.014133,0.29559
-30,2,20,-0.0050908,0.01576,0.54081,0.016388,0.014357,0.014312,0.29757
-28,2,20,-0.0047483,0.015982,0.54281,0.016396,0.01476,0.014415,0.29975
-26,2,20,-0.0044875,0.016216,0.54494,0.016445,0.015001,0.014442,0.30209
-24,2,20,-0.0043087,0.016456,0.54719,0.016532,0.015075,0.014395,0.30461
-22,2,20,-0.0042115,0.016696,0.54954,0.016657,0.014985,0.014281,0.30726
-20,2,20,-0.0041943,0.016928,0.55196,0.016817,0.014736,0.014111,0.31004
-18,2,20,-0.0042547,0.017146,0.55444,0.01701,0.014339,0.013896,0.3129
-16,2,20,-0.0043894,0.017343,0.55695,0.017233,0.013807,0.013651,0.31583
-14,2,20,-0.004594,0.017513,0.55945,0.017482,0.013159,0.01339,0.3188
-12,2,20,-0.0048633,0.017651,0.56193,0.017753,0.012415,0.013128,0.32176
-10,2,20,-0.0051915,0.017755,0.56436,0.018042,0.011601,0.012876,0.32469
-8,2,20,-0.0055717,0.017819,0.56671,0.018343,0.010744,0.012646,0.32755
-6,2,20,-0.0059963,0.017845,0.56897,0.018653,0.0098705,0.012447,0.33033
-4,2,20,-0.0064574,0.01783,0.57111,0.018965,0.0090114,0.012282,0.333
-2,2,20,-0.0069461,0.017778,0.57313,0.019276,0.0081962,0.012155,0.33553
0,2,20,-0.0074535,0.01769,0.57501,0.019582,0.0074541,0.012067,0.33792
2,2,20,-0.0079699,0.01757,0.57675,0.019879,0.0068127,0.012014,0.34014
4,2,20,-0.0084856,0.017423,0.57834,0.020167,0.0062969,0.011995,0.34221
6,2,20,-0.0089908,0.017256,0.5798,0.020445,0.0059286,0.012004,0.34411
8,2,20,-0.0094755,0.017076,0.58112,0.020714,0.0057256,0.012038,0.34585
10,2,20,-0.00993,0.016889,0.5823,0.020976,0.0057013,0.012092,0.34744
12,2,20,-0.010345,0.016705,0.58337,0.021236,0.005864,0.012163,0.34889
14,2,20,-0.01071,0.016529,0.58433,0.021497,0.0062176,0.012248,0.35022
16,2,20,-0.011018,0.01637,0.58519,0.021764,0.0067609,0.012345,0.35145
18,2,20,-0.011261,0.016234,0.58598,0.02204,0.0074881,0.01245,0.3526
20,2,20,-0.01143,0.016126,0.5867,0.022331,0.0083891,0.012561,0.35369
22,2,20,-0.011519,0.016048,0.58738,0.022637,0.0094501,0.012676,0.35475
24,2,20,-0.011524,0.016002,0.58803,0.02296,0.010654,0.012792,0.3558
26,2,20,-0.011439,0.015989,0.58867,0.023299,0.011979,0.012905,0.35685
28,2,20,-0.011262,0.016006,0.58932,0.023652,0.013405,0.013012,0.35793
30,2,20,-0.01099,0.01605,0.59,0.024015,0.014905,0.013109,0.35906
32,2,20,-0.010623,0.016116,0.59072,0.024385,0.016456,0.013191,0.36024
34,2,20,-0.010163,0.0162,0.59149,0.024756,0.018032,0.013254,0.36151
36,2,20,-0.009611,0.016296,0.59234,0.025122,0.019607,0.013295,0.36286
38,2,20,-0.0089717,0.016399,0.59326,0.025477,0.02116,0.01331,0.3643
40,2,20,-0.0082508,0.016505,0.59428,0.025817,0.022669,0.013297,0.36583
42,2,20,-0.0074554,0.016612,0.59538,0.026137,0.024119,0.013257,0.36746
44,2,20,-0.0065946,0.016716,0.59658,0.026431,0.025496,0.01319,0.36919
46,2,20,-0.0056787,0.016817,0.59788,0.026697,0.026793,0.013099,0.371
48,2,20,-0.0047198,0.016916,0.59926,0.026931,0.028006,0.01299,0.3729
50,2,20,-0.0037314,0.017014,0.60073,0.027132,0.029135,0.012868,0.37487
52,2,20,-0.0027285,0.017115,0.60228,0.027298,0.030184,0.012743,0.3769
54,2,20,-0.0017274,0.017221,0.6039,0.027429,0.031162,0.012624,0.37899
56,2,20,-0.00074562,0.017337,0.60558,0.027526,0.032078,0.012519,0.38112
58,2,20,0.00019824,0.017465,0.6073,0.027589,0.032939,0.012436,0.38327
60,2,20,0.0010846,0.01761,0.60905,0.027623,0.033757,0.012384,0.38544
62,2,20,0.001893,0.017772,0.61082,0.027628,0.034537,0.012367,0.3876
64,2,20,0.0026025,0.017951,0.6126,0.027609,0.035285,0.012387,0.38976
66,2,20,0.0031916,0.018147,0.61437,0.027571,0.036001,0.012444,0.39189
68,2,20,0.0036385,0.018353,0.61612,0.027517,0.036685,0.012537,0.39399
70,2,20,0.0039216,0.018565,0.61784,0.027452,0.03733,0.012661,0.39605
72,2,20,0.0040192,0.018774,0.61954,0.027382,0.037928,0.012812,0.39807
74,2,20,0.0039103,0.01897,0.62119,0.027309,0.038467,0.012985,0.40004
76,2,20,0.0035742,0.019141,0.6228,0.02724,0.038935,0.013176,0.40197
78,2,20,0.0029912,0.019275,0.62437,0.027177,0.039317,0.01338,0.40387
80,2,20,0.0021429,0.01936,0.6259,0.027123,0.039598,0.013596,0.40573
82,2,20,0.0010118,0.019384,0.62741,0.027082,0.039763,0.013819,0.40758
84,2,20,-0.00041767,0.019335,0.62891,0.027054,0.0398,0.014047,0.40943
86,2,20,-0.0021596,0.019203,0.63041,0.02704,0.039698,0.014275,0.41131
88,2,20,-0.004226,0.018983,0.63193,0.027037,0.039448,0.014497,0.41323
90,2,20,-0.0066267,0.01867,0.63351,0.027044,0.039046,0.014704,0.41523
92,2,20,-0.0093695,0.018267,0.63516,0.027058,0.038491,0.014887,0.41734
94,2,20,-0.012459,0.017782,0.63693,0.027073,0.037785,0.015034,0.4196
96,2,20,-0.015899,0.01723,0.63883,0.027088,0.036935,0.015134,0.42205
98,2,20,-0.019688,0.016638,0.64091,0.027097,0.035954,0.015176,0.42472
100,2,20,-0.023823,0.016048,0.64319,0.027099,0.034855,0.015149,0.42765
102,2,20,-0.028299,0.015516,0.64571,0.027094,0.033659,0.015048,0.43089
104,2,20,-0.033106,0.015117,0.64849,0.027082,0.032389,0.01487,0.43448
106,2,20,-0.038233,0.014939,0.65155,0.027069,0.03107,0.014617,0.43844
108,2,20,-0.043666,0.015076,0.65491,0.027062,0.02973,0.014295,0.44282
110,2,20,-0.049387,0.015603,0.65857,0.02707,0.028394,0.013918,0.44764
112,2,20,-0.055375,0.016567,0.66254,0.027108,0.02709,0.013505,0.45292
114,2,20,-0.061608,0.017973,0.66681,0.027192,0.025838,0.013081,0.45868
116,2,20,-0.068061,0.019792,0.67137,0.027339,0.024659,0.012677,0.46493
118,2,20,-0.074705,0.021975,0.67619,0.027567,0.023567,0.012328,0.47167
120,2,20,-0.081511,0.024466,0.68125,0.027894,0.022572,0.012067,0.47888
122,2,20,-0.088447,0.027211,0.68651,0.02833,0.021683,0.011924,0.48655
124,2,20,-0.095479,0.030157,0.69195,0.028884,0.020904,0.011915,0.49465
126,2,20,-0.10257,0.033259,0.69753,0.029557,0.020238,0.012043,0.50315
128,2,20,-0.10969,0.036473,0.70322,0.030341,0.019685,0.012294,0.512
130,2,20,-0.1168,0.039762,0.70896,0.031226,0.019247,0.012643,0.52115
132,2,20,-0.12386,0.043089,0.71473,0.032195,0.018923,0.013056,0.53054
134,2,20,-0.13084,0.046419,0.7205,0.033227,0.018713,0.013497,0.5401
136,2,20,-0.13769,0.049721,0.72622,0.034301,0.018613,0.013934,0.54976
138,2,20,-0.14438,0.052963,0.73187,0.035394,0.018622,0.014337,0.55944
140,2,20,-0.15088,0.056117,0.73741,0.036483,0.018736,0.014685,0.56907
142,2,20,-0.15715,0.059154,0.74281,0.03755,0.018948,0.014963,0.57856
144,2,20,-0.16316,0.062049,0.74805,0.038573,0.019252,0.015162,0.58784
146,2,20,-0.16888,0.064777,0.75308,0.039535,0.019641,0.015279,0.59683
148,2,20,-0.17428,0.067315,0.75789,0.040423,0.020103,0.015316,0.60545
150,2,20,-0.17934,0.069643,0.76246,0.041221,0.020629,0.01528,0.61363
152,2,20,-0.18403,0.071743,0.76676,0.041919,0.021203,0.015181,0.62131
154,2,20,-0.18833,0.073599,0.77077,0.042509,0.02181,0.015032,0.62842
156,2,20,-0.19223,0.075197,0.77448,0.042982,0.022433,0.014846,0.63492
158,2,20,-0.19571,0.076526,0.77787,0.043333,0.023053,0.014639,0.64076
160,2,20,-0.19877,0.077579,0.78093,0.043559,0.023647,0.014424,0.6459
162,2,20,-0.20141,0.078349,0.78365,0.043655,0.024191,0.014214,0.65032
164,2,20,-0.20361,0.078834,0.78603,0.043621,0.024661,0.01402,0.654
166,2,20,-0.2054,0.079036,0.78807,0.043455,0.02503,0.013848,0.65694
168,2,20,-0.20677,0.078957,0.78978,0.043157,0.025272,0.013703,0.65914
170,2,20,-0.20773,0.078604,0.79115,0.042728,0.025361,0.013583,0.6606
172,2,20,-0.20831,0.077987,0.7922,0.042169,0.025272,0.013486,0.66136
174,2,20,-0.20853,0.077118,0.79295,0.041481,0.024985,0.013405,0.66146
176,2,20,-0.2084,0.076012,0.79341,0.040669,0.02448,0.013334,0.66092
178,2,20,-0.20796,0.074688,0.79361,0.039739,0.023745,0.013267,0.65981
180,2,20,-0.20723,0.073167,0.79356,0.038696,0.022773,0.013197,0.65819
182,2,20,-0.20626,0.071473,0.79331,0.037554,0.021561,0.013124,0.65614
184,2,20,-0.20507,0.069631,0.79287,0.036324,0.020116,0.013046,0.65372
186,2,20,-0.20372,0.06767,0.79228,0.035025,0.01845,0.012968,0.65102
188,2,20,-0.20223,0.065621,0.79158,0.033681,0.016586,0.012896,0.64815
190,2,20,-0.20067,0.063515,0.79079,0.032317,0.014549,0.012836,0.6452
192,2,20,-0.19906,0.061388,0.78997,0.030966,0.012375,0.012796,0.64227
194,2,20,-0.19746,0.059275,0.78915,0.02966,0.010106,0.012779,0.63947
196,2,20,-0.19591,0.057212,0.78839,0.028436,0.0077904,0.012787,0.63692
198,2,20,-0.19447,0.055234,0.78773,0.02733,0.0054821,0.012818,0.63471
200,2,20,-0.19317,0.053379,0.78724,0.026371,0.0032398,0.012865,0.63296
202,2,20,-0.19207,0.05168,0.78698,0.025586,0.0011252,0.01292,0.63177
204,2,20,-0.19121,0.050169,0.78701,0.024991,-0.00079968,0.012976,0.63125
206,2,20,-0.19062,0.048871,0.78739,0.024593,-0.0024761,0.013029,0.63147
208,2,20,-0.19037,0.047809,0.78818,0.024393,-0.0038523,0.013082,0.63253
210,2,20,-0.19047,0.046997,0.78943,0.024389,-0.004888,0.013145,0.6345
212,2,20,-0.19097,0.046442,0.79117,0.024582,-0.0055579,0.013237,0.63743
214,2,20,-0.1919,0.046144,0.79342,0.024972,-0.0058542,0.01338,0.64136
216,2,20,-0.19329,0.046094,0.79618,0.025564,-0.0057862,0.013594,0.64632
218,2,20,-0.19516,0.04628,0.79945,0.026364,-0.0053792,0.013889,0.65233
220,2,20,-0.19754,0.04668,0.8032,0.02737,-0.0046714,0.014261,0.65936
222,2,20,-0.20043,0.047275,0.8074,0.028574,-0.0037097,0.014693,0.6674
224,2,20,-0.20386,0.04804,0.812,0.029957,-0.0025465,0.015153,0.6764
226,2,20,-0.20783,0.048952,0.81698,0.031493,-0.0012365,0.015606,0.6863
228,2,20,-0.21234,0.04999,0.82228,0.033146,0.00016533,0.016016,0.69701
230,2,20,-0.21738,0.051133,0.82786,0.034877,0.0016057,0.01635,0.70846
232,2,20,-0.22296,0.052364,0.83367,0.036648,0.0030335,0.016585,0.72053
234,2,20,-0.22906,0.053667,0.83968,0.038417,0.0044005,0.016704,0.73311
236,2,20,-0.23566,0.055029,0.84585,0.04015,0.0056616,0.016701,0.74609
238,2,20,-0.24275,0.056438,0.85213,0.041813,0.006775,0.016577,0.75934
240,2,20,-0.25028,0.057884,0.85848,0.043379,0.0077027,0.016345,0.77274
242,2,20,-0.25825,0.059358,0.86486,0.044827,0.0084106,0.016022,0.78617
244,2,20,-0.26661,0.060851,0.87125,0.046141,0.0088691,0.015635,0.79952
246,2,20,-0.27532,0.062355,0.87759,0.047312,0.009054,0.015217,0.81269
248,2,20,-0.28435,0.063862,0.88385,0.048335,0.0089477,0.014803,0.82558
250,2,20,-0.29365,0.065363,0.89,0.049212,0.00854,0.014431,0.83812
252,2,20,-0.30317,0.06685,0.89601,0.049949,0.0078293,0.014135,0.85024
254,2,20,-0.31288,0.068313,0.90186,0.050555,0.0068236,0.013943,0.86191
256,2,20,-0.32271,0.069743,0.90752,0.051041,0.0055409,0.013873,0.87309
258,2,20,-0.33263,0.071129,0.91299,0.051423,0.0040097,0.01393,0.88379
260,2,20,-0.34257,0.072463,0.91825,0.051715,0.0022682,0.01411,0.89399
262,2,20,-0.35248,0.073732,0.9233,0.051934,0.00036433,0.014397,0.90374
264,2,20,-0.36232,0.074928,0.92816,0.052095,-0.0016461,0.014774,0.91305
266,2,20,-0.37204,0.076041,0.93284,0.052213,-0.0037005,0.015218,0.92199
268,2,20,-0.38158,0.077061,0.93735,0.052299,-0.0057316,0.01571,0.9306
270,2,20,-0.3909,0.077981,0.94172,0.052365,-0.0076694,0.016231,0.93894
272,2,20,-0.39995,0.078792,0.94598,0.052418,-0.0094439,0.016765,0.94709
274,2,20,-0.40869,0.079489,0.95016,0.052461,-0.010987,0.017299,0.95509
276,2,20,-0.41707,0.080065,0.95427,0.052495,-0.012237,0.01782,0.963
278,2,20,-0.42507,0.080518,0.95837,0.052517,-0.013138,0.018316,0.97088
280,2,20,-0.43263,0.080845,0.96246,0.052524,-0.013645,0.018777,0.97875
282,2,20,-0.43975,0.081045,0.96658,0.052506,-0.013726,0.019193,0.98666
284,2,20,-0.44637,0.081118,0.97074,0.052458,-0.013364,0.019551,0.99462
286,2,20,-0.4525,0.081067,0.97494,0.052371,-0.012556,0.019842,1.0026
288,2,20,-0.45809,0.080896,0.9792,0.052238,-0.011317,0.020057,1.0107
290,2,20,-0.46315,0.080608,0.98349,0.052053,-0.00968,0.020187,1.0187
292,2,20,-0.46765,0.080211,0.9878,0.051813,-0.007691,0.020225,1.0267
294,2,20,-0.47159,0.079712,0.99211,0.051515,-0.0054117,0.020167,1.0347
296,2,20,-0.47497,0.079118,0.99638,0.051162,-0.0029149,0.020012,1.0425
298,2,20,-0.4778,0.07844,1.0006,0.050756,-0.00028194,0.019762,1.0501
300,2,20,-0.48007,0.077686,1.0047,0.050303,0.0024012,0.019421,1.0575
302,2,20,-0.48179,0.076868,1.0086,0.049811,0.0050474,0.019002,1.0645
304,2,20,-0.48299,0.075994,1.0124,0.049289,0.0075724,0.01852,1.071
306,2,20,-0.48367,0.075075,1.0159,0.048748,0.0098981,0.017997,1.0772
308,2,20,-0.48385,0.074122,1.0191,0.048197,0.011956,0.017462,1.0827
310,2,20,-0.48357,0.073142,1.0221,0.047649,0.013687,0.016946,1.0877
312,2,20,-0.48283,0.072145,1.0247,0.047113,0.015048,0.016487,1.0921
314,2,20,-0.48167,0.071139,1.0269,0.0466,0.016009,0.016119,1.0959
316,2,20,-0.48013,0.070131,1.0288,0.046118,0.016553,0.015874,1.0989
318,2,20,-0.47822,0.069125,1.0304,0.045674,0.016679,0.015771,1.1014
320,2,20,-0.47598,0.068127,1.0316,0.045274,0.016399,0.015819,1.1031
322,2,20,-0.47345,0.06714,1.0324,0.04492,0.015736,0.016007,1.1043
324,2,20,-0.47065,0.066166,1.033,0.044616,0.014726,0.016314,1.1049
326,2,20,-0.46762,0.065207,1.0332,0.044362,0.013413,0.016707,1.1049
328,2,20,-0.46439,0.064263,1.0332,0.044158,0.01185,0.017151,1.1045
330,2,20,-0.46099,0.063335,1.0329,0.044002,0.010095,0.017611,1.1036
332,2,20,-0.45746,0.06242,1.0324,0.043892,0.0082092,0.018055,1.1024
334,2,20,-0.45382,0.061519,1.0317,0.043827,0.0062577,0.018459,1.1008
336,2,20,-0.4501,0.060629,1.0308,0.043803,0.0043037,0.018807,1.099
338,2,20,-0.44633,0.059748,1.0298,0.043818,0.002409,0.019089,1.0971
340,2,20,-0.44253,0.058876,1.0288,0.043868,0.00063151,0.019305,1.095
342,2,20,-0.43873,0.058011,1.0276,0.043952,-0.00097589,0.019458,1.0927
344,2,20,-0.43494,0.057152,1.0264,0.044063,-0.0023668,0.019559,1.0905
346,2,20,-0.43118,0.056298,1.0252,0.044198,-0.0035022,0.01962,1.0881
348,2,20,-0.42746,0.055449,1.0239,0.044351,-0.0043511,0.019656,1.0858
350,2,20,-0.42381,0.054604,1.0226,0.044514,-0.0048912,0.019681,1.0834
352,2,20,-0.42023,0.053765,1.0213,0.044681,-0.0051089,0.019706,1.081
354,2,20,-0.41672,0.052931,1.02,0.044842,-0.0049998,0.019738,1.0786
356,2,20,-0.4133,0.052104,1.0186,0.044989,-0.0045682,0.019784,1.0761
358,2,20,-0.40996,0.051284,1.0173,0.045113,-0.0038276,0.019842,1.0735
360,2,20,-0.40671,0.050472,1.0159,0.045207,-0.0027999,0.019908,1.0708
362,2,20,-0.40354,0.049671,1.0144,0.045264,-0.0015154,0.019976,1.068
364,2,20,-0.40046,0.048879,1.0129,0.045279,-1.1837e-05,0.020037,1.0649
366,2,20,-0.39745,0.048098,1.0113,0.045251,0.001666,0.020085,1.0617
368,2,20,-0.39451,0.047329,1.0096,0.04518,0.0034679,0.020111,1.0582
370,2,20,-0.39163,0.046572,1.0079,0.045069,0.0053392,0.020112,1.0544
372,2,20,-0.38881,0.045826,1.006,0.044924,0.0072229,0.020085,1.0503
374,2,20,-0.38603,0.045091,1.0039,0.044751,0.0090612,0.020032,1.0459
376,2,20,-0.38328,0.044367,1.0017,0.044558,0.010798,0.019955,1.0412
378,2,20,-0.38056,0.043653,0.99936,0.044354,0.012381,0.019859,1.0361
380,2,20,-0.37785,0.042949,0.99683,0.044144,0.013761,0.019751,1.0307
382,2,20,-0.37514,0.042253,0.99413,0.043934,0.0149,0.019637,1.025
384,2,20,-0.37243,0.041565,0.99127,0.043728,0.015765,0.019522,1.0189
386,2,20,-0.3697,0.040884,0.98825,0.043524,0.016332,0.019411,1.0126
388,2,20,-0.36694,0.04021,0.98508,0.04332,0.01659,0.019306,1.006
390,2,20,-0.36416,0.039544,0.98178,0.043112,0.016536,0.019209,0.99922
392,2,20,-0.36134,0.038885,0.97839,0.042891,0.016177,0.019117,0.99219
394,2,20,-0.35848,0.038235,0.97491,0.042648,0.015529,0.019028,0.985
396,2,20,-0.35557,0.037594,0.97137,0.042372,0.014618,0.018937,0.97768
398,2,20,-0.35262,0.036965,0.96781,0.042052,0.013476,0.01884,0.97026
400,2,20,-0.34962,0.036348,0.96425,0.041676,0.012143,0.018731,0.96279
402,2,20,-0.34658,0.035747,0.96072,0.041234,0.010662,0.018604,0.95529
404,2,20,-0.34349,0.035163,0.95724,0.040717,0.0090782,0.018455,0.94781
406,2,20,-0.34037,0.034599,0.95383,0.040117,0.0074381,0.018283,0.94037
408,2,20,-0.33721,0.034058,0.95051,0.039431,0.0057871,0.018087,0.93301
410,2,20,-0.33403,0.033541,0.9473,0.038657,0.0041676,0.017872,0.92576
412,2,20,-0.33083,0.033051,0.94419,0.037799,0.0026177,0.017647,0.91865
414,2,20,-0.32763,0.03259,0.94121,0.036864,0.0011698,0.017423,0.91169
416,2,20,-0.32443,0.03216,0.93834,0.035862,-0.00015043,0.017219,0.90492
418,2,20,-0.32125,0.03176,0.93559,0.03481,-0.0013243,0.017056,0.89835
420,2,20,-0.31809,0.031392,0.93295,0.033726,-0.0023407,0.016954,0.892
422,2,20,-0.31497,0.031057,0.93041,0.032633,-0.0031962,0.016936,0.8859
424,2,20,-0.31191,0.030754,0.92797,0.031556,-0.0038944,0.017019,0.88004
426,2,20,-0.3089,0.030483,0.92561,0.030521,-0.0044457,0.017212,0.87446
428,2,20,-0.30598,0.030242,0.92334,0.029554,-0.004866,0.017515,0.86916
430,2,20,-0.30314,0.030032,0.92115,0.028681,-0.005176,0.017918,0.86414
432,2,20,-0.3004,0.029852,0.91902,0.027926,-0.0053997,0.018401,0.85942
434,2,20,-0.29777,0.029699,0.91697,0.027307,-0.0055629,0.018935,0.85501
436,2,20,-0.29525,0.029574,0.915,0.026838,-0.0056916,0.01949,0.8509
438,2,20,-0.29286,0.029475,0.91309,0.026527,-0.0058108,0.020032,0.8471
440,2,20,-0.2906,0.029402,0.91126,0.026375,-0.0059429,0.020529,0.84361
442,2,20,-0.28847,0.029354,0.90951,0.026376,-0.0061069,0.020956,0.84042
444,2,20,-0.28648,0.02933,0.90783,0.026521,-0.0063176,0.021292,0.83752
446,2,20,-0.28463,0.029329,0.90624,0.026798,-0.0065857,0.021524,0.83491
448,2,20,-0.28291,0.029351,0.90472,0.027191,-0.0069172,0.02165,0.83257
450,2,20,-0.28133,0.029394,0.90328,0.027685,-0.0073143,0.021674,0.83048
452,2,20,-0.27987,0.029457,0.90191,0.028268,-0.0077756,0.021611,0.82863
454,2,20,-0.27853,0.029538,0.90061,0.028923,-0.0082963,0.021482,0.827
456,2,20,-0.2773,0.029635,0.89937,0.029639,-0.0088685,0.021316,0.82557
458,2,20,-0.27617,0.029746,0.89819,0.030402,-0.0094814,0.021142,0.8243
460,2,20,-0.27513,0.029866,0.89705,0.031196,-0.010121,0.020989,0.82319
462,2,20,-0.27416,0.029991,0.89595,0.032008,-0.010771,0.020885,0.82219
464,2,20,-0.27325,0.030119,0.8949,0.032819,-0.011411,0.020846,0.8213
466,2,20,-0.27237,0.030243,0.89388,0.033612,-0.012019,0.020882,0.82049
468,2,20,-0.27152,0.030358,0.89291,0.03437,-0.012572,0.020991,0.81974
470,2,20,-0.27066,0.030459,0.89199,0.035076,-0.013043,0.021161,0.81902
472,2,20,-0.26978,0.030541,0.89112,0.035715,-0.013407,0.021375,0.81834
474,2,20,-0.26887,0.030597,0.89032,0.036271,-0.01364,0.02161,0.81766
476,2,20,-0.26789,0.030623,0.88957,0.036736,-0.013718,0.021843,0.81699
478,2,20,-0.26683,0.030613,0.88891,0.037101,-0.013621,0.022053,0.81631
480,2,20,-0.26566,0.030564,0.88831,0.037358,-0.01333,0.022222,0.81562
482,2,20,-0.26437,0.030471,0.8878,0.037507,-0.012831,0.022335,0.81493
484,2,20,-0.26294,0.030331,0.88738,0.037544,-0.012115,0.022383,0.81422
486,2,20,-0.26135,0.030141,0.88703,0.037472,-0.011176,0.022363,0.81351
488,2,20,-0.25958,0.029901,0.88677,0.037295,-0.010014,0.022276,0.81279
490,2,20,-0.25761,0.029611,0.88659,0.037018,-0.0086341,0.022128,0.81207
492,2,20,-0.25545,0.02927,0.88647,0.036649,-0.0070455,0.021931,0.81135
494,2,20,-0.25306,0.028881,0.88641,0.036198,-0.0052635,0.021698,0.81062
496,2,20,-0.25045,0.028448,0.8864,0.035678,-0.0033077,0.021446,0.80989
498,2,20,-0.2476,0.027975,0.88641,0.035102,-0.0012015,0.021195,0.80914
500,2,20,-0.24452,0.027467,0.88643,0.034486,0.0010281,0.020962,0.80836
502,2,20,-0.2412,0.026931,0.88644,0.033844,0.0033513,0.020763,0.80753
504,2,20,-0.23763,0.026375,0.8864,0.033192,0.005736,0.020612,0.80664
506,2,20,-0.23383,0.025807,0.8863,0.032548,0.0081484,0.020517,0.80566
508,2,20,-0.2298,0.025238,0.88611,0.031926,0.010553,0.020477,0.80456
510,2,20,-0.22555,0.024677,0.8858,0.031341,0.012914,0.020488,0.80331
512,2,20,-0.22109,0.024134,0.88534,0.030807,0.015195,0.020539,0.80187
514,2,20,-0.21642,0.02362,0.88471,0.030335,0.01736,0.020612,0.8002
516,2,20,-0.21158,0.023144,0.88388,0.029935,0.019374,0.02069,0.79827
518,2,20,-0.20657,0.022716,0.88282,0.029614,0.021205,0.020752,0.79604
520,2,20,-0.20141,0.022343,0.88152,0.029377,0.022825,0.02078,0.79347
522,2,20,-0.19613,0.022031,0.87995,0.029227,0.024208,0.020759,0.79054
524,2,20,-0.19074,0.021784,0.8781,0.029162,0.025336,0.020679,0.78722
526,2,20,-0.18528,0.021601,0.87596,0.029179,0.026196,0.020535,0.78348
528,2,20,-0.17976,0.021483,0.87353,0.029271,0.02678,0.020329,0.77933
530,2,20,-0.17422,0.021426,0.8708,0.02943,0.027087,0.020068,0.77474
532,2,20,-0.16868,0.021424,0.86778,0.029645,0.027122,0.019767,0.76974
534,2,20,-0.16316,0.021468,0.86449,0.029905,0.026893,0.019445,0.76434
536,2,20,-0.1577,0.021551,0.86095,0.030199,0.026413,0.019123,0.75855
538,2,20,-0.15231,0.021661,0.85717,0.030514,0.025697,0.018828,0.75242
540,2,20,-0.14702,0.021789,0.85318,0.030841,0.024762,0.018585,0.74599
542,2,20,-0.14186,0.021926,0.84903,0.031172,0.023623,0.01842,0.73931
544,2,20,-0.13686,0.02206,0.84474,0.031501,0.022297,0.018355,0.73243
546,2,20,-0.13202,0.022184,0.84034,0.031825,0.020798,0.018408,0.72542
548,2,20,-0.12738,0.022289,0.83589,0.032142,0.019141,0.018592,0.71834
550,2,20,-0.12294,0.02237,0.83141,0.032455,0.017337,0.018914,0.71126
552,2,20,-0.11873,0.02242,0.82694,0.032768,0.015397,0.019376,0.70424
554,2,20,-0.11476,0.022435,0.82252,0.033085,0.013333,0.019975,0.69734
556,2,20,-0.11105,0.022413,0.81818,0.033413,0.011154,0.020703,0.69063
558,2,20,-0.10759,0.022352,0.81394,0.033756,0.0088733,0.021553,0.68415
560,2,20,-0.1044,0.022253,0.80984,0.03412,0.0065033,0.022512,0.67796
562,2,20,-0.10148,0.022115,0.80589,0.034507,0.0040592,0.023567,0.67209
564,2,20,-0.098829,0.02194,0.80212,0.034918,0.0015582,0.024704,0.66656
566,2,20,-0.096451,0.021733,0.79853,0.035351,-0.00098015,0.025906,0.6614
568,2,20,-0.09434,0.021497,0.79514,0.035804,-0.0035341,0.027157,0.65661
570,2,20,-0.092489,0.021237,0.79196,0.03627,-0.0060798,0.028439,0.65219
572,2,20,-0.090891,0.020958,0.78898,0.036742,-0.0085919,0.029733,0.64813
574,2,20,-0.089534,0.020666,0.7862,0.037211,-0.011044,0.031021,0.64442
576,2,20,-0.088406,0.020368,0.78362,0.037668,-0.013408,0.032282,0.64102
578,2,20,-0.087492,0.02007,0.78123,0.038101,-0.015659,0.033499,0.6379
580,2,20,-0.086777,0.019778,0.77901,0.038502,-0.017769,0.034652,0.63502
582,2,20,-0.086243,0.0195,0.77695,0.038861,-0.019715,0.035722,0.63235
584,2,20,-0.085871,0.01924,0.77504,0.039171,-0.021476,0.036694,0.62984
586,2,20,-0.085641,0.019004,0.77325,0.039424,-0.023032,0.037551,0.62744
588,2,20,-0.085534,0.018795,0.77156,0.039617,-0.02437,0.038279,0.62512
590,2,20,-0.085529,0.018618,0.76995,0.039748,-0.02548,0.038867,0.62284
592,2,20,-0.085605,0.018474,0.7684,0.039814,-0.026355,0.039304,0.62056
594,2,20,-0.08574,0.018363,0.76689,0.03982,-0.026996,0.039584,0.61825
596,2,20,-0.085916,0.018285,0.76541,0.039768,-0.027405,0.039703,0.61589
598,2,20,-0.086111,0.018238,0.76392,0.039664,-0.027592,0.03966,0.61346
600,2,20,-0.086308,0.01822,0.76241,0.039515,-0.027567,0.039459,0.61094
602,2,20,-0.086487,0.018227,0.76088,0.039329,-0.027348,0.039105,0.60833
604,2,20,-0.086633,0.018254,0.75931,0.039116,-0.026952,0.038608,0.60562
606,2,20,-0.086729,0.018298,0.75769,0.038882,-0.026401,0.037978,0.60282
608,2,20,-0.086763,0.018353,0.75602,0.038637,-0.02572,0.037232,0.59993
610,2,20,-0.086721,0.018415,0.7543,0.038388,-0.024932,0.036384,0.59696
612,2,20,-0.086595,0.01848,0.75253,0.038141,-0.024065,0.035455,0.59394
614,2,20,-0.086374,0.018544,0.75072,0.037901,-0.023148,0.034462,0.59087
616,2,20,-0.086054,0.018604,0.74887,0.037672,-0.022207,0.033426,0.58778
618,2,20,-0.085628,0.018658,0.747,0.037457,-0.021274,0.032367,0.58467
620,2,20,-0.085096,0.018706,0.74512,0.037255,-0.020376,0.031304,0.58158
622,2,20,-0.084455,0.018745,0.74324,0.037067,-0.019543,0.030255,0.57851
624,2,20,-0.083708,0.018777,0.74137,0.036892,-0.018803,0.029235,0.57549
626,2,20,-0.082858,0.018804,0.73952,0.036728,-0.018181,0.02826,0.57252
628,2,20,-0.081908,0.018826,0.73771,0.036574,-0.017702,0.027341,0.56963
630,2,20,-0.080866,0.018849,0.73594,0.036428,-0.017387,0.026486,0.56682
632,2,20,-0.07974,0.018874,0.73423,0.036287,-0.017251,0.025702,0.56411
634,2,20,-0.078539,0.018907,0.73257,0.036149,-0.017309,0.024993,0.56149
636,2,20,-0.077272,0.018951,0.73098,0.036013,-0.01757,0.024361,0.55897
638,2,20,-0.075952,0.019013,0.72946,0.035876,-0.018038,0.023808,0.55657
640,2,20,-0.07459,0.019097,0.72801,0.035735,-0.018716,0.023334,0.55426
642,2,20,-0.073198,0.019208,0.72664,0.03559,-0.019603,0.022941,0.55207
644,2,20,-0.071791,0.019349,0.72534,0.035438,-0.020695,0.022632,0.54998
646,2,20,-0.07038,0.019525,0.72412,0.035277,-0.02199,0.022414,0.548
648,2,20,-0.068979,0.019737,0.72298,0.035108,-0.023482,0.022293,0.54611
650,2,20,-0.0676,0.019989,0.7219,0.034928,-0.025166,0.022283,0.54432
652,2,20,-0.066256,0.020279,0.72089,0.034738,-0.027038,0.022397,0.54261
654,2,20,-0.064959,0.020608,0.71994,0.03454,-0.029092,0.022651,0.54098
656,2,20,-0.06372,0.020973,0.71905,0.034336,-0.031322,0.023064,0.53943
658,2,20,-0.062548,0.021372,0.71819,0.034129,-0.033721,0.023652,0.53793
660,2,20,-0.061453,0.021801,0.71738,0.033924,-0.036279,0.024428,0.5365
662,2,20,-0.060442,0.022255,0.71658,0.033725,-0.038986,0.025405,0.5351
664,2,20,-0.059522,0.022728,0.7158,0.033538,-0.041828,0.026584,0.53374
666,2,20,-0.058697,0.023216,0.71501,0.033369,-0.044786,0.027962,0.5324
668,2,20,-0.057973,0.023713,0.71421,0.033222,-0.047841,0.029528,0.53107
670,2,20,-0.05735,0.024211,0.71339,0.033102,-0.05097,0.031263,0.52974
672,2,20,-0.05683,0.024705,0.71252,0.033012,-0.054148,0.033139,0.5284
674,2,20,-0.056412,0.02519,0.71161,0.032954,-0.057346,0.035126,0.52703
676,2,20,-0.056094,0.02566,0.71065,0.032927,-0.060536,0.037186,0.52563
678,2,20,-0.055873,0.026109,0.70963,0.032929,-0.063685,0.03928,0.52418
680,2,20,-0.055745,0.026532,0.70855,0.032957,-0.066761,0.041368,0.52268
682,2,20,-0.055702,0.026926,0.70741,0.033006,-0.069732,0.043407,0.52112
684,2,20,-0.055738,0.027287,0.7062,0.033071,-0.072564,0.045359,0.5195
686,2,20,-0.055846,0.027611,0.70494,0.033144,-0.075224,0.047184,0.51781
688,2,20,-0.056017,0.027897,0.70363,0.03322,-0.077679,0.048848,0.51606
690,2,20,-0.056241,0.028142,0.70227,0.033294,-0.079899,0.050318,0.51424
692,2,20,-0.056508,0.028344,0.70088,0.033358,-0.081853,0.051566,0.51237
694,2,20,-0.056808,0.028504,0.69946,0.033409,-0.083513,0.052569,0.51045
696,2,20,-0.05713,0.028622,0.69803,0.033442,-0.084853,0.053306,0.50849
698,2,20,-0.057465,0.028697,0.6966,0.033454,-0.08585,0.053761,0.50652
700,2,20,-0.057801,0.028732,0.69519,0.033443,-0.086485,0.053924,0.50453
702,2,20,-0.058129,0.028727,0.6938,0.033405,-0.08674,0.053787,0.50257
704,2,20,-0.058438,0.028686,0.69247,0.033341,-0.086605,0.053345,0.50063
706,2,20,-0.05872,0.028612,0.6912,0.033249,-0.086072,0.0526,0.49876
708,2,20,-0.058967,0.028507,0.69001,0.03313,-0.085142,0.051553,0.49697
710,2,20,-0.05917,0.028374,0.68891,0.032986,-0.083819,0.050212,0.49527
712,2,20,-0.059323,0.02822,0.68793,0.032819,-0.082114,0.048587,0.49371
714,2,20,-0.059421,0.028046,0.68706,0.032633,-0.080046,0.046691,0.49229
716,2,20,-0.059459,0.027858,0.68633,0.032433,-0.07764,0.04454,0.49104
718,2,20,-0.059433,0.02766,0.68574,0.032225,-0.074925,0.042156,0.48997
720,2,20,-0.059343,0.027456,0.68529,0.032014,-0.071939,0.039563,0.4891
722,2,20,-0.059186,0.027252,0.68499,0.031809,-0.068723,0.036792,0.48844
724,2,20,-0.058963,0.02705,0.68484,0.031616,-0.065322,0.033879,0.488
726,2,20,-0.058675,0.026854,0.68483,0.031443,-0.061785,0.030869,0.48777
728,2,20,-0.058327,0.026669,0.68496,0.031294,-0.058163,0.027814,0.48777
730,2,20,-0.05792,0.026496,0.68522,0.031176,-0.054509,0.02478,0.48799
732,2,20,-0.05746,0.026339,0.6856,0.031091,-0.050876,0.021851,0.48842
734,2,20,-0.056953,0.026199,0.68611,0.031039,-0.047319,0.019128,0.48905
736,2,20,-0.056406,0.026077,0.68671,0.031019,-0.043895,0.016732,0.48986
738,2,20,-0.055825,0.025974,0.68742,0.031026,-0.040659,0.014799,0.49083
740,2,20,-0.05522,0.02589,0.68821,0.031054,-0.03767,0.013442,0.49195
742,2,20,-0.054597,0.025825,0.68907,0.031094,-0.034979,0.012699,0.49319
744,2,20,-0.053967,0.025777,0.69001,0.031137,-0.032633,0.01249,0.49453
746,2,20,-0.053338,0.025746,0.691,0.031174,-0.030661,0.012641,0.49594
748,2,20,-0.052719,0.025731,0.69204,0.031193,-0.029063,0.012966,0.4974
750,2,20,-0.052119,0.025728,0.69311,0.031188,-0.027808,0.013329,0.49889
752,2,20,-0.051548,0.025736,0.69421,0.031149,-0.026831,0.013661,0.50037
754,2,20,-0.051012,0.025753,0.69533,0.031074,-0.026041,0.013951,0.50182
756,2,20,-0.050521,0.025777,0.69644,0.030958,-0.025335,0.014213,0.50324
758,2,20,-0.050081,0.025805,0.69754,0.030801,-0.024617,0.014465,0.50459
760,2,20,-0.049698,0.025836,0.69861,0.030607,-0.0238,0.014714,0.50586
762,2,20,-0.049379,0.025869,0.69965,0.030381,-0.022821,0.014954,0.50704
764,2,20,-0.049128,0.0259,0.70063,0.030127,-0.021633,0.01517,0.50813
766,2,20,-0.048949,0.025929,0.70155,0.029856,-0.020211,0.015342,0.50911
768,2,20,-0.048844,0.025954,0.70239,0.029576,-0.018549,0.015456,0.50997
770,2,20,-0.048814,0.025974,0.70316,0.029296,-0.016655,0.015502,0.51073
772,2,20,-0.048859,0.025987,0.70383,0.029024,-0.014552,0.015484,0.51139
774,2,20,-0.04898,0.025993,0.70442,0.028769,-0.012274,0.015414,0.51194
776,2,20,-0.049173,0.025991,0.70492,0.028537,-0.00987,0.015313,0.51239
778,2,20,-0.049436,0.025979,0.70534,0.028333,-0.0073961,0.01521,0.51276
780,2,20,-0.049764,0.025956,0.70567,0.028162,-0.0049201,0.015134,0.51304
782,2,20,-0.050152,0.025922,0.70592,0.028027,-0.0025188,0.015112,0.51325
784,2,20,-0.050593,0.025875,0.7061,0.02793,-0.00027739,0.01516,0.51339
786,2,20,-0.051081,0.025814,0.7062,0.027872,0.0017136,0.01528,0.51348
788,2,20,-0.051607,0.025737,0.70624,0.027855,0.0033637,0.015464,0.51351
790,2,20,-0.052162,0.025645,0.70621,0.027878,0.0045904,0.015706,0.5135
792,2,20,-0.052738,0.025535,0.70612,0.027943,0.0053304,0.016007,0.51344
794,2,20,-0.053325,0.025406,0.70597,0.028046,0.0055487,0.016395,0.51333
796,2,20,-0.053913,0.025256,0.70575,0.028187,0.0052444,0.016921,0.51318
798,2,20,-0.054492,0.025086,0.70547,0.028362,0.0044499,0.017648,0.51298
800,2,20,-0.055051,0.024892,0.70513,0.028566,0.0032236,0.018635,0.51272
802,2,20,-0.055582,0.024675,0.70472,0.028793,0.0016405,0.019911,0.51239
804,2,20,-0.056074,0.024434,0.70425,0.029038,-0.00021706,0.021473,0.51198
806,2,20,-0.056517,0.024168,0.7037,0.029293,-0.0022668,0.023285,0.5115
808,2,20,-0.056904,0.023876,0.70308,0.029554,-0.0044312,0.025291,0.51091
810,2,20,-0.057226,0.02356,0.70237,0.029814,-0.00664,0.027424,0.51022
812,2,20,-0.057475,0.023219,0.70159,0.03007,-0.0088324,0.029617,0.50941
814,2,20,-0.057646,0.022854,0.70071,0.030321,-0.010957,0.031806,0.50847
816,2,20,-0.057732,0.022468,0.69975,0.030564,-0.012972,0.033932,0.5074
818,2,20,-0.05773,0.022062,0.69869,0.030802,-0.014844,0.035944,0.50619
820,2,20,-0.057635,0.021638,0.69752,0.031037,-0.01655,0.037795,0.50484
822,2,20,-0.057446,0.021199,0.69626,0.031272,-0.018074,0.039445,0.50336
824,2,20,-0.05716,0.02075,0.6949,0.031512,-0.019405,0.040859,0.50175
826,2,20,-0.05678,0.020294,0.69344,0.03176,-0.02054,0.042008,0.50002
828,2,20,-0.056304,0.019836,0.69189,0.032021,-0.021478,0.042866,0.4982
830,2,20,-0.055737,0.019382,0.69027,0.032296,-0.022223,0.043415,0.49629
832,2,20,-0.055081,0.018937,0.68858,0.032589,-0.022777,0.043639,0.49432
834,2,20,-0.054341,0.018508,0.68685,0.032899,-0.023148,0.043528,0.49233
836,2,20,-0.053523,0.018099,0.6851,0.033226,-0.023339,0.043078,0.49034
838,2,20,-0.052633,0.017719,0.68336,0.033566,-0.023355,0.04229,0.48838
840,2,20,-0.051679,0.017372,0.68165,0.033917,-0.023197,0.041168,0.4865
842,2,20,-0.050669,0.017065,0.68001,0.034273,-0.022865,0.039726,0.48474
844,2,20,-0.049612,0.016803,0.67848,0.034626,-0.022355,0.037982,0.48311
846,2,20,-0.048517,0.01659,0.67708,0.034971,-0.02166,0.035961,0.48167
848,2,20,-0.047395,0.016429,0.67585,0.0353,-0.02077,0.033697,0.48045
850,2,20,-0.046255,0.016322,0.67482,0.035603,-0.019676,0.031234,0.47947
852,2,20,-0.045109,0.016269,0.67403,0.035874,-0.018366,0.028628,0.47876
854,2,20,-0.043966,0.016271,0.67348,0.036105,-0.016834,0.025951,0.47834
856,2,20,-0.042837,0.016323,0.6732,0.03629,-0.015079,0.023295,0.47822
858,2,20,-0.041732,0.016424,0.67321,0.036423,-0.013117,0.020774,0.47841
860,2,20,-0.040661,0.016569,0.67349,0.036502,-0.010977,0.018524,0.4789
862,2,20,-0.039634,0.016752,0.67405,0.036525,-0.0087198,0.01669,0.47969
864,2,20,-0.038658,0.016967,0.67486,0.036494,-0.0064389,0.015384,0.48074
866,2,20,-0.037744,0.01721,0.67591,0.036411,-0.0042689,0.014618,0.48204
868,2,20,-0.036897,0.017473,0.67715,0.036282,-0.0023829,0.014271,0.48355
870,2,20,-0.036124,0.017752,0.67856,0.036115,-0.00097231,0.014131,0.48522
872,2,20,-0.035432,0.01804,0.68007,0.035916,-0.00020413,0.01403,0.487
874,2,20,-0.034825,0.018334,0.68164,0.035696,-0.00016761,0.013966,0.48885
876,2,20,-0.034306,0.018627,0.68322,0.035463,-0.00084577,0.014158,0.49069
878,2,20,-0.033878,0.018917,0.68475,0.035228,-0.0021342,0.014951,0.49247
880,2,20,-0.033542,0.019199,0.68618,0.034996,-0.0038896,0.0166,0.49411
882,2,20,-0.0333,0.019471,0.68746,0.034774,-0.0059736,0.019124,0.49557
884,2,20,-0.03315,0.019729,0.68853,0.034566,-0.0082744,0.022354,0.49678
886,2,20,-0.03309,0.019971,0.68937,0.034372,-0.010712,0.026067,0.49768
888,2,20,-0.033119,0.020195,0.68993,0.034191,-0.013235,0.030063,0.49822
890,2,20,-0.033231,0.0204,0.6902,0.03402,-0.015811,0.034187,0.49836
892,2,20,-0.033422,0.020584,0.69014,0.033852,-0.018424,0.038319,0.49807
894,2,20,-0.033687,0.020746,0.68975,0.033683,-0.021069,0.04237,0.49732
896,2,20,-0.034019,0.020884,0.68903,0.033503,-0.023744,0.046272,0.49609
898,2,20,-0.034411,0.020999,0.68798,0.033308,-0.026452,0.049973,0.49439
900,2,20,-0.034856,0.021089,0.6866,0.033092,-0.029196,0.053433,0.49223
902,2,20,-0.035345,0.021153,0.68492,0.032849,-0.031976,0.056621,0.48962
904,2,20,-0.035869,0.021192,0.68296,0.03258,-0.03479,0.059515,0.4866
906,2,20,-0.03642,0.021205,0.68074,0.032285,-0.037633,0.062101,0.48321
908,2,20,-0.036989,0.021191,0.6783,0.031966,-0.040491,0.064368,0.47951
910,2,20,-0.037566,0.02115,0.67567,0.03163,-0.043348,0.066313,0.47554
912,2,20,-0.038142,0.021083,0.6729,0.031284,-0.046179,0.067937,0.47139
914,2,20,-0.038708,0.020989,0.67002,0.030935,-0.048956,0.069243,0.46711
916,2,20,-0.039256,0.020868,0.66709,0.030594,-0.051643,0.070238,0.46279
918,2,20,-0.039777,0.020722,0.66414,0.030269,-0.054202,0.070934,0.45849
920,2,20,-0.040264,0.020551,0.66122,0.029967,-0.056591,0.071344,0.45428
922,2,20,-0.040709,0.020356,0.65839,0.029696,-0.058767,0.071481,0.45024
924,2,20,-0.041105,0.020137,0.65569,0.029457,-0.060688,0.071362,0.44642
926,2,20,-0.041447,0.019898,0.65316,0.029254,-0.062313,0.071005,0.44288
928,2,20,-0.041729,0.019638,0.65084,0.029084,-0.063609,0.070429,0.43966
930,2,20,-0.041947,0.019362,0.64876,0.028948,-0.064547,0.069653,0.4368
932,2,20,-0.042099,0.019072,0.64694,0.028839,-0.065107,0.068698,0.43433
934,2,20,-0.04218,0.01877,0.64541,0.028756,-0.06528,0.067585,0.43226
936,2,20,-0.04219,0.018461,0.64416,0.028694,-0.065067,0.066335,0.43059
938,2,20,-0.042129,0.018148,0.6432,0.028652,-0.064483,0.06497,0.42931
940,2,20,-0.041996,0.017835,0.64252,0.028627,-0.063552,0.063514,0.4284
942,2,20,-0.041794,0.017528,0.64208,0.028621,-0.062312,0.06199,0.42783
944,2,20,-0.041523,0.017232,0.64187,0.028635,-0.060808,0.060421,0.42757
946,2,20,-0.041189,0.016951,0.64183,0.028671,-0.059095,0.058831,0.42756
948,2,20,-0.040793,0.016691,0.64194,0.028731,-0.057234,0.057245,0.42777
950,2,20,-0.040342,0.016458,0.64214,0.028819,-0.055291,0.055685,0.42812
952,2,20,-0.039841,0.016256,0.64239,0.028934,-0.053333,0.054176,0.42857
954,2,20,-0.039295,0.016091,0.64265,0.029077,-0.051426,0.05274,0.42906
956,2,20,-0.038712,0.015968,0.64288,0.029245,-0.049634,0.051398,0.42955
958,2,20,-0.038099,0.015889,0.64305,0.029433,-0.048015,0.050172,0.42997
960,2,20,-0.037463,0.015858,0.64312,0.029634,-0.046623,0.04908,0.43029
962,2,20,-0.036812,0.015877,0.64308,0.029838,-0.045501,0.048141,0.43047
964,2,20,-0.036154,0.015946,0.64291,0.030036,-0.044683,0.047372,0.43048
966,2,20,-0.035498,0.016066,0.64262,0.030214,-0.044196,0.046788,0.43031
968,2,20,-0.03485,0.016235,0.64221,0.030361,-0.044054,0.0464,0.42995
970,2,20,-0.03422,0.016451,0.64169,0.030464,-0.044262,0.046221,0.4294
972,2,20,-0.033614,0.01671,0.64107,0.030514,-0.044814,0.046257,0.42866
974,2,20,-0.03304,0.017009,0.64039,0.0305,-0.045698,0.046513,0.42778
976,2,20,-0.032506,0.017344,0.63967,0.030415,-0.04689,0.046991,0.42676
978,2,20,-0.032018,0.017711,0.63894,0.030254,-0.048364,0.047689,0.42564
980,2,20,-0.03158,0.018104,0.63824,0.030015,-0.050085,0.048599,0.42447
982,2,20,-0.0312,0.018518,0.6376,0.0297,-0.052016,0.049712,0.42329
984,2,20,-0.030881,0.018949,0.63705,0.029313,-0.054116,0.051015,0.42215
986,2,20,-0.030627,0.019393,0.63661,0.028861,-0.056341,0.052492,0.4211
988,2,20,-0.030441,0.019844,0.63631,0.028353,-0.058648,0.054124,0.42016
990,2,20,-0.030325,0.020299,0.63617,0.027804,-0.060994,0.05589,0.4194
992,2,20,-0.03028,0.020753,0.63621,0.027226,-0.063335,0.057768,0.41884
994,2,20,-0.030307,0.021202,0.63642,0.026635,-0.065629,0.059734,0.41852
996,2,20,-0.030405,0.021643,0.63683,0.026048,-0.067839,0.061764,0.41844
998,2,20,-0.030573,0.022072,0.63741,0.025481,-0.069927,0.063832,0.41862
1000,2,20,-0.030808,0.022486,0.63816,0.024948,-0.071862,0.065912,0.41907
1002,2,20,-0.031107,0.022881,0.63906,0.024462,-0.073616,0.067978,0.41976
1004,2,20,-0.031467,0.023254,0.64009,0.024035,-0.075166,0.070003,0.42069
1006,2,20,-0.031882,0.023602,0.64123,0.023674,-0.076495,0.071962,0.42182
1008,2,20,-0.032347,0.023922,0.64244,0.023385,-0.077591,0.07383,0.42312
1010,2,20,-0.032857,0.024213,0.64369,0.023171,-0.078445,0.075582,0.42453
1012,2,20,-0.033405,0.02447,0.64493,0.023029,-0.079057,0.077197,0.42601
1014,2,20,-0.033984,0.024692,0.64614,0.022958,-0.079426,0.078651,0.42751
1016,2,20,-0.034586,0.024876,0.64726,0.02295,-0.079559,0.079927,0.42895
1018,2,20,-0.035205,0.025021,0.64826,0.022997,-0.079463,0.081004,0.43029
1020,2,20,-0.035833,0.025124,0.64911,0.02309,-0.079148,0.081869,0.43148
1022,2,20,-0.036462,0.025185,0.64978,0.023217,-0.078624,0.082505,0.43245
1024,2,20,-0.037084,0.025202,0.65022,0.023366,-0.077903,0.082903,0.43317
1026,2,20,-0.037691,0.025174,0.65044,0.023526,-0.076996,0.083051,0.43359
1028,2,20,-0.038277,0.025101,0.65041,0.023686,-0.075914,0.082942,0.43369
1030,2,20,-0.038835,0.024984,0.65012,0.023836,-0.074667,0.08257,0.43345
1032,2,20,-0.039357,0.024821,0.64957,0.023967,-0.073263,0.081931,0.43286
1034,2,20,-0.039838,0.024615,0.64879,0.024074,-0.07171,0.081025,0.43193
1036,2,20,-0.040273,0.024367,0.64776,0.024153,-0.070016,0.07985,0.43068
1038,2,20,-0.040656,0.024079,0.64653,0.024202,-0.068186,0.07841,0.42913
1040,2,20,-0.040984,0.023753,0.64512,0.024222,-0.066224,0.076708,0.42732
1042,2,20,-0.041254,0.023392,0.64355,0.024217,-0.064136,0.074752,0.4253
1044,2,20,-0.041462,0.023,0.64188,0.024191,-0.061924,0.072551,0.42312
1046,2,20,-0.041608,0.022582,0.64013,0.024151,-0.059592,0.070114,0.42084
1048,2,20,-0.04169,0.022143,0.63835,0.024106,-0.057144,0.067456,0.41853
1050,2,20,-0.041709,0.021687,0.63658,0.024064,-0.054584,0.064592,0.41624
1052,2,20,-0.041667,0.02122,0.63487,0.024035,-0.051915,0.061539,0.41403
1054,2,20,-0.041564,0.020749,0.63325,0.024028,-0.049144,0.058319,0.41198
1056,2,20,-0.041405,0.02028,0.63177,0.024051,-0.046276,0.054954,0.41012
1058,2,20,-0.041192,0.01982,0.63045,0.02411,-0.043321,0.051471,0.40851
1060,2,20,-0.04093,0.019375,0.62932,0.024211,-0.04029,0.047898,0.40718
1062,2,20,-0.040625,0.018954,0.6284,0.024358,-0.037195,0.044268,0.40616
1064,2,20,-0.040282,0.018561,0.62771,0.024551,-0.034054,0.040619,0.40547
1066,2,20,-0.039907,0.018203,0.62725,0.02479,-0.030885,0.036991,0.40512
1068,2,20,-0.039509,0.017885,0.62701,0.02507,-0.02771,0.033434,0.40509
1070,2,20,-0.039093,0.017611,0.627,0.025383,-0.024554,0.030003,0.40537
1072,2,20,-0.038668,0.017384,0.62719,0.025721,-0.021447,0.026762,0.40593
1074,2,20,-0.038241,0.017206,0.62757,0.026071,-0.018422,0.023788,0.40676
1076,2,20,-0.037821,0.017078,0.62811,0.026422,-0.015518,0.021163,0.40779
1078,2,20,-0.037415,0.016997,0.6288,0.026759,-0.012782,0.018972,0.409
1080,2,20,-0.037031,0.016961,0.62961,0.027069,-0.010265,0.017282,0.41033
1082,2,20,-0.036678,0.016968,0.6305,0.027341,-0.0080275,0.016116,0.41174
1084,2,20,-0.036361,0.017012,0.63146,0.027565,-0.0061326,0.015427,0.41318
1086,2,20,-0.036088,0.017088,0.63245,0.027733,-0.0046397,0.015101,0.41461
1088,2,20,-0.035866,0.017192,0.63345,0.02784,-0.0035924,0.014991,0.41599
1090,2,20,-0.035699,0.017317,0.63444,0.027885,-0.0030047,0.014971,0.41728
1092,2,20,-0.035593,0.017458,0.63539,0.027869,-0.002852,0.014964,0.41848
1094,2,20,-0.035552,0.017609,0.63629,0.027797,-0.0030714,0.014951,0.41955
1096,2,20,-0.035579,0.017766,0.63713,0.027674,-0.0035733,0.014953,0.42049
1098,2,20,-0.035677,0.017925,0.63791,0.02751,-0.0042575,0.015009,0.42131
1100,2,20,-0.035847,0.018082,0.63861,0.027313,-0.0050275,0.015154,0.422
1102,2,20,-0.036089,0.018233,0.63925,0.027095,-0.0057982,0.015404,0.42259
1104,2,20,-0.036404,0.018377,0.63984,0.026864,-0.0064993,0.015756,0.4231
1106,2,20,-0.036788,0.01851,0.64037,0.026631,-0.0070748,0.01619,0.42355
1108,2,20,-0.03724,0.018631,0.64088,0.026404,-0.0074812,0.016678,0.42398
1110,2,20,-0.037757,0.018739,0.64138,0.02619,-0.0076865,0.017186,0.4244
1112,2,20,-0.038333,0.018833,0.64188,0.025995,-0.0076683,0.017684,0.42485
1114,2,20,-0.038963,0.018913,0.64241,0.025824,-0.0074133,0.018145,0.42536
1116,2,20,-0.039641,0.018978,0.64297,0.025679,-0.0069168,0.018548,0.42594
1118,2,20,-0.04036,0.019027,0.64359,0.025563,-0.0061824,0.018876,0.42662
1120,2,20,-0.041112,0.019061,0.64426,0.025478,-0.0052219,0.01912,0.42741
1122,2,20,-0.041889,0.019079,0.645,0.025426,-0.0040551,0.019274,0.42831
1124,2,20,-0.042682,0.019082,0.64579,0.025408,-0.0027095,0.019336,0.42931
1126,2,20,-0.043482,0.019068,0.64662,0.025424,-0.0012193,0.019311,0.4304
1128,2,20,-0.044279,0.019039,0.64749,0.025476,0.00037532,0.019204,0.43157
1130,2,20,-0.045064,0.018994,0.64837,0.025561,0.0020295,0.019025,0.43279
1132,2,20,-0.045827,0.018932,0.64923,0.025676,0.0036951,0.018786,0.43403
1134,2,20,-0.046558,0.018855,0.65007,0.025819,0.0053224,0.0185,0.43525
1136,2,20,-0.047249,0.018762,0.65084,0.025984,0.0068617,0.018184,0.43641
1138,2,20,-0.04789,0.018653,0.65152,0.026163,0.008265,0.017854,0.43748
1140,2,20,-0.048473,0.018529,0.65209,0.02635,0.0094877,0.017525,0.43841
1142,2,20,-0.048989,0.01839,0.65252,0.026537,0.01049,0.017216,0.43916
1144,2,20,-0.049432,0.018238,0.65279,0.026714,0.011237,0.016939,0.4397
1146,2,20,-0.049795,0.018073,0.65289,0.026876,0.011704,0.016708,0.43999
1148,2,20,-0.050073,0.017898,0.6528,0.027015,0.011869,0.016529,0.44002
1150,2,20,-0.05026,0.017714,0.65252,0.027128,0.011723,0.016405,0.43976
1152,2,20,-0.050353,0.017523,0.65203,0.02721,0.011262,0.016336,0.43921
1154,2,20,-0.05035,0.017329,0.65134,0.02726,0.010492,0.016313,0.43836
1156,2,20,-0.050249,0.017134,0.65045,0.027281,0.0094257,0.016326,0.43722
1158,2,20,-0.050049,0.016941,0.64937,0.027273,0.0080826,0.016358,0.43581
1160,2,20,-0.049752,0.016754,0.64811,0.027243,0.0064898,0.016393,0.43415
1162,2,20,-0.049359,0.016576,0.6467,0.027197,0.0046797,0.016415,0.43228
1164,2,20,-0.048874,0.016409,0.64515,0.027142,0.0026893,0.016407,0.43022
1166,2,20,-0.0483,0.016258,0.64349,0.027087,0.00055995,0.016355,0.42802
1168,2,20,-0.047642,0.016124,0.64174,0.027042,-0.0016644,0.016249,0.42573
1170,2,20,-0.046907,0.01601,0.63994,0.027015,-0.0039374,0.016085,0.42338
1172,2,20,-0.046101,0.015917,0.6381,0.027014,-0.006212,0.015862,0.42104
1174,2,20,-0.045232,0.015844,0.63627,0.027047,-0.0084408,0.015584,0.41874
1176,2,20,-0.044308,0.015794,0.63447,0.027118,-0.010577,0.015262,0.41653
1178,2,20,-0.043339,0.015763,0.63274,0.027231,-0.012576,0.01491,0.41444
1180,2,20,-0.042333,0.01575,0.63109,0.027384,-0.014396,0.014544,0.41252
1182,2,20,-0.0413,0.015752,0.62956,0.027575,-0.015998,0.014184,0.41079
1184,2,20,-0.04025,0.015767,0.62816,0.027797,-0.017349,0.013848,0.40926
1186,2,20,-0.039193,0.01579,0.62692,0.028042,-0.018421,0.013553,0.40796
1188,2,20,-0.038138,0.015818,0.62584,0.028298,-0.019192,0.01331,0.40689
1190,2,20,-0.037096,0.015845,0.62495,0.028554,-0.019649,0.013127,0.40605
1192,2,20,-0.036074,0.015868,0.62423,0.028796,-0.019787,0.013004,0.40542
1194,2,20,-0.035083,0.015883,0.6237,0.029013,-0.019609,0.012937,0.40499
1196,2,20,-0.034129,0.015885,0.62334,0.029194,-0.019128,0.01292,0.40474
1198,2,20,-0.033221,0.015872,0.62313,0.02933,-0.018367,0.012942,0.40464
1200,2,20,-0.032365,0.01584,0.62306,0.029415,-0.017354,0.012996,0.40464
1202,2,20,-0.031567,0.015787,0.6231,0.029444,-0.016128,0.013075,0.40473
1204,2,20,-0.03083,0.015711,0.62322,0.029416,-0.014731,0.013174,0.40484
1206,2,20,-0.030159,0.015611,0.62338,0.029332,-0.01321,0.013289,0.40495
1208,2,20,-0.029557,0.015486,0.62355,0.029195,-0.011614,0.013421,0.40501
1210,2,20,-0.029024,0.015337,0.6237,0.029009,-0.0099928,0.013569,0.40499
1212,2,20,-0.028561,0.015165,0.62378,0.028781,-0.0083942,0.013735,0.40484
1214,2,20,-0.028168,0.014971,0.62376,0.028519,-0.0068628,0.013918,0.40453
1216,2,20,-0.027841,0.014757,0.62362,0.028232,-0.0054389,0.014119,0.40404
1218,2,20,-0.027578,0.014526,0.62332,0.027929,-0.0041565,0.014336,0.40335
1220,2,20,-0.027375,0.014281,0.62284,0.02762,-0.0030431,0.014564,0.40243
1222,2,20,-0.027227,0.014025,0.62218,0.027314,-0.0021187,0.0148,0.40128
1224,2,20,-0.027127,0.013761,0.62131,0.02702,-0.0013955,0.015037,0.3999
1226,2,20,-0.02707,0.013495,0.62025,0.026746,-0.00087761,0.015268,0.3983
1228,2,20,-0.027047,0.013229,0.61898,0.026497,-0.00056171,0.015486,0.39648
1230,2,20,-0.027051,0.012969,0.61753,0.026279,-0.00043722,0.015684,0.39447
1232,2,20,-0.027073,0.012716,0.61592,0.026093,-0.00048718,0.015855,0.39229
1234,2,20,-0.027105,0.012476,0.61416,0.02594,-0.00068928,0.015993,0.38998
1236,2,20,-0.027137,0.012251,0.6123,0.025819,-0.0010171,0.016097,0.38757
1238,2,20,-0.027161,0.012045,0.61036,0.025727,-0.0014417,0.016162,0.38511
1240,2,20,-0.027168,0.011858,0.60838,0.025661,-0.001933,0.016191,0.38263
1242,2,20,-0.02715,0.011693,0.6064,0.025618,-0.0024615,0.016185,0.38018
1244,2,20,-0.027098,0.01155,0.60446,0.025592,-0.003,0.01615,0.37781
1246,2,20,-0.027006,0.01143,0.60259,0.025582,-0.0035252,0.016091,0.37555
1248,2,20,-0.026866,0.011333,0.60085,0.025583,-0.0040184,0.016015,0.37345
1250,2,20,-0.026672,0.011257,0.59924,0.025593,-0.0044674,0.015932,0.37154
1252,2,20,-0.026419,0.011202,0.59782,0.025611,-0.0048662,0.015848,0.36985
1254,2,20,-0.026103,0.011165,0.59659,0.025635,-0.0052152,0.015771,0.3684
1256,2,20,-0.025721,0.011145,0.59557,0.025664,-0.0055214,0.015709,0.36722
1258,2,20,-0.025271,0.01114,0.59478,0.025698,-0.0057965,0.015669,0.36631
1260,2,20,-0.024752,0.011148,0.59422,0.025734,-0.0060565,0.015659,0.36568
1262,2,20,-0.024164,0.011167,0.59388,0.025773,-0.0063193,0.015687,0.36531
1264,2,20,-0.023509,0.011194,0.59376,0.025811,-0.0066037,0.015763,0.36521
1266,2,20,-0.02279,0.011228,0.59384,0.025849,-0.006928,0.015897,0.36534
1268,2,20,-0.022011,0.011266,0.59411,0.025883,-0.0073085,0.016097,0.3657
1270,2,20,-0.021176,0.011307,0.59454,0.02591,-0.0077591,0.016372,0.36623
1272,2,20,-0.020292,0.011349,0.5951,0.025929,-0.0082908,0.016725,0.36692
1274,2,20,-0.019367,0.01139,0.59577,0.025936,-0.0089113,0.017158,0.36772
1276,2,20,-0.018407,0.011429,0.59652,0.025929,-0.009625,0.017665,0.3686
1278,2,20,-0.017422,0.011463,0.5973,0.025906,-0.010433,0.018239,0.36952
1280,2,20,-0.016421,0.01149,0.59811,0.025866,-0.011333,0.018868,0.37045
1282,2,20,-0.015414,0.01151,0.5989,0.025807,-0.012318,0.019537,0.37134
1284,2,20,-0.014411,0.01152,0.59966,0.02573,-0.013378,0.020233,0.37217
1286,2,20,-0.013424,0.011519,0.60035,0.025637,-0.014502,0.020941,0.37291
1288,2,20,-0.012462,0.011505,0.60097,0.025527,-0.015672,0.021646,0.37355
1290,2,20,-0.011535,0.011478,0.6015,0.025403,-0.016868,0.022336,0.37406
1292,2,20,-0.010656,0.011436,0.60193,0.025267,-0.018069,0.023,0.37445
1294,2,20,-0.0098321,0.011379,0.60226,0.025122,-0.01925,0.023626,0.37471
1296,2,20,-0.0090741,0.011306,0.6025,0.02497,-0.020386,0.024205,0.37485
1298,2,20,-0.0083904,0.011218,0.60265,0.024811,-0.02145,0.02473,0.37488
1300,2,20,-0.0077888,0.011116,0.60272,0.024649,-0.022414,0.025193,0.37481
1302,2,20,-0.0072762,0.011001,0.60273,0.024482,-0.023254,0.025586,0.37467
1304,2,20,-0.0068585,0.010874,0.60271,0.024313,-0.023944,0.025904,0.37449
1306,2,20,-0.0065404,0.010739,0.60266,0.024141,-0.024464,0.026141,0.37427
1308,2,20,-0.0063253,0.010598,0.60262,0.023965,-0.024793,0.026292,0.37407
1310,2,20,-0.0062155,0.010456,0.60261,0.023786,-0.024918,0.026352,0.37389
1312,2,20,-0.0062117,0.010315,0.60264,0.023603,-0.024827,0.026318,0.37376
1314,2,20,-0.0063135,0.010182,0.60275,0.023415,-0.024515,0.026188,0.37372
1316,2,20,-0.0065189,0.01006,0.60293,0.023223,-0.02398,0.025962,0.37377
1318,2,20,-0.0068247,0.0099554,0.60321,0.023028,-0.023225,0.025641,0.37394
1320,2,20,-0.0072263,0.0098717,0.6036,0.022831,-0.02226,0.025228,0.37423
1322,2,20,-0.0077178,0.0098134,0.60409,0.022635,-0.021098,0.024729,0.37466
1324,2,20,-0.0082922,0.0097838,0.60468,0.022444,-0.019755,0.024154,0.37521
1326,2,20,-0.0089413,0.0097854,0.60537,0.022261,-0.018252,0.023513,0.37589
1328,2,20,-0.0096559,0.0098192,0.60615,0.02209,-0.016614,0.022822,0.37669
1330,2,20,-0.010426,0.009885,0.607,0.021938,-0.014866,0.022095,0.37759
1332,2,20,-0.01124,0.0099814,0.60791,0.021807,-0.013038,0.021351,0.37859
1334,2,20,-0.012088,0.010106,0.60886,0.021703,-0.011161,0.020609,0.37966
1336,2,20,-0.012957,0.010254,0.60983,0.021628,-0.0092642,0.019888,0.38078
1338,2,20,-0.013835,0.010422,0.6108,0.021584,-0.0073809,0.019206,0.38193
1340,2,20,-0.01471,0.010605,0.61176,0.021571,-0.0055426,0.018579,0.38309
1342,2,20,-0.01557,0.010798,0.61269,0.02159,-0.0037808,0.018017,0.38425
1344,2,20,-0.016401,0.010995,0.61357,0.021639,-0.0021259,0.017529,0.38537
1346,2,20,-0.017194,0.011191,0.61439,0.021716,-0.00060704,0.017117,0.38644
1348,2,20,-0.017936,0.011382,0.61514,0.02182,0.00074904,0.016777,0.38745
1350,2,20,-0.018617,0.011565,0.61581,0.021949,0.0019183,0.016504,0.38838
1352,2,20,-0.019227,0.011735,0.61639,0.022101,0.00288,0.016287,0.38922
1354,2,20,-0.019758,0.01189,0.61688,0.022274,0.0036178,0.016115,0.38997
1356,2,20,-0.020203,0.012029,0.61728,0.022467,0.0041198,0.015976,0.39062
1358,2,20,-0.020554,0.01215,0.61757,0.022677,0.0043793,0.015859,0.39117
1360,2,20,-0.020807,0.012252,0.61777,0.022902,0.0043947,0.015754,0.39161
1362,2,20,-0.020958,0.012336,0.61788,0.023138,0.00417,0.015654,0.39194
1364,2,20,-0.021005,0.012403,0.61789,0.023381,0.0037143,0.015552,0.39217
1366,2,20,-0.020947,0.012455,0.61781,0.023627,0.0030416,0.015446,0.3923
1368,2,20,-0.020784,0.012492,0.61765,0.023869,0.0021701,0.015333,0.39231
1370,2,20,-0.020518,0.012519,0.61741,0.024101,0.001122,0.015212,0.39223
1372,2,20,-0.020153,0.012536,0.6171,0.024317,-7.7779e-05,0.015084,0.39204
1374,2,20,-0.019694,0.012548,0.61672,0.024509,-0.0014022,0.014949,0.39176
1376,2,20,-0.019147,0.012556,0.61628,0.024671,-0.0028228,0.01481,0.39136
1378,2,20,-0.018518,0.012565,0.61578,0.024797,-0.0043105,0.014668,0.39086
1380,2,20,-0.017817,0.012576,0.61522,0.024883,-0.0058367,0.014525,0.39026
1382,2,20,-0.017053,0.012593,0.61461,0.024925,-0.0073733,0.014383,0.38955
1384,2,20,-0.016235,0.012616,0.61395,0.024922,-0.0088934,0.014247,0.38874
1386,2,20,-0.015376,0.012648,0.61324,0.024874,-0.010372,0.014118,0.38782
1388,2,20,-0.014486,0.012691,0.61248,0.024782,-0.011786,0.014002,0.3868
1390,2,20,-0.013577,0.012744,0.61167,0.024653,-0.013113,0.013904,0.38569
1392,2,20,-0.012662,0.012808,0.61081,0.024491,-0.014334,0.013829,0.38449
1394,2,20,-0.011753,0.012884,0.60991,0.024307,-0.01543,0.013785,0.38322
1396,2,20,-0.010861,0.012971,0.60897,0.024108,-0.016384,0.013779,0.38188
1398,2,20,-0.0099994,0.013068,0.60799,0.023907,-0.017181,0.013819,0.38051
1400,2,20,-0.0091789,0.013175,0.60698,0.023714,-0.017807,0.013913,0.37911
1402,2,20,-0.0084105,0.01329,0.60596,0.02354,-0.018247,0.014066,0.37772
1404,2,20,-0.0077043,0.013414,0.60494,0.023394,-0.018491,0.014281,0.37636
1406,2,20,-0.0070695,0.013546,0.60394,0.023283,-0.018529,0.014561,0.37505
1408,2,20,-0.0065145,0.013684,0.60298,0.023214,-0.018353,0.014903,0.37382
1410,2,20,-0.0060465,0.013828,0.60208,0.023187,-0.01796,0.015302,0.37272
1412,2,20,-0.0056715,0.013979,0.60127,0.023203,-0.017351,0.015748,0.37175
1414,2,20,-0.0053944,0.014135,0.60056,0.023258,-0.01653,0.016234,0.37095
1416,2,20,-0.0052186,0.014296,0.6,0.023347,-0.015508,0.016745,0.37035
1418,2,20,-0.0051463,0.014463,0.59958,0.023464,-0.014302,0.017271,0.36996
1420,2,20,-0.0051783,0.014634,0.59935,0.023601,-0.012934,0.0178,0.3698
1422,2,20,-0.0053141,0.014809,0.5993,0.023751,-0.011433,0.01832,0.36988
1424,2,20,-0.0055518,0.014987,0.59946,0.023907,-0.0098317,0.018822,0.37021
1426,2,20,-0.0058882,0.015168,0.59981,0.024062,-0.0081672,0.019297,0.37077
1428,2,20,-0.006319,0.015349,0.60036,0.024212,-0.0064791,0.019739,0.37158
1430,2,20,-0.0068387,0.01553,0.60111,0.024352,-0.0048078,0.020143,0.3726
1432,2,20,-0.0074406,0.015708,0.60202,0.024481,-0.0031931,0.020505,0.37382
1434,2,20,-0.0081172,0.01588,0.60309,0.024596,-0.0016726,0.020823,0.37521
1436,2,20,-0.0088601,0.016045,0.60428,0.024699,-0.0002798,0.021095,0.37674
1438,2,20,-0.0096603,0.016199,0.60557,0.024787,0.00095637,0.021323,0.37838
1440,2,20,-0.010508,0.01634,0.60691,0.024864,0.0020131,0.021507,0.38009
1442,2,20,-0.011393,0.016463,0.60829,0.024928,0.0028741,0.021649,0.38183
1444,2,20,-0.012305,0.016567,0.60966,0.024982,0.0035303,0.021751,0.38355
1446,2,20,-0.013234,0.016647,0.61099,0.025026,0.0039794,0.021815,0.38521
1448,2,20,-0.014169,0.016701,0.61225,0.025059,0.0042264,0.021844,0.38678
1450,2,20,-0.0151,0.016727,0.61341,0.025083,0.0042829,0.021841,0.38823
1452,2,20,-0.016016,0.016722,0.61445,0.025097,0.0041664,0.021808,0.38951
1454,2,20,-0.016908,0.016683,0.61534,0.0251,0.0039,0.021749,0.39061
1456,2,20,-0.017768,0.016609,0.61606,0.025091,0.0035111,0.021668,0.3915
1458,2,20,-0.018586,0.0165,0.61662,0.02507,0.0030309,0.021567,0.39217
1460,2,20,-0.019355,0.016355,0.61701,0.025034,0.0024931,0.021451,0.3926
1462,2,20,-0.020069,0.016174,0.61721,0.024983,0.0019331,0.021325,0.39281
1464,2,20,-0.020722,0.015957,0.61725,0.024914,0.0013866,0.021192,0.39279
1466,2,20,-0.021308,0.015707,0.61713,0.024826,0.00088877,0.021058,0.39256
1468,2,20,-0.021825,0.015426,0.61686,0.024715,0.0004728,0.020926,0.39212
1470,2,20,-0.02227,0.015116,0.61647,0.02458,0.00016898,0.020798,0.39151
1472,2,20,-0.022642,0.014781,0.61596,0.02442,3.4817e-06,0.020676,0.39074
1474,2,20,-0.022939,0.014426,0.61538,0.024231,-2.5502e-06,0.020559,0.38985
1476,2,20,-0.023164,0.014055,0.61473,0.024014,0.00016612,0.020447,0.38885
1478,2,20,-0.023317,0.013675,0.61404,0.023769,0.00051824,0.020334,0.38778
1480,2,20,-0.023402,0.013291,0.61333,0.023497,0.0010556,0.020215,0.38667
1482,2,20,-0.023422,0.012911,0.61262,0.023202,0.0017732,0.020085,0.38553
1484,2,20,-0.023381,0.012541,0.61192,0.022888,0.0026591,0.019936,0.3844
1486,2,20,-0.023286,0.012188,0.61123,0.022562,0.0036952,0.019761,0.38328
1488,2,20,-0.023142,0.011861,0.61057,0.022231,0.0048575,0.019553,0.38219
1490,2,20,-0.022956,0.011567,0.60994,0.021906,0.0061175,0.019306,0.38114
1492,2,20,-0.022734,0.011311,0.60932,0.021597,0.0074428,0.019016,0.38013
1494,2,20,-0.022485,0.0111,0.60872,0.021313,0.0087985,0.018679,0.37917
1496,2,20,-0.022215,0.010937,0.60812,0.021066,0.010148,0.018295,0.37825
1498,2,20,-0.021932,0.010826,0.60752,0.020863,0.011453,0.017866,0.37735
1500,2,20,-0.021644,0.010768,0.60689,0.020712,0.012678,0.017395,0.37647
1502,2,20,-0.021358,0.010761,0.60623,0.020618,0.013788,0.01689,0.37559
1504,2,20,-0.021081,0.010805,0.60552,0.020583,0.014749,0.016359,0.37471
1506,2,20,-0.020821,0.010894,0.60475,0.020607,0.015532,0.015814,0.37379
1508,2,20,-0.020583,0.011024,0.6039,0.020687,0.016113,0.015271,0.37283
1510,2,20,-0.020373,0.011191,0.60298,0.020817,0.016471,0.014744,0.37181
1512,2,20,-0.020196,0.011387,0.60196,0.02099,0.016592,0.014251,0.37073
1514,2,20,-0.020058,0.011608,0.60087,0.021197,0.016468,0.013807,0.36958
1516,2,20,-0.019961,0.011848,0.59969,0.021429,0.016095,0.013426,0.36835
1518,2,20,-0.019909,0.012102,0.59843,0.021677,0.015477,0.01312,0.36705
1520,2,20,-0.019904,0.012366,0.59711,0.021932,0.014623,0.012893,0.36568
1522,2,20,-0.019947,0.012636,0.59574,0.022186,0.013547,0.012746,0.36426
1524,2,20,-0.020039,0.01291,0.59434,0.022432,0.01227,0.012673,0.3628
1526,2,20,-0.02018,0.013184,0.59293,0.022666,0.010814,0.012664,0.36133
1528,2,20,-0.020368,0.013458,0.59153,0.022883,0.0092071,0.012705,0.35986
1530,2,20,-0.020602,0.013729,0.59017,0.023081,0.0074778,0.012779,0.35842
1532,2,20,-0.02088,0.013997,0.58888,0.023258,0.0056577,0.012871,0.35705
1534,2,20,-0.021199,0.014261,0.58767,0.023414,0.0037791,0.012966,0.35578
1536,2,20,-0.021555,0.014521,0.58659,0.023549,0.0018742,0.013051,0.35462
1538,2,20,-0.021944,0.014776,0.58565,0.023661,-2.5828e-05,0.013116,0.35362
1540,2,20,-0.022363,0.015026,0.58487,0.023752,-0.0018911,0.013154,0.35279
1542,2,20,-0.022806,0.015271,0.58428,0.023821,-0.0036944,0.013162,0.35216
1544,2,20,-0.023269,0.01551,0.58389,0.023869,-0.0054111,0.013137,0.35175
1546,2,20,-0.023748,0.015745,0.58372,0.023895,-0.0070204,0.013082,0.35157
1548,2,20,-0.024237,0.015974,0.58376,0.023899,-0.008505,0.013001,0.35163
1550,2,20,-0.024731,0.016196,0.58404,0.023883,-0.0098516,0.012901,0.35194
1552,2,20,-0.025228,0.016413,0.58454,0.023847,-0.011051,0.012789,0.35249
1554,2,20,-0.025721,0.016623,0.58526,0.023793,-0.012096,0.012676,0.35328
1556,2,20,-0.026208,0.016826,0.58618,0.023724,-0.012985,0.012572,0.3543
1558,2,20,-0.026685,0.017021,0.58728,0.023643,-0.013716,0.012487,0.35552
1560,2,20,-0.027149,0.017209,0.58856,0.023554,-0.014293,0.01243,0.35695
1562,2,20,-0.027597,0.017389,0.58998,0.023464,-0.014717,0.012409,0.35854
1564,2,20,-0.028029,0.01756,0.59152,0.023375,-0.014991,0.012426,0.36028
1566,2,20,-0.028443,0.017723,0.59316,0.023295,-0.015121,0.012482,0.36215
1568,2,20,-0.028837,0.017877,0.59487,0.023228,-0.01511,0.012574,0.36412
1570,2,20,-0.029213,0.018023,0.59662,0.023177,-0.014961,0.012695,0.36616
1572,2,20,-0.029571,0.018161,0.59839,0.023147,-0.014679,0.012838,0.36825
1574,2,20,-0.029912,0.018292,0.60017,0.023139,-0.014267,0.012991,0.37038
1576,2,20,-0.030239,0.018416,0.60193,0.023156,-0.013729,0.013147,0.37251
1578,2,20,-0.030552,0.018533,0.60367,0.023197,-0.01307,0.013295,0.37464
1580,2,20,-0.030856,0.018646,0.60535,0.023263,-0.012295,0.013428,0.37673
1582,2,20,-0.031153,0.018754,0.60699,0.023352,-0.011411,0.013542,0.37879
1584,2,20,-0.031447,0.018858,0.60856,0.023464,-0.010427,0.013634,0.3808
1586,2,20,-0.031742,0.01896,0.61005,0.023596,-0.0093512,0.013701,0.38274
1588,2,20,-0.032042,0.019059,0.61147,0.023747,-0.0081957,0.013747,0.38461
1590,2,20,-0.032351,0.019157,0.61281,0.023915,-0.0069727,0.013775,0.3864
1592,2,20,-0.032672,0.019254,0.61406,0.024098,-0.005696,0.013788,0.3881
1594,2,20,-0.033011,0.019351,0.61521,0.024294,-0.0043802,0.013794,0.3897
1596,2,20,-0.03337,0.019446,0.61627,0.024502,-0.0030405,0.013797,0.39119
1598,2,20,-0.033754,0.019541,0.61722,0.02472,-0.0016925,0.013805,0.39258
1600,2,20,-0.034165,0.019633,0.61807,0.024946,-0.0003516,0.013823,0.39384
1602,2,20,-0.034607,0.019722,0.61881,0.025177,0.00096712,0.013856,0.39497
1604,2,20,-0.035081,0.019808,0.61944,0.025413,0.0022492,0.013906,0.39597
1606,2,20,-0.035589,0.019887,0.61994,0.02565,0.003481,0.013977,0.39683
1608,2,20,-0.036132,0.019959,0.62033,0.025889,0.0046498,0.014066,0.39755
1610,2,20,-0.036711,0.020021,0.6206,0.026127,0.0057439,0.014174,0.39811
1612,2,20,-0.037325,0.020071,0.62074,0.026365,0.0067529,0.014297,0.39853
1614,2,20,-0.037973,0.020107,0.62077,0.026601,0.0076677,0.01443,0.3988
1616,2,20,-0.038653,0.020125,0.62067,0.026837,0.0084807,0.014567,0.39892
1618,2,20,-0.039361,0.020124,0.62046,0.027074,0.0091862,0.014704,0.3989
1620,2,20,-0.040096,0.020102,0.62014,0.027313,0.0097805,0.014832,0.39875
1622,2,20,-0.040852,0.020056,0.61973,0.027557,0.010262,0.014946,0.39849
1624,2,20,-0.041624,0.019984,0.61922,0.027806,0.010633,0.015037,0.39813
1626,2,20,-0.042407,0.019885,0.61865,0.028063,0.010898,0.0151,0.39769
1628,2,20,-0.043194,0.019757,0.61802,0.028328,0.011065,0.015127,0.39719
1630,2,20,-0.043978,0.019599,0.61734,0.028602,0.011144,0.015113,0.39666
1632,2,20,-0.044753,0.019412,0.61665,0.028884,0.011149,0.015054,0.39611
1634,2,20,-0.04551,0.019195,0.61596,0.029172,0.011096,0.014947,0.39558
1636,2,20,-0.046241,0.018949,0.61529,0.029464,0.011004,0.01479,0.39508
1638,2,20,-0.046939,0.018676,0.61466,0.029757,0.010891,0.014587,0.39463
1640,2,20,-0.047594,0.018378,0.61409,0.030045,0.010775,0.014341,0.39426
1642,2,20,-0.048198,0.018057,0.61359,0.030325,0.010673,0.01406,0.39397
1644,2,20,-0.048743,0.017717,0.61318,0.030592,0.0106,0.013753,0.39377
1646,2,20,-0.049222,0.017362,0.61286,0.030841,0.010567,0.013433,0.39366
1648,2,20,-0.049625,0.016998,0.61263,0.031068,0.010581,0.013113,0.39365
1650,2,20,-0.049947,0.01663,0.61249,0.031269,0.010643,0.012806,0.39372
1652,2,20,-0.050179,0.016265,0.61243,0.031442,0.01075,0.012522,0.39385
1654,2,20,-0.050317,0.015909,0.61244,0.031584,0.010896,0.012272,0.39404
1656,2,20,-0.050355,0.015571,0.6125,0.031692,0.011067,0.012061,0.39424
1658,2,20,-0.050287,0.015258,0.6126,0.031766,0.011251,0.011891,0.39445
1660,2,20,-0.050111,0.014978,0.6127,0.031804,0.011428,0.011761,0.39462
1662,2,20,-0.049824,0.014737,0.61278,0.031806,0.01158,0.011666,0.39472
1664,2,20,-0.049424,0.014544,0.61283,0.031771,0.01169,0.011601,0.39474
1666,2,20,-0.04891,0.014403,0.61281,0.031701,0.011737,0.011559,0.39463
1668,2,20,-0.048283,0.014318,0.61271,0.031595,0.011707,0.011533,0.39439
1670,2,20,-0.047544,0.014293,0.61252,0.031453,0.011585,0.011515,0.39397
1672,2,20,-0.046695,0.014327,0.61221,0.031278,0.011361,0.011498,0.39339
1674,2,20,-0.045741,0.014418,0.61178,0.031071,0.011027,0.011476,0.39261
1676,2,20,-0.044685,0.014564,0.61123,0.030832,0.01058,0.011442,0.39166
1678,2,20,-0.043534,0.014759,0.61056,0.030566,0.010022,0.011389,0.39054
1680,2,20,-0.042293,0.014997,0.60979,0.030274,0.0093594,0.011315,0.38925
1682,2,20,-0.040971,0.01527,0.60892,0.029962,0.0086011,0.011215,0.38783
1684,2,20,-0.039575,0.015571,0.60797,0.029633,0.0077618,0.01109,0.38631
1686,2,20,-0.038115,0.015892,0.60697,0.029295,0.0068587,0.010942,0.38471
1688,2,20,-0.0366,0.016224,0.60593,0.028955,0.0059122,0.010777,0.38308
1690,2,20,-0.03504,0.016561,0.60489,0.028623,0.0049445,0.010604,0.38146
1692,2,20,-0.033447,0.016896,0.60387,0.028307,0.0039793,0.010433,0.37988
1694,2,20,-0.03183,0.017221,0.60289,0.028019,0.0030409,0.010278,0.37839
1696,2,20,-0.030201,0.017531,0.60197,0.027767,0.0021538,0.010152,0.37702
1698,2,20,-0.028571,0.017821,0.60114,0.027562,0.0013415,0.010067,0.37581
1700,2,20,-0.026951,0.018087,0.60042,0.02741,0.00062655,0.010033,0.37478
1702,2,20,-0.025353,0.018325,0.59981,0.027316,2.9521e-05,0.010054,0.37395
1704,2,20,-0.023787,0.018532,0.59933,0.02728,-0.00043137,0.010129,0.37334
1706,2,20,-0.022263,0.018706,0.59898,0.027299,-0.00074081,0.010254,0.37294
1708,2,20,-0.020791,0.018846,0.59878,0.027366,-0.00088701,0.010418,0.37276
1710,2,20,-0.019381,0.01895,0.5987,0.027472,-0.00086217,0.010611,0.37279
1712,2,20,-0.018041,0.019017,0.59877,0.027603,-0.00066303,0.010818,0.373
1714,2,20,-0.016779,0.019048,0.59895,0.027744,-0.00029132,0.011029,0.37337
1716,2,20,-0.015602,0.019044,0.59925,0.02788,0.00024588,0.011234,0.37386
1718,2,20,-0.014517,0.019005,0.59964,0.027997,0.00093595,0.011424,0.37446
1720,2,20,-0.013527,0.018932,0.60011,0.028081,0.0017607,0.011598,0.37512
1722,2,20,-0.012638,0.018827,0.60064,0.02812,0.0026967,0.011752,0.37579
1724,2,20,-0.011853,0.018692,0.60121,0.028106,0.0037158,0.011888,0.37646
1726,2,20,-0.011173,0.01853,0.60179,0.028033,0.004786,0.012009,0.37709
1728,2,20,-0.010601,0.018341,0.60237,0.027898,0.0058729,0.012121,0.37764
1730,2,20,-0.010135,0.01813,0.60292,0.027701,0.0069406,0.012227,0.37809
1732,2,20,-0.0097761,0.017898,0.60343,0.027445,0.007954,0.012334,0.37843
1734,2,20,-0.0095211,0.017649,0.60387,0.027134,0.00888,0.012443,0.37865
1736,2,20,-0.0093679,0.017384,0.60425,0.026777,0.009689,0.012558,0.37874
1738,2,20,-0.0093126,0.017108,0.60455,0.02638,0.010357,0.012678,0.3787
1740,2,20,-0.009351,0.016822,0.60477,0.025952,0.010864,0.012801,0.37854
1742,2,20,-0.009478,0.01653,0.60491,0.025504,0.0112,0.012923,0.37828
1744,2,20,-0.0096878,0.016234,0.60499,0.025044,0.01136,0.013038,0.37793
1746,2,20,-0.0099743,0.015937,0.60501,0.024582,0.011345,0.013141,0.37752
1748,2,20,-0.010331,0.015642,0.60498,0.024128,0.011164,0.013225,0.37707
1750,2,20,-0.01075,0.01535,0.60493,0.023691,0.010831,0.013286,0.3766
1752,2,20,-0.011225,0.015064,0.60485,0.023279,0.010363,0.013323,0.37614
1754,2,20,-0.011749,0.014785,0.60478,0.022898,0.0097823,0.013335,0.37572
1756,2,20,-0.012313,0.014517,0.60471,0.022554,0.0091118,0.013326,0.37535
1758,2,20,-0.012911,0.014259,0.60468,0.022251,0.0083755,0.013304,0.37504
1760,2,20,-0.013534,0.014014,0.60467,0.021991,0.0075967,0.013278,0.37482
1762,2,20,-0.014177,0.013782,0.60472,0.021773,0.0067973,0.013259,0.37469
1764,2,20,-0.014833,0.013565,0.60481,0.021596,0.005997,0.01326,0.37465
1766,2,20,-0.015495,0.013363,0.60495,0.021455,0.0052122,0.013293,0.37471
1768,2,20,-0.016157,0.013176,0.60514,0.021345,0.0044556,0.013369,0.37485
1770,2,20,-0.016814,0.013005,0.60538,0.021262,0.0037359,0.013494,0.37508
1772,2,20,-0.017462,0.01285,0.60566,0.021202,0.0030577,0.013673,0.37537
1774,2,20,-0.018096,0.01271,0.60598,0.02116,0.0024214,0.013905,0.37572
1776,2,20,-0.018713,0.012586,0.60631,0.021135,0.0018238,0.014184,0.3761
1778,2,20,-0.01931,0.012476,0.60666,0.021126,0.0012588,0.014503,0.37651
1780,2,20,-0.019885,0.012381,0.607,0.021132,0.00071771,0.014851,0.37694
1782,2,20,-0.020437,0.0123,0.60733,0.021155,0.00019051,0.015217,0.37735
1784,2,20,-0.020964,0.012231,0.60763,0.021196,-0.00033369,0.015588,0.37775
1786,2,20,-0.021467,0.012176,0.60789,0.021255,-0.00086577,0.01595,0.37812
1788,2,20,-0.021946,0.012133,0.60812,0.021333,-0.001416,0.016292,0.37845
1790,2,20,-0.022402,0.012102,0.60829,0.021429,-0.0019936,0.016604,0.37874
1792,2,20,-0.022837,0.012083,0.60842,0.021543,-0.0026061,0.016874,0.37899
1794,2,20,-0.023252,0.012075,0.60849,0.021672,-0.0032593,0.017096,0.37918
1796,2,20,-0.02365,0.012078,0.60851,0.021814,-0.0039569,0.017261,0.37933
1798,2,20,-0.024033,0.012092,0.60849,0.021966,-0.0047003,0.017364,0.37943
1800,2,20,-0.024405,0.012117,0.60842,0.022124,-0.0054887,0.017402,0.37948
1802,2,20,-0.024769,0.012153,0.60831,0.022286,-0.0063188,0.017373,0.37948
1804,2,20,-0.025127,0.0122,0.60817,0.022448,-0.0071849,0.017277,0.37944
1806,2,20,-0.025483,0.012258,0.60799,0.022607,-0.0080791,0.017114,0.37936
1808,2,20,-0.02584,0.012327,0.60777,0.022762,-0.0089914,0.01689,0.37923
1810,2,20,-0.026201,0.012407,0.60752,0.022912,-0.0099095,0.016607,0.37906
1812,2,20,-0.026568,0.012497,0.60724,0.023055,-0.01082,0.016272,0.37884
1814,2,20,-0.026945,0.012599,0.60693,0.023193,-0.011708,0.015894,0.37858
1816,2,20,-0.027334,0.012709,0.60658,0.023325,-0.012558,0.015479,0.37827
1818,2,20,-0.027735,0.012829,0.60619,0.023452,-0.013354,0.015038,0.37792
1820,2,20,-0.028151,0.012958,0.60578,0.023576,-0.01408,0.014581,0.37753
1822,2,20,-0.028583,0.013093,0.60533,0.023696,-0.014721,0.014116,0.37709
1824,2,20,-0.029031,0.013235,0.60486,0.023811,-0.015264,0.013655,0.37662
1826,2,20,-0.029494,0.013381,0.60436,0.023923,-0.015695,0.013208,0.37613
1828,2,20,-0.029973,0.01353,0.60386,0.024028,-0.016005,0.012783,0.37562
1830,2,20,-0.030465,0.013681,0.60337,0.024125,-0.016183,0.012389,0.37512
1832,2,20,-0.03097,0.013831,0.6029,0.024211,-0.016223,0.012034,0.37463
1834,2,20,-0.031485,0.013978,0.60247,0.024284,-0.016122,0.011724,0.37418
1836,2,20,-0.032008,0.014122,0.60211,0.024339,-0.015877,0.011465,0.37379
1838,2,20,-0.032535,0.014258,0.60184,0.024374,-0.01549,0.011259,0.37349
1840,2,20,-0.033063,0.014387,0.60167,0.024386,-0.014964,0.011109,0.37331
1842,2,20,-0.033587,0.014505,0.60164,0.024373,-0.014304,0.011015,0.37326
1844,2,20,-0.034105,0.014612,0.60176,0.024333,-0.01352,0.010975,0.37336
1846,2,20,-0.034611,0.014705,0.60205,0.024265,-0.012622,0.010986,0.37365
1848,2,20,-0.0351,0.014783,0.60251,0.024171,-0.011622,0.011043,0.37412
1850,2,20,-0.035568,0.014845,0.60316,0.024052,-0.010535,0.01114,0.37479
1852,2,20,-0.03601,0.014889,0.60399,0.023909,-0.0093749,0.011271,0.37566
1854,2,20,-0.036422,0.014915,0.60499,0.023747,-0.0081578,0.011427,0.37673
1856,2,20,-0.036798,0.014922,0.60615,0.023568,-0.006899,0.011602,0.37797
1858,2,20,-0.037134,0.014909,0.60744,0.023376,-0.0056138,0.011788,0.37936
1860,2,20,-0.037426,0.014876,0.60883,0.023176,-0.0043166,0.011977,0.38088
1862,2,20,-0.037669,0.014823,0.61028,0.022971,-0.0030209,0.012163,0.38247
1864,2,20,-0.037861,0.01475,0.61176,0.022763,-0.001739,0.012339,0.38409
1866,2,20,-0.037997,0.014658,0.61321,0.022555,-0.00048197,0.0125,0.38569
1868,2,20,-0.038075,0.014548,0.61459,0.022348,0.00074028,0.012641,0.38721
1870,2,20,-0.038092,0.014421,0.61585,0.022142,0.001919,0.012756,0.38859
1872,2,20,-0.038046,0.014277,0.61695,0.021937,0.0030465,0.012844,0.38976
1874,2,20,-0.037936,0.014118,0.61782,0.021731,0.0041157,0.012901,0.39068
1876,2,20,-0.037762,0.013946,0.61844,0.021523,0.0051206,0.012924,0.39127
1878,2,20,-0.037522,0.013763,0.61877,0.021312,0.0060554,0.012914,0.3915
1880,2,20,-0.037218,0.013571,0.61877,0.021095,0.006915,0.012868,0.39133
1882,2,20,-0.036851,0.013371,0.61842,0.020872,0.0076946,0.012788,0.39072
1884,2,20,-0.03642,0.013167,0.61771,0.02064,0.0083896,0.012673,0.38966
1886,2,20,-0.03593,0.012962,0.61663,0.0204,0.008996,0.012526,0.38814
1888,2,20,-0.035382,0.012756,0.61519,0.020153,0.00951,0.012348,0.38617
1890,2,20,-0.034779,0.012554,0.61339,0.019899,0.0099281,0.012141,0.38377
1892,2,20,-0.034124,0.012358,0.61127,0.019641,0.010247,0.011909,0.38098
1894,2,20,-0.033422,0.01217,0.60885,0.019382,0.010465,0.011655,0.37784
1896,2,20,-0.032677,0.011994,0.60618,0.019127,0.01058,0.011382,0.37441
1898,2,20,-0.031893,0.011831,0.60331,0.01888,0.010591,0.011095,0.37075
1900,2,20,-0.031074,0.011684,0.60029,0.018648,0.010498,0.010797,0.36695
1902,2,20,-0.030226,0.011555,0.59718,0.018436,0.010303,0.010492,0.36308
1904,2,20,-0.029354,0.011445,0.59405,0.01825,0.010008,0.010185,0.35923
1906,2,20,-0.028462,0.011356,0.59097,0.018098,0.0096171,0.0098794,0.35547
1908,2,20,-0.027556,0.011289,0.588,0.017984,0.0091355,0.0095794,0.35189
1910,2,20,-0.026642,0.011243,0.58521,0.017912,0.0085702,0.0092888,0.34856
1912,2,20,-0.025723,0.01122,0.58265,0.017886,0.0079295,0.0090118,0.34556
1914,2,20,-0.024804,0.011219,0.58039,0.017908,0.0072229,0.0087524,0.34294
1916,2,20,-0.023892,0.011238,0.57847,0.017977,0.0064609,0.0085147,0.34076
1918,2,20,-0.022989,0.011277,0.57692,0.018092,0.0056551,0.0083027,0.33906
1920,2,20,-0.0221,0.011335,0.57579,0.018249,0.0048171,0.0081203,0.33786
1922,2,20,-0.021229,0.011409,0.57509,0.018444,0.0039588,0.0079711,0.33719
1924,2,20,-0.020379,0.011497,0.57482,0.018673,0.0030917,0.0078578,0.33704
1926,2,20,-0.019554,0.011597,0.57498,0.018928,0.0022268,0.0077825,0.33741
1928,2,20,-0.018756,0.011708,0.57556,0.019205,0.001374,0.007746,0.33827
1930,2,20,-0.017989,0.011827,0.57653,0.019496,0.00054212,0.0077478,0.33961
1932,2,20,-0.017253,0.011953,0.57787,0.019798,-0.00026135,0.007786,0.34138
1934,2,20,-0.016551,0.012082,0.57954,0.020103,-0.0010303,0.0078577,0.34354
1936,2,20,-0.015884,0.012214,0.58149,0.020409,-0.00176,0.0079587,0.34604
1938,2,20,-0.015253,0.012346,0.58368,0.02071,-0.0024471,0.0080843,0.34883
1940,2,20,-0.014659,0.012478,0.58605,0.021005,-0.0030893,0.0082295,0.35184
1942,2,20,-0.014102,0.012607,0.58858,0.021289,-0.0036856,0.0083892,0.35503
1944,2,20,-0.013582,0.012733,0.59119,0.021561,-0.0042357,0.0085585,0.35834
1946,2,20,-0.013098,0.012855,0.59386,0.021819,-0.0047403,0.0087331,0.36171
1948,2,20,-0.012651,0.012971,0.59653,0.022063,-0.0052005,0.0089089,0.3651
1950,2,20,-0.012238,0.013082,0.59918,0.022291,-0.0056182,0.0090828,0.36846
1952,2,20,-0.011859,0.013186,0.60177,0.022503,-0.0059952,0.0092521,0.37174
1954,2,20,-0.011514,0.013283,0.60426,0.022699,-0.0063341,0.0094145,0.37492
1956,2,20,-0.011199,0.013374,0.60665,0.022879,-0.0066372,0.0095685,0.37797
1958,2,20,-0.010915,0.013458,0.6089,0.023043,-0.006907,0.0097131,0.38085
1960,2,20,-0.010659,0.013535,0.61101,0.023193,-0.0071463,0.0098474,0.38356
1962,2,20,-0.01043,0.013605,0.61297,0.023328,-0.0073576,0.0099711,0.38607
1964,2,20,-0.010225,0.013668,0.61477,0.02345,-0.0075433,0.010084,0.38839
1966,2,20,-0.010043,0.013725,0.61641,0.023559,-0.0077058,0.010186,0.39051
1968,2,20,-0.0098829,0.013776,0.61789,0.023656,-0.0078474,0.010279,0.39243
1970,2,20,-0.009742,0.013821,0.61922,0.023742,-0.0079703,0.010361,0.39415
1972,2,20,-0.009619,0.013861,0.6204,0.023818,-0.0080764,0.010434,0.39568
1974,2,20,-0.0095121,0.013896,0.62144,0.023884,-0.0081676,0.010498,0.39703
1976,2,20,-0.0094197,0.013926,0.62235,0.023942,-0.0082457,0.010554,0.39821
1978,2,20,-0.0093404,0.013953,0.62314,0.023992,-0.0083122,0.010603,0.39924
1980,2,20,-0.0092727,0.013975,0.62382,0.024036,-0.0083684,0.010646,0.40013
1982,2,20,-0.0092152,0.013995,0.6244,0.024073,-0.0084159,0.010682,0.40089
1984,2,20,-0.0091668,0.014011,0.6249,0.024105,-0.0084556,0.010713,0.40153
1986,2,20,-0.0091262,0.014025,0.62531,0.024132,-0.0084887,0.010739,0.40208
1988,2,20,-0.0090924,0.014036,0.62565,0.024155,-0.0085161,0.010761,0.40253
1990,2,20,-0.0090645,0.014045,0.62594,0.024174,-0.0085387,0.010779,0.4029
1992,2,20,-0.0090416,0.014053,0.62617,0.02419,-0.0085571,0.010795,0.40321
1994,2,20,-0.009023,0.01406,0.62636,0.024203,-0.008572,0.010807,0.40346
1996,2,20,-0.009008,0.014065,0.62651,0.024214,-0.0085841,0.010817,0.40366
1998,2,20,-0.0089959,0.014069,0.62664,0.024222,-0.0085937,0.010825,0.40382
-500,3,20,0.016039,0.030006,1.1871,0.041523,-0.0060302,0.027346,1.442
-498,3,20,0.013278,0.028093,1.104,0.038594,-0.0052189,0.025284,1.2472
-496,3,20,0.010523,0.026243,1.0238,0.035726,-0.0044986,0.023328,1.0725
-494,3,20,0.0077893,0.024475,0.94737,0.032958,-0.0039032,0.02152,0.91814
-492,3,20,0.0050925,0.022808,0.87556,0.030335,-0.0034728,0.019902,0.78409
-490,3,20,0.0024479,0.021262,0.80935,0.027914,-0.0032532,0.018518,0.66986
-488,3,20,-0.00013012,0.019858,0.74965,0.025764,-0.0032932,0.017401,0.57459
-486,3,20,-0.0026278,0.018613,0.69728,0.023958,-0.0036381,0.016568,0.49711
-484,3,20,-0.0050324,0.017545,0.65291,0.022567,-0.0043175,0.016012,0.43597
-482,3,20,-0.0073321,0.016663,0.61696,0.021626,-0.0053306,0.015696,0.38953
-480,3,20,-0.009516,0.015972,0.5895,0.021115,-0.006633,0.015567,0.35598
-478,3,20,-0.011575,0.015469,0.57018,0.020951,-0.0081349,0.015565,0.33344
-476,3,20,-0.013499,0.015143,0.55824,0.021004,-0.0097142,0.015634,0.32001
-474,3,20,-0.015283,0.014973,0.55256,0.021139,-0.011243,0.015734,0.31382
-472,3,20,-0.016919,0.014934,0.55181,0.021255,-0.012616,0.015838,0.31308
-470,3,20,-0.018404,0.014997,0.55456,0.021301,-0.013768,0.015932,0.31615
-468,3,20,-0.019734,0.015136,0.55944,0.021264,-0.014672,0.01601,0.32156
-466,3,20,-0.020906,0.015323,0.56526,0.021157,-0.015334,0.016069,0.32802
-464,3,20,-0.02192,0.015536,0.57105,0.020998,-0.015773,0.016108,0.33447
-462,3,20,-0.022776,0.015756,0.57607,0.020803,-0.016012,0.016123,0.34008
-460,3,20,-0.023476,0.015967,0.57982,0.020584,-0.016071,0.016113,0.34424
-458,3,20,-0.024022,0.016161,0.58197,0.020346,-0.015967,0.016075,0.34655
-456,3,20,-0.024417,0.016327,0.58237,0.020093,-0.015714,0.016007,0.34682
-454,3,20,-0.024667,0.016462,0.58101,0.019829,-0.015322,0.015908,0.34505
-452,3,20,-0.024777,0.016564,0.578,0.019556,-0.0148,0.015778,0.34135
-450,3,20,-0.024753,0.016631,0.57353,0.019277,-0.014156,0.015618,0.336
-448,3,20,-0.024602,0.016665,0.56787,0.018998,-0.013398,0.015432,0.32933
-446,3,20,-0.024333,0.016667,0.56133,0.018725,-0.012536,0.015222,0.32176
-444,3,20,-0.023952,0.016641,0.55427,0.018466,-0.01158,0.014993,0.3137
-442,3,20,-0.02347,0.016591,0.54705,0.018227,-0.010542,0.014747,0.30558
-440,3,20,-0.022894,0.016519,0.54002,0.018015,-0.0094373,0.014489,0.29779
-438,3,20,-0.022235,0.01643,0.53352,0.017834,-0.0082818,0.014223,0.29069
-436,3,20,-0.021501,0.016328,0.52784,0.017686,-0.0070942,0.013957,0.28455
-434,3,20,-0.020703,0.016215,0.52319,0.017569,-0.0058946,0.013698,0.27959
-432,3,20,-0.01985,0.016094,0.51974,0.017479,-0.0047051,0.013457,0.27594
-430,3,20,-0.018952,0.015968,0.51756,0.017409,-0.0035489,0.013243,0.27363
-428,3,20,-0.018017,0.015838,0.51665,0.017354,-0.0024499,0.01307,0.27265
-426,3,20,-0.017055,0.015706,0.51692,0.017307,-0.0014311,0.012947,0.27289
-424,3,20,-0.016075,0.015573,0.51822,0.017262,-0.00051335,0.012878,0.27421
-422,3,20,-0.015085,0.015438,0.52036,0.017216,0.00028637,0.012865,0.27641
-420,3,20,-0.014093,0.015302,0.52311,0.017167,0.00095674,0.012901,0.27924
-418,3,20,-0.013108,0.015165,0.52622,0.017114,0.0014927,0.012975,0.28248
-416,3,20,-0.012135,0.015026,0.52947,0.017057,0.0018952,0.013076,0.28586
-414,3,20,-0.011182,0.014885,0.53261,0.016994,0.0021705,0.01319,0.28916
-412,3,20,-0.010255,0.014741,0.53546,0.016927,0.0023285,0.013306,0.29216
-410,3,20,-0.0093598,0.014594,0.53785,0.016854,0.0023809,0.013413,0.29468
-408,3,20,-0.0085006,0.014444,0.53965,0.016776,0.00234,0.013506,0.29657
-406,3,20,-0.0076822,0.014293,0.54078,0.016692,0.0022168,0.013578,0.29773
-404,3,20,-0.0069083,0.014139,0.54118,0.016602,0.0020205,0.013627,0.29811
-402,3,20,-0.0061823,0.013986,0.54085,0.016505,0.0017577,0.013649,0.2977
-400,3,20,-0.0055067,0.013833,0.53982,0.016401,0.0014324,0.013644,0.29651
-398,3,20,-0.0048836,0.013683,0.53812,0.01629,0.0010457,0.013609,0.29462
-396,3,20,-0.0043146,0.013538,0.53585,0.01617,0.00059646,0.013541,0.2921
-394,3,20,-0.0038005,0.0134,0.53308,0.016041,8.2116e-05,0.013437,0.28907
-392,3,20,-0.0033418,0.01327,0.52995,0.015902,-0.00050074,0.013294,0.28565
-390,3,20,-0.0029384,0.013153,0.52655,0.01575,-0.0011551,0.013109,0.28197
-388,3,20,-0.0025898,0.013048,0.52301,0.015585,-0.0018822,0.012879,0.27815
-386,3,20,-0.0022949,0.012959,0.51944,0.015403,-0.0026804,0.012605,0.27433
-384,3,20,-0.0020522,0.012888,0.51595,0.015204,-0.0035442,0.012289,0.27059
-382,3,20,-0.0018599,0.012835,0.51262,0.014988,-0.0044626,0.011936,0.26704
-380,3,20,-0.0017156,0.012801,0.50952,0.014754,-0.0054197,0.011557,0.26374
-378,3,20,-0.0016169,0.012789,0.5067,0.014504,-0.0063938,0.011166,0.26074
-376,3,20,-0.0015606,0.012796,0.5042,0.014243,-0.007359,0.010777,0.25807
-374,3,20,-0.0015435,0.012825,0.50202,0.013974,-0.0082858,0.010409,0.25573
-372,3,20,-0.0015621,0.012874,0.50015,0.013704,-0.009143,0.010079,0.25372
-370,3,20,-0.0016127,0.012942,0.49858,0.01344,-0.0098995,0.0098005,0.25201
-368,3,20,-0.0016912,0.013028,0.49726,0.013189,-0.010526,0.0095822,0.25057
-366,3,20,-0.0017935,0.013131,0.49616,0.012957,-0.010996,0.0094266,0.24936
-364,3,20,-0.0019154,0.01325,0.49523,0.01275,-0.011286,0.0093289,0.24834
-362,3,20,-0.0020524,0.013384,0.49442,0.012574,-0.01138,0.009278,0.24745
-360,3,20,-0.0022001,0.01353,0.49369,0.012428,-0.011265,0.009258,0.24666
-358,3,20,-0.002354,0.013687,0.49301,0.012313,-0.010934,0.0092505,0.24594
-356,3,20,-0.0025096,0.013853,0.49236,0.012227,-0.010384,0.0092368,0.24526
-354,3,20,-0.0026625,0.014027,0.49171,0.012166,-0.0096216,0.0091998,0.24459
-352,3,20,-0.0028083,0.014208,0.49106,0.012126,-0.0086556,0.0091259,0.24393
-350,3,20,-0.0029427,0.014392,0.4904,0.012102,-0.0075022,0.0090058,0.24328
-348,3,20,-0.0030617,0.014579,0.48975,0.012092,-0.0061825,0.0088355,0.24263
-346,3,20,-0.0031612,0.014766,0.4891,0.012093,-0.0047231,0.0086167,0.242
-344,3,20,-0.0032377,0.014952,0.48848,0.012107,-0.0031549,0.0083571,0.2414
-342,3,20,-0.0032876,0.015134,0.48791,0.012136,-0.0015124,0.00807,0.24085
-340,3,20,-0.0033078,0.015311,0.48739,0.012183,0.00016747,0.0077739,0.24037
-338,3,20,-0.0032955,0.015481,0.48694,0.012253,0.0018468,0.0074907,0.23996
-336,3,20,-0.0032483,0.015641,0.48656,0.012349,0.0034882,0.0072442,0.23964
-334,3,20,-0.0031641,0.01579,0.48628,0.012477,0.0050566,0.0070561,0.23943
-332,3,20,-0.0030413,0.015924,0.48609,0.012637,0.0065206,0.0069436,0.23931
-330,3,20,-0.0028786,0.016044,0.48598,0.012832,0.0078536,0.0069158,0.2393
-328,3,20,-0.0026754,0.016145,0.48595,0.013062,0.0090353,0.0069729,0.23939
-326,3,20,-0.0024313,0.016228,0.486,0.013326,0.010052,0.0071069,0.23957
-324,3,20,-0.0021468,0.016289,0.48611,0.013622,0.010896,0.0073045,0.23982
-322,3,20,-0.0018224,0.016329,0.48626,0.013946,0.011569,0.0075503,0.24014
-320,3,20,-0.0014595,0.016347,0.48644,0.014297,0.012076,0.00783,0.2405
-318,3,20,-0.0010599,0.01634,0.48664,0.014671,0.012432,0.0081314,0.2409
-316,3,20,-0.00062584,0.016311,0.48684,0.015064,0.012654,0.0084458,0.24132
-314,3,20,-0.0001601,0.016258,0.48704,0.015473,0.012765,0.008767,0.24176
-312,3,20,0.00033406,0.016182,0.48723,0.015892,0.012792,0.0090912,0.2422
-310,3,20,0.00085293,0.016084,0.48742,0.016317,0.012761,0.0094157,0.24264
-308,3,20,0.0013924,0.015966,0.48761,0.016743,0.012703,0.0097387,0.24309
-306,3,20,0.0019479,0.01583,0.4878,0.017166,0.012644,0.010058,0.24355
-304,3,20,0.0025146,0.015678,0.48801,0.01758,0.01261,0.01037,0.24403
-302,3,20,0.0030873,0.015513,0.48826,0.017981,0.012625,0.010673,0.24454
-300,3,20,0.0036606,0.015338,0.48856,0.018364,0.012706,0.010962,0.2451
-298,3,20,0.0042288,0.015155,0.48892,0.018728,0.012869,0.011234,0.24571
-296,3,20,0.0047862,0.01497,0.48937,0.019068,0.013121,0.011483,0.24639
-294,3,20,0.0053268,0.014785,0.48991,0.019383,0.013468,0.011706,0.24715
-292,3,20,0.0058449,0.014604,0.49055,0.019673,0.013909,0.0119,0.248
-290,3,20,0.0063344,0.01443,0.4913,0.019936,0.014437,0.012062,0.24893
-288,3,20,0.0067897,0.014268,0.49214,0.020173,0.015044,0.01219,0.24994
-286,3,20,0.0072052,0.014119,0.49308,0.020384,0.015716,0.012284,0.25102
-284,3,20,0.0075756,0.013986,0.49408,0.020569,0.016437,0.012342,0.25216
-282,3,20,0.0078959,0.013872,0.49514,0.020729,0.01719,0.012364,0.25333
-280,3,20,0.0081614,0.013777,0.49623,0.020865,0.017953,0.012351,0.25451
-278,3,20,0.008368,0.013701,0.49731,0.020979,0.018706,0.012302,0.25568
-276,3,20,0.0085118,0.013644,0.49835,0.021069,0.019427,0.01222,0.25679
-274,3,20,0.0085898,0.013605,0.49933,0.021138,0.020094,0.012107,0.25782
-272,3,20,0.0085993,0.013582,0.50021,0.021186,0.020686,0.011964,0.25874
-270,3,20,0.0085384,0.013573,0.50095,0.021212,0.021184,0.011795,0.2595
-268,3,20,0.0084058,0.013573,0.50154,0.021217,0.02157,0.011603,0.26009
-266,3,20,0.008201,0.013581,0.50195,0.021199,0.021829,0.011393,0.26049
-264,3,20,0.0079241,0.013592,0.50216,0.021157,0.02195,0.011168,0.26067
-262,3,20,0.0075759,0.013604,0.50216,0.021089,0.021924,0.010931,0.26062
-260,3,20,0.0071582,0.013612,0.50196,0.020993,0.021745,0.010689,0.26033
-258,3,20,0.0066731,0.013613,0.50155,0.020866,0.021414,0.010444,0.25983
-256,3,20,0.0061238,0.013604,0.50095,0.020706,0.020932,0.010204,0.2591
-254,3,20,0.0055141,0.013584,0.50018,0.020512,0.020305,0.0099721,0.25817
-252,3,20,0.0048484,0.01355,0.49925,0.020283,0.019542,0.0097559,0.25707
-250,3,20,0.0041318,0.0135,0.4982,0.02002,0.018654,0.0095613,0.25582
-248,3,20,0.0033699,0.013433,0.49704,0.019727,0.017655,0.009394,0.25445
-246,3,20,0.0025689,0.013351,0.49582,0.019406,0.01656,0.0092581,0.25299
-244,3,20,0.0017356,0.013251,0.49456,0.019064,0.015383,0.0091559,0.25149
-242,3,20,0.00087701,0.013137,0.49329,0.018707,0.014141,0.0090865,0.24998
-240,3,20,5.4756e-07,0.013009,0.49204,0.018342,0.012851,0.0090459,0.24849
-238,3,20,-0.00088606,0.01287,0.49083,0.017978,0.011529,0.0090269,0.24705
-236,3,20,-0.0017749,0.012722,0.48969,0.017622,0.010191,0.0090203,0.24569
-234,3,20,-0.0026581,0.012568,0.48863,0.017281,0.008852,0.0090157,0.24444
-232,3,20,-0.0035276,0.012413,0.48768,0.01696,0.0075279,0.0090025,0.2433
-230,3,20,-0.0043754,0.01226,0.48685,0.016665,0.0062329,0.0089716,0.2423
-228,3,20,-0.0051937,0.012113,0.48613,0.016397,0.0049807,0.0089162,0.24143
-226,3,20,-0.0059752,0.011977,0.48554,0.016158,0.0037841,0.0088321,0.24071
-224,3,20,-0.0067125,0.011855,0.48507,0.015947,0.0026549,0.0087187,0.24013
-222,3,20,-0.0073988,0.011753,0.48473,0.015761,0.0016041,0.0085785,0.23968
-220,3,20,-0.0080278,0.011672,0.4845,0.015597,0.00064094,0.0084175,0.23937
-218,3,20,-0.0085939,0.011618,0.48439,0.015451,-0.00022654,0.008245,0.23917
-216,3,20,-0.0090917,0.011591,0.48437,0.01532,-0.00099244,0.0080725,0.23907
-214,3,20,-0.0095169,0.011593,0.48444,0.015198,-0.0016531,0.0079132,0.23907
-212,3,20,-0.0098657,0.011626,0.48458,0.015085,-0.0022075,0.0077808,0.23914
-210,3,20,-0.010135,0.011688,0.4848,0.014981,-0.0026576,0.0076877,0.23929
-208,3,20,-0.010323,0.01178,0.48507,0.014886,-0.0030083,0.0076434,0.2395
-206,3,20,-0.010429,0.011899,0.48538,0.014804,-0.0032675,0.007653,0.23976
-204,3,20,-0.010451,0.012043,0.48573,0.01474,-0.0034459,0.0077161,0.24006
-202,3,20,-0.010391,0.012209,0.48611,0.0147,-0.0035567,0.0078271,0.24041
-200,3,20,-0.010249,0.012394,0.48652,0.014689,-0.0036155,0.0079762,0.2408
-198,3,20,-0.010028,0.012595,0.48694,0.014712,-0.003639,0.0081512,0.24122
-196,3,20,-0.0097309,0.012809,0.48737,0.014776,-0.0036452,0.0083391,0.24168
-194,3,20,-0.0093616,0.013032,0.48782,0.01488,-0.0036524,0.0085281,0.24217
-192,3,20,-0.0089246,0.013262,0.48827,0.015027,-0.0036786,0.0087084,0.2427
-190,3,20,-0.0084255,0.013496,0.48874,0.015214,-0.0037407,0.0088731,0.24326
-188,3,20,-0.0078701,0.013731,0.48921,0.015436,-0.0038539,0.0090185,0.24385
-186,3,20,-0.0072653,0.013965,0.48969,0.015687,-0.0040313,0.0091441,0.24447
-184,3,20,-0.0066183,0.014197,0.49018,0.015959,-0.0042831,0.009252,0.24511
-182,3,20,-0.0059368,0.014424,0.49066,0.016242,-0.0046163,0.0093465,0.24576
-180,3,20,-0.0052289,0.014645,0.49115,0.016527,-0.0050346,0.009433,0.24642
-178,3,20,-0.0045032,0.01486,0.49163,0.016802,-0.0055385,0.0095168,0.24707
-176,3,20,-0.0037683,0.015066,0.4921,0.017059,-0.0061255,0.0096021,0.2477
-174,3,20,-0.0030331,0.015265,0.49256,0.01729,-0.0067904,0.0096908,0.24829
-172,3,20,-0.0023066,0.015454,0.49298,0.017485,-0.0075261,0.0097821,0.24884
-170,3,20,-0.0015976,0.015633,0.49338,0.01764,-0.0083237,0.009872,0.24933
-168,3,20,-0.00091488,0.015803,0.49373,0.017749,-0.0091735,0.0099538,0.24975
-166,3,20,-0.00026705,0.015962,0.49402,0.01781,-0.010065,0.010019,0.25009
-164,3,20,0.00033763,0.01611,0.49426,0.017821,-0.010988,0.010057,0.25033
-162,3,20,0.00089127,0.016248,0.49444,0.017781,-0.011932,0.01006,0.25048
-160,3,20,0.0013864,0.016374,0.49455,0.017693,-0.012885,0.010018,0.25053
-158,3,20,0.0018162,0.016488,0.49458,0.017558,-0.013837,0.0099288,0.25047
-156,3,20,0.0021743,0.01659,0.49455,0.017381,-0.014776,0.0097896,0.25032
-154,3,20,0.0024552,0.01668,0.49444,0.017167,-0.015691,0.0096045,0.25007
-152,3,20,0.0026538,0.016757,0.49427,0.016921,-0.016569,0.0093825,0.24974
-150,3,20,0.0027662,0.016821,0.49404,0.01665,-0.017398,0.0091382,0.24934
-148,3,20,0.0027889,0.016872,0.49375,0.016363,-0.018167,0.0088917,0.24888
-146,3,20,0.0027196,0.01691,0.49343,0.016067,-0.018862,0.0086677,0.24838
-144,3,20,0.0025567,0.016933,0.49307,0.015772,-0.019474,0.008493,0.24784
-142,3,20,0.0022995,0.016943,0.49269,0.015486,-0.019991,0.0083933,0.2473
-140,3,20,0.0019483,0.016939,0.4923,0.015219,-0.020405,0.0083888,0.24676
-138,3,20,0.0015042,0.016922,0.49192,0.014976,-0.020709,0.0084894,0.24625
-136,3,20,0.0009693,0.01689,0.49155,0.014764,-0.0209,0.0086924,0.24576
-134,3,20,0.00034644,0.016845,0.4912,0.014583,-0.020974,0.008983,0.24532
-132,3,20,-0.00036055,0.016787,0.49089,0.014434,-0.020932,0.0093369,0.24493
-130,3,20,-0.0011471,0.016716,0.49063,0.014311,-0.020777,0.0097251,0.24461
-128,3,20,-0.0020078,0.016633,0.49041,0.014209,-0.020515,0.010117,0.24434
-126,3,20,-0.0029366,0.016539,0.49026,0.014117,-0.020154,0.010486,0.24414
-124,3,20,-0.0039266,0.016433,0.49016,0.014028,-0.019706,0.010807,0.244
-122,3,20,-0.0049706,0.016318,0.49013,0.013932,-0.019186,0.011062,0.24391
-120,3,20,-0.0060605,0.016193,0.49016,0.013822,-0.018611,0.011239,0.24388
-118,3,20,-0.0071881,0.016061,0.49024,0.013695,-0.018001,0.011331,0.2439
-116,3,20,-0.0083445,0.015922,0.49038,0.013548,-0.017376,0.011338,0.24396
-114,3,20,-0.0095206,0.015779,0.49056,0.013386,-0.01676,0.011266,0.24406
-112,3,20,-0.010707,0.015631,0.49078,0.013212,-0.016175,0.011125,0.24418
-110,3,20,-0.011895,0.015482,0.49102,0.013037,-0.015642,0.010931,0.24433
-108,3,20,-0.013074,0.015333,0.49128,0.012868,-0.015178,0.010704,0.24451
-106,3,20,-0.014235,0.015185,0.49156,0.012718,-0.014798,0.010464,0.2447
-104,3,20,-0.015369,0.015042,0.49185,0.012594,-0.014513,0.010234,0.24493
-102,3,20,-0.016466,0.014905,0.49216,0.012506,-0.014327,0.010034,0.24519
-100,3,20,-0.017519,0.014776,0.49249,0.012457,-0.01424,0.0098806,0.24549
-98,3,20,-0.018518,0.014658,0.49284,0.012452,-0.014244,0.0097855,0.24584
-96,3,20,-0.019455,0.014553,0.49324,0.012488,-0.014329,0.009753,0.24625
-94,3,20,-0.020324,0.014462,0.4937,0.012563,-0.014478,0.0097809,0.24674
-92,3,20,-0.021117,0.014389,0.49423,0.012674,-0.014672,0.0098608,0.24731
-90,3,20,-0.021828,0.014333,0.49484,0.012814,-0.014888,0.0099807,0.24798
-88,3,20,-0.022452,0.014297,0.49555,0.012981,-0.015101,0.010127,0.24877
-86,3,20,-0.022984,0.014282,0.49636,0.013168,-0.015288,0.010286,0.24967
-84,3,20,-0.02342,0.014288,0.49729,0.013373,-0.015423,0.010446,0.2507
-82,3,20,-0.023759,0.014314,0.49835,0.013592,-0.015483,0.010598,0.25186
-80,3,20,-0.023996,0.014361,0.49952,0.013824,-0.015447,0.010738,0.25315
-78,3,20,-0.024132,0.014426,0.50081,0.014066,-0.015298,0.010862,0.25457
-76,3,20,-0.024166,0.014509,0.50221,0.014315,-0.01502,0.01097,0.2561
-74,3,20,-0.024099,0.014608,0.5037,0.014569,-0.014602,0.011065,0.25774
-72,3,20,-0.023933,0.014719,0.50527,0.014824,-0.01404,0.01115,0.25947
-70,3,20,-0.02367,0.01484,0.5069,0.015076,-0.013332,0.011229,0.26127
-68,3,20,-0.023313,0.014969,0.50858,0.015322,-0.012482,0.011305,0.26311
-66,3,20,-0.022866,0.015101,0.51027,0.015557,-0.011497,0.011381,0.26497
-64,3,20,-0.022336,0.015234,0.51195,0.015776,-0.010392,0.011461,0.26682
-62,3,20,-0.021727,0.015366,0.51361,0.015978,-0.0091838,0.011545,0.26865
-60,3,20,-0.021045,0.015493,0.51522,0.016159,-0.0078931,0.011636,0.27041
-58,3,20,-0.020299,0.015613,0.51675,0.016319,-0.0065443,0.011733,0.2721
-56,3,20,-0.019495,0.015723,0.51821,0.016456,-0.0051639,0.011838,0.27368
-54,3,20,-0.018642,0.015823,0.51956,0.016574,-0.0037803,0.011949,0.27516
-52,3,20,-0.017748,0.01591,0.5208,0.016673,-0.0024228,0.012067,0.27651
-50,3,20,-0.016822,0.015983,0.52193,0.016757,-0.0011211,0.012187,0.27775
-48,3,20,-0.015872,0.016042,0.52296,0.016831,9.6123e-05,0.012309,0.27887
-46,3,20,-0.014909,0.016087,0.52388,0.016899,0.0012018,0.012427,0.27988
-44,3,20,-0.01394,0.016117,0.52473,0.016966,0.0021719,0.012536,0.28081
-42,3,20,-0.012976,0.016133,0.52551,0.017035,0.0029863,0.01263,0.28167
-40,3,20,-0.012024,0.016137,0.52625,0.01711,0.00363,0.012703,0.2825
-38,3,20,-0.011093,0.016128,0.527,0.017194,0.0040946,0.01275,0.28334
-36,3,20,-0.010192,0.016108,0.52778,0.017288,0.004378,0.012766,0.28423
-34,3,20,-0.0093284,0.016079,0.52862,0.017394,0.004486,0.012747,0.28519
-32,3,20,-0.0085089,0.016041,0.52958,0.017512,0.0044313,0.012693,0.28628
-30,3,20,-0.0077404,0.015995,0.53068,0.017641,0.0042333,0.012605,0.28754
-28,3,20,-0.0070286,0.015944,0.53196,0.017781,0.0039172,0.012485,0.28899
-26,3,20,-0.0063788,0.015888,0.53345,0.017932,0.0035124,0.012339,0.29068
-24,3,20,-0.0057951,0.015827,0.53516,0.018094,0.0030506,0.012175,0.29262
-22,3,20,-0.005281,0.015765,0.53711,0.018267,0.0025642,0.012002,0.29483
-20,3,20,-0.0048389,0.0157,0.53931,0.018454,0.0020844,0.011832,0.29733
-18,3,20,-0.0044706,0.015634,0.54174,0.018658,0.0016397,0.011676,0.3001
-16,3,20,-0.0041765,0.015569,0.5444,0.01888,0.0012548,0.011546,0.30314
-14,3,20,-0.0039565,0.015505,0.54725,0.019122,0.00094985,0.01145,0.30643
-12,3,20,-0.0038091,0.015444,0.55026,0.019386,0.00074001,0.011396,0.30992
-10,3,20,-0.0037323,0.015388,0.55339,0.019671,0.00063578,0.011385,0.3136
-8,3,20,-0.0037229,0.015338,0.55661,0.019975,0.00064305,0.011415,0.3174
-6,3,20,-0.003777,0.015296,0.55986,0.020292,0.00076355,0.011479,0.32127
-4,3,20,-0.0038898,0.015267,0.56309,0.020618,0.00099524,0.011566,0.32515
-2,3,20,-0.0040558,0.015252,0.56626,0.020945,0.0013327,0.011666,0.32899
0,3,20,-0.0042689,0.015255,0.56932,0.021266,0.0017676,0.011765,0.33272
2,3,20,-0.0045223,0.015279,0.57222,0.021575,0.0022892,0.011852,0.33628
4,3,20,-0.0048089,0.015329,0.57493,0.021867,0.0028843,0.011918,0.33963
6,3,20,-0.0051211,0.015406,0.57741,0.022137,0.0035387,0.011957,0.34271
8,3,20,-0.005451,0.015513,0.57963,0.022384,0.0042368,0.011966,0.34549
10,3,20,-0.0057908,0.015653,0.58156,0.022608,0.0049631,0.011946,0.34793
12,3,20,-0.0061323,0.015827,0.58321,0.022811,0.0057025,0.011902,0.35002
14,3,20,-0.0064677,0.016034,0.58455,0.022997,0.0064411,0.011841,0.35175
16,3,20,-0.0067895,0.016274,0.5856,0.023172,0.0071666,0.011776,0.35313
18,3,20,-0.0070902,0.016543,0.58636,0.023342,0.0078694,0.01172,0.35417
20,3,20,-0.0073633,0.016838,0.58686,0.023514,0.0085422,0.011689,0.35491
22,3,20,-0.0076025,0.017155,0.58711,0.023695,0.0091807,0.011698,0.35537
24,3,20,-0.0078024,0.017488,0.58716,0.023892,0.0097834,0.011761,0.3556
26,3,20,-0.0079587,0.017831,0.58704,0.024109,0.010351,0.011887,0.35566
28,3,20,-0.0080677,0.018177,0.5868,0.02435,0.010888,0.012081,0.35561
30,3,20,-0.0081271,0.018521,0.58649,0.024618,0.011399,0.012343,0.35549
32,3,20,-0.0081356,0.018854,0.58615,0.024913,0.011891,0.012664,0.35537
34,3,20,-0.0080931,0.019172,0.58583,0.025231,0.012371,0.013032,0.3553
36,3,20,-0.0080011,0.019467,0.58558,0.025568,0.012849,0.013433,0.35533
38,3,20,-0.0078623,0.019736,0.58544,0.025918,0.013333,0.013849,0.3555
40,3,20,-0.0076807,0.019975,0.58544,0.026274,0.01383,0.014263,0.35585
42,3,20,-0.0074619,0.02018,0.58561,0.026627,0.014348,0.014661,0.35641
44,3,20,-0.0072129,0.020349,0.58598,0.026969,0.014892,0.01503,0.35719
46,3,20,-0.006942,0.020482,0.58655,0.027292,0.015465,0.015361,0.35819
48,3,20,-0.0066592,0.02058,0.58733,0.027588,0.016069,0.015649,0.35941
50,3,20,-0.0063753,0.020644,0.5883,0.027852,0.016702,0.01589,0.36084
52,3,20,-0.0061029,0.020678,0.58946,0.028079,0.017363,0.016086,0.36245
54,3,20,-0.0058554,0.020684,0.59078,0.028264,0.018044,0.016238,0.3642
56,3,20,-0.0056474,0.020667,0.59224,0.028406,0.018737,0.01635,0.36607
58,3,20,-0.0054944,0.020633,0.59379,0.028504,0.019432,0.016426,0.36802
60,3,20,-0.0054126,0.020586,0.5954,0.028559,0.020114,0.016471,0.37
62,3,20,-0.0054191,0.020531,0.59705,0.028573,0.02077,0.016486,0.37198
64,3,20,-0.0055312,0.020471,0.59869,0.028549,0.021384,0.016476,0.37392
66,3,20,-0.0057666,0.020412,0.6003,0.028492,0.021938,0.016439,0.37579
68,3,20,-0.0061429,0.020353,0.60185,0.028407,0.022415,0.016374,0.37755
70,3,20,-0.0066778,0.020295,0.60331,0.028301,0.022799,0.016281,0.3792
72,3,20,-0.0073887,0.020238,0.60468,0.02818,0.023075,0.016155,0.38073
74,3,20,-0.0082921,0.020176,0.60595,0.028051,0.02323,0.015994,0.38213
76,3,20,-0.0094043,0.020105,0.60712,0.027921,0.023255,0.015796,0.3834
78,3,20,-0.01074,0.020019,0.60819,0.027796,0.023142,0.01556,0.38458
80,3,20,-0.012313,0.019911,0.60919,0.027681,0.022887,0.015286,0.38567
82,3,20,-0.014137,0.019772,0.61014,0.027579,0.022492,0.014979,0.38672
84,3,20,-0.016221,0.019596,0.61107,0.027493,0.02196,0.014644,0.38776
86,3,20,-0.018575,0.019376,0.61201,0.027423,0.021297,0.01429,0.38884
88,3,20,-0.021206,0.019109,0.613,0.02737,0.020511,0.01393,0.39
90,3,20,-0.02412,0.018794,0.61408,0.027332,0.019613,0.013576,0.39128
92,3,20,-0.027318,0.018435,0.61529,0.027306,0.018614,0.013245,0.39274
94,3,20,-0.030803,0.018043,0.61667,0.027293,0.017524,0.012954,0.39443
96,3,20,-0.034571,0.017637,0.61825,0.027289,0.016355,0.012717,0.39638
98,3,20,-0.038618,0.017244,0.62008,0.027294,0.015118,0.012547,0.39865
100,3,20,-0.042938,0.016904,0.62216,0.027308,0.013825,0.012454,0.40126
102,3,20,-0.047521,0.016669,0.62454,0.027335,0.012486,0.012442,0.40425
104,3,20,-0.052354,0.016599,0.62722,0.027379,0.011115,0.012508,0.40765
106,3,20,-0.057424,0.016761,0.63021,0.027446,0.0097248,0.012644,0.41147
108,3,20,-0.062712,0.017217,0.63351,0.027545,0.0083281,0.012838,0.41575
110,3,20,-0.0682,0.018013,0.63712,0.027688,0.0069392,0.013074,0.42048
112,3,20,-0.073866,0.019175,0.64102,0.027886,0.0055729,0.013335,0.42569
114,3,20,-0.079686,0.020703,0.64522,0.028151,0.0042439,0.013603,0.43136
116,3,20,-0.085635,0.022579,0.64967,0.028496,0.0029668,0.013864,0.4375
118,3,20,-0.091684,0.024769,0.65438,0.028932,0.0017564,0.014105,0.44411
120,3,20,-0.097805,0.027234,0.6593,0.029466,0.0006269,0.014315,0.45117
122,3,20,-0.10397,0.029933,0.66442,0.030104,-0.00040755,0.014487,0.45867
124,3,20,-0.11014,0.032825,0.66972,0.030846,-0.0013334,0.014615,0.4666
126,3,20,-0.11629,0.035869,0.67516,0.031692,-0.0021379,0.014696,0.47492
128,3,20,-0.12239,0.039029,0.68072,0.032634,-0.0028093,0.014729,0.48362
130,3,20,-0.12841,0.042268,0.68638,0.033664,-0.0033372,0.014712,0.49264
132,3,20,-0.1343,0.04555,0.6921,0.034771,-0.0037134,0.014647,0.50197
134,3,20,-0.14005,0.048843,0.69786,0.03594,-0.003932,0.014537,0.51155
136,3,20,-0.14562,0.052113,0.70362,0.037157,-0.0039904,0.014386,0.52132
138,3,20,-0.15098,0.055329,0.70936,0.038407,-0.0038894,0.014201,0.53122
140,3,20,-0.1561,0.058462,0.71504,0.039672,-0.0036338,0.01399,0.54119
142,3,20,-0.16096,0.061482,0.72063,0.040937,-0.0032325,0.013767,0.55115
144,3,20,-0.16553,0.064361,0.72609,0.042186,-0.0026987,0.013544,0.56103
146,3,20,-0.16979,0.067073,0.73139,0.043404,-0.0020493,0.01334,0.57073
148,3,20,-0.17373,0.069594,0.73649,0.044577,-0.001305,0.01317,0.58017
150,3,20,-0.17732,0.071903,0.74134,0.04569,-0.00048921,0.013052,0.58925
152,3,20,-0.18056,0.073977,0.74593,0.04673,0.00037209,0.012999,0.5979
154,3,20,-0.18343,0.0758,0.75021,0.047683,0.0012516,0.013021,0.60602
156,3,20,-0.18593,0.077355,0.75417,0.048539,0.0021213,0.013121,0.61353
158,3,20,-0.18806,0.07863,0.75777,0.049284,0.0029533,0.013292,0.62037
160,3,20,-0.18981,0.079616,0.761,0.049908,0.0037206,0.013525,0.62645
162,3,20,-0.19119,0.080304,0.76386,0.050402,0.0043977,0.013803,0.63175
164,3,20,-0.19222,0.080691,0.76634,0.050755,0.0049616,0.014105,0.63622
166,3,20,-0.1929,0.080775,0.76844,0.050959,0.0053926,0.014408,0.63984
168,3,20,-0.19325,0.080559,0.77018,0.051009,0.0056749,0.014691,0.64261
170,3,20,-0.19328,0.080048,0.77158,0.050898,0.0057975,0.014933,0.64456
172,3,20,-0.19303,0.079251,0.77268,0.050621,0.0057555,0.015116,0.64573
174,3,20,-0.19251,0.078179,0.77351,0.050177,0.0055502,0.015223,0.64616
176,3,20,-0.19177,0.076847,0.77412,0.049565,0.0051901,0.015243,0.64594
178,3,20,-0.19081,0.075273,0.77455,0.048785,0.0046908,0.015167,0.64515
180,3,20,-0.18969,0.073477,0.77487,0.04784,0.0040745,0.014991,0.6439
182,3,20,-0.18844,0.071482,0.77512,0.046738,0.0033695,0.014716,0.64231
184,3,20,-0.1871,0.069316,0.77537,0.045488,0.0026083,0.014346,0.64051
186,3,20,-0.1857,0.067007,0.77566,0.044106,0.0018259,0.013894,0.63861
188,3,20,-0.1843,0.064585,0.77605,0.042611,0.0010576,0.013378,0.63675
190,3,20,-0.18292,0.062085,0.77658,0.04103,0.00033738,0.012821,0.63507
192,3,20,-0.18161,0.059542,0.77729,0.039396,-0.00030445,0.012255,0.63367
194,3,20,-0.18042,0.056993,0.7782,0.037751,-0.00084198,0.011719,0.63268
196,3,20,-0.17938,0.054477,0.77934,0.036141,-0.0012544,0.011255,0.63219
198,3,20,-0.17853,0.052033,0.78072,0.034618,-0.0015262,0.010905,0.63229
200,3,20,-0.17793,0.0497,0.78235,0.033235,-0.0016462,0.010706,0.63306
202,3,20,-0.17759,0.047519,0.78424,0.032045,-0.0016071,0.010682,0.63455
204,3,20,-0.17757,0.045526,0.7864,0.03109,-0.0014043,0.010838,0.63679
206,3,20,-0.17788,0.043755,0.78883,0.030398,-0.0010355,0.011153,0.63981
208,3,20,-0.17857,0.042236,0.79153,0.029978,-0.00050013,0.011593,0.6436
210,3,20,-0.17966,0.040989,0.79452,0.029817,0.00019999,0.01211,0.64815
212,3,20,-0.18117,0.040028,0.79779,0.029884,0.0010594,0.012657,0.65343
214,3,20,-0.18313,0.039358,0.80134,0.030136,0.0020674,0.013189,0.6594
216,3,20,-0.18555,0.038972,0.80517,0.030526,0.0032051,0.013674,0.66601
218,3,20,-0.18844,0.038856,0.80928,0.031014,0.0044445,0.014091,0.6732
220,3,20,-0.19181,0.038989,0.81362,0.031568,0.005747,0.014432,0.68091
222,3,20,-0.19567,0.039345,0.81817,0.032169,0.0070643,0.014705,0.68907
224,3,20,-0.20002,0.039897,0.82289,0.032811,0.008341,0.014926,0.69761
226,3,20,-0.20484,0.04062,0.82773,0.033496,0.0095181,0.01512,0.70646
228,3,20,-0.21014,0.041488,0.83265,0.034231,0.010537,0.015316,0.71557
230,3,20,-0.2159,0.04248,0.83759,0.035023,0.011344,0.015539,0.72487
232,3,20,-0.2221,0.04358,0.84253,0.035876,0.011891,0.01581,0.73431
234,3,20,-0.22871,0.044773,0.84743,0.036792,0.012142,0.016142,0.74385
236,3,20,-0.23573,0.046049,0.85226,0.037766,0.012068,0.016538,0.75344
238,3,20,-0.2431,0.047399,0.85701,0.038788,0.011653,0.016993,0.76304
240,3,20,-0.25081,0.048818,0.86167,0.039844,0.010891,0.017492,0.77264
242,3,20,-0.25882,0.0503,0.86624,0.04092,0.0097854,0.018017,0.78219
244,3,20,-0.26708,0.05184,0.87073,0.041996,0.008349,0.018546,0.79167
246,3,20,-0.27557,0.053432,0.87513,0.043056,0.0066026,0.019055,0.80108
248,3,20,-0.28422,0.055069,0.87947,0.044081,0.004574,0.019523,0.8104
250,3,20,-0.29301,0.056743,0.88376,0.045057,0.0022966,0.019931,0.8196
252,3,20,-0.30189,0.058446,0.88799,0.04597,-0.00019139,0.020262,0.82868
254,3,20,-0.3108,0.060166,0.89219,0.046808,-0.0028486,0.020505,0.83763
256,3,20,-0.3197,0.06189,0.89635,0.047565,-0.0056311,0.020651,0.84643
258,3,20,-0.32855,0.063605,0.90048,0.048233,-0.0084932,0.020696,0.85507
260,3,20,-0.33729,0.065297,0.90459,0.048811,-0.011388,0.020639,0.86355
262,3,20,-0.34589,0.06695,0.90867,0.049298,-0.014269,0.020486,0.87186
264,3,20,-0.3543,0.068549,0.91272,0.049694,-0.017089,0.020244,0.87998
266,3,20,-0.36247,0.070077,0.91674,0.050003,-0.019801,0.019926,0.88792
268,3,20,-0.37037,0.071519,0.92072,0.050228,-0.022361,0.019548,0.89567
270,3,20,-0.37795,0.072862,0.92467,0.050375,-0.024725,0.019128,0.90323
272,3,20,-0.38519,0.074091,0.92857,0.050449,-0.026854,0.018689,0.9106
274,3,20,-0.39204,0.075194,0.93243,0.050458,-0.02871,0.018252,0.9178
276,3,20,-0.39849,0.07616,0.93625,0.050408,-0.030262,0.017842,0.92484
278,3,20,-0.4045,0.07698,0.94002,0.050308,-0.031482,0.017479,0.93173
280,3,20,-0.41006,0.077648,0.94376,0.050165,-0.032352,0.017182,0.93849
282,3,20,-0.41514,0.078158,0.94745,0.049989,-0.032858,0.016963,0.94514
284,3,20,-0.41973,0.078507,0.95111,0.049788,-0.032995,0.01683,0.95171
286,3,20,-0.42382,0.078695,0.95473,0.049572,-0.032767,0.016779,0.95821
288,3,20,-0.42741,0.078723,0.95833,0.049349,-0.032184,0.016803,0.96467
290,3,20,-0.43049,0.078595,0.9619,0.049126,-0.031267,0.016887,0.9711
292,3,20,-0.43306,0.078317,0.96544,0.04891,-0.030044,0.017012,0.97753
294,3,20,-0.43514,0.077896,0.96897,0.048705,-0.028549,0.017157,0.98397
296,3,20,-0.43673,0.077342,0.97247,0.048514,-0.026823,0.017303,0.99042
298,3,20,-0.43784,0.076665,0.97595,0.04834,-0.024914,0.017431,0.99689
300,3,20,-0.43849,0.075879,0.97941,0.048181,-0.022869,0.017528,1.0033
302,3,20,-0.4387,0.074998,0.98283,0.048035,-0.020741,0.017586,1.0098
304,3,20,-0.43849,0.074034,0.98621,0.047901,-0.018583,0.0176,1.0162
306,3,20,-0.43789,0.073003,0.98954,0.047774,-0.016444,0.017573,1.0225
308,3,20,-0.43693,0.071921,0.99279,0.047649,-0.014375,0.01751,1.0288
310,3,20,-0.43562,0.070802,0.99595,0.047523,-0.012421,0.01742,1.0348
312,3,20,-0.43401,0.069659,0.999,0.047392,-0.010624,0.017312,1.0407
314,3,20,-0.43212,0.068508,1.0019,0.047252,-0.0090206,0.017197,1.0462
316,3,20,-0.42999,0.067358,1.0047,0.047098,-0.0076416,0.017083,1.0515
318,3,20,-0.42765,0.066222,1.0072,0.046929,-0.0065126,0.016975,1.0563
320,3,20,-0.42512,0.065107,1.0095,0.04674,-0.0056527,0.016875,1.0607
322,3,20,-0.42245,0.06402,1.0116,0.046531,-0.0050744,0.016781,1.0646
324,3,20,-0.41966,0.062966,1.0135,0.046299,-0.0047835,0.016689,1.0678
326,3,20,-0.41678,0.061947,1.015,0.046043,-0.004779,0.016592,1.0705
328,3,20,-0.41385,0.060963,1.0163,0.045762,-0.0050527,0.016483,1.0726
330,3,20,-0.41089,0.060014,1.0172,0.045456,-0.00559,0.016357,1.0739
332,3,20,-0.40792,0.059095,1.0178,0.045123,-0.0063694,0.016211,1.0745
334,3,20,-0.40497,0.058202,1.018,0.044765,-0.007364,0.016043,1.0745
336,3,20,-0.40205,0.05733,1.018,0.044383,-0.0085412,0.015858,1.0737
338,3,20,-0.39919,0.056472,1.0176,0.043978,-0.0098644,0.015661,1.0722
340,3,20,-0.39641,0.055622,1.0169,0.043551,-0.011294,0.015464,1.07
342,3,20,-0.39371,0.054774,1.0158,0.043104,-0.012787,0.015277,1.0672
344,3,20,-0.3911,0.053921,1.0145,0.042639,-0.014301,0.015116,1.0638
346,3,20,-0.3886,0.053058,1.0129,0.042159,-0.015793,0.014994,1.0598
348,3,20,-0.3862,0.05218,1.0111,0.041667,-0.017221,0.014922,1.0552
350,3,20,-0.38391,0.051285,1.009,0.041164,-0.018549,0.014909,1.0502
352,3,20,-0.38172,0.050369,1.0067,0.040654,-0.01974,0.014961,1.0448
354,3,20,-0.37965,0.049433,1.0042,0.04014,-0.020765,0.015078,1.0391
356,3,20,-0.37766,0.048476,1.0016,0.039627,-0.0216,0.015255,1.0331
358,3,20,-0.37577,0.047499,0.99887,0.039117,-0.022229,0.015485,1.0268
360,3,20,-0.37396,0.046505,0.99603,0.038616,-0.02264,0.015757,1.0204
362,3,20,-0.37222,0.045498,0.9931,0.038129,-0.022831,0.016059,1.0139
364,3,20,-0.37053,0.044481,0.99011,0.037659,-0.022806,0.016377,1.0073
366,3,20,-0.36889,0.043461,0.98707,0.037213,-0.022578,0.016701,1.0006
368,3,20,-0.36727,0.042443,0.98401,0.036796,-0.022165,0.017019,0.994
370,3,20,-0.36566,0.041431,0.98093,0.036413,-0.021592,0.017324,0.98742
372,3,20,-0.36405,0.040433,0.97784,0.036068,-0.02089,0.01761,0.9809
374,3,20,-0.36241,0.039454,0.97476,0.035766,-0.020093,0.017873,0.97446
376,3,20,-0.36074,0.038499,0.97168,0.035509,-0.01924,0.018112,0.96812
378,3,20,-0.35901,0.037575,0.96861,0.0353,-0.01837,0.018328,0.96188
380,3,20,-0.35721,0.036684,0.96555,0.03514,-0.017523,0.018524,0.95574
382,3,20,-0.35533,0.035832,0.96249,0.035028,-0.01674,0.018703,0.94971
384,3,20,-0.35336,0.035021,0.95945,0.034964,-0.016057,0.018872,0.94377
386,3,20,-0.35128,0.034254,0.9564,0.034945,-0.015509,0.019038,0.93791
388,3,20,-0.34908,0.033533,0.95336,0.034968,-0.015124,0.01921,0.93214
390,3,20,-0.34676,0.032858,0.95032,0.03503,-0.014927,0.019395,0.92643
392,3,20,-0.34431,0.032231,0.94728,0.035124,-0.014934,0.019604,0.92077
394,3,20,-0.34173,0.031651,0.94423,0.035246,-0.015153,0.019845,0.91517
396,3,20,-0.33902,0.031117,0.94117,0.035391,-0.015586,0.020127,0.9096
398,3,20,-0.33617,0.03063,0.93811,0.03555,-0.016224,0.020456,0.90407
400,3,20,-0.33318,0.030186,0.93506,0.035718,-0.01705,0.020835,0.89858
402,3,20,-0.33007,0.029786,0.93202,0.035886,-0.01804,0.021264,0.89313
404,3,20,-0.32684,0.029428,0.929,0.036045,-0.01916,0.021738,0.88773
406,3,20,-0.3235,0.02911,0.92602,0.036188,-0.02037,0.022249,0.8824
408,3,20,-0.32005,0.028831,0.9231,0.036305,-0.021625,0.022784,0.87716
410,3,20,-0.31651,0.02859,0.92025,0.036389,-0.022874,0.023328,0.87203
412,3,20,-0.31289,0.028384,0.91751,0.036432,-0.024064,0.023864,0.86705
414,3,20,-0.30921,0.028212,0.91489,0.036427,-0.025144,0.024374,0.86224
416,3,20,-0.30548,0.028072,0.91243,0.03637,-0.02606,0.02484,0.85766
418,3,20,-0.30171,0.027963,0.91015,0.036257,-0.026766,0.025247,0.85335
420,3,20,-0.29793,0.027881,0.90807,0.036086,-0.02722,0.02558,0.84933
422,3,20,-0.29415,0.027825,0.90622,0.035857,-0.027387,0.025829,0.84566
424,3,20,-0.29039,0.027793,0.90462,0.035574,-0.027243,0.025988,0.84238
426,3,20,-0.28666,0.027781,0.90329,0.035239,-0.026772,0.026052,0.83952
428,3,20,-0.28298,0.027788,0.90224,0.034859,-0.025972,0.026023,0.83712
430,3,20,-0.27937,0.027811,0.90147,0.034442,-0.024849,0.025906,0.83519
432,3,20,-0.27584,0.027847,0.901,0.033997,-0.023423,0.025708,0.83376
434,3,20,-0.27241,0.027894,0.90082,0.033535,-0.021721,0.025441,0.83284
436,3,20,-0.26908,0.027951,0.90091,0.033068,-0.01978,0.025119,0.83241
438,3,20,-0.26588,0.028016,0.90126,0.032607,-0.017643,0.024759,0.83246
440,3,20,-0.2628,0.028089,0.90184,0.032163,-0.015358,0.024378,0.83298
442,3,20,-0.25986,0.028167,0.90264,0.031746,-0.012975,0.023992,0.8339
444,3,20,-0.25706,0.028252,0.9036,0.031366,-0.010544,0.023619,0.83519
446,3,20,-0.25441,0.028344,0.90471,0.03103,-0.0081138,0.023272,0.83679
448,3,20,-0.2519,0.028442,0.90591,0.03074,-0.0057317,0.022965,0.83862
450,3,20,-0.24954,0.028549,0.90715,0.0305,-0.0034411,0.022704,0.8406
452,3,20,-0.24733,0.028665,0.90841,0.030308,-0.0012819,0.022495,0.84266
454,3,20,-0.24526,0.028792,0.90962,0.030163,0.00071032,0.022338,0.8447
456,3,20,-0.24332,0.028931,0.91075,0.03006,0.0025038,0.022229,0.84663
458,3,20,-0.24152,0.029082,0.91174,0.029995,0.0040713,0.022164,0.84837
460,3,20,-0.23983,0.029247,0.91256,0.029964,0.00539,0.022133,0.84982
462,3,20,-0.23824,0.029426,0.91316,0.029961,0.0064417,0.022127,0.85092
464,3,20,-0.23676,0.029618,0.91352,0.029983,0.0072134,0.022136,0.8516
466,3,20,-0.23535,0.029823,0.9136,0.030024,0.0076977,0.022152,0.85179
468,3,20,-0.23401,0.030039,0.91338,0.030081,0.0078931,0.022167,0.85145
470,3,20,-0.23272,0.030263,0.91284,0.03015,0.0078045,0.022175,0.85055
472,3,20,-0.23147,0.030493,0.91197,0.030226,0.0074432,0.022174,0.84906
474,3,20,-0.23023,0.030725,0.91078,0.030306,0.006827,0.022163,0.84698
476,3,20,-0.229,0.030955,0.90927,0.030384,0.0059798,0.022142,0.84432
478,3,20,-0.22775,0.031177,0.90746,0.030456,0.0049309,0.022113,0.8411
480,3,20,-0.22648,0.031387,0.90536,0.030516,0.0037144,0.022078,0.83737
482,3,20,-0.22516,0.031581,0.903,0.030559,0.0023678,0.022042,0.83316
484,3,20,-0.22378,0.031751,0.90042,0.03058,0.00093134,0.022006,0.82853
486,3,20,-0.22233,0.031895,0.89766,0.030575,-0.00055389,0.02197,0.82355
488,3,20,-0.2208,0.032006,0.89474,0.030541,-0.0020468,0.021932,0.81828
490,3,20,-0.21917,0.032081,0.89171,0.030474,-0.0035076,0.021888,0.8128
492,3,20,-0.21743,0.032115,0.88862,0.030373,-0.004899,0.021832,0.80717
494,3,20,-0.21559,0.032104,0.88549,0.03024,-0.0061872,0.021754,0.80146
496,3,20,-0.21362,0.032046,0.88236,0.030074,-0.0073426,0.021645,0.79575
498,3,20,-0.21154,0.031939,0.87927,0.029881,-0.0083406,0.021497,0.79008
500,3,20,-0.20933,0.031781,0.87624,0.029667,-0.0091621,0.0213,0.78452
502,3,20,-0.207,0.031571,0.87329,0.029438,-0.0097937,0.021049,0.7791
504,3,20,-0.20454,0.031308,0.87044,0.029206,-0.010228,0.020741,0.77387
506,3,20,-0.20197,0.030994,0.86769,0.02898,-0.010464,0.020377,0.76884
508,3,20,-0.19928,0.03063,0.86505,0.028772,-0.010505,0.019961,0.76405
510,3,20,-0.19649,0.030217,0.86253,0.028594,-0.010361,0.019501,0.75949
512,3,20,-0.1936,0.029757,0.8601,0.028456,-0.010045,0.019006,0.75516
514,3,20,-0.19062,0.029254,0.85778,0.028367,-0.009573,0.018488,0.75107
516,3,20,-0.18757,0.028711,0.85554,0.028332,-0.0089634,0.017961,0.7472
518,3,20,-0.18445,0.028131,0.85338,0.028355,-0.0082354,0.017437,0.74353
520,3,20,-0.18129,0.027519,0.85128,0.028435,-0.0074077,0.016932,0.74005
522,3,20,-0.17809,0.026878,0.84924,0.02857,-0.0064978,0.01646,0.73672
524,3,20,-0.17487,0.026214,0.84724,0.028751,-0.0055216,0.016034,0.73352
526,3,20,-0.17165,0.02553,0.84527,0.028973,-0.0044929,0.015668,0.73043
528,3,20,-0.16845,0.024832,0.84332,0.029224,-0.003424,0.015375,0.72742
530,3,20,-0.16527,0.024124,0.84138,0.029496,-0.0023265,0.015165,0.72446
532,3,20,-0.16213,0.023411,0.83945,0.02978,-0.0012116,0.015045,0.72152
534,3,20,-0.15905,0.022699,0.83751,0.030066,-9.1875e-05,0.015022,0.71859
536,3,20,-0.15605,0.021991,0.83555,0.030349,0.0010181,0.015095,0.71564
538,3,20,-0.15313,0.021294,0.83357,0.030623,0.0021007,0.015261,0.71266
540,3,20,-0.15031,0.020613,0.83156,0.030885,0.0031342,0.015512,0.70961
542,3,20,-0.14759,0.019953,0.8295,0.031135,0.0040932,0.015839,0.70649
544,3,20,-0.145,0.01932,0.82739,0.031374,0.0049481,0.016233,0.70327
546,3,20,-0.14253,0.01872,0.82521,0.031603,0.0056658,0.016685,0.69995
548,3,20,-0.1402,0.018157,0.82296,0.031827,0.0062112,0.017191,0.69651
550,3,20,-0.138,0.017639,0.82062,0.032051,0.0065481,0.01775,0.69294
552,3,20,-0.13595,0.017172,0.81819,0.032279,0.006641,0.018365,0.68923
554,3,20,-0.13403,0.016761,0.81565,0.032516,0.0064575,0.019043,0.68537
556,3,20,-0.13226,0.016411,0.81299,0.032766,0.0059694,0.019792,0.68136
558,3,20,-0.13063,0.016127,0.81023,0.03303,0.0051556,0.020623,0.6772
560,3,20,-0.12913,0.015913,0.80734,0.03331,0.004003,0.021542,0.67288
562,3,20,-0.12777,0.015772,0.80434,0.033602,0.0025085,0.022551,0.66842
564,3,20,-0.12652,0.015704,0.80124,0.033902,0.0006797,0.023646,0.66382
566,3,20,-0.1254,0.015709,0.79805,0.034202,-0.0014644,0.024818,0.6591
568,3,20,-0.12437,0.015784,0.79478,0.034492,-0.0038932,0.026048,0.65429
570,3,20,-0.12344,0.015925,0.79147,0.034762,-0.0065653,0.027316,0.64939
572,3,20,-0.12259,0.016127,0.78814,0.034998,-0.0094293,0.028593,0.64444
574,3,20,-0.12181,0.016382,0.78482,0.03519,-0.012426,0.029852,0.63947
576,3,20,-0.12109,0.016683,0.78154,0.035324,-0.015489,0.031062,0.63451
578,3,20,-0.1204,0.017022,0.77833,0.035393,-0.018552,0.032194,0.6296
580,3,20,-0.11975,0.017391,0.77524,0.035389,-0.021544,0.033221,0.62479
582,3,20,-0.1191,0.017781,0.77227,0.035311,-0.024399,0.034121,0.62009
584,3,20,-0.11846,0.018184,0.76946,0.03516,-0.027057,0.034874,0.61555
586,3,20,-0.11781,0.018592,0.76681,0.034941,-0.029464,0.035466,0.6112
588,3,20,-0.11713,0.018998,0.76435,0.034666,-0.031574,0.035886,0.60707
590,3,20,-0.11641,0.019395,0.76208,0.034348,-0.033353,0.036129,0.60318
592,3,20,-0.11565,0.019777,0.75998,0.034003,-0.034776,0.036192,0.59954
594,3,20,-0.11483,0.02014,0.75806,0.033647,-0.035829,0.03608,0.59617
596,3,20,-0.11394,0.020478,0.7563,0.033296,-0.036508,0.035796,0.59306
598,3,20,-0.11298,0.020787,0.75469,0.032966,-0.036815,0.03535,0.59021
600,3,20,-0.11195,0.021065,0.75322,0.032668,-0.036764,0.034755,0.58761
602,3,20,-0.11083,0.021308,0.75185,0.032409,-0.036375,0.034023,0.58524
604,3,20,-0.10963,0.021514,0.75059,0.032193,-0.035675,0.033174,0.58307
606,3,20,-0.10835,0.021683,0.7494,0.032022,-0.034695,0.032227,0.58108
608,3,20,-0.10699,0.021812,0.74827,0.031893,-0.033473,0.031204,0.57923
610,3,20,-0.10556,0.021903,0.74718,0.031799,-0.032052,0.03013,0.57749
612,3,20,-0.10405,0.021956,0.74612,0.031735,-0.030475,0.02903,0.57583
614,3,20,-0.10248,0.021971,0.74508,0.031691,-0.028789,0.027929,0.57422
616,3,20,-0.10085,0.021949,0.74404,0.031661,-0.027041,0.026854,0.57264
618,3,20,-0.099172,0.021892,0.743,0.031635,-0.025274,0.025826,0.57107
620,3,20,-0.097461,0.021803,0.74197,0.031605,-0.023532,0.024865,0.56949
622,3,20,-0.095726,0.021684,0.74093,0.031567,-0.021854,0.023984,0.56791
624,3,20,-0.093982,0.021538,0.7399,0.031513,-0.020274,0.023194,0.56632
626,3,20,-0.092242,0.021367,0.73889,0.031442,-0.018818,0.022496,0.56473
628,3,20,-0.09052,0.021176,0.7379,0.031351,-0.01751,0.021888,0.56318
630,3,20,-0.088833,0.020967,0.73697,0.031242,-0.016363,0.021365,0.56166
632,3,20,-0.087195,0.020745,0.73609,0.031118,-0.015384,0.02092,0.56023
634,3,20,-0.085621,0.020514,0.7353,0.030983,-0.014577,0.020545,0.55891
636,3,20,-0.084126,0.020278,0.73461,0.030842,-0.013938,0.020237,0.55773
638,3,20,-0.082726,0.02004,0.73404,0.030702,-0.01346,0.019993,0.55672
640,3,20,-0.081433,0.019806,0.7336,0.030571,-0.013132,0.019818,0.55592
642,3,20,-0.080262,0.019578,0.7333,0.030456,-0.012945,0.019719,0.55535
644,3,20,-0.079223,0.019362,0.73315,0.03036,-0.012889,0.019706,0.55502
646,3,20,-0.078328,0.019161,0.73315,0.030289,-0.012958,0.019791,0.55495
648,3,20,-0.077586,0.018979,0.73331,0.030246,-0.01315,0.019989,0.55512
650,3,20,-0.077004,0.018819,0.7336,0.03023,-0.013465,0.020313,0.55553
652,3,20,-0.076589,0.018684,0.73402,0.030242,-0.013911,0.020777,0.55616
654,3,20,-0.076346,0.018577,0.73454,0.030277,-0.014497,0.021392,0.55696
656,3,20,-0.076276,0.0185,0.73513,0.030333,-0.015238,0.022167,0.5579
658,3,20,-0.07638,0.018454,0.73577,0.030403,-0.016149,0.02311,0.55891
660,3,20,-0.076657,0.01844,0.73641,0.030484,-0.017248,0.024224,0.55995
662,3,20,-0.077104,0.01846,0.73702,0.030569,-0.018551,0.025509,0.56095
664,3,20,-0.077715,0.018512,0.73756,0.030654,-0.02007,0.02696,0.56184
666,3,20,-0.078483,0.018597,0.73798,0.030733,-0.021817,0.028571,0.56256
668,3,20,-0.0794,0.018713,0.73826,0.030804,-0.023797,0.030327,0.56305
670,3,20,-0.080454,0.018859,0.73835,0.030862,-0.02601,0.032209,0.56325
672,3,20,-0.081634,0.019033,0.73822,0.030906,-0.028448,0.034194,0.56312
674,3,20,-0.082926,0.019232,0.73786,0.030936,-0.031098,0.036256,0.56262
676,3,20,-0.084315,0.019455,0.73725,0.03095,-0.03394,0.038362,0.56173
678,3,20,-0.085785,0.0197,0.73637,0.03095,-0.036946,0.040479,0.56044
680,3,20,-0.087319,0.019962,0.73523,0.030937,-0.040081,0.042573,0.55875
682,3,20,-0.0889,0.020241,0.73383,0.030912,-0.043304,0.044606,0.55667
684,3,20,-0.090508,0.020533,0.7322,0.030878,-0.046566,0.046542,0.55423
686,3,20,-0.092127,0.020835,0.73035,0.030837,-0.049815,0.048347,0.55148
688,3,20,-0.093736,0.021147,0.72831,0.030791,-0.052993,0.049987,0.54845
690,3,20,-0.095318,0.021464,0.72613,0.030742,-0.056042,0.05143,0.54521
692,3,20,-0.096856,0.021785,0.72383,0.03069,-0.058902,0.052647,0.54182
694,3,20,-0.09833,0.022108,0.72146,0.030639,-0.061514,0.053613,0.53834
696,3,20,-0.099726,0.022431,0.71906,0.030587,-0.063822,0.054306,0.53482
698,3,20,-0.10103,0.022752,0.71667,0.030537,-0.065775,0.054707,0.53134
700,3,20,-0.10222,0.023068,0.71434,0.030489,-0.067332,0.054803,0.52794
702,3,20,-0.10329,0.023379,0.71209,0.030442,-0.068458,0.054583,0.52467
704,3,20,-0.10423,0.023681,0.70994,0.030399,-0.069131,0.05404,0.52158
706,3,20,-0.10502,0.023974,0.70793,0.030359,-0.069338,0.053174,0.51868
708,3,20,-0.10566,0.024255,0.70607,0.030325,-0.069081,0.051986,0.51601
710,3,20,-0.10615,0.024522,0.70436,0.030296,-0.068372,0.050485,0.51356
712,3,20,-0.10647,0.024775,0.7028,0.030273,-0.067237,0.048682,0.51135
714,3,20,-0.10663,0.025011,0.7014,0.030258,-0.06571,0.046594,0.50936
716,3,20,-0.10663,0.025228,0.70014,0.03025,-0.063835,0.044241,0.50758
718,3,20,-0.10647,0.025425,0.699,0.030249,-0.061664,0.041649,0.50599
720,3,20,-0.10615,0.0256,0.69798,0.030254,-0.059253,0.038853,0.50456
722,3,20,-0.10568,0.025752,0.69705,0.030262,-0.056661,0.03589,0.50328
724,3,20,-0.10506,0.02588,0.69621,0.030271,-0.053948,0.032808,0.50212
726,3,20,-0.10431,0.025982,0.69544,0.030276,-0.051173,0.029665,0.50105
728,3,20,-0.10344,0.026059,0.69473,0.030275,-0.048394,0.026533,0.50006
730,3,20,-0.10245,0.026109,0.69407,0.030262,-0.045662,0.023503,0.49913
732,3,20,-0.10137,0.026132,0.69345,0.030234,-0.043028,0.020688,0.49824
734,3,20,-0.1002,0.026129,0.69288,0.030185,-0.04054,0.018231,0.4974
736,3,20,-0.098971,0.0261,0.69237,0.030114,-0.03824,0.016293,0.4966
738,3,20,-0.097688,0.026046,0.6919,0.030017,-0.036171,0.015017,0.49585
740,3,20,-0.096372,0.025969,0.6915,0.029893,-0.034373,0.014463,0.49515
742,3,20,-0.09504,0.025869,0.69117,0.029741,-0.032884,0.014546,0.49452
744,3,20,-0.09371,0.02575,0.69091,0.029562,-0.03173,0.015063,0.49396
746,3,20,-0.092398,0.025614,0.69073,0.029359,-0.030926,0.01578,0.49349
748,3,20,-0.091123,0.025464,0.69064,0.029136,-0.030458,0.016511,0.49312
750,3,20,-0.089899,0.025302,0.69064,0.028896,-0.030284,0.017145,0.49285
752,3,20,-0.088743,0.025133,0.69072,0.028646,-0.030329,0.017642,0.49268
754,3,20,-0.08767,0.02496,0.69087,0.028392,-0.030497,0.018014,0.49262
756,3,20,-0.086692,0.024787,0.69109,0.028142,-0.030686,0.018295,0.49265
758,3,20,-0.085823,0.024617,0.69136,0.027904,-0.0308,0.01853,0.49277
760,3,20,-0.085073,0.024454,0.69166,0.027686,-0.030757,0.018751,0.49295
762,3,20,-0.08445,0.024301,0.69197,0.027494,-0.0305,0.018977,0.49318
764,3,20,-0.083963,0.02416,0.69227,0.027335,-0.029995,0.019214,0.49343
766,3,20,-0.083618,0.024034,0.69253,0.027212,-0.029228,0.019458,0.49367
768,3,20,-0.083417,0.023925,0.69274,0.027128,-0.028203,0.019698,0.49387
770,3,20,-0.083364,0.023833,0.69287,0.027081,-0.026943,0.01992,0.494
772,3,20,-0.083458,0.023758,0.6929,0.027071,-0.025482,0.020112,0.49404
774,3,20,-0.083697,0.023701,0.69283,0.027091,-0.023867,0.020266,0.49396
776,3,20,-0.084077,0.02366,0.69264,0.027137,-0.022153,0.020372,0.49374
778,3,20,-0.084592,0.023633,0.69233,0.027204,-0.020405,0.020426,0.49338
780,3,20,-0.085237,0.023617,0.6919,0.027285,-0.018693,0.020421,0.49286
782,3,20,-0.086,0.023609,0.69134,0.027377,-0.017097,0.020351,0.49219
784,3,20,-0.086871,0.023607,0.69067,0.027479,-0.015699,0.020204,0.49138
786,3,20,-0.087839,0.023605,0.6899,0.027591,-0.014586,0.01997,0.49043
788,3,20,-0.088889,0.023601,0.68903,0.027717,-0.01384,0.019641,0.48936
790,3,20,-0.090007,0.02359,0.68808,0.027862,-0.013535,0.019221,0.48821
792,3,20,-0.091178,0.02357,0.68707,0.028033,-0.013722,0.018741,0.48699
794,3,20,-0.092384,0.023535,0.68599,0.028238,-0.014423,0.01827,0.48574
796,3,20,-0.093609,0.023484,0.68488,0.028481,-0.015623,0.017919,0.48448
798,3,20,-0.094834,0.023414,0.68375,0.028769,-0.017273,0.017832,0.48324
800,3,20,-0.096043,0.023322,0.68261,0.0291,-0.019298,0.018152,0.48205
802,3,20,-0.097217,0.023207,0.68148,0.029473,-0.021606,0.018971,0.48092
804,3,20,-0.098339,0.023068,0.68037,0.029881,-0.024095,0.020304,0.47987
806,3,20,-0.09939,0.022905,0.6793,0.030313,-0.026668,0.022087,0.4789
808,3,20,-0.10036,0.022717,0.67828,0.030757,-0.029229,0.024209,0.47803
810,3,20,-0.10122,0.022507,0.67732,0.031201,-0.031696,0.026546,0.47726
812,3,20,-0.10196,0.022274,0.67642,0.031631,-0.033997,0.028982,0.47656
814,3,20,-0.10257,0.022022,0.6756,0.032037,-0.036074,0.031413,0.47593
816,3,20,-0.10304,0.021753,0.67484,0.032409,-0.037882,0.033755,0.47536
818,3,20,-0.10335,0.02147,0.67414,0.032742,-0.03939,0.035938,0.47483
820,3,20,-0.10349,0.021176,0.67349,0.033033,-0.040581,0.037908,0.47433
822,3,20,-0.10346,0.020875,0.67289,0.033282,-0.041445,0.03962,0.47383
824,3,20,-0.10324,0.020571,0.67232,0.03349,-0.041985,0.04104,0.47332
826,3,20,-0.10284,0.020267,0.67177,0.03366,-0.042208,0.042142,0.4728
828,3,20,-0.10225,0.019968,0.67124,0.033793,-0.042126,0.042908,0.47227
830,3,20,-0.10146,0.019677,0.67074,0.033892,-0.041753,0.043324,0.47171
832,3,20,-0.10049,0.019398,0.67025,0.033958,-0.041105,0.043383,0.47115
834,3,20,-0.099318,0.019134,0.6698,0.033993,-0.040199,0.043083,0.47059
836,3,20,-0.097965,0.018887,0.66939,0.033996,-0.039048,0.042424,0.47004
838,3,20,-0.096431,0.018661,0.66904,0.033968,-0.037668,0.041413,0.46954
840,3,20,-0.094725,0.018457,0.66878,0.033908,-0.036071,0.040061,0.46911
842,3,20,-0.092854,0.018275,0.66861,0.033816,-0.034271,0.038383,0.46876
844,3,20,-0.09083,0.018118,0.66855,0.033693,-0.032279,0.0364,0.46853
846,3,20,-0.088665,0.017983,0.66863,0.033539,-0.030106,0.03414,0.46844
848,3,20,-0.086372,0.017872,0.66886,0.033355,-0.027766,0.031637,0.46851
850,3,20,-0.083966,0.017783,0.66923,0.033142,-0.025272,0.028937,0.46874
852,3,20,-0.081462,0.017715,0.66975,0.032902,-0.022641,0.026098,0.46913
854,3,20,-0.078875,0.017666,0.67042,0.032637,-0.019896,0.023196,0.4697
856,3,20,-0.076225,0.017635,0.67121,0.032347,-0.017068,0.020335,0.47041
858,3,20,-0.073527,0.01762,0.67212,0.032035,-0.014202,0.017651,0.47124
860,3,20,-0.070801,0.01762,0.67311,0.031702,-0.01136,0.01532,0.47217
862,3,20,-0.068063,0.017632,0.67414,0.031351,-0.0086272,0.013541,0.47314
864,3,20,-0.065334,0.017655,0.67518,0.030982,-0.0061222,0.012457,0.4741
866,3,20,-0.06263,0.017687,0.67618,0.030599,-0.0039986,0.01204,0.47501
868,3,20,-0.059969,0.017728,0.67709,0.030203,-0.0024428,0.012034,0.47579
870,3,20,-0.05737,0.017775,0.67787,0.029798,-0.0016535,0.012074,0.47638
872,3,20,-0.054848,0.017829,0.67848,0.029388,-0.001798,0.011873,0.47674
874,3,20,-0.052419,0.017886,0.67885,0.028976,-0.0029591,0.011368,0.47679
876,3,20,-0.050099,0.017948,0.67896,0.028567,-0.0051063,0.010807,0.47649
878,3,20,-0.047901,0.018012,0.67877,0.028168,-0.0081146,0.010741,0.47581
880,3,20,-0.045838,0.018079,0.67826,0.027782,-0.011813,0.011752,0.4747
882,3,20,-0.043922,0.018146,0.6774,0.027416,-0.016031,0.014017,0.47315
884,3,20,-0.042162,0.018213,0.67619,0.027075,-0.020617,0.017274,0.47116
886,3,20,-0.040567,0.018279,0.67464,0.026761,-0.025446,0.021166,0.46874
888,3,20,-0.039143,0.018343,0.67275,0.026477,-0.030417,0.025419,0.46592
890,3,20,-0.037897,0.018404,0.67056,0.026225,-0.035446,0.029845,0.46272
892,3,20,-0.036832,0.018462,0.6681,0.026005,-0.040461,0.034315,0.45921
894,3,20,-0.03595,0.018515,0.66542,0.025814,-0.0454,0.038733,0.45545
896,3,20,-0.035251,0.018562,0.66257,0.025649,-0.050204,0.043031,0.4515
898,3,20,-0.034734,0.018603,0.65961,0.025508,-0.05482,0.047153,0.44745
900,3,20,-0.034397,0.018638,0.6566,0.025384,-0.059198,0.051055,0.44337
902,3,20,-0.034233,0.018666,0.65361,0.025276,-0.06329,0.0547,0.43934
904,3,20,-0.034238,0.018687,0.65069,0.025178,-0.067055,0.058061,0.43545
906,3,20,-0.034403,0.018702,0.64792,0.025091,-0.070455,0.061115,0.43176
908,3,20,-0.034721,0.018711,0.64534,0.025013,-0.073456,0.063843,0.42835
910,3,20,-0.035179,0.018714,0.64299,0.024947,-0.076032,0.066235,0.42526
912,3,20,-0.035767,0.018713,0.64091,0.024894,-0.078165,0.068283,0.42255
914,3,20,-0.036473,0.018709,0.63913,0.02486,-0.079844,0.069984,0.42024
916,3,20,-0.037283,0.018703,0.63766,0.024848,-0.081067,0.07134,0.41835
918,3,20,-0.038182,0.018696,0.6365,0.024863,-0.081838,0.072358,0.41688
920,3,20,-0.039157,0.01869,0.63564,0.024908,-0.082173,0.073046,0.41583
922,3,20,-0.04019,0.018686,0.63507,0.024986,-0.082094,0.073417,0.41517
924,3,20,-0.041267,0.018684,0.63475,0.025097,-0.081631,0.073488,0.41487
926,3,20,-0.042372,0.018686,0.63465,0.02524,-0.08082,0.073276,0.41489
928,3,20,-0.043489,0.018693,0.63474,0.025411,-0.079702,0.072803,0.41517
930,3,20,-0.044601,0.018703,0.63498,0.025607,-0.078324,0.07209,0.41566
932,3,20,-0.045695,0.018717,0.63531,0.02582,-0.076733,0.071161,0.41629
934,3,20,-0.046754,0.018735,0.63571,0.026045,-0.074981,0.070043,0.41701
936,3,20,-0.047764,0.018755,0.63611,0.026276,-0.073116,0.06876,0.41776
938,3,20,-0.048711,0.018775,0.6365,0.026506,-0.071188,0.067339,0.41848
940,3,20,-0.049584,0.018795,0.63683,0.02673,-0.069245,0.06581,0.41912
942,3,20,-0.05037,0.018811,0.63706,0.026945,-0.067331,0.064198,0.41964
944,3,20,-0.051058,0.018821,0.63719,0.027147,-0.065487,0.062532,0.42001
946,3,20,-0.051639,0.018825,0.63718,0.027337,-0.063748,0.06084,0.42019
948,3,20,-0.052106,0.018818,0.63702,0.027514,-0.062147,0.05915,0.42018
950,3,20,-0.052451,0.0188,0.63672,0.027681,-0.060711,0.057488,0.41997
952,3,20,-0.052669,0.018768,0.63626,0.027838,-0.059459,0.055881,0.41955
954,3,20,-0.052757,0.018721,0.63567,0.027989,-0.058409,0.054354,0.41896
956,3,20,-0.052712,0.018658,0.63494,0.028136,-0.05757,0.05293,0.4182
958,3,20,-0.052535,0.01858,0.63411,0.028281,-0.056946,0.05163,0.4173
960,3,20,-0.052225,0.018486,0.6332,0.028425,-0.056536,0.050475,0.4163
962,3,20,-0.051785,0.018377,0.63224,0.02857,-0.056336,0.049482,0.41524
964,3,20,-0.05122,0.018256,0.63126,0.028713,-0.056334,0.048665,0.41416
966,3,20,-0.050534,0.018123,0.6303,0.028853,-0.056518,0.048038,0.4131
968,3,20,-0.049735,0.017984,0.62939,0.028989,-0.056871,0.047611,0.4121
970,3,20,-0.04883,0.017841,0.62857,0.029117,-0.057375,0.047391,0.41121
972,3,20,-0.047829,0.017698,0.62788,0.029236,-0.05801,0.047385,0.41047
974,3,20,-0.046741,0.01756,0.62733,0.029343,-0.05876,0.047597,0.4099
976,3,20,-0.045579,0.017431,0.62695,0.029438,-0.059607,0.048027,0.40954
978,3,20,-0.044353,0.017317,0.62677,0.029521,-0.060537,0.048674,0.4094
980,3,20,-0.043077,0.017221,0.62679,0.029595,-0.061538,0.049535,0.40951
982,3,20,-0.041764,0.017147,0.62701,0.029663,-0.062603,0.050602,0.40986
984,3,20,-0.040428,0.017099,0.62744,0.029728,-0.063724,0.051866,0.41047
986,3,20,-0.039082,0.017079,0.62805,0.029796,-0.064897,0.053314,0.41132
988,3,20,-0.037741,0.017089,0.62884,0.029871,-0.066119,0.054931,0.41239
990,3,20,-0.036417,0.017127,0.62978,0.029956,-0.067389,0.056698,0.41367
992,3,20,-0.035125,0.017194,0.63084,0.030053,-0.068701,0.058594,0.41512
994,3,20,-0.033877,0.017288,0.632,0.030163,-0.070052,0.060597,0.41671
996,3,20,-0.032687,0.017404,0.63323,0.030285,-0.071436,0.062682,0.4184
998,3,20,-0.031566,0.01754,0.63449,0.030414,-0.072844,0.064822,0.42015
1000,3,20,-0.030525,0.017691,0.63575,0.030546,-0.074266,0.066991,0.42191
1002,3,20,-0.029574,0.017851,0.63698,0.030674,-0.07569,0.069161,0.42363
1004,3,20,-0.028722,0.018017,0.63816,0.030792,-0.0771,0.071303,0.42526
1006,3,20,-0.027977,0.018183,0.63924,0.030891,-0.078482,0.07339,0.42676
1008,3,20,-0.027346,0.018344,0.64021,0.030965,-0.079816,0.075393,0.42809
1010,3,20,-0.026833,0.018497,0.64105,0.031007,-0.081084,0.077284,0.42921
1012,3,20,-0.026443,0.018638,0.64172,0.031013,-0.082265,0.07904,0.43008
1014,3,20,-0.026179,0.018765,0.64222,0.030978,-0.083338,0.080635,0.43068
1016,3,20,-0.02604,0.018876,0.64254,0.030901,-0.084281,0.082047,0.431
1018,3,20,-0.026028,0.01897,0.64265,0.030783,-0.085072,0.083257,0.43101
1020,3,20,-0.02614,0.019047,0.64257,0.030626,-0.085688,0.084245,0.43072
1022,3,20,-0.026373,0.019107,0.64229,0.030436,-0.086109,0.084998,0.43014
1024,3,20,-0.026722,0.019153,0.64182,0.030219,-0.086311,0.085502,0.42928
1026,3,20,-0.027182,0.019187,0.64116,0.029983,-0.086275,0.085747,0.42817
1028,3,20,-0.027746,0.019211,0.64034,0.029738,-0.085982,0.085724,0.42684
1030,3,20,-0.028406,0.019229,0.63937,0.029495,-0.085412,0.085428,0.42533
1032,3,20,-0.029153,0.019245,0.63829,0.029261,-0.08455,0.084855,0.42368
1034,3,20,-0.029977,0.019262,0.63711,0.029045,-0.083381,0.084004,0.42194
1036,3,20,-0.030867,0.019284,0.63589,0.028855,-0.081892,0.082873,0.42017
1038,3,20,-0.031812,0.019313,0.63464,0.028694,-0.080074,0.081466,0.41842
1040,3,20,-0.0328,0.019353,0.63342,0.028563,-0.077921,0.079786,0.41672
1042,3,20,-0.03382,0.019404,0.63226,0.028462,-0.075434,0.077838,0.41514
1044,3,20,-0.034858,0.019469,0.63118,0.028388,-0.072616,0.075631,0.4137
1046,3,20,-0.035903,0.019546,0.63024,0.028337,-0.069482,0.073173,0.41246
1048,3,20,-0.036942,0.019635,0.62944,0.028302,-0.066049,0.070475,0.41142
1050,3,20,-0.037964,0.019733,0.62882,0.02828,-0.062346,0.067553,0.41061
1052,3,20,-0.038957,0.019836,0.62837,0.028263,-0.058409,0.064421,0.41003
1054,3,20,-0.039909,0.019942,0.62812,0.028247,-0.05428,0.061099,0.40969
1056,3,20,-0.040812,0.020045,0.62804,0.028228,-0.050008,0.057607,0.40957
1058,3,20,-0.041654,0.020139,0.62812,0.028201,-0.045649,0.053969,0.40965
1060,3,20,-0.042428,0.02022,0.62835,0.028163,-0.041261,0.050213,0.40989
1062,3,20,-0.043126,0.020281,0.6287,0.02811,-0.036903,0.046367,0.41027
1064,3,20,-0.043741,0.020317,0.62913,0.028039,-0.032636,0.042465,0.41074
1066,3,20,-0.044267,0.020322,0.62961,0.027948,-0.028519,0.038544,0.41125
1068,3,20,-0.044701,0.020291,0.63011,0.027832,-0.024609,0.034647,0.41176
1070,3,20,-0.045039,0.020219,0.63059,0.02769,-0.020958,0.030824,0.41221
1072,3,20,-0.045279,0.020103,0.63102,0.027519,-0.017619,0.027133,0.41257
1074,3,20,-0.04542,0.019939,0.63135,0.027318,-0.014638,0.023647,0.41278
1076,3,20,-0.045464,0.019725,0.63157,0.027087,-0.012061,0.020453,0.41282
1078,3,20,-0.045412,0.01946,0.63165,0.026826,-0.0099321,0.017654,0.41266
1080,3,20,-0.045266,0.019141,0.63158,0.026536,-0.0082953,0.015362,0.41227
1082,3,20,-0.04503,0.01877,0.63134,0.02622,-0.0071932,0.013669,0.41165
1084,3,20,-0.04471,0.018347,0.63093,0.025882,-0.0066654,0.012599,0.4108
1086,3,20,-0.044312,0.017875,0.63035,0.025524,-0.0067409,0.012062,0.40972
1088,3,20,-0.043841,0.017356,0.62961,0.025152,-0.007428,0.011879,0.40843
1090,3,20,-0.043306,0.016794,0.62874,0.02477,-0.0087016,0.011855,0.40697
1092,3,20,-0.042714,0.016192,0.62775,0.024382,-0.010495,0.011852,0.40536
1094,3,20,-0.042073,0.015558,0.62666,0.023994,-0.012702,0.011812,0.40364
1096,3,20,-0.041393,0.014895,0.62551,0.023611,-0.015192,0.011741,0.40186
1098,3,20,-0.040681,0.014212,0.62434,0.023237,-0.017826,0.011681,0.40006
1100,3,20,-0.039949,0.013516,0.62317,0.022876,-0.020471,0.011677,0.39828
1102,3,20,-0.039203,0.012814,0.62204,0.022531,-0.023014,0.011761,0.39658
1104,3,20,-0.038453,0.012115,0.62098,0.022205,-0.025361,0.011943,0.39498
1106,3,20,-0.037708,0.011429,0.62001,0.021899,-0.027441,0.012212,0.39352
1108,3,20,-0.036975,0.010766,0.61916,0.021615,-0.029203,0.01254,0.39224
1110,3,20,-0.036262,0.010135,0.61845,0.021353,-0.030614,0.012896,0.39115
1112,3,20,-0.035576,0.0095465,0.61789,0.021113,-0.031658,0.013246,0.39026
1114,3,20,-0.034922,0.0090105,0.61749,0.020897,-0.032335,0.013564,0.38959
1116,3,20,-0.034306,0.0085363,0.61724,0.020706,-0.032655,0.013827,0.38913
1118,3,20,-0.033732,0.0081318,0.61713,0.020542,-0.032641,0.01402,0.38887
1120,3,20,-0.033203,0.0078027,0.61716,0.020407,-0.032324,0.014135,0.3888
1122,3,20,-0.032722,0.0075521,0.61731,0.020304,-0.031743,0.014168,0.3889
1124,3,20,-0.032291,0.0073797,0.61756,0.020236,-0.030941,0.014122,0.38916
1126,3,20,-0.031908,0.0072819,0.61788,0.020206,-0.029964,0.014002,0.38953
1128,3,20,-0.031575,0.0072523,0.61825,0.020215,-0.028859,0.013817,0.39
1130,3,20,-0.031288,0.0072825,0.61866,0.020266,-0.027674,0.013578,0.39055
1132,3,20,-0.031046,0.0073634,0.61908,0.020358,-0.026454,0.0133,0.39114
1134,3,20,-0.030845,0.0074857,0.6195,0.020491,-0.02524,0.012995,0.39176
1136,3,20,-0.03068,0.0076417,0.61991,0.020664,-0.024068,0.012679,0.3924
1138,3,20,-0.030546,0.0078247,0.62028,0.020874,-0.022971,0.012365,0.39303
1140,3,20,-0.030437,0.0080302,0.62063,0.021116,-0.021972,0.012064,0.39365
1142,3,20,-0.030348,0.0082552,0.62094,0.021387,-0.021089,0.011787,0.39426
1144,3,20,-0.03027,0.0084984,0.62122,0.02168,-0.020333,0.011539,0.39485
1146,3,20,-0.030197,0.0087596,0.62148,0.021989,-0.01971,0.011324,0.39542
1148,3,20,-0.030122,0.0090397,0.62172,0.022309,-0.019216,0.011141,0.39599
1150,3,20,-0.030036,0.0093401,0.62195,0.022631,-0.018844,0.01099,0.39655
1152,3,20,-0.029932,0.0096624,0.62218,0.022951,-0.018585,0.010865,0.39712
1154,3,20,-0.029803,0.010008,0.62242,0.023262,-0.018423,0.010763,0.39769
1156,3,20,-0.029643,0.010378,0.62268,0.023558,-0.018344,0.01068,0.39827
1158,3,20,-0.029443,0.010774,0.62295,0.023836,-0.018332,0.010614,0.39887
1160,3,20,-0.029198,0.011193,0.62325,0.024092,-0.018375,0.010567,0.39947
1162,3,20,-0.028902,0.011636,0.62356,0.024325,-0.01846,0.010542,0.40007
1164,3,20,-0.028551,0.0121,0.62388,0.024535,-0.018581,0.010544,0.40067
1166,3,20,-0.028141,0.012583,0.6242,0.024724,-0.018732,0.01058,0.40124
1168,3,20,-0.027668,0.01308,0.62449,0.024895,-0.018912,0.010655,0.40177
1170,3,20,-0.02713,0.013587,0.62475,0.02505,-0.019124,0.010773,0.40223
1172,3,20,-0.026526,0.0141,0.62494,0.025194,-0.01937,0.010933,0.40261
1174,3,20,-0.025856,0.014614,0.62506,0.025328,-0.019655,0.011129,0.40289
1176,3,20,-0.02512,0.015124,0.62507,0.025456,-0.019983,0.011354,0.40302
1178,3,20,-0.024321,0.015624,0.62496,0.025578,-0.020356,0.011596,0.403
1180,3,20,-0.023462,0.01611,0.62471,0.025692,-0.020776,0.011842,0.4028
1182,3,20,-0.022546,0.016576,0.62431,0.025797,-0.021241,0.01208,0.40241
1184,3,20,-0.021578,0.017018,0.62376,0.025888,-0.021746,0.0123,0.40181
1186,3,20,-0.020565,0.017432,0.62305,0.025963,-0.022283,0.012494,0.401
1188,3,20,-0.019512,0.017813,0.62219,0.026016,-0.022843,0.012658,0.39998
1190,3,20,-0.018428,0.018159,0.62118,0.026044,-0.023415,0.012791,0.39875
1192,3,20,-0.017319,0.018467,0.62004,0.026042,-0.023984,0.012896,0.39733
1194,3,20,-0.016196,0.018733,0.61877,0.026011,-0.024538,0.012978,0.39573
1196,3,20,-0.015065,0.018957,0.61741,0.025947,-0.02506,0.013045,0.39398
1198,3,20,-0.013938,0.019138,0.61596,0.025854,-0.025537,0.013105,0.39211
1200,3,20,-0.012822,0.019274,0.61446,0.025733,-0.025955,0.013168,0.39014
1202,3,20,-0.011728,0.019366,0.61293,0.025587,-0.026302,0.013243,0.38812
1204,3,20,-0.010665,0.019414,0.61138,0.025424,-0.026564,0.013335,0.38607
1206,3,20,-0.009641,0.019419,0.60986,0.025248,-0.026733,0.01345,0.38404
1208,3,20,-0.0086656,0.019383,0.60837,0.025066,-0.0268,0.01359,0.38205
1210,3,20,-0.0077466,0.019309,0.60693,0.024886,-0.026756,0.013753,0.38014
1212,3,20,-0.0068916,0.019198,0.60558,0.024714,-0.026597,0.013935,0.37833
1214,3,20,-0.0061073,0.019055,0.60431,0.024555,-0.026319,0.01413,0.37664
1216,3,20,-0.0053998,0.018882,0.60314,0.024414,-0.02592,0.014327,0.3751
1218,3,20,-0.0047742,0.018683,0.60208,0.024296,-0.025399,0.014519,0.37371
1220,3,20,-0.0042344,0.018462,0.60113,0.024201,-0.024758,0.014695,0.37248
1222,3,20,-0.0037836,0.018224,0.6003,0.024131,-0.023999,0.014844,0.37142
1224,3,20,-0.0034237,0.017972,0.59958,0.024084,-0.023127,0.014959,0.37052
1226,3,20,-0.0031555,0.017712,0.59898,0.024059,-0.022148,0.015033,0.36977
1228,3,20,-0.0029788,0.017446,0.59847,0.024053,-0.021068,0.015061,0.36916
1230,3,20,-0.0028923,0.01718,0.59807,0.024063,-0.019897,0.015039,0.36869
1232,3,20,-0.0028934,0.016917,0.59776,0.024085,-0.018644,0.014968,0.36834
1234,3,20,-0.0029786,0.016661,0.59753,0.024115,-0.017319,0.01485,0.3681
1236,3,20,-0.0031433,0.016414,0.59738,0.024152,-0.015933,0.014689,0.36795
1238,3,20,-0.0033822,0.01618,0.5973,0.024194,-0.0145,0.014495,0.36788
1240,3,20,-0.0036889,0.015962,0.59727,0.024238,-0.013033,0.014275,0.3679
1242,3,20,-0.0040563,0.01576,0.59731,0.024286,-0.011546,0.014041,0.36799
1244,3,20,-0.0044768,0.015576,0.5974,0.024337,-0.010053,0.013805,0.36814
1246,3,20,-0.0049422,0.015412,0.59755,0.024395,-0.0085734,0.013576,0.36837
1248,3,20,-0.0054438,0.015267,0.59774,0.024461,-0.0071234,0.013363,0.36866
1250,3,20,-0.0059727,0.015142,0.59799,0.024537,-0.0057224,0.013172,0.36903
1252,3,20,-0.00652,0.015037,0.59829,0.024626,-0.0043905,0.013003,0.36948
1254,3,20,-0.0070766,0.014951,0.59865,0.024728,-0.0031486,0.012853,0.37
1256,3,20,-0.0076336,0.014883,0.59908,0.024843,-0.0020174,0.012715,0.37062
1258,3,20,-0.0081825,0.014833,0.59956,0.024971,-0.0010171,0.012583,0.37132
1260,3,20,-0.008715,0.014799,0.60011,0.02511,-0.00016641,0.01245,0.37211
1262,3,20,-0.0092236,0.014781,0.60072,0.025257,0.00051841,0.012313,0.37298
1264,3,20,-0.0097011,0.014777,0.60139,0.025408,0.0010241,0.012178,0.37393
1266,3,20,-0.010141,0.014787,0.60211,0.02556,0.0013409,0.012056,0.37495
1268,3,20,-0.010539,0.014809,0.60288,0.025709,0.0014626,0.011969,0.37602
1270,3,20,-0.010889,0.014842,0.60368,0.025851,0.0013865,0.011943,0.37713
1272,3,20,-0.011189,0.014884,0.60451,0.025984,0.0011126,0.012011,0.37826
1274,3,20,-0.011435,0.014936,0.60533,0.026106,0.0006439,0.012202,0.37937
1276,3,20,-0.011627,0.014994,0.60613,0.026217,-1.4584e-05,0.012539,0.38045
1278,3,20,-0.011764,0.015058,0.60688,0.026316,-0.00085548,0.013036,0.38146
1280,3,20,-0.011847,0.015126,0.60757,0.026406,-0.0018692,0.013691,0.38239
1282,3,20,-0.011877,0.015195,0.60818,0.026489,-0.0030436,0.014492,0.38321
1284,3,20,-0.011858,0.015266,0.60867,0.026566,-0.004364,0.015419,0.38389
1286,3,20,-0.011794,0.015334,0.60904,0.026642,-0.0058125,0.016443,0.38442
1288,3,20,-0.011689,0.015398,0.60927,0.026716,-0.0073681,0.017538,0.38478
1290,3,20,-0.011548,0.015457,0.60936,0.026792,-0.0090067,0.018676,0.38496
1292,3,20,-0.011379,0.015507,0.6093,0.026868,-0.010701,0.019828,0.38496
1294,3,20,-0.011188,0.015548,0.60909,0.026943,-0.01242,0.020973,0.38479
1296,3,20,-0.010983,0.015577,0.60875,0.027015,-0.014132,0.022087,0.38445
1298,3,20,-0.010772,0.015592,0.60829,0.027081,-0.015803,0.023151,0.38396
1300,3,20,-0.010562,0.015593,0.60774,0.027135,-0.017397,0.024149,0.38333
1302,3,20,-0.010363,0.015577,0.60711,0.027173,-0.018881,0.025065,0.38261
1304,3,20,-0.010182,0.015545,0.60643,0.027189,-0.020222,0.025887,0.3818
1306,3,20,-0.010028,0.015496,0.60574,0.027181,-0.02139,0.026602,0.38095
1308,3,20,-0.0099093,0.01543,0.60506,0.027144,-0.022358,0.027201,0.38009
1310,3,20,-0.0098323,0.015347,0.60442,0.027078,-0.023106,0.027677,0.37925
1312,3,20,-0.0098045,0.01525,0.60385,0.026982,-0.023619,0.028024,0.37847
1314,3,20,-0.0098321,0.015138,0.60337,0.026858,-0.023888,0.028236,0.37777
1316,3,20,-0.0099207,0.015015,0.603,0.026711,-0.023908,0.028313,0.37717
1318,3,20,-0.010075,0.014883,0.60276,0.026545,-0.023682,0.028254,0.3767
1320,3,20,-0.010298,0.014744,0.60264,0.026366,-0.023219,0.028061,0.37638
1322,3,20,-0.010594,0.014602,0.60265,0.02618,-0.02253,0.027737,0.37622
1324,3,20,-0.010963,0.01446,0.6028,0.025992,-0.021631,0.027291,0.37621
1326,3,20,-0.011407,0.014321,0.60308,0.025807,-0.020543,0.026729,0.37636
1328,3,20,-0.011924,0.014189,0.60348,0.025628,-0.019287,0.026062,0.37666
1330,3,20,-0.012513,0.014068,0.60398,0.025459,-0.017887,0.025304,0.37711
1332,3,20,-0.013171,0.01396,0.60458,0.025299,-0.016368,0.024468,0.37768
1334,3,20,-0.013894,0.013867,0.60526,0.025149,-0.01476,0.023572,0.37836
1336,3,20,-0.014677,0.013793,0.606,0.025008,-0.01309,0.022631,0.37912
1338,3,20,-0.015515,0.013738,0.6068,0.024875,-0.011388,0.021664,0.37996
1340,3,20,-0.016399,0.013702,0.60762,0.024748,-0.0096856,0.020687,0.38084
1342,3,20,-0.017324,0.013687,0.60846,0.024628,-0.008012,0.019719,0.38175
1344,3,20,-0.01828,0.013691,0.6093,0.024512,-0.0063974,0.018774,0.38266
1346,3,20,-0.019258,0.013713,0.61013,0.024402,-0.0048699,0.017865,0.38357
1348,3,20,-0.02025,0.013751,0.61094,0.024297,-0.0034553,0.017004,0.38446
1350,3,20,-0.021245,0.013803,0.61172,0.024197,-0.0021757,0.016201,0.38532
1352,3,20,-0.022233,0.013865,0.61246,0.024103,-0.0010494,0.015462,0.38615
1354,3,20,-0.023205,0.013935,0.61318,0.024017,-8.9831e-05,0.014793,0.38694
1356,3,20,-0.024151,0.01401,0.61385,0.023938,0.00069483,0.014199,0.3877
1358,3,20,-0.02506,0.014088,0.6145,0.023867,0.0013017,0.013683,0.38843
1360,3,20,-0.025925,0.014166,0.61511,0.023803,0.0017332,0.01325,0.38913
1362,3,20,-0.026736,0.014242,0.6157,0.023745,0.0019967,0.0129,0.3898
1364,3,20,-0.027484,0.014315,0.61628,0.023693,0.002104,0.012634,0.39046
1366,3,20,-0.028164,0.014383,0.61684,0.023643,0.0020704,0.012449,0.39111
1368,3,20,-0.028767,0.014445,0.61739,0.023592,0.0019139,0.012337,0.39175
1370,3,20,-0.029289,0.014502,0.61794,0.023539,0.0016542,0.012289,0.39238
1372,3,20,-0.029725,0.014554,0.61849,0.023478,0.0013115,0.012292,0.393
1374,3,20,-0.030071,0.014601,0.61903,0.023409,0.00090539,0.012329,0.39361
1376,3,20,-0.030326,0.014645,0.61955,0.023327,0.00045408,0.012384,0.39419
1378,3,20,-0.030487,0.014686,0.62006,0.023234,-2.6407e-05,0.012441,0.39473
1380,3,20,-0.030555,0.014728,0.62053,0.023127,-0.00052275,0.012486,0.39522
1382,3,20,-0.03053,0.01477,0.62096,0.023009,-0.0010245,0.012506,0.39565
1384,3,20,-0.030416,0.014814,0.62132,0.022882,-0.0015241,0.012493,0.39599
1386,3,20,-0.030214,0.014862,0.6216,0.02275,-0.0020166,0.012442,0.39621
1388,3,20,-0.029931,0.014915,0.62177,0.022617,-0.0024989,0.012355,0.39631
1390,3,20,-0.029571,0.014973,0.62181,0.022488,-0.0029697,0.012234,0.39626
1392,3,20,-0.02914,0.015037,0.62172,0.022368,-0.0034283,0.012088,0.39604
1394,3,20,-0.028645,0.015107,0.62147,0.022262,-0.0038744,0.011928,0.39564
1396,3,20,-0.028095,0.015181,0.62104,0.022174,-0.0043072,0.011768,0.39504
1398,3,20,-0.027497,0.01526,0.62044,0.022109,-0.0047256,0.011626,0.39424
1400,3,20,-0.026861,0.01534,0.61966,0.022067,-0.0051273,0.011518,0.39323
1402,3,20,-0.026195,0.015422,0.6187,0.022052,-0.0055093,0.011461,0.39203
1404,3,20,-0.02551,0.015502,0.61757,0.022064,-0.0058681,0.011468,0.39064
1406,3,20,-0.024814,0.015579,0.61627,0.022102,-0.0061998,0.01155,0.38907
1408,3,20,-0.024116,0.015649,0.61483,0.022165,-0.0065008,0.011711,0.38735
1410,3,20,-0.023427,0.015712,0.61327,0.022251,-0.0067682,0.011949,0.38551
1412,3,20,-0.022754,0.015765,0.61162,0.022356,-0.0070006,0.01226,0.38357
1414,3,20,-0.022107,0.015806,0.60989,0.022477,-0.0071983,0.012635,0.38157
1416,3,20,-0.021493,0.015834,0.60814,0.02261,-0.0073639,0.013061,0.37955
1418,3,20,-0.020919,0.015847,0.60638,0.02275,-0.0075023,0.013526,0.37754
1420,3,20,-0.020392,0.015845,0.60466,0.022894,-0.0076208,0.014019,0.37558
1422,3,20,-0.019917,0.015827,0.60301,0.023036,-0.0077285,0.014528,0.3737
1424,3,20,-0.019499,0.015793,0.60145,0.023172,-0.0078361,0.015044,0.37195
1426,3,20,-0.019143,0.015745,0.60002,0.023298,-0.0079547,0.015557,0.37034
1428,3,20,-0.018849,0.015682,0.59875,0.023409,-0.0080955,0.016062,0.36891
1430,3,20,-0.018621,0.015606,0.59765,0.0235,-0.0082687,0.01655,0.36767
1432,3,20,-0.01846,0.015518,0.59673,0.023567,-0.008483,0.017018,0.36664
1434,3,20,-0.018364,0.01542,0.59602,0.023607,-0.0087447,0.01746,0.36582
1436,3,20,-0.018332,0.015314,0.5955,0.023616,-0.0090578,0.017872,0.36522
1438,3,20,-0.018363,0.015202,0.59519,0.023591,-0.0094234,0.018248,0.36482
1440,3,20,-0.018453,0.015084,0.59506,0.023532,-0.0098401,0.018586,0.36462
1442,3,20,-0.018598,0.014964,0.59511,0.023438,-0.010304,0.018882,0.3646
1444,3,20,-0.018794,0.014841,0.59532,0.02331,-0.010809,0.019134,0.36473
1446,3,20,-0.019035,0.014717,0.59567,0.023149,-0.011347,0.019342,0.365
1448,3,20,-0.019316,0.014592,0.59612,0.022961,-0.011907,0.019506,0.36537
1450,3,20,-0.01963,0.014467,0.59665,0.02275,-0.012478,0.019627,0.36583
1452,3,20,-0.01997,0.014341,0.59723,0.022524,-0.013047,0.019709,0.36633
1454,3,20,-0.020331,0.014213,0.59784,0.022289,-0.013598,0.019755,0.36685
1456,3,20,-0.020704,0.014083,0.59844,0.022055,-0.014117,0.01977,0.36737
1458,3,20,-0.021084,0.01395,0.59901,0.021831,-0.014585,0.019758,0.36786
1460,3,20,-0.021462,0.013812,0.59953,0.021625,-0.014986,0.019723,0.36832
1462,3,20,-0.021834,0.013668,0.59998,0.021445,-0.0153,0.019669,0.36871
1464,3,20,-0.022192,0.013516,0.60035,0.021297,-0.015511,0.019596,0.36904
1466,3,20,-0.022532,0.013357,0.60064,0.021187,-0.015599,0.019504,0.3693
1468,3,20,-0.022848,0.01319,0.60084,0.021116,-0.015549,0.019392,0.36948
1470,3,20,-0.023135,0.013016,0.60095,0.021084,-0.015346,0.019257,0.36959
1472,3,20,-0.023391,0.012835,0.60098,0.021091,-0.014976,0.019094,0.36963
1474,3,20,-0.023612,0.012649,0.60095,0.021133,-0.014432,0.018901,0.36962
1476,3,20,-0.023796,0.01246,0.60086,0.021206,-0.01371,0.018673,0.36957
1478,3,20,-0.023942,0.012274,0.60072,0.021304,-0.012808,0.01841,0.36948
1480,3,20,-0.02405,0.012094,0.60055,0.021424,-0.011732,0.018109,0.36938
1482,3,20,-0.02412,0.011926,0.60036,0.021562,-0.010491,0.017776,0.36926
1484,3,20,-0.024154,0.011776,0.60016,0.021713,-0.0091014,0.017416,0.36914
1486,3,20,-0.024154,0.011651,0.59996,0.021875,-0.0075811,0.017038,0.36904
1488,3,20,-0.024123,0.011558,0.59976,0.022047,-0.0059539,0.016655,0.36895
1490,3,20,-0.024066,0.011502,0.59957,0.022228,-0.004246,0.016283,0.36887
1492,3,20,-0.023985,0.011491,0.59939,0.022418,-0.0024865,0.015938,0.36882
1494,3,20,-0.023888,0.011528,0.59922,0.022616,-0.00070636,0.015639,0.36878
1496,3,20,-0.023778,0.011617,0.59904,0.022823,0.0010624,0.015403,0.36874
1498,3,20,-0.023663,0.011759,0.59885,0.02304,0.0027873,0.015242,0.36871
1500,3,20,-0.023549,0.011952,0.59865,0.023267,0.0044359,0.015167,0.36867
1502,3,20,-0.023442,0.012195,0.59842,0.023505,0.0059771,0.015184,0.36861
1504,3,20,-0.023349,0.012482,0.59815,0.023754,0.0073811,0.015292,0.36851
1506,3,20,-0.023276,0.012808,0.59784,0.024015,0.0086207,0.015484,0.36837
1508,3,20,-0.023231,0.013166,0.59746,0.024289,0.0096721,0.015752,0.36817
1510,3,20,-0.02322,0.013548,0.59702,0.024576,0.010515,0.01608,0.36791
1512,3,20,-0.023248,0.013946,0.59651,0.024873,0.011134,0.016455,0.36757
1514,3,20,-0.023321,0.014353,0.59592,0.02518,0.011519,0.016857,0.36717
1516,3,20,-0.023443,0.014762,0.59526,0.025495,0.011665,0.017271,0.36668
1518,3,20,-0.023621,0.015167,0.59453,0.025813,0.011572,0.017678,0.36612
1520,3,20,-0.023856,0.015561,0.59373,0.026131,0.011247,0.018062,0.36549
1522,3,20,-0.024151,0.015941,0.59289,0.026443,0.010699,0.018409,0.36481
1524,3,20,-0.02451,0.016301,0.59201,0.026745,0.0099433,0.018704,0.36407
1526,3,20,-0.024932,0.016639,0.59111,0.027031,0.0089991,0.018936,0.3633
1528,3,20,-0.025418,0.016953,0.59021,0.027297,0.0078867,0.019095,0.36251
1530,3,20,-0.025968,0.017243,0.58932,0.027537,0.0066284,0.019175,0.36171
1532,3,20,-0.026579,0.017507,0.58847,0.027749,0.0052469,0.019172,0.36092
1534,3,20,-0.02725,0.017747,0.58766,0.027929,0.003764,0.019084,0.36016
1536,3,20,-0.027976,0.017964,0.58692,0.028077,0.0022001,0.018914,0.35945
1538,3,20,-0.028754,0.018161,0.58625,0.028192,0.00057335,0.018665,0.35879
1540,3,20,-0.029579,0.01834,0.58566,0.028275,-0.0011008,0.018347,0.35819
1542,3,20,-0.030444,0.018504,0.58516,0.028328,-0.0028098,0.017971,0.35766
1544,3,20,-0.031344,0.018657,0.58476,0.028352,-0.004544,0.017548,0.35721
1546,3,20,-0.032271,0.018802,0.58444,0.028352,-0.006296,0.017095,0.35684
1548,3,20,-0.033218,0.018943,0.58421,0.028331,-0.0080605,0.016626,0.35655
1550,3,20,-0.034177,0.019083,0.58406,0.028291,-0.0098329,0.016157,0.35633
1552,3,20,-0.035141,0.019223,0.58398,0.028235,-0.011609,0.015701,0.35618
1554,3,20,-0.036101,0.019366,0.58397,0.028166,-0.013383,0.015272,0.35609
1556,3,20,-0.037049,0.019513,0.58401,0.028083,-0.015148,0.014875,0.35606
1558,3,20,-0.037977,0.019664,0.58411,0.027988,-0.016896,0.014517,0.35606
1560,3,20,-0.038877,0.019819,0.58424,0.027879,-0.018612,0.014197,0.35611
1562,3,20,-0.039741,0.019976,0.58442,0.027754,-0.020284,0.013912,0.35618
1564,3,20,-0.040562,0.020133,0.58462,0.027612,-0.021892,0.013655,0.35627
1566,3,20,-0.041333,0.020287,0.58486,0.027451,-0.023417,0.013417,0.35638
1568,3,20,-0.042048,0.020435,0.58514,0.027267,-0.024838,0.013191,0.35651
1570,3,20,-0.042701,0.020573,0.58545,0.02706,-0.026133,0.012967,0.35666
1572,3,20,-0.043288,0.020698,0.58579,0.02683,-0.02728,0.012739,0.35683
1574,3,20,-0.043805,0.020804,0.58618,0.026577,-0.028261,0.012502,0.35702
1576,3,20,-0.044248,0.020889,0.58661,0.026304,-0.029056,0.012252,0.35725
1578,3,20,-0.044614,0.020949,0.58708,0.026012,-0.029651,0.011991,0.35752
1580,3,20,-0.044903,0.020982,0.58761,0.025706,-0.030035,0.011718,0.35784
1582,3,20,-0.045113,0.020984,0.5882,0.025391,-0.0302,0.011439,0.35823
1584,3,20,-0.045245,0.020956,0.58884,0.025073,-0.030143,0.011156,0.35868
1586,3,20,-0.0453,0.020896,0.58954,0.024757,-0.029866,0.010875,0.3592
1588,3,20,-0.04528,0.020805,0.5903,0.024448,-0.029372,0.010599,0.35981
1590,3,20,-0.045186,0.020685,0.59111,0.024151,-0.028671,0.010332,0.36049
1592,3,20,-0.045024,0.020537,0.59198,0.023872,-0.027776,0.010076,0.36126
1594,3,20,-0.044795,0.020366,0.59289,0.023613,-0.026702,0.0098353,0.36211
1596,3,20,-0.044506,0.020177,0.59384,0.023378,-0.025469,0.0096103,0.36303
1598,3,20,-0.044161,0.019974,0.59482,0.023168,-0.024098,0.0094039,0.36401
1600,3,20,-0.043765,0.019765,0.59581,0.022986,-0.022612,0.0092196,0.36503
1602,3,20,-0.043325,0.019555,0.59681,0.022834,-0.021036,0.0090622,0.36609
1604,3,20,-0.042846,0.019354,0.59779,0.022712,-0.019396,0.0089382,0.36716
1606,3,20,-0.042335,0.019167,0.59874,0.022622,-0.017719,0.0088549,0.36822
1608,3,20,-0.041798,0.019003,0.59965,0.022565,-0.016029,0.0088205,0.36926
1610,3,20,-0.041241,0.018869,0.6005,0.022543,-0.014352,0.0088422,0.37026
1612,3,20,-0.04067,0.018769,0.60128,0.022557,-0.012711,0.0089253,0.3712
1614,3,20,-0.040091,0.018709,0.60197,0.022607,-0.011126,0.0090724,0.37208
1616,3,20,-0.03951,0.018692,0.60257,0.022694,-0.0096158,0.0092822,0.37288
1618,3,20,-0.038932,0.018719,0.60308,0.022817,-0.0081938,0.0095497,0.3736
1620,3,20,-0.038361,0.018789,0.60349,0.022976,-0.0068697,0.0098672,0.37423
1622,3,20,-0.037803,0.0189,0.60382,0.023166,-0.0056489,0.010225,0.37479
1624,3,20,-0.037261,0.019049,0.60406,0.023384,-0.0045316,0.010611,0.37528
1626,3,20,-0.036738,0.01923,0.60424,0.023627,-0.0035133,0.011016,0.37571
1628,3,20,-0.036237,0.019435,0.60437,0.023887,-0.0025849,0.011429,0.3761
1630,3,20,-0.035761,0.019659,0.60447,0.024158,-0.0017329,0.011842,0.37647
1632,3,20,-0.03531,0.019893,0.60456,0.024435,-0.00094055,0.012246,0.37684
1634,3,20,-0.034887,0.02013,0.60468,0.024708,-0.00018853,0.012636,0.37723
1636,3,20,-0.034491,0.020363,0.60483,0.024973,0.00054396,0.013007,0.37767
1638,3,20,-0.034122,0.020583,0.60505,0.025222,0.0012779,0.013357,0.37817
1640,3,20,-0.033781,0.020786,0.60535,0.025449,0.0020332,0.013683,0.37875
1642,3,20,-0.033466,0.020965,0.60575,0.02565,0.0028273,0.013984,0.37943
1644,3,20,-0.033175,0.021117,0.60625,0.02582,0.0036742,0.014258,0.38021
1646,3,20,-0.032908,0.021238,0.60687,0.025957,0.0045835,0.014505,0.3811
1648,3,20,-0.032663,0.021325,0.6076,0.02606,0.0055594,0.014722,0.38209
1650,3,20,-0.032437,0.021377,0.60844,0.026126,0.0066006,0.014909,0.38317
1652,3,20,-0.032228,0.021394,0.60938,0.026159,0.0077004,0.015064,0.38434
1654,3,20,-0.032035,0.021376,0.61039,0.026158,0.0088467,0.015183,0.38558
1656,3,20,-0.031856,0.021326,0.61146,0.026128,0.010023,0.015264,0.38685
1658,3,20,-0.031687,0.021246,0.61256,0.026073,0.011209,0.015304,0.38814
1660,3,20,-0.031528,0.021139,0.61365,0.025996,0.012383,0.015301,0.38941
1662,3,20,-0.031378,0.02101,0.61472,0.025903,0.013521,0.015251,0.39063
1664,3,20,-0.031234,0.020862,0.61574,0.0258,0.014598,0.015154,0.39178
1666,3,20,-0.031096,0.020703,0.61667,0.025691,0.015592,0.015008,0.39282
1668,3,20,-0.030963,0.020536,0.61749,0.025583,0.016481,0.014813,0.39373
1670,3,20,-0.030835,0.020367,0.61818,0.02548,0.017247,0.014567,0.39448
1672,3,20,-0.030712,0.020203,0.61872,0.025388,0.017872,0.014271,0.39506
1674,3,20,-0.030595,0.020048,0.6191,0.025312,0.018345,0.013928,0.39545
1676,3,20,-0.030485,0.019907,0.61931,0.025256,0.018657,0.01354,0.39566
1678,3,20,-0.030383,0.019785,0.61934,0.025223,0.018805,0.013111,0.39567
1680,3,20,-0.030292,0.019685,0.61921,0.025218,0.018788,0.012647,0.39551
1682,3,20,-0.030213,0.01961,0.61892,0.025242,0.01861,0.012157,0.39517
1684,3,20,-0.030149,0.019562,0.61849,0.025297,0.018281,0.011651,0.39468
1686,3,20,-0.030103,0.019542,0.61792,0.025383,0.017812,0.011145,0.39407
1688,3,20,-0.030077,0.01955,0.61724,0.025501,0.017221,0.010655,0.39334
1690,3,20,-0.030076,0.019585,0.61647,0.025648,0.016527,0.0102,0.39254
1692,3,20,-0.030102,0.019645,0.61564,0.02582,0.015752,0.0098021,0.39168
1694,3,20,-0.030158,0.019729,0.61477,0.026013,0.014922,0.0094826,0.3908
1696,3,20,-0.030247,0.019833,0.61388,0.026221,0.014061,0.0092591,0.38991
1698,3,20,-0.030374,0.019955,0.613,0.026436,0.013196,0.0091437,0.38905
1700,3,20,-0.030539,0.02009,0.61215,0.026651,0.012353,0.0091394,0.38822
1702,3,20,-0.030746,0.020236,0.61134,0.026856,0.011555,0.0092397,0.38744
1704,3,20,-0.030997,0.020389,0.61059,0.027045,0.010824,0.0094289,0.38671
1706,3,20,-0.031294,0.020546,0.6099,0.027209,0.010179,0.0096855,0.38605
1708,3,20,-0.031637,0.020704,0.6093,0.027342,0.0096324,0.0099847,0.38544
1710,3,20,-0.032027,0.020859,0.60876,0.027436,0.0091942,0.010302,0.38489
1712,3,20,-0.032463,0.02101,0.6083,0.027489,0.0088689,0.010613,0.38438
1714,3,20,-0.032946,0.021155,0.6079,0.027495,0.0086559,0.010899,0.3839
1716,3,20,-0.033472,0.02129,0.60755,0.027453,0.00855,0.011142,0.38344
1718,3,20,-0.034041,0.021415,0.60724,0.027363,0.0085415,0.011329,0.38297
1720,3,20,-0.034649,0.021528,0.60697,0.027223,0.0086167,0.011451,0.38249
1722,3,20,-0.035292,0.021628,0.6067,0.027037,0.0087586,0.011501,0.38198
1724,3,20,-0.035966,0.021714,0.60644,0.026807,0.0089473,0.011475,0.38142
1726,3,20,-0.036665,0.021785,0.60617,0.026535,0.0091614,0.011375,0.38082
1728,3,20,-0.037384,0.021841,0.60588,0.026227,0.009378,0.011202,0.38015
1730,3,20,-0.038116,0.02188,0.60555,0.025889,0.0095741,0.010964,0.37943
1732,3,20,-0.038855,0.021903,0.6052,0.025526,0.0097275,0.010669,0.37864
1734,3,20,-0.039592,0.021909,0.60481,0.025145,0.0098171,0.01033,0.37781
1736,3,20,-0.04032,0.021898,0.60438,0.024755,0.009824,0.0099608,0.37692
1738,3,20,-0.041031,0.02187,0.60392,0.024363,0.0097322,0.0095802,0.376
1740,3,20,-0.041717,0.021824,0.60343,0.023978,0.0095291,0.0092074,0.37505
1742,3,20,-0.042369,0.021761,0.60292,0.023608,0.0092059,0.0088631,0.3741
1744,3,20,-0.042979,0.02168,0.60239,0.023259,0.0087575,0.008568,0.37315
1746,3,20,-0.043538,0.021583,0.60185,0.02294,0.008183,0.0083403,0.37222
1748,3,20,-0.04404,0.021468,0.60131,0.022655,0.0074851,0.0081944,0.37132
1750,3,20,-0.044476,0.021337,0.60077,0.022408,0.0066696,0.0081382,0.37046
1752,3,20,-0.044839,0.02119,0.60024,0.022202,0.0057452,0.0081724,0.36965
1754,3,20,-0.045124,0.021028,0.59972,0.022038,0.0047221,0.0082912,0.36889
1756,3,20,-0.045324,0.020851,0.59922,0.021915,0.0036121,0.0084836,0.36818
1758,3,20,-0.045434,0.020662,0.59873,0.021832,0.002427,0.0087361,0.36753
1760,3,20,-0.045451,0.02046,0.59826,0.021784,0.0011788,0.009035,0.36693
1762,3,20,-0.045371,0.020248,0.5978,0.021769,-0.00012161,0.0093683,0.36637
1764,3,20,-0.045194,0.020026,0.59735,0.021782,-0.0014638,0.0097263,0.36584
1766,3,20,-0.044917,0.019798,0.5969,0.021818,-0.0028386,0.010102,0.36533
1768,3,20,-0.044541,0.019566,0.59645,0.021873,-0.0042373,0.010493,0.36484
1770,3,20,-0.044067,0.01933,0.59599,0.021942,-0.0056519,0.010896,0.36436
1772,3,20,-0.043499,0.019095,0.59553,0.022021,-0.0070748,0.011311,0.36387
1774,3,20,-0.04284,0.018862,0.59506,0.022106,-0.008498,0.01174,0.36338
1776,3,20,-0.042094,0.018635,0.59458,0.022193,-0.0099136,0.012182,0.36288
1778,3,20,-0.041268,0.018416,0.59409,0.022279,-0.011313,0.012638,0.36237
1780,3,20,-0.040369,0.018209,0.5936,0.022362,-0.012687,0.013107,0.36186
1782,3,20,-0.039405,0.018017,0.59311,0.022441,-0.014028,0.013587,0.36135
1784,3,20,-0.038384,0.017841,0.59264,0.022515,-0.015326,0.014074,0.36085
1786,3,20,-0.037316,0.017687,0.59219,0.022585,-0.016574,0.014563,0.36038
1788,3,20,-0.036212,0.017555,0.59177,0.022653,-0.017763,0.015047,0.35994
1790,3,20,-0.035083,0.017449,0.5914,0.022719,-0.018886,0.015521,0.35956
1792,3,20,-0.033939,0.01737,0.59108,0.022787,-0.019939,0.015975,0.35925
1794,3,20,-0.032792,0.017319,0.59083,0.022859,-0.020915,0.016404,0.35901
1796,3,20,-0.031655,0.017299,0.59066,0.022936,-0.021812,0.016798,0.35887
1798,3,20,-0.030539,0.017308,0.59056,0.023019,-0.022626,0.017153,0.35883
1800,3,20,-0.029455,0.017348,0.59056,0.023107,-0.023356,0.017463,0.3589
1802,3,20,-0.028416,0.017416,0.59063,0.023199,-0.023999,0.017723,0.35907
1804,3,20,-0.027432,0.017511,0.5908,0.023293,-0.024554,0.01793,0.35935
1806,3,20,-0.026513,0.017631,0.59105,0.023384,-0.025019,0.018084,0.35972
1808,3,20,-0.02567,0.017772,0.59137,0.023469,-0.025394,0.018186,0.36018
1810,3,20,-0.024911,0.017933,0.59175,0.023543,-0.025676,0.018239,0.3607
1812,3,20,-0.024245,0.018109,0.5922,0.023601,-0.025865,0.018246,0.36128
1814,3,20,-0.023679,0.018296,0.59267,0.023641,-0.02596,0.018215,0.36188
1816,3,20,-0.023218,0.01849,0.59317,0.023658,-0.02596,0.01815,0.36249
1818,3,20,-0.022867,0.018687,0.59368,0.023653,-0.025866,0.018061,0.36309
1820,3,20,-0.022631,0.018882,0.59418,0.023624,-0.025678,0.017954,0.36365
1822,3,20,-0.022511,0.019071,0.59465,0.023573,-0.025398,0.017836,0.36417
1824,3,20,-0.022508,0.01925,0.59509,0.023502,-0.02503,0.017712,0.36463
1826,3,20,-0.022622,0.019415,0.59548,0.023413,-0.024575,0.017587,0.36502
1828,3,20,-0.022851,0.019563,0.59583,0.023311,-0.024039,0.017463,0.36534
1830,3,20,-0.023193,0.019689,0.59613,0.0232,-0.023425,0.01734,0.3656
1832,3,20,-0.023643,0.019792,0.59639,0.023083,-0.022737,0.017217,0.3658
1834,3,20,-0.024195,0.019869,0.59662,0.022964,-0.02198,0.017091,0.36597
1836,3,20,-0.024844,0.019916,0.59683,0.022847,-0.021159,0.016959,0.36612
1838,3,20,-0.025582,0.019934,0.59705,0.022732,-0.020277,0.016815,0.36629
1840,3,20,-0.026401,0.019919,0.5973,0.022623,-0.019338,0.016656,0.36649
1842,3,20,-0.02729,0.019872,0.5976,0.022518,-0.018346,0.016477,0.36676
1844,3,20,-0.028239,0.019792,0.59797,0.022418,-0.017306,0.016276,0.36712
1846,3,20,-0.029239,0.019679,0.59845,0.022323,-0.016221,0.01605,0.36761
1848,3,20,-0.030278,0.019534,0.59904,0.022232,-0.015096,0.015799,0.36824
1850,3,20,-0.031345,0.019357,0.59976,0.022143,-0.013935,0.015525,0.36903
1852,3,20,-0.032427,0.01915,0.60062,0.022055,-0.012745,0.015229,0.36999
1854,3,20,-0.033513,0.018915,0.60162,0.021969,-0.011531,0.014915,0.37111
1856,3,20,-0.034591,0.018654,0.60275,0.021884,-0.0103,0.014589,0.3724
1858,3,20,-0.035649,0.018369,0.60399,0.021799,-0.0090599,0.014255,0.37383
1860,3,20,-0.036677,0.018064,0.60533,0.021716,-0.0078174,0.01392,0.37538
1862,3,20,-0.037664,0.017741,0.60672,0.021633,-0.0065812,0.01359,0.377
1864,3,20,-0.038599,0.017404,0.60814,0.021552,-0.0053598,0.01327,0.37866
1866,3,20,-0.039474,0.017056,0.60953,0.021474,-0.0041622,0.012968,0.38029
1868,3,20,-0.040278,0.016702,0.61086,0.021397,-0.0029971,0.012686,0.38184
1870,3,20,-0.041005,0.016346,0.61206,0.021323,-0.0018736,0.01243,0.38326
1872,3,20,-0.041647,0.015991,0.6131,0.021251,-0.00080028,0.012202,0.38447
1874,3,20,-0.042199,0.015641,0.61392,0.021181,0.00021436,0.012003,0.38542
1876,3,20,-0.042655,0.015301,0.61448,0.021112,0.0011625,0.011834,0.38606
1878,3,20,-0.043012,0.014974,0.61475,0.021043,0.0020369,0.011692,0.38633
1880,3,20,-0.043266,0.014664,0.61468,0.020974,0.0028311,0.011577,0.3862
1882,3,20,-0.043416,0.014374,0.61427,0.020904,0.0035396,0.011484,0.38563
1884,3,20,-0.043462,0.014108,0.61348,0.020833,0.0041578,0.011411,0.3846
1886,3,20,-0.043403,0.013869,0.61232,0.02076,0.0046822,0.011352,0.38312
1888,3,20,-0.043241,0.013658,0.61079,0.020686,0.0051104,0.011304,0.38119
1890,3,20,-0.042979,0.013477,0.6089,0.02061,0.0054412,0.011263,0.37883
1892,3,20,-0.04262,0.013328,0.6067,0.020534,0.0056745,0.011224,0.37609
1894,3,20,-0.042167,0.01321,0.6042,0.02046,0.0058114,0.011183,0.37301
1896,3,20,-0.041625,0.013125,0.60146,0.02039,0.0058542,0.011139,0.36965
1898,3,20,-0.041001,0.013072,0.59852,0.020326,0.0058064,0.011089,0.36608
1900,3,20,-0.0403,0.013049,0.59546,0.020271,0.0056727,0.011031,0.36238
1902,3,20,-0.039529,0.013055,0.59234,0.020228,0.0054589,0.010966,0.35864
1904,3,20,-0.038695,0.013089,0.58922,0.0202,0.005172,0.010892,0.35493
1906,3,20,-0.037805,0.013148,0.58617,0.020192,0.0048199,0.010813,0.35134
1908,3,20,-0.036867,0.013231,0.58327,0.020204,0.0044115,0.01073,0.34796
1910,3,20,-0.035888,0.013334,0.58059,0.02024,0.0039564,0.010646,0.34487
1912,3,20,-0.034877,0.013455,0.57818,0.020301,0.0034647,0.010566,0.34213
1914,3,20,-0.033841,0.013593,0.57611,0.020388,0.0029465,0.010494,0.3398
1916,3,20,-0.032787,0.013743,0.57442,0.0205,0.0024122,0.010434,0.33794
1918,3,20,-0.031723,0.013905,0.57314,0.020638,0.0018717,0.010392,0.33658
1920,3,20,-0.030656,0.014076,0.57231,0.020799,0.0013343,0.010372,0.33576
1922,3,20,-0.029593,0.014253,0.57194,0.020981,0.00080824,0.010376,0.33547
1924,3,20,-0.028539,0.014435,0.57203,0.021182,0.00030093,0.010408,0.33574
1926,3,20,-0.027502,0.01462,0.57257,0.021398,-0.00018161,0.010468,0.33654
1928,3,20,-0.026485,0.014806,0.57355,0.021626,-0.00063466,0.010556,0.33784
1930,3,20,-0.025495,0.014991,0.57494,0.021862,-0.0010548,0.01067,0.33963
1932,3,20,-0.024534,0.015175,0.57669,0.022104,-0.0014399,0.010808,0.34186
1934,3,20,-0.023608,0.015356,0.57878,0.022347,-0.001789,0.010965,0.34447
1936,3,20,-0.022719,0.015532,0.58115,0.02259,-0.0021022,0.011138,0.34743
1938,3,20,-0.02187,0.015704,0.58374,0.022829,-0.0023802,0.011321,0.35066
1940,3,20,-0.021063,0.015869,0.58652,0.023063,-0.0026247,0.011512,0.35411
1942,3,20,-0.0203,0.016027,0.58942,0.023288,-0.0028377,0.011705,0.35772
1944,3,20,-0.019581,0.016178,0.59241,0.023504,-0.0030216,0.011897,0.36144
1946,3,20,-0.018907,0.016321,0.59542,0.02371,-0.0031789,0.012085,0.3652
1948,3,20,-0.018279,0.016456,0.59842,0.023903,-0.0033124,0.012267,0.36896
1950,3,20,-0.017695,0.016583,0.60137,0.024085,-0.0034246,0.01244,0.37267
1952,3,20,-0.017156,0.0167,0.60424,0.024254,-0.0035182,0.012604,0.37629
1954,3,20,-0.016661,0.01681,0.607,0.024411,-0.0035955,0.012756,0.37977
1956,3,20,-0.016207,0.01691,0.60963,0.024555,-0.0036589,0.012897,0.3831
1958,3,20,-0.015794,0.017002,0.6121,0.024687,-0.0037103,0.013026,0.38625
1960,3,20,-0.015419,0.017086,0.61441,0.024807,-0.0037516,0.013143,0.38919
1962,3,20,-0.015081,0.017162,0.61655,0.024915,-0.0037845,0.013249,0.39192
1964,3,20,-0.014778,0.017231,0.61851,0.025012,-0.0038103,0.013344,0.39444
1966,3,20,-0.014507,0.017292,0.62029,0.0251,-0.0038304,0.013429,0.39673
1968,3,20,-0.014267,0.017347,0.6219,0.025177,-0.0038459,0.013504,0.3988
1970,3,20,-0.014054,0.017395,0.62333,0.025246,-0.0038575,0.01357,0.40066
1972,3,20,-0.013867,0.017437,0.62461,0.025307,-0.0038661,0.013627,0.40231
1974,3,20,-0.013704,0.017474,0.62574,0.02536,-0.0038724,0.013677,0.40377
1976,3,20,-0.013562,0.017506,0.62672,0.025406,-0.0038768,0.01372,0.40504
1978,3,20,-0.01344,0.017534,0.62758,0.025446,-0.0038798,0.013757,0.40615
1980,3,20,-0.013335,0.017557,0.62831,0.025481,-0.0038818,0.013789,0.40711
1982,3,20,-0.013245,0.017578,0.62894,0.02551,-0.0038829,0.013815,0.40793
1984,3,20,-0.013169,0.017595,0.62947,0.025536,-0.0038835,0.013838,0.40862
1986,3,20,-0.013104,0.017609,0.62991,0.025557,-0.0038837,0.013857,0.4092
1988,3,20,-0.01305,0.017621,0.63029,0.025575,-0.0038836,0.013872,0.40969
1990,3,20,-0.013006,0.01763,0.63059,0.02559,-0.0038834,0.013885,0.41009
1992,3,20,-0.012969,0.017638,0.63085,0.025602,-0.0038831,0.013895,0.41042
1994,3,20,-0.012939,0.017645,0.63105,0.025613,-0.0038827,0.013904,0.41069
1996,3,20,-0.012914,0.01765,0.63122,0.025621,-0.0038823,0.013911,0.41091
1998,3,20,-0.012894,0.017654,0.63135,0.025628,-0.0038819,0.013916,0.41108
-500,4,20,0.030368,0.02577,1.1683,0.03944,-0.024871,0.031746,1.3944
-498,4,20,0.027583,0.024352,1.086,0.036679,-0.023241,0.029562,1.205
-496,4,20,0.024805,0.02302,1.0065,0.03395,-0.021835,0.027423,1.0349
-494,4,20,0.022054,0.021792,0.93058,0.031273,-0.020693,0.025344,0.88455
-492,4,20,0.019348,0.020682,0.85918,0.028672,-0.019856,0.023336,0.75381
-490,4,20,0.016705,0.019701,0.79325,0.026176,-0.019362,0.021411,0.64226
-488,4,20,0.014145,0.018859,0.7337,0.023828,-0.019242,0.019575,0.54911
-486,4,20,0.011684,0.018159,0.6814,0.021684,-0.019516,0.017839,0.47325
-484,4,20,0.0093379,0.0176,0.63705,0.019816,-0.02018,0.016218,0.41329
-482,4,20,0.007122,0.017175,0.60109,0.018305,-0.021203,0.01474,0.36767
-480,4,20,0.0050497,0.016871,0.57361,0.017212,-0.022518,0.013449,0.33466
-478,4,20,0.0031332,0.016671,0.55428,0.01655,-0.024026,0.012396,0.31243
-476,4,20,0.0013826,0.016556,0.54234,0.016264,-0.025606,0.011627,0.29916
-474,4,20,-0.00019348,0.016505,0.53668,0.016246,-0.027131,0.011167,0.29304
-472,4,20,-0.0015885,0.016498,0.53594,0.016374,-0.02849,0.011003,0.29232
-470,4,20,-0.0027977,0.016516,0.53872,0.016548,-0.0296,0.011089,0.29543
-468,4,20,-0.0038185,0.016541,0.54369,0.016702,-0.030415,0.011353,0.3009
-466,4,20,-0.0046503,0.01656,0.54967,0.016799,-0.03092,0.011716,0.3075
-464,4,20,-0.0052945,0.016562,0.55569,0.016826,-0.031127,0.01211,0.31417
-462,4,20,-0.0057546,0.016538,0.56102,0.016781,-0.031061,0.012479,0.3201
-460,4,20,-0.0060359,0.016482,0.56514,0.01667,-0.03075,0.012787,0.32466
-458,4,20,-0.0061457,0.01639,0.56771,0.016502,-0.030229,0.013007,0.32746
-456,4,20,-0.0060928,0.016262,0.56856,0.016288,-0.029526,0.013124,0.3283
-454,4,20,-0.005888,0.016098,0.56766,0.016042,-0.028673,0.013129,0.32713
-452,4,20,-0.0055433,0.015899,0.5651,0.01578,-0.0277,0.01302,0.32407
-450,4,20,-0.0050722,0.015669,0.56105,0.015517,-0.026636,0.012802,0.31935
-448,4,20,-0.0044893,0.015412,0.55576,0.015271,-0.025512,0.012482,0.3133
-446,4,20,-0.0038101,0.015133,0.54951,0.015061,-0.024357,0.012077,0.30627
-444,4,20,-0.0030509,0.014837,0.54265,0.014903,-0.023204,0.011608,0.29869
-442,4,20,-0.0022287,0.014529,0.53551,0.01481,-0.022082,0.011104,0.29094
-440,4,20,-0.0013606,0.014216,0.52844,0.01479,-0.02102,0.010602,0.2834
-438,4,20,-0.00046393,0.013903,0.52176,0.014848,-0.020047,0.010147,0.27642
-436,4,20,0.00044393,0.013594,0.51574,0.014979,-0.019185,0.0097873,0.27026
-434,4,20,0.001346,0.013295,0.51063,0.015174,-0.018455,0.0095703,0.26512
-432,4,20,0.0022259,0.013009,0.50658,0.01542,-0.01787,0.0095287,0.26114
-430,4,20,0.0030677,0.012739,0.50367,0.015701,-0.017439,0.009672,0.25837
-428,4,20,0.0038565,0.012489,0.50193,0.015999,-0.017165,0.0099828,0.2568
-426,4,20,0.0045783,0.01226,0.5013,0.016299,-0.017045,0.010422,0.25635
-424,4,20,0.0052205,0.012054,0.50166,0.016586,-0.017073,0.01094,0.25689
-422,4,20,0.0057716,0.01187,0.50284,0.01685,-0.017232,0.011489,0.25824
-420,4,20,0.0062217,0.011709,0.50465,0.017083,-0.017506,0.012028,0.26021
-418,4,20,0.0065623,0.01157,0.50686,0.01728,-0.017868,0.012526,0.26258
-416,4,20,0.0067865,0.011454,0.50928,0.017437,-0.018292,0.012966,0.26514
-414,4,20,0.0068893,0.01136,0.51169,0.017554,-0.018744,0.013337,0.26769
-412,4,20,0.0068672,0.011287,0.51394,0.017631,-0.019193,0.013637,0.27004
-410,4,20,0.0067183,0.011234,0.51586,0.017671,-0.019606,0.013868,0.27204
-408,4,20,0.0064425,0.011201,0.51736,0.017675,-0.019952,0.014035,0.27359
-406,4,20,0.0060415,0.011188,0.51836,0.017649,-0.020203,0.014145,0.27461
-404,4,20,0.0055183,0.011193,0.51883,0.017597,-0.020334,0.014203,0.27507
-402,4,20,0.0048777,0.011217,0.51877,0.017522,-0.020326,0.014214,0.27496
-400,4,20,0.0041258,0.011259,0.51822,0.017432,-0.020164,0.014181,0.27433
-398,4,20,0.00327,0.011317,0.51724,0.017329,-0.019841,0.014106,0.27324
-396,4,20,0.0023189,0.011391,0.51589,0.017218,-0.019354,0.013987,0.27178
-394,4,20,0.0012823,0.011478,0.51429,0.017103,-0.018708,0.013824,0.27006
-392,4,20,0.00017064,0.011578,0.51253,0.016986,-0.017913,0.013616,0.26817
-390,4,20,-0.0010046,0.011686,0.51072,0.01687,-0.016986,0.013361,0.26624
-388,4,20,-0.0022314,0.011802,0.50894,0.016753,-0.015949,0.013059,0.26436
-386,4,20,-0.0034975,0.011921,0.50729,0.016635,-0.014828,0.012714,0.26261
-384,4,20,-0.0047901,0.012041,0.50584,0.016514,-0.013651,0.012329,0.26106
-382,4,20,-0.0060965,0.012159,0.50463,0.016386,-0.012446,0.011916,0.25976
-380,4,20,-0.0074039,0.012272,0.5037,0.016249,-0.011242,0.011487,0.25873
-378,4,20,-0.0087,0.012376,0.50303,0.016098,-0.010065,0.011058,0.25796
-376,4,20,-0.0099726,0.01247,0.50262,0.015929,-0.0089368,0.010649,0.25745
-374,4,20,-0.01121,0.012551,0.50243,0.01574,-0.0078766,0.010279,0.25714
-372,4,20,-0.012402,0.012616,0.5024,0.015526,-0.0068995,0.0099686,0.25698
-370,4,20,-0.013537,0.012666,0.50246,0.015289,-0.0060167,0.009731,0.25691
-368,4,20,-0.014607,0.012698,0.50255,0.015026,-0.0052365,0.009575,0.25685
-366,4,20,-0.015603,0.012713,0.50259,0.014741,-0.0045643,0.0095016,0.25673
-364,4,20,-0.016519,0.01271,0.50251,0.014435,-0.0040028,0.0095038,0.25647
-362,4,20,-0.017347,0.01269,0.50224,0.014113,-0.0035524,0.0095685,0.25603
-360,4,20,-0.018084,0.012656,0.50174,0.013779,-0.0032112,0.0096786,0.25535
-358,4,20,-0.018724,0.012608,0.50097,0.013439,-0.0029748,0.0098154,0.2544
-356,4,20,-0.019267,0.012549,0.49991,0.013098,-0.0028368,0.0099603,0.25317
-354,4,20,-0.01971,0.012481,0.49854,0.012761,-0.0027881,0.010097,0.25164
-352,4,20,-0.020053,0.012408,0.4969,0.012436,-0.0028175,0.010211,0.24984
-350,4,20,-0.020297,0.012332,0.49499,0.012125,-0.0029116,0.010292,0.24781
-348,4,20,-0.020445,0.012258,0.49287,0.011833,-0.0030551,0.010331,0.24558
-346,4,20,-0.0205,0.012188,0.49059,0.011564,-0.0032311,0.010321,0.24322
-344,4,20,-0.020465,0.012126,0.48822,0.011319,-0.003422,0.01026,0.24079
-342,4,20,-0.020346,0.012074,0.48581,0.011099,-0.0036097,0.010145,0.23835
-340,4,20,-0.020149,0.012035,0.48344,0.010905,-0.0037772,0.0099762,0.23598
-338,4,20,-0.01988,0.012011,0.48118,0.010739,-0.0039086,0.0097566,0.23373
-336,4,20,-0.019547,0.012004,0.47909,0.010603,-0.0039909,0.0094903,0.23166
-334,4,20,-0.019156,0.012015,0.47721,0.0105,-0.0040142,0.0091842,0.22982
-332,4,20,-0.018717,0.012044,0.47559,0.010434,-0.0039722,0.0088469,0.22826
-330,4,20,-0.018238,0.012092,0.47426,0.01041,-0.0038628,0.0084898,0.22698
-328,4,20,-0.017726,0.012158,0.47323,0.010433,-0.0036873,0.008126,0.22602
-326,4,20,-0.017191,0.012241,0.4725,0.010505,-0.0034507,0.0077701,0.22535
-324,4,20,-0.01664,0.01234,0.47205,0.010628,-0.003161,0.0074379,0.22498
-322,4,20,-0.016084,0.012454,0.47186,0.010801,-0.0028281,0.0071456,0.22487
-320,4,20,-0.015528,0.012581,0.4719,0.01102,-0.002464,0.0069084,0.22499
-318,4,20,-0.014982,0.01272,0.47212,0.011279,-0.0020811,0.0067399,0.22532
-316,4,20,-0.014452,0.012869,0.47249,0.011571,-0.0016926,0.0066503,0.22579
-314,4,20,-0.013945,0.013027,0.47296,0.011886,-0.0013112,0.0066452,0.22638
-312,4,20,-0.013468,0.013193,0.47349,0.012217,-0.00094907,0.0067247,0.22703
-310,4,20,-0.013026,0.013364,0.47404,0.012554,-0.00061701,0.0068833,0.22771
-308,4,20,-0.012624,0.013541,0.47458,0.012891,-0.00032447,0.0071107,0.22838
-306,4,20,-0.012266,0.013721,0.47508,0.01322,-7.9067e-05,0.0073932,0.22902
-304,4,20,-0.011957,0.013904,0.47551,0.013535,0.00011364,0.007715,0.2296
-302,4,20,-0.011698,0.014088,0.47588,0.013833,0.00025036,0.0080599,0.2301
-300,4,20,-0.011493,0.014273,0.47618,0.014109,0.00033028,0.008412,0.23053
-298,4,20,-0.011342,0.014456,0.47641,0.014361,0.00035519,0.0087565,0.23088
-296,4,20,-0.011247,0.014637,0.47658,0.014588,0.00032951,0.0090804,0.23117
-294,4,20,-0.011207,0.014814,0.4767,0.014787,0.00026027,0.0093726,0.2314
-292,4,20,-0.011223,0.014985,0.4768,0.01496,0.00015688,0.0096241,0.23159
-290,4,20,-0.011292,0.015148,0.47689,0.015109,3.0724e-05,0.0098284,0.23176
-288,4,20,-0.011414,0.015301,0.47699,0.015234,-0.0001054,0.0099813,0.23193
-286,4,20,-0.011586,0.015443,0.47712,0.015339,-0.00023804,0.010081,0.23212
-284,4,20,-0.011806,0.015571,0.47729,0.015429,-0.00035397,0.010129,0.23233
-282,4,20,-0.012071,0.015683,0.47751,0.015505,-0.00044104,0.010126,0.23258
-280,4,20,-0.012377,0.015776,0.47778,0.015573,-0.00048915,0.01008,0.23289
-278,4,20,-0.012721,0.015849,0.47811,0.015636,-0.00049095,0.009997,0.23324
-276,4,20,-0.013099,0.0159,0.47849,0.015697,-0.00044249,0.0098861,0.23363
-274,4,20,-0.013508,0.015927,0.4789,0.015758,-0.0003437,0.0097577,0.23406
-272,4,20,-0.013943,0.015928,0.47932,0.015819,-0.00019853,0.0096232,0.23451
-270,4,20,-0.0144,0.015903,0.47975,0.015881,-1.5054e-05,0.0094939,0.23496
-268,4,20,-0.014875,0.01585,0.48016,0.015941,0.00019481,0.0093801,0.23539
-266,4,20,-0.015365,0.01577,0.48053,0.015996,0.0004157,0.0092905,0.23577
-264,4,20,-0.015865,0.015661,0.48083,0.016044,0.00062939,0.0092307,0.23609
-262,4,20,-0.016371,0.015526,0.48105,0.01608,0.00081569,0.0092035,0.23632
-260,4,20,-0.01688,0.015364,0.48117,0.016102,0.00095334,0.009208,0.23645
-258,4,20,-0.017388,0.015178,0.48116,0.016105,0.0010211,0.0092407,0.23644
-256,4,20,-0.017892,0.014969,0.48102,0.016087,0.00099872,0.009296,0.2363
-254,4,20,-0.018389,0.01474,0.48074,0.016046,0.00086824,0.0093672,0.23601
-252,4,20,-0.018877,0.014493,0.48033,0.015982,0.00061468,0.0094474,0.23557
-250,4,20,-0.019352,0.014233,0.47977,0.015895,0.00022697,0.0095306,0.23498
-248,4,20,-0.019812,0.013962,0.47909,0.015787,-0.00030143,0.0096117,0.23426
-246,4,20,-0.020255,0.013685,0.47829,0.015661,-0.00097207,0.0096871,0.23342
-244,4,20,-0.020679,0.013405,0.4774,0.015521,-0.0017813,0.0097541,0.23248
-242,4,20,-0.021083,0.013126,0.47643,0.015373,-0.00272,0.0098111,0.23147
-240,4,20,-0.021464,0.012853,0.47541,0.015223,-0.003774,0.0098571,0.23042
-238,4,20,-0.021823,0.01259,0.47437,0.015076,-0.0049238,0.0098909,0.22935
-236,4,20,-0.022156,0.012338,0.47335,0.014939,-0.0061455,0.0099115,0.2283
-234,4,20,-0.022464,0.012101,0.47237,0.014815,-0.0074109,0.0099173,0.2273
-232,4,20,-0.022746,0.011882,0.47147,0.01471,-0.0086886,0.009906,0.22639
-230,4,20,-0.023001,0.01168,0.47067,0.014624,-0.0099446,0.0098753,0.22559
-228,4,20,-0.023228,0.011497,0.47001,0.014558,-0.011144,0.0098225,0.22493
-226,4,20,-0.023427,0.011331,0.4695,0.014509,-0.012251,0.0097455,0.22443
-224,4,20,-0.023597,0.011182,0.46919,0.014473,-0.013233,0.0096429,0.22412
-222,4,20,-0.023738,0.011047,0.46907,0.014446,-0.014058,0.009515,0.22399
-220,4,20,-0.02385,0.010924,0.46916,0.014422,-0.014701,0.0093646,0.22407
-218,4,20,-0.023932,0.010809,0.46947,0.014396,-0.01514,0.0091972,0.22434
-216,4,20,-0.023984,0.0107,0.47,0.014364,-0.015362,0.0090215,0.22482
-214,4,20,-0.024007,0.010593,0.47073,0.014324,-0.015362,0.0088492,0.22548
-212,4,20,-0.024,0.010484,0.47165,0.014274,-0.015142,0.0086946,0.22632
-210,4,20,-0.023963,0.010373,0.47274,0.014217,-0.014713,0.0085727,0.22732
-208,4,20,-0.023897,0.010256,0.47398,0.014156,-0.014095,0.0084979,0.22846
-206,4,20,-0.0238,0.010132,0.47533,0.014095,-0.013314,0.0084812,0.22972
-204,4,20,-0.023675,0.010002,0.47678,0.014039,-0.012402,0.0085284,0.23106
-202,4,20,-0.023521,0.0098654,0.47827,0.013994,-0.011396,0.0086391,0.23247
-200,4,20,-0.023339,0.0097242,0.47979,0.013965,-0.010337,0.0088064,0.23391
-198,4,20,-0.02313,0.0095809,0.48131,0.013956,-0.0092672,0.0090183,0.23536
-196,4,20,-0.022894,0.0094391,0.48279,0.013969,-0.0082278,0.0092595,0.23679
-194,4,20,-0.022633,0.0093032,0.48421,0.014003,-0.0072594,0.0095135,0.23818
-192,4,20,-0.022348,0.0091783,0.48555,0.014058,-0.0063989,0.0097645,0.23952
-190,4,20,-0.02204,0.0090701,0.4868,0.014128,-0.005679,0.0099986,0.24077
-188,4,20,-0.021711,0.0089844,0.48794,0.014209,-0.0051263,0.010204,0.24192
-186,4,20,-0.021364,0.0089269,0.48896,0.014294,-0.0047611,0.010374,0.24297
-184,4,20,-0.021,0.0089027,0.48986,0.014376,-0.0045966,0.010503,0.24389
-182,4,20,-0.020622,0.008916,0.49064,0.01445,-0.0046384,0.01059,0.2447
-180,4,20,-0.020233,0.0089693,0.4913,0.014509,-0.004885,0.010636,0.24538
-178,4,20,-0.019836,0.0090637,0.49184,0.014551,-0.0053282,0.010647,0.24593
-176,4,20,-0.019433,0.0091986,0.49228,0.014575,-0.0059537,0.010628,0.24637
-174,4,20,-0.019029,0.0093716,0.4926,0.014582,-0.0067428,0.01059,0.2467
-172,4,20,-0.018627,0.0095786,0.49284,0.014576,-0.0076729,0.010543,0.24692
-170,4,20,-0.018231,0.0098147,0.49298,0.014564,-0.0087193,0.0105,0.24706
-168,4,20,-0.017845,0.010074,0.49304,0.014557,-0.0098564,0.010472,0.24712
-166,4,20,-0.017473,0.01035,0.49303,0.014564,-0.011058,0.010473,0.24711
-164,4,20,-0.017119,0.010636,0.49295,0.014599,-0.012299,0.010512,0.24705
-162,4,20,-0.016787,0.010925,0.49282,0.014672,-0.013555,0.010599,0.24696
-160,4,20,-0.016481,0.011212,0.49263,0.014792,-0.014804,0.010737,0.24684
-158,4,20,-0.016206,0.011491,0.4924,0.014965,-0.016025,0.010928,0.24671
-156,4,20,-0.015966,0.011757,0.49213,0.015191,-0.017197,0.011167,0.24657
-154,4,20,-0.015764,0.012006,0.49183,0.015468,-0.018303,0.011448,0.24644
-152,4,20,-0.015603,0.012233,0.49151,0.015787,-0.019327,0.01176,0.24632
-150,4,20,-0.015488,0.012437,0.49118,0.016136,-0.020253,0.012092,0.24621
-148,4,20,-0.015421,0.012614,0.49085,0.0165,-0.021071,0.01243,0.24611
-146,4,20,-0.015405,0.012763,0.49052,0.016864,-0.021769,0.01276,0.24601
-144,4,20,-0.015441,0.012883,0.4902,0.017212,-0.022342,0.013072,0.24593
-142,4,20,-0.015532,0.012973,0.4899,0.017528,-0.022786,0.013353,0.24584
-140,4,20,-0.015678,0.013035,0.48961,0.017799,-0.023101,0.013593,0.24574
-138,4,20,-0.01588,0.013067,0.48934,0.018012,-0.023293,0.013786,0.24562
-136,4,20,-0.016139,0.013072,0.48908,0.018159,-0.023369,0.013924,0.24546
-134,4,20,-0.016452,0.013051,0.48883,0.018232,-0.023344,0.014005,0.24527
-132,4,20,-0.01682,0.013006,0.48859,0.018226,-0.023231,0.014026,0.24504
-130,4,20,-0.017239,0.012938,0.48835,0.018139,-0.023049,0.013987,0.24474
-128,4,20,-0.017708,0.01285,0.48811,0.01797,-0.022817,0.013891,0.24439
-126,4,20,-0.018222,0.012745,0.48786,0.01772,-0.022555,0.013741,0.24397
-124,4,20,-0.018778,0.012623,0.48759,0.017391,-0.022281,0.013541,0.24349
-122,4,20,-0.019372,0.012489,0.4873,0.016988,-0.022014,0.013297,0.24295
-120,4,20,-0.019997,0.012343,0.487,0.016516,-0.021769,0.013015,0.24235
-118,4,20,-0.020649,0.01219,0.48669,0.015984,-0.021558,0.012704,0.24172
-116,4,20,-0.02132,0.01203,0.48637,0.0154,-0.021392,0.01237,0.24106
-114,4,20,-0.022006,0.011866,0.48605,0.014775,-0.021275,0.012024,0.24039
-112,4,20,-0.022697,0.011701,0.48574,0.014123,-0.021209,0.011674,0.23974
-110,4,20,-0.023387,0.011536,0.48547,0.013459,-0.021194,0.01133,0.23912
-108,4,20,-0.024069,0.011375,0.48524,0.012799,-0.021225,0.011002,0.23857
-106,4,20,-0.024735,0.011218,0.48507,0.012161,-0.021291,0.0107,0.2381
-104,4,20,-0.025377,0.011069,0.48498,0.011564,-0.021384,0.010433,0.23775
-102,4,20,-0.025988,0.01093,0.485,0.011026,-0.021488,0.010209,0.23753
-100,4,20,-0.02656,0.010804,0.48514,0.010565,-0.021589,0.010034,0.23748
-98,4,20,-0.027086,0.010693,0.48542,0.010194,-0.02167,0.0099106,0.23761
-96,4,20,-0.027559,0.0106,0.48586,0.009923,-0.021716,0.0098391,0.23793
-94,4,20,-0.027973,0.010527,0.48647,0.0097559,-0.021711,0.0098162,0.23846
-92,4,20,-0.028322,0.010477,0.48726,0.0096897,-0.021641,0.0098358,0.2392
-90,4,20,-0.0286,0.010453,0.48823,0.0097162,-0.021494,0.0098899,0.24016
-88,4,20,-0.028804,0.010455,0.48939,0.009823,-0.021261,0.0099685,0.24133
-86,4,20,-0.02893,0.010486,0.49072,0.0099958,-0.020934,0.010062,0.2427
-84,4,20,-0.028975,0.010546,0.49221,0.01022,-0.020511,0.010159,0.24425
-82,4,20,-0.028937,0.010634,0.49384,0.010482,-0.01999,0.010251,0.24597
-80,4,20,-0.028816,0.010751,0.49559,0.010771,-0.019375,0.01033,0.24782
-78,4,20,-0.02861,0.010894,0.49744,0.011076,-0.018669,0.01039,0.24977
-76,4,20,-0.028322,0.011061,0.49935,0.011392,-0.01788,0.010425,0.25181
-74,4,20,-0.027954,0.011249,0.50129,0.011712,-0.017014,0.010434,0.25389
-72,4,20,-0.027507,0.011455,0.50323,0.012031,-0.016081,0.010417,0.25599
-70,4,20,-0.026988,0.011674,0.50514,0.012346,-0.01509,0.010378,0.25807
-68,4,20,-0.0264,0.011903,0.50701,0.012651,-0.01405,0.010321,0.2601
-66,4,20,-0.02575,0.012137,0.5088,0.012944,-0.012968,0.010254,0.26206
-64,4,20,-0.025044,0.012372,0.51049,0.013219,-0.011851,0.01019,0.26392
-62,4,20,-0.02429,0.012604,0.51209,0.013474,-0.010706,0.010141,0.26568
-60,4,20,-0.023496,0.012829,0.51357,0.013703,-0.009538,0.010119,0.26732
-58,4,20,-0.022671,0.013044,0.51495,0.013905,-0.0083505,0.010137,0.26885
-56,4,20,-0.021824,0.013245,0.51622,0.014077,-0.0071476,0.010204,0.27025
-54,4,20,-0.020964,0.013429,0.5174,0.014218,-0.0059338,0.010328,0.27155
-52,4,20,-0.020102,0.013595,0.51851,0.014331,-0.0047142,0.010507,0.27275
-50,4,20,-0.019246,0.01374,0.51956,0.014417,-0.0034961,0.010737,0.27389
-48,4,20,-0.018407,0.013864,0.52057,0.014483,-0.0022886,0.011009,0.27498
-46,4,20,-0.017594,0.013964,0.52158,0.014535,-0.0011033,0.011312,0.27606
-44,4,20,-0.016816,0.01404,0.5226,0.014583,4.6194e-05,0.011631,0.27715
-42,4,20,-0.016081,0.014094,0.52366,0.014636,0.0011445,0.011954,0.27829
-40,4,20,-0.015398,0.014123,0.5248,0.014703,0.0021754,0.012269,0.27952
-38,4,20,-0.014774,0.01413,0.52603,0.014792,0.003123,0.012565,0.28086
-36,4,20,-0.014215,0.014115,0.52737,0.01491,0.0039723,0.012837,0.28234
-34,4,20,-0.013726,0.014079,0.52885,0.015061,0.0047107,0.013079,0.28399
-32,4,20,-0.013312,0.014023,0.53048,0.015245,0.0053284,0.013288,0.28582
-30,4,20,-0.012976,0.013949,0.53227,0.015461,0.0058188,0.013466,0.28785
-28,4,20,-0.012718,0.013858,0.53422,0.015705,0.0061793,0.013612,0.29008
-26,4,20,-0.01254,0.013752,0.53635,0.015972,0.0064104,0.013728,0.29251
-24,4,20,-0.012441,0.013633,0.53863,0.016255,0.0065157,0.013817,0.29514
-22,4,20,-0.012418,0.013503,0.54105,0.016548,0.0065012,0.013881,0.29794
-20,4,20,-0.012469,0.013363,0.5436,0.016845,0.0063747,0.013922,0.30089
-18,4,20,-0.012586,0.013217,0.54625,0.017141,0.006145,0.013943,0.30397
-16,4,20,-0.012766,0.013066,0.54896,0.017435,0.0058215,0.013947,0.30714
-14,4,20,-0.013,0.012914,0.55171,0.017725,0.0054135,0.013937,0.31035
-12,4,20,-0.013279,0.012762,0.55445,0.018013,0.0049307,0.013918,0.31358
-10,4,20,-0.013594,0.012615,0.55714,0.018301,0.0043825,0.013897,0.31677
-8,4,20,-0.013934,0.012476,0.55975,0.018591,0.0037789,0.013879,0.31988
-6,4,20,-0.014287,0.012348,0.56223,0.018888,0.0031303,0.013872,0.32288
-4,4,20,-0.014643,0.012236,0.56455,0.019195,0.0024483,0.013882,0.32571
-2,4,20,-0.014988,0.012142,0.56667,0.019513,0.0017455,0.013915,0.32835
0,4,20,-0.01531,0.012072,0.56859,0.019843,0.001036,0.013975,0.33077
2,4,20,-0.015595,0.012028,0.57027,0.020185,0.00033528,0.014063,0.33295
4,4,20,-0.015832,0.012014,0.57171,0.020536,-0.00033992,0.014178,0.33486
6,4,20,-0.016007,0.012032,0.5729,0.020893,-0.00097181,0.014315,0.3365
8,4,20,-0.016109,0.012084,0.57385,0.021249,-0.0015418,0.014467,0.33788
10,4,20,-0.016127,0.01217,0.57457,0.0216,-0.002031,0.014626,0.339
12,4,20,-0.01605,0.012289,0.57509,0.021939,-0.0024205,0.014781,0.33987
14,4,20,-0.015869,0.012441,0.57542,0.022259,-0.0026919,0.014924,0.34052
16,4,20,-0.015577,0.012622,0.57561,0.022553,-0.002828,0.015043,0.34099
18,4,20,-0.015167,0.012828,0.57568,0.022815,-0.0028135,0.015133,0.3413
20,4,20,-0.014633,0.013055,0.57568,0.02304,-0.0026352,0.015186,0.34149
22,4,20,-0.013974,0.013299,0.57565,0.023223,-0.0022836,0.015201,0.34162
24,4,20,-0.013188,0.013553,0.57562,0.023361,-0.0017529,0.015177,0.34171
26,4,20,-0.012276,0.013813,0.57565,0.023453,-0.0010419,0.015117,0.34182
28,4,20,-0.01124,0.014073,0.57576,0.023497,-0.00015475,0.015026,0.34199
30,4,20,-0.010086,0.01433,0.57599,0.023497,0.00089904,0.014913,0.34226
32,4,20,-0.008821,0.014579,0.57637,0.023454,0.0021045,0.014787,0.34265
34,4,20,-0.0074537,0.014817,0.5769,0.023374,0.0034417,0.014659,0.3432
36,4,20,-0.0059956,0.015043,0.57762,0.023263,0.0048861,0.014538,0.34392
38,4,20,-0.0044603,0.015254,0.57852,0.023128,0.0064101,0.014432,0.34484
40,4,20,-0.0028631,0.015451,0.57959,0.022976,0.0079836,0.014347,0.34596
42,4,20,-0.0012211,0.015634,0.58084,0.022814,0.0095758,0.014284,0.34726
44,4,20,0.0004465,0.015806,0.58224,0.02265,0.011156,0.014242,0.34876
46,4,20,0.0021193,0.015969,0.58378,0.022491,0.012697,0.014214,0.35041
48,4,20,0.0037755,0.016127,0.58543,0.02234,0.014171,0.014192,0.35221
50,4,20,0.0053918,0.016282,0.58716,0.022202,0.015556,0.014166,0.35412
52,4,20,0.0069443,0.016439,0.58893,0.022079,0.016832,0.014125,0.3561
54,4,20,0.0084081,0.016601,0.59072,0.021974,0.017984,0.014061,0.35813
56,4,20,0.009758,0.016772,0.5925,0.021886,0.019,0.013964,0.36015
58,4,20,0.010969,0.016953,0.59423,0.021815,0.01987,0.013829,0.36215
60,4,20,0.012015,0.017145,0.59588,0.02176,0.020588,0.013653,0.36407
62,4,20,0.012871,0.017348,0.59743,0.02172,0.021149,0.013435,0.36589
64,4,20,0.013513,0.017559,0.59886,0.021694,0.021552,0.013178,0.36758
66,4,20,0.013918,0.017774,0.60016,0.021679,0.021797,0.012885,0.36912
68,4,20,0.014063,0.017988,0.60132,0.021675,0.021886,0.012565,0.37051
70,4,20,0.013928,0.018195,0.60234,0.02168,0.021825,0.012226,0.37174
72,4,20,0.013493,0.018387,0.60323,0.02169,0.02162,0.011878,0.37282
74,4,20,0.012741,0.018555,0.604,0.021705,0.021283,0.011535,0.37377
76,4,20,0.011658,0.018692,0.60469,0.021721,0.020826,0.011208,0.37461
78,4,20,0.01023,0.018789,0.60532,0.021735,0.020266,0.010909,0.37538
80,4,20,0.0084488,0.018839,0.60593,0.021744,0.019624,0.010651,0.37613
82,4,20,0.006306,0.018837,0.60657,0.021745,0.018921,0.010444,0.37691
84,4,20,0.0037975,0.01878,0.60729,0.021736,0.018181,0.010292,0.37778
86,4,20,0.00092194,0.018668,0.60814,0.021715,0.01743,0.010198,0.37879
88,4,20,-0.002319,0.018506,0.60918,0.02168,0.016693,0.010159,0.38003
90,4,20,-0.0059207,0.018302,0.61046,0.021633,0.015993,0.010167,0.38155
92,4,20,-0.0098752,0.018073,0.61203,0.021574,0.015354,0.010211,0.38342
94,4,20,-0.014172,0.01784,0.61394,0.021509,0.014794,0.010279,0.38571
96,4,20,-0.018796,0.017635,0.61623,0.021442,0.01433,0.010355,0.38847
98,4,20,-0.023732,0.017496,0.61893,0.021382,0.013975,0.010429,0.39176
100,4,20,-0.02896,0.01747,0.62208,0.021339,0.013737,0.010493,0.39563
102,4,20,-0.034456,0.017606,0.62568,0.021322,0.013623,0.010541,0.40011
104,4,20,-0.040198,0.017955,0.62974,0.021346,0.013635,0.010573,0.40523
106,4,20,-0.046157,0.018558,0.63426,0.021423,0.013775,0.010593,0.411
108,4,20,-0.052304,0.019445,0.63922,0.021567,0.014038,0.010607,0.41744
110,4,20,-0.058608,0.020629,0.6446,0.02179,0.01442,0.010623,0.42453
112,4,20,-0.065038,0.022106,0.65036,0.022107,0.014911,0.010647,0.43226
114,4,20,-0.071559,0.023861,0.65647,0.022527,0.015501,0.010685,0.4406
116,4,20,-0.078136,0.025864,0.66288,0.023063,0.016172,0.010739,0.44951
118,4,20,-0.084734,0.028085,0.66953,0.02372,0.016908,0.010813,0.45896
120,4,20,-0.091318,0.030488,0.67636,0.024506,0.017686,0.010907,0.46887
122,4,20,-0.097851,0.033038,0.68331,0.02542,0.018485,0.011023,0.4792
124,4,20,-0.1043,0.035701,0.69033,0.026462,0.019282,0.011162,0.48986
126,4,20,-0.11063,0.038441,0.69735,0.027626,0.020053,0.011326,0.5008
128,4,20,-0.1168,0.041226,0.70431,0.028901,0.020779,0.011517,0.51192
130,4,20,-0.12278,0.044025,0.71115,0.030276,0.021439,0.011739,0.52315
132,4,20,-0.12855,0.046807,0.71783,0.031734,0.02202,0.011991,0.53441
134,4,20,-0.13407,0.049542,0.7243,0.033258,0.022508,0.012273,0.54562
136,4,20,-0.13932,0.052203,0.73051,0.034829,0.022895,0.012583,0.55669
138,4,20,-0.14426,0.054762,0.73643,0.036427,0.023175,0.012918,0.56754
140,4,20,-0.14889,0.057196,0.74203,0.038031,0.023349,0.01327,0.57808
142,4,20,-0.15317,0.059479,0.74728,0.03962,0.023417,0.013633,0.58826
144,4,20,-0.1571,0.06159,0.75218,0.041172,0.023385,0.013998,0.59798
146,4,20,-0.16065,0.06351,0.7567,0.042667,0.023261,0.014358,0.60718
148,4,20,-0.16383,0.065219,0.76084,0.044084,0.023053,0.014704,0.61581
150,4,20,-0.16661,0.066703,0.76461,0.045406,0.022772,0.01503,0.62379
152,4,20,-0.169,0.067947,0.76799,0.046612,0.02243,0.01533,0.63109
154,4,20,-0.171,0.068941,0.771,0.047688,0.022037,0.0156,0.63765
156,4,20,-0.17261,0.069677,0.77365,0.048618,0.021602,0.015837,0.64344
158,4,20,-0.17383,0.070149,0.77595,0.049389,0.021132,0.016041,0.64844
160,4,20,-0.17468,0.070355,0.77792,0.049993,0.020633,0.016214,0.65264
162,4,20,-0.17517,0.070294,0.77957,0.050421,0.020105,0.01636,0.65603
164,4,20,-0.17531,0.06997,0.78092,0.050669,0.019545,0.016484,0.65861
166,4,20,-0.17512,0.069389,0.78199,0.050737,0.018948,0.016593,0.66042
168,4,20,-0.17463,0.068562,0.78281,0.050628,0.018305,0.016694,0.66149
170,4,20,-0.17385,0.067499,0.78339,0.050346,0.017605,0.016794,0.66186
172,4,20,-0.17282,0.066216,0.78377,0.049901,0.01684,0.016899,0.6616
174,4,20,-0.17155,0.064732,0.78396,0.049303,0.016,0.017011,0.66078
176,4,20,-0.17009,0.063069,0.78401,0.048568,0.015081,0.017132,0.65949
178,4,20,-0.16846,0.06125,0.78394,0.047712,0.014083,0.01726,0.65782
180,4,20,-0.1667,0.059303,0.7838,0.046754,0.013013,0.017389,0.65588
182,4,20,-0.16484,0.057257,0.78363,0.045714,0.011883,0.017514,0.65378
184,4,20,-0.16291,0.055145,0.78347,0.044616,0.010714,0.017626,0.65165
186,4,20,-0.16095,0.053002,0.78337,0.043485,0.0095333,0.017717,0.64959
188,4,20,-0.15899,0.050863,0.78336,0.04235,0.0083717,0.01778,0.64774
190,4,20,-0.15707,0.048769,0.78351,0.041242,0.0072634,0.017809,0.6462
192,4,20,-0.15523,0.046757,0.78384,0.040193,0.0062436,0.017802,0.6451
194,4,20,-0.15349,0.044867,0.78439,0.039237,0.0053462,0.017758,0.64452
196,4,20,-0.15189,0.043137,0.7852,0.038409,0.0046024,0.017682,0.64456
198,4,20,-0.15047,0.0416,0.78629,0.03774,0.004039,0.017584,0.64531
200,4,20,-0.14924,0.040286,0.78768,0.037256,0.0036776,0.017475,0.64681
202,4,20,-0.14824,0.039216,0.78939,0.036976,0.0035338,0.017372,0.64911
204,4,20,-0.14749,0.038403,0.79142,0.036908,0.0036162,0.017295,0.65223
206,4,20,-0.14703,0.037849,0.79379,0.037049,0.0039259,0.017264,0.65618
208,4,20,-0.14686,0.037546,0.79649,0.037387,0.0044559,0.017301,0.66095
210,4,20,-0.14701,0.037475,0.79951,0.037899,0.00519,0.017422,0.6665
212,4,20,-0.14749,0.037612,0.80283,0.038559,0.006103,0.01764,0.67278
214,4,20,-0.14831,0.037925,0.80643,0.039339,0.0071601,0.017958,0.67974
216,4,20,-0.14949,0.038383,0.81029,0.040209,0.0083183,0.018374,0.68728
218,4,20,-0.15104,0.038952,0.81436,0.041144,0.009527,0.018875,0.69534
220,4,20,-0.15294,0.039604,0.8186,0.042121,0.01073,0.019442,0.70382
222,4,20,-0.15522,0.040312,0.82298,0.043124,0.01187,0.020052,0.71262
224,4,20,-0.15785,0.041054,0.82744,0.044136,0.012887,0.020681,0.72167
226,4,20,-0.16085,0.041814,0.83194,0.045148,0.013726,0.021305,0.73085
228,4,20,-0.16419,0.042579,0.83645,0.04615,0.014338,0.021904,0.74012
230,4,20,-0.16787,0.04334,0.84093,0.047134,0.014681,0.022461,0.74938
232,4,20,-0.17187,0.044093,0.84536,0.048096,0.014722,0.022963,0.75859
234,4,20,-0.17617,0.044836,0.84973,0.049028,0.014441,0.023403,0.7677
236,4,20,-0.18076,0.045569,0.85402,0.049926,0.013828,0.023778,0.7767
238,4,20,-0.18561,0.046293,0.85824,0.050784,0.012886,0.024087,0.78558
240,4,20,-0.1907,0.047013,0.86241,0.051599,0.011629,0.024333,0.79433
242,4,20,-0.19599,0.047729,0.86654,0.052366,0.010084,0.024521,0.80299
244,4,20,-0.20147,0.048445,0.87066,0.053082,0.0082853,0.024656,0.81159
246,4,20,-0.2071,0.049161,0.87481,0.053745,0.0062787,0.024743,0.82018
248,4,20,-0.21285,0.049878,0.87902,0.054354,0.0041163,0.024787,0.8288
250,4,20,-0.21869,0.050595,0.88332,0.05491,0.0018558,0.024793,0.83753
252,4,20,-0.22459,0.051307,0.88774,0.055415,-0.0004417,0.024763,0.84643
254,4,20,-0.2305,0.052011,0.89232,0.055873,-0.002714,0.0247,0.85555
256,4,20,-0.2364,0.052699,0.89708,0.056288,-0.0048994,0.024603,0.86495
258,4,20,-0.24226,0.053363,0.90204,0.056667,-0.006939,0.024472,0.87468
260,4,20,-0.24803,0.053995,0.9072,0.057017,-0.0087776,0.024305,0.88478
262,4,20,-0.2537,0.054585,0.91257,0.057346,-0.010366,0.0241,0.89527
264,4,20,-0.25921,0.055121,0.91815,0.057658,-0.01166,0.023855,0.90616
266,4,20,-0.26455,0.055595,0.92392,0.057962,-0.012625,0.02357,0.91745
268,4,20,-0.26969,0.055996,0.92985,0.058259,-0.013231,0.023242,0.92912
270,4,20,-0.27459,0.056314,0.93594,0.058554,-0.013457,0.022872,0.94112
272,4,20,-0.27924,0.056542,0.94213,0.058846,-0.013293,0.022462,0.95341
274,4,20,-0.2836,0.056671,0.94841,0.059134,-0.012733,0.022014,0.96592
276,4,20,-0.28765,0.056697,0.95473,0.059415,-0.011783,0.021534,0.97858
278,4,20,-0.29138,0.056615,0.96105,0.059683,-0.010457,0.021028,0.9913
280,4,20,-0.29477,0.056423,0.96733,0.059935,-0.0087751,0.020506,1.004
282,4,20,-0.2978,0.056121,0.97354,0.060163,-0.0067686,0.01998,1.0166
284,4,20,-0.30047,0.055709,0.97963,0.060362,-0.0044746,0.019465,1.0289
286,4,20,-0.30276,0.055192,0.98556,0.060526,-0.0019371,0.018977,1.0409
288,4,20,-0.30466,0.054575,0.99131,0.06065,0.00079424,0.018531,1.0526
290,4,20,-0.30618,0.053866,0.99683,0.060729,0.0036653,0.018146,1.0637
292,4,20,-0.30731,0.053072,1.0021,0.060758,0.0066189,0.017834,1.0744
294,4,20,-0.30806,0.052206,1.0071,0.060735,0.0095962,0.017607,1.0844
296,4,20,-0.30842,0.051278,1.0118,0.060655,0.012538,0.017473,1.0937
298,4,20,-0.30841,0.050302,1.0163,0.060518,0.015388,0.017434,1.1024
300,4,20,-0.30804,0.049292,1.0204,0.060321,0.01809,0.017491,1.1103
302,4,20,-0.30731,0.048262,1.0242,0.060066,0.020595,0.017639,1.1175
304,4,20,-0.30625,0.047228,1.0277,0.059754,0.022857,0.017874,1.1239
306,4,20,-0.30486,0.046203,1.0308,0.059388,0.024835,0.01819,1.1296
308,4,20,-0.30317,0.045202,1.0337,0.058974,0.026498,0.01858,1.1345
310,4,20,-0.3012,0.044237,1.0362,0.058517,0.027819,0.019038,1.1388
312,4,20,-0.29895,0.043321,1.0384,0.058025,0.02878,0.019555,1.1422
314,4,20,-0.29646,0.042462,1.0403,0.057505,0.029369,0.020122,1.145
316,4,20,-0.29375,0.041668,1.0419,0.056964,0.029582,0.020726,1.1472
318,4,20,-0.29084,0.040944,1.0431,0.05641,0.02942,0.021355,1.1486
320,4,20,-0.28776,0.040292,1.0441,0.055849,0.028892,0.021993,1.1494
322,4,20,-0.28451,0.039712,1.0447,0.055284,0.028013,0.022624,1.1495
324,4,20,-0.28114,0.039201,1.0451,0.054718,0.026801,0.02323,1.149
326,4,20,-0.27766,0.038754,1.0451,0.054154,0.025282,0.023796,1.1479
328,4,20,-0.27409,0.038364,1.0448,0.05359,0.023485,0.024307,1.1462
330,4,20,-0.27045,0.038023,1.0442,0.053027,0.021441,0.024753,1.1438
332,4,20,-0.26677,0.037721,1.0433,0.052462,0.019186,0.025122,1.1408
334,4,20,-0.26306,0.03745,1.0422,0.051894,0.016761,0.025411,1.1373
336,4,20,-0.25934,0.0372,1.0407,0.051321,0.014204,0.025616,1.1331
338,4,20,-0.25562,0.036961,1.039,0.050744,0.01156,0.025737,1.1284
340,4,20,-0.25193,0.036726,1.037,0.050162,0.0088714,0.025777,1.1232
342,4,20,-0.24826,0.036487,1.0348,0.049576,0.0061835,0.025741,1.1175
344,4,20,-0.24464,0.036238,1.0323,0.048987,0.0035408,0.025634,1.1113
346,4,20,-0.24107,0.035973,1.0297,0.048399,0.00098742,0.025464,1.1048
348,4,20,-0.23755,0.03569,1.0268,0.047815,-0.0014333,0.025239,1.0979
350,4,20,-0.2341,0.035386,1.0238,0.047239,-0.0036801,0.024967,1.0907
352,4,20,-0.23072,0.03506,1.0207,0.046675,-0.0057139,0.024654,1.0833
354,4,20,-0.2274,0.03471,1.0175,0.046128,-0.0074996,0.02431,1.0757
356,4,20,-0.22415,0.034339,1.0142,0.045602,-0.009006,0.023939,1.0681
358,4,20,-0.22097,0.033946,1.0109,0.045103,-0.010208,0.023551,1.0606
360,4,20,-0.21785,0.033533,1.0076,0.044634,-0.011085,0.023152,1.0531
362,4,20,-0.2148,0.033103,1.0043,0.0442,-0.011627,0.02275,1.0457
364,4,20,-0.21179,0.032658,1.0011,0.043805,-0.01183,0.022353,1.0386
366,4,20,-0.20884,0.0322,0.99795,0.043451,-0.011698,0.021971,1.0318
368,4,20,-0.20593,0.031731,0.99493,0.043142,-0.011244,0.021615,1.0253
370,4,20,-0.20305,0.031254,0.99203,0.04288,-0.010493,0.021295,1.0191
372,4,20,-0.20019,0.030769,0.98926,0.042667,-0.0094758,0.021022,1.0132
374,4,20,-0.19735,0.030279,0.98662,0.042503,-0.0082305,0.020805,1.0077
376,4,20,-0.19452,0.029785,0.98412,0.042389,-0.0068034,0.020653,1.0026
378,4,20,-0.1917,0.029289,0.98173,0.042323,-0.0052453,0.020571,0.99783
380,4,20,-0.18886,0.028791,0.97946,0.042303,-0.0036106,0.02056,0.99334
382,4,20,-0.18601,0.028292,0.97728,0.042326,-0.0019547,0.020616,0.98911
384,4,20,-0.18314,0.027794,0.97517,0.042386,-0.00033218,0.020732,0.98509
386,4,20,-0.18023,0.027297,0.97312,0.042477,0.0012053,0.020897,0.98124
388,4,20,-0.1773,0.026804,0.9711,0.042591,0.0026117,0.021096,0.9775
390,4,20,-0.17433,0.026316,0.9691,0.042719,0.0038481,0.021314,0.97382
392,4,20,-0.17132,0.025835,0.96709,0.042849,0.0048851,0.021535,0.97016
394,4,20,-0.16827,0.025365,0.96508,0.042971,0.0057037,0.021744,0.96647
396,4,20,-0.16517,0.024907,0.96305,0.043072,0.0062964,0.021929,0.96272
398,4,20,-0.16204,0.024466,0.961,0.04314,0.0066679,0.02208,0.95889
400,4,20,-0.15886,0.024045,0.95894,0.043162,0.0068349,0.022191,0.95497
402,4,20,-0.15565,0.023648,0.95688,0.043126,0.0068252,0.022255,0.95096
404,4,20,-0.1524,0.023279,0.95484,0.04302,0.0066768,0.022269,0.94688
406,4,20,-0.14913,0.022943,0.95283,0.042835,0.0064361,0.022234,0.94274
408,4,20,-0.14584,0.022642,0.95088,0.042562,0.0061556,0.022147,0.93859
410,4,20,-0.14254,0.02238,0.94902,0.042195,0.0058916,0.02201,0.93447
412,4,20,-0.13923,0.022158,0.94728,0.041731,0.0057011,0.021824,0.93042
414,4,20,-0.13592,0.021979,0.94568,0.041171,0.0056391,0.02159,0.92651
416,4,20,-0.13264,0.021843,0.94425,0.040517,0.0057557,0.021313,0.92279
418,4,20,-0.12937,0.021748,0.94301,0.039778,0.0060933,0.020998,0.91933
420,4,20,-0.12614,0.021694,0.94197,0.038966,0.0066841,0.020652,0.91616
422,4,20,-0.12296,0.021676,0.94115,0.038095,0.0075487,0.020285,0.91335
424,4,20,-0.11984,0.021693,0.94056,0.037185,0.0086947,0.019907,0.91092
426,4,20,-0.11678,0.021738,0.94018,0.036258,0.010116,0.019531,0.90891
428,4,20,-0.1138,0.021808,0.94,0.035338,0.011795,0.019169,0.90733
430,4,20,-0.11091,0.021898,0.94002,0.03445,0.013698,0.018833,0.90619
432,4,20,-0.10811,0.022003,0.94021,0.033618,0.015786,0.018535,0.90547
434,4,20,-0.10542,0.022118,0.94054,0.032866,0.018007,0.018283,0.90515
436,4,20,-0.10284,0.022239,0.94099,0.032214,0.020304,0.018084,0.90518
438,4,20,-0.10037,0.022363,0.94152,0.031677,0.022618,0.017942,0.90552
440,4,20,-0.098033,0.022487,0.94209,0.031267,0.024886,0.017858,0.9061
442,4,20,-0.09582,0.022609,0.94266,0.030991,0.027048,0.017832,0.90686
444,4,20,-0.093736,0.022728,0.9432,0.030847,0.029047,0.017861,0.9077
446,4,20,-0.091783,0.022844,0.94365,0.030831,0.030832,0.017937,0.90854
448,4,20,-0.089961,0.022957,0.94399,0.030934,0.032356,0.018055,0.90931
450,4,20,-0.08827,0.023066,0.94418,0.03114,0.033585,0.018207,0.9099
452,4,20,-0.086705,0.023175,0.94418,0.031433,0.034489,0.018382,0.91025
454,4,20,-0.085265,0.023284,0.94396,0.031795,0.035048,0.018571,0.91027
456,4,20,-0.083943,0.023396,0.9435,0.032204,0.035253,0.018765,0.90989
458,4,20,-0.082734,0.023511,0.94277,0.032639,0.035103,0.018955,0.90906
460,4,20,-0.081631,0.023631,0.94177,0.033079,0.034604,0.019132,0.90773
462,4,20,-0.080626,0.023758,0.9405,0.033503,0.033773,0.01929,0.90586
464,4,20,-0.079709,0.023891,0.93894,0.033891,0.032633,0.019424,0.90343
466,4,20,-0.078873,0.024031,0.93712,0.034224,0.031213,0.019531,0.90044
468,4,20,-0.078107,0.024177,0.93503,0.034486,0.02955,0.019613,0.89689
470,4,20,-0.0774,0.024329,0.93272,0.034666,0.027681,0.019672,0.89279
472,4,20,-0.076742,0.024483,0.93018,0.034753,0.025649,0.019715,0.88818
474,4,20,-0.076123,0.024637,0.92745,0.034744,0.023496,0.019752,0.8831
476,4,20,-0.075532,0.024789,0.92456,0.034638,0.021263,0.019795,0.8776
478,4,20,-0.07496,0.024935,0.92152,0.034441,0.018992,0.019858,0.87173
480,4,20,-0.074396,0.025072,0.91836,0.03416,0.016719,0.019952,0.86556
482,4,20,-0.073831,0.025195,0.91511,0.03381,0.014479,0.020087,0.85915
484,4,20,-0.073257,0.025302,0.9118,0.033405,0.012304,0.02027,0.85257
486,4,20,-0.072666,0.025388,0.90843,0.032962,0.010222,0.020498,0.84589
488,4,20,-0.072051,0.025453,0.90504,0.0325,0.0082566,0.020764,0.83917
490,4,20,-0.071406,0.025492,0.90165,0.032035,0.0064301,0.021055,0.83247
492,4,20,-0.070727,0.025504,0.89828,0.031585,0.0047607,0.021353,0.82586
494,4,20,-0.07001,0.025489,0.89494,0.031162,0.0032641,0.021637,0.81937
496,4,20,-0.069252,0.025446,0.89166,0.030776,0.0019533,0.021885,0.81305
498,4,20,-0.068452,0.025377,0.88845,0.030434,0.00083912,0.02208,0.80694
500,4,20,-0.06761,0.025282,0.88533,0.03014,-7.0526e-05,0.022204,0.80107
502,4,20,-0.066726,0.025164,0.88231,0.029893,-0.00077059,0.022245,0.79546
504,4,20,-0.065803,0.025026,0.87941,0.029691,-0.0012594,0.022198,0.79011
506,4,20,-0.064843,0.024873,0.87662,0.029532,-0.0015393,0.022061,0.78502
508,4,20,-0.063852,0.024708,0.87394,0.02941,-0.0016166,0.021839,0.78021
510,4,20,-0.062833,0.024538,0.87139,0.029323,-0.0015022,0.021539,0.77565
512,4,20,-0.061793,0.024366,0.86894,0.029268,-0.0012113,0.021175,0.77133
514,4,20,-0.060737,0.024198,0.86659,0.029245,-0.00076301,0.02076,0.76723
516,4,20,-0.059674,0.02404,0.86433,0.029254,-0.00017934,0.020312,0.76332
518,4,20,-0.058609,0.023897,0.86213,0.029297,0.00051586,0.019849,0.75958
520,4,20,-0.057552,0.023772,0.85999,0.029377,0.0012983,0.019387,0.75598
522,4,20,-0.05651,0.02367,0.85788,0.029494,0.0021448,0.018944,0.75249
524,4,20,-0.05549,0.023592,0.8558,0.029649,0.003034,0.018537,0.74909
526,4,20,-0.0545,0.023541,0.85371,0.029842,0.0039481,0.018178,0.74574
528,4,20,-0.053548,0.023516,0.85162,0.030067,0.0048724,0.017879,0.74243
530,4,20,-0.052641,0.023516,0.84951,0.030319,0.0057961,0.01765,0.73913
532,4,20,-0.051784,0.02354,0.84737,0.030589,0.0067111,0.017495,0.73582
534,4,20,-0.050984,0.023583,0.84521,0.030869,0.0076113,0.017416,0.73248
536,4,20,-0.050246,0.023642,0.84302,0.031146,0.0084915,0.017411,0.72912
538,4,20,-0.049574,0.023712,0.84081,0.031412,0.0093457,0.017477,0.72572
540,4,20,-0.048971,0.023788,0.83859,0.031658,0.010166,0.017607,0.72227
542,4,20,-0.048439,0.023863,0.83635,0.031875,0.010943,0.017794,0.71878
544,4,20,-0.04798,0.023932,0.8341,0.03206,0.011661,0.018032,0.71525
546,4,20,-0.047592,0.02399,0.83185,0.032211,0.012304,0.018317,0.71169
548,4,20,-0.047277,0.024031,0.8296,0.032329,0.012849,0.018649,0.70809
550,4,20,-0.047031,0.02405,0.82735,0.032418,0.013273,0.019029,0.70447
552,4,20,-0.046851,0.024045,0.8251,0.032486,0.01355,0.019464,0.70084
554,4,20,-0.046733,0.02401,0.82284,0.03254,0.013653,0.019962,0.69719
556,4,20,-0.046672,0.023944,0.82058,0.032591,0.013556,0.020533,0.69354
558,4,20,-0.046663,0.023845,0.81831,0.032649,0.013236,0.021187,0.68988
560,4,20,-0.046698,0.023713,0.81601,0.032724,0.012674,0.021931,0.68622
562,4,20,-0.046771,0.023547,0.81369,0.032825,0.011853,0.022768,0.68256
564,4,20,-0.046872,0.02335,0.81133,0.032958,0.010766,0.023694,0.67889
566,4,20,-0.046995,0.023123,0.80892,0.033127,0.0094087,0.024702,0.6752
568,4,20,-0.047131,0.022869,0.80646,0.033332,0.0077869,0.025778,0.67149
570,4,20,-0.04727,0.022592,0.80395,0.033571,0.0059127,0.026902,0.66775
572,4,20,-0.047405,0.022297,0.80138,0.033837,0.0038062,0.028053,0.66396
574,4,20,-0.047525,0.021987,0.79874,0.034123,0.0014945,0.029207,0.66011
576,4,20,-0.047624,0.02167,0.79604,0.034416,-0.00098889,0.030339,0.65618
578,4,20,-0.047693,0.02135,0.79328,0.034704,-0.0036045,0.031425,0.65218
580,4,20,-0.047725,0.021033,0.79047,0.034973,-0.0063083,0.032442,0.64808
582,4,20,-0.047713,0.020726,0.78761,0.03521,-0.0090531,0.033368,0.64389
584,4,20,-0.047651,0.020433,0.78472,0.035401,-0.01179,0.034186,0.6396
586,4,20,-0.047534,0.02016,0.78181,0.035535,-0.014468,0.034878,0.63522
588,4,20,-0.047357,0.019912,0.77889,0.035601,-0.01704,0.035433,0.63075
590,4,20,-0.047119,0.01969,0.77597,0.035594,-0.019458,0.035838,0.6262
592,4,20,-0.046817,0.019499,0.77308,0.035508,-0.02168,0.036089,0.62161
594,4,20,-0.04645,0.019339,0.77022,0.035344,-0.023666,0.036179,0.61698
596,4,20,-0.046018,0.019211,0.76743,0.035101,-0.025383,0.03611,0.61236
598,4,20,-0.045524,0.019114,0.76471,0.034787,-0.026802,0.035884,0.60777
600,4,20,-0.044969,0.019046,0.76208,0.034406,-0.027901,0.035505,0.60326
602,4,20,-0.044358,0.019004,0.75957,0.033969,-0.028662,0.034981,0.59886
604,4,20,-0.043695,0.018985,0.75719,0.033485,-0.029075,0.034324,0.59463
606,4,20,-0.042987,0.018984,0.75496,0.032965,-0.029134,0.033547,0.59061
608,4,20,-0.042239,0.018998,0.7529,0.032419,-0.028839,0.032663,0.58683
610,4,20,-0.041461,0.019022,0.75103,0.031857,-0.028196,0.03169,0.58333
612,4,20,-0.040659,0.019052,0.74938,0.03129,-0.027219,0.030646,0.58017
614,4,20,-0.039844,0.019084,0.74794,0.030726,-0.025927,0.029549,0.57735
616,4,20,-0.039025,0.019115,0.74673,0.030174,-0.024348,0.028418,0.57491
618,4,20,-0.038211,0.019143,0.74576,0.029644,-0.022514,0.027272,0.57286
620,4,20,-0.037413,0.019164,0.74503,0.029145,-0.020468,0.026129,0.57121
622,4,20,-0.03664,0.019178,0.74453,0.028688,-0.018258,0.025007,0.56996
624,4,20,-0.035903,0.019184,0.74423,0.028284,-0.015938,0.02392,0.56908
626,4,20,-0.03521,0.019181,0.74414,0.027944,-0.013567,0.022885,0.56858
628,4,20,-0.034572,0.019171,0.74421,0.027679,-0.011206,0.021913,0.5684
630,4,20,-0.033997,0.019154,0.74441,0.0275,-0.0089179,0.021014,0.56852
632,4,20,-0.033493,0.019132,0.74471,0.027413,-0.0067635,0.020199,0.56888
634,4,20,-0.033068,0.019107,0.74508,0.027423,-0.0048012,0.019473,0.56943
636,4,20,-0.032727,0.01908,0.74546,0.02753,-0.0030847,0.018843,0.57012
638,4,20,-0.032475,0.019054,0.74584,0.027727,-0.0016617,0.018313,0.57088
640,4,20,-0.032318,0.019032,0.74615,0.028005,-0.00057357,0.017887,0.57165
642,4,20,-0.032257,0.019013,0.74639,0.028349,0.00014542,0.017568,0.57237
644,4,20,-0.032295,0.019002,0.74651,0.028741,0.00046799,0.017361,0.57297
646,4,20,-0.032433,0.018998,0.74649,0.029159,0.00037369,0.01727,0.5734
648,4,20,-0.032668,0.019003,0.74631,0.029584,-0.00015138,0.017301,0.5736
650,4,20,-0.033,0.019016,0.74595,0.029994,-0.0011149,0.017462,0.57353
652,4,20,-0.033424,0.019039,0.74541,0.030371,-0.0025185,0.017763,0.57316
654,4,20,-0.033937,0.01907,0.74467,0.030699,-0.0043579,0.018214,0.57245
656,4,20,-0.034532,0.019108,0.74374,0.030968,-0.0066231,0.018827,0.57138
658,4,20,-0.035203,0.019152,0.74262,0.031169,-0.0092977,0.019613,0.56994
660,4,20,-0.035942,0.019201,0.7413,0.0313,-0.01236,0.020581,0.56813
662,4,20,-0.036739,0.019252,0.73979,0.031362,-0.01578,0.021738,0.56597
664,4,20,-0.037585,0.019305,0.7381,0.031359,-0.019524,0.023085,0.56348
666,4,20,-0.038471,0.019357,0.73625,0.031301,-0.023552,0.024618,0.56068
668,4,20,-0.039385,0.019408,0.73424,0.0312,-0.027815,0.026326,0.5576
670,4,20,-0.040316,0.019456,0.73209,0.031067,-0.032262,0.028192,0.5543
672,4,20,-0.041252,0.0195,0.72983,0.030917,-0.036837,0.030193,0.55082
674,4,20,-0.042183,0.019541,0.72748,0.030765,-0.041478,0.0323,0.54721
676,4,20,-0.043097,0.019578,0.72506,0.030622,-0.046123,0.034482,0.54354
678,4,20,-0.043982,0.019612,0.72261,0.030501,-0.050706,0.0367,0.53984
680,4,20,-0.044828,0.019643,0.72015,0.030411,-0.055161,0.038916,0.53619
682,4,20,-0.045624,0.019674,0.71771,0.030359,-0.059424,0.041092,0.53263
684,4,20,-0.046362,0.019706,0.71534,0.030349,-0.06343,0.043187,0.5292
686,4,20,-0.047032,0.019741,0.71304,0.030384,-0.067121,0.045162,0.52597
688,4,20,-0.047626,0.019781,0.71087,0.030464,-0.070441,0.046982,0.52296
690,4,20,-0.048138,0.019829,0.70883,0.030589,-0.073341,0.048612,0.52021
692,4,20,-0.048561,0.019885,0.70695,0.030755,-0.07578,0.050023,0.51775
694,4,20,-0.048892,0.019953,0.70525,0.030959,-0.077721,0.051189,0.51559
696,4,20,-0.049127,0.020032,0.70374,0.031197,-0.079139,0.052088,0.51375
698,4,20,-0.049264,0.020126,0.70243,0.031463,-0.080016,0.052703,0.51222
700,4,20,-0.049302,0.020234,0.70133,0.031749,-0.080341,0.05302,0.51101
702,4,20,-0.049243,0.020355,0.70043,0.032047,-0.080113,0.053032,0.51012
704,4,20,-0.049088,0.02049,0.69974,0.032349,-0.079338,0.052734,0.50951
706,4,20,-0.04884,0.020637,0.69924,0.032644,-0.07803,0.052125,0.50919
708,4,20,-0.048504,0.020795,0.69894,0.032923,-0.076212,0.051208,0.50911
710,4,20,-0.048086,0.020961,0.69882,0.033174,-0.073912,0.049991,0.50926
712,4,20,-0.047593,0.021132,0.69887,0.033389,-0.071168,0.048484,0.50961
714,4,20,-0.047032,0.021306,0.69909,0.03356,-0.068022,0.0467,0.51012
716,4,20,-0.046412,0.021479,0.69945,0.033679,-0.064522,0.044659,0.51078
718,4,20,-0.045743,0.021648,0.69994,0.033742,-0.060722,0.042382,0.51155
720,4,20,-0.045035,0.021809,0.70055,0.033747,-0.056682,0.039896,0.51241
722,4,20,-0.044299,0.02196,0.70125,0.033696,-0.052463,0.037235,0.51333
724,4,20,-0.043545,0.022096,0.70203,0.033593,-0.048128,0.03444,0.51429
726,4,20,-0.042785,0.022216,0.70287,0.033442,-0.043744,0.031559,0.51528
728,4,20,-0.042031,0.022315,0.70375,0.033253,-0.039373,0.028653,0.51627
730,4,20,-0.041293,0.022393,0.70465,0.033036,-0.035082,0.025794,0.51726
732,4,20,-0.040583,0.022446,0.70555,0.032804,-0.030933,0.023071,0.51824
734,4,20,-0.039911,0.022473,0.70644,0.032567,-0.026986,0.020589,0.51921
736,4,20,-0.039288,0.022473,0.7073,0.032338,-0.023302,0.018463,0.52015
738,4,20,-0.038723,0.022446,0.70814,0.032129,-0.019939,0.016801,0.52107
740,4,20,-0.038225,0.02239,0.70892,0.03195,-0.016952,0.015671,0.52197
742,4,20,-0.037801,0.022305,0.70966,0.031809,-0.01439,0.015062,0.52284
744,4,20,-0.03746,0.022193,0.71035,0.031711,-0.012295,0.014871,0.5237
746,4,20,-0.037206,0.022052,0.71097,0.031659,-0.010686,0.014939,0.52453
748,4,20,-0.037044,0.021886,0.71155,0.031654,-0.0095551,0.015108,0.52533
750,4,20,-0.036978,0.021694,0.71206,0.031691,-0.00886,0.015264,0.52611
752,4,20,-0.037009,0.021479,0.71252,0.031766,-0.0085219,0.015356,0.52686
754,4,20,-0.03714,0.021242,0.71293,0.031872,-0.0084363,0.015381,0.52757
756,4,20,-0.03737,0.020986,0.71329,0.031998,-0.0084873,0.015367,0.52823
758,4,20,-0.037697,0.020713,0.71359,0.032136,-0.0085624,0.015346,0.52884
760,4,20,-0.038118,0.020426,0.71385,0.032274,-0.0085632,0.015345,0.52938
762,4,20,-0.038631,0.020129,0.71406,0.032404,-0.0084117,0.015375,0.52983
764,4,20,-0.039228,0.019823,0.71421,0.032516,-0.0080526,0.015431,0.53018
766,4,20,-0.039905,0.019514,0.71431,0.032601,-0.0074528,0.015501,0.53043
768,4,20,-0.040654,0.019204,0.71434,0.032654,-0.0066002,0.015565,0.53054
770,4,20,-0.041468,0.018898,0.71431,0.032669,-0.0055016,0.015604,0.53052
772,4,20,-0.042336,0.0186,0.7142,0.032644,-0.0041807,0.015607,0.53034
774,4,20,-0.043251,0.018312,0.71402,0.032576,-0.0026765,0.015563,0.52999
776,4,20,-0.044201,0.018041,0.71375,0.032465,-0.0010413,0.015473,0.52947
778,4,20,-0.045176,0.017788,0.7134,0.032312,0.00066076,0.015341,0.52877
780,4,20,-0.046166,0.017559,0.71294,0.032119,0.002355,0.015172,0.52789
782,4,20,-0.047159,0.017355,0.7124,0.03189,0.0039578,0.014975,0.52683
784,4,20,-0.048144,0.017181,0.71175,0.03163,0.0053782,0.014753,0.5256
786,4,20,-0.049111,0.017038,0.71101,0.031346,0.006522,0.014505,0.5242
788,4,20,-0.050047,0.016927,0.71017,0.031044,0.0072971,0.014231,0.52265
790,4,20,-0.050944,0.016849,0.70924,0.030735,0.0076219,0.013939,0.52097
792,4,20,-0.051791,0.016804,0.70822,0.030427,0.0074364,0.01366,0.51917
794,4,20,-0.052578,0.01679,0.70713,0.030131,0.0067113,0.013464,0.51728
796,4,20,-0.053297,0.016807,0.70596,0.02986,0.0054536,0.013463,0.51532
798,4,20,-0.053939,0.016851,0.70473,0.029624,0.0037052,0.013787,0.51332
800,4,20,-0.054497,0.01692,0.70344,0.029436,0.0015354,0.014544,0.5113
802,4,20,-0.054964,0.017008,0.70212,0.029305,-0.00096844,0.015778,0.50928
804,4,20,-0.055336,0.017114,0.70075,0.029242,-0.003711,0.017455,0.5073
806,4,20,-0.055606,0.017232,0.69937,0.029252,-0.0065962,0.019486,0.50538
808,4,20,-0.055773,0.017359,0.69798,0.029343,-0.0095317,0.021766,0.50353
810,4,20,-0.055832,0.01749,0.69658,0.029515,-0.012433,0.02419,0.50178
812,4,20,-0.055783,0.017622,0.6952,0.029766,-0.015223,0.026666,0.50013
814,4,20,-0.055625,0.017752,0.69384,0.030094,-0.017835,0.029117,0.49862
816,4,20,-0.055358,0.017877,0.69251,0.030491,-0.020213,0.031477,0.49723
818,4,20,-0.054983,0.017995,0.69122,0.030946,-0.022311,0.033692,0.49598
820,4,20,-0.054502,0.018103,0.68998,0.031448,-0.024092,0.035716,0.49486
822,4,20,-0.053919,0.018201,0.6888,0.031983,-0.02553,0.037513,0.49389
824,4,20,-0.053237,0.018288,0.6877,0.032536,-0.026609,0.039048,0.49304
826,4,20,-0.05246,0.018365,0.68666,0.033094,-0.027319,0.040295,0.49231
828,4,20,-0.051594,0.018431,0.68571,0.033642,-0.027664,0.041233,0.4917
830,4,20,-0.050644,0.018487,0.68484,0.034166,-0.027652,0.041843,0.49118
832,4,20,-0.049617,0.018535,0.68406,0.034656,-0.027299,0.042113,0.49076
834,4,20,-0.048518,0.018576,0.68337,0.035101,-0.026629,0.042035,0.4904
836,4,20,-0.047354,0.018611,0.68277,0.035493,-0.025668,0.041603,0.49011
838,4,20,-0.046133,0.018643,0.68226,0.035825,-0.024449,0.04082,0.48987
840,4,20,-0.044861,0.018672,0.68184,0.036093,-0.023005,0.039691,0.48966
842,4,20,-0.043546,0.018702,0.68151,0.036293,-0.021369,0.038231,0.48948
844,4,20,-0.042195,0.018732,0.68126,0.036423,-0.019574,0.036456,0.48932
846,4,20,-0.040814,0.018764,0.68109,0.036481,-0.01765,0.034395,0.48917
848,4,20,-0.039411,0.018799,0.681,0.036467,-0.015623,0.032083,0.48903
850,4,20,-0.037993,0.018837,0.68098,0.036383,-0.013517,0.029567,0.48889
852,4,20,-0.036565,0.018878,0.68104,0.03623,-0.011353,0.026907,0.48875
854,4,20,-0.035134,0.018922,0.68116,0.036011,-0.009151,0.024184,0.48862
856,4,20,-0.033705,0.018969,0.68135,0.035732,-0.0069329,0.021499,0.4885
858,4,20,-0.032285,0.019016,0.68159,0.035399,-0.004728,0.018986,0.48838
860,4,20,-0.030877,0.019064,0.68189,0.035021,-0.0025779,0.016804,0.48827
862,4,20,-0.029487,0.019112,0.68222,0.034608,-0.0005437,0.01512,0.48818
864,4,20,-0.028119,0.019157,0.68259,0.034173,0.001286,0.014044,0.48811
866,4,20,-0.026776,0.019199,0.68297,0.033728,0.0027897,0.013543,0.48806
868,4,20,-0.025463,0.019238,0.68335,0.033288,0.0038148,0.013407,0.48802
870,4,20,-0.024182,0.019271,0.68372,0.032867,0.004197,0.013337,0.488
872,4,20,-0.022936,0.019299,0.68408,0.032478,0.0038022,0.013101,0.488
874,4,20,-0.021728,0.019321,0.68439,0.032134,0.0025783,0.01267,0.48801
876,4,20,-0.02056,0.019337,0.68465,0.031846,0.00058249,0.0123,0.48802
878,4,20,-0.019433,0.019348,0.68485,0.031624,-0.0020392,0.012489,0.48802
880,4,20,-0.018351,0.019354,0.68497,0.031472,-0.0051018,0.013714,0.488
882,4,20,-0.017313,0.019355,0.685,0.031394,-0.0084266,0.016098,0.48796
884,4,20,-0.016323,0.019353,0.68494,0.03139,-0.011865,0.01942,0.48787
886,4,20,-0.01538,0.019349,0.68478,0.031456,-0.015301,0.023369,0.48773
888,4,20,-0.014487,0.019343,0.68451,0.031586,-0.018655,0.027685,0.48752
890,4,20,-0.013645,0.019336,0.68414,0.031771,-0.021868,0.03218,0.48723
892,4,20,-0.012856,0.019329,0.68366,0.031999,-0.024905,0.03672,0.48685
894,4,20,-0.01212,0.019323,0.68308,0.032259,-0.027743,0.041203,0.48637
896,4,20,-0.011439,0.019318,0.6824,0.032538,-0.03037,0.045554,0.48579
898,4,20,-0.010815,0.019314,0.68165,0.032821,-0.032782,0.049713,0.48511
900,4,20,-0.010249,0.01931,0.68082,0.033096,-0.034979,0.053632,0.48432
902,4,20,-0.0097433,0.019306,0.67993,0.033352,-0.036964,0.057272,0.48344
904,4,20,-0.0092987,0.019301,0.67901,0.033578,-0.038741,0.060606,0.48247
906,4,20,-0.0089173,0.019293,0.67806,0.033767,-0.040312,0.063609,0.48143
908,4,20,-0.0086009,0.01928,0.67711,0.033911,-0.04168,0.066265,0.48033
910,4,20,-0.0083513,0.019262,0.67618,0.034009,-0.042845,0.068564,0.47919
912,4,20,-0.0081702,0.019235,0.67527,0.034058,-0.043807,0.070501,0.47803
914,4,20,-0.0080594,0.019198,0.67442,0.034059,-0.044561,0.072074,0.47688
916,4,20,-0.0080203,0.01915,0.67362,0.034018,-0.045107,0.073289,0.47576
918,4,20,-0.0080546,0.019089,0.6729,0.03394,-0.045439,0.074152,0.47468
920,4,20,-0.0081635,0.019013,0.67226,0.033831,-0.045556,0.074675,0.47368
922,4,20,-0.0083482,0.018921,0.67171,0.033702,-0.045456,0.074873,0.47277
924,4,20,-0.0086094,0.018814,0.67124,0.033562,-0.045141,0.074765,0.47196
926,4,20,-0.0089476,0.01869,0.67086,0.033421,-0.044616,0.07437,0.47127
928,4,20,-0.0093632,0.018551,0.67056,0.033288,-0.043891,0.073712,0.4707
930,4,20,-0.0098558,0.018397,0.67033,0.033173,-0.042976,0.072816,0.47024
932,4,20,-0.010425,0.018229,0.67016,0.033083,-0.041892,0.071707,0.4699
934,4,20,-0.011069,0.01805,0.67003,0.033023,-0.040658,0.070415,0.46966
936,4,20,-0.011787,0.017861,0.66993,0.032996,-0.039302,0.068968,0.46949
938,4,20,-0.012577,0.017666,0.66983,0.033005,-0.037853,0.067394,0.46938
940,4,20,-0.013435,0.017466,0.66972,0.033047,-0.036347,0.065723,0.46928
942,4,20,-0.014359,0.017266,0.66957,0.03312,-0.03482,0.063985,0.46917
944,4,20,-0.015345,0.017068,0.66936,0.033219,-0.033311,0.062207,0.46901
946,4,20,-0.016389,0.016875,0.66906,0.033335,-0.031861,0.060419,0.46876
948,4,20,-0.017485,0.016691,0.66866,0.033461,-0.030512,0.058648,0.46838
950,4,20,-0.018628,0.016518,0.66812,0.033588,-0.029304,0.056918,0.46783
952,4,20,-0.019814,0.016359,0.66745,0.033705,-0.028276,0.055255,0.46707
954,4,20,-0.021034,0.016216,0.66661,0.033802,-0.027464,0.053681,0.46608
956,4,20,-0.022283,0.016091,0.66561,0.033869,-0.026902,0.052219,0.46483
958,4,20,-0.023553,0.015984,0.66444,0.033894,-0.026617,0.050889,0.46331
960,4,20,-0.024838,0.015896,0.66311,0.03387,-0.02663,0.049709,0.46151
962,4,20,-0.026129,0.015828,0.66162,0.033787,-0.026959,0.048696,0.45943
964,4,20,-0.027419,0.015778,0.65998,0.033637,-0.027613,0.047867,0.45708
966,4,20,-0.0287,0.015748,0.65823,0.033416,-0.028594,0.047234,0.45448
968,4,20,-0.029964,0.015736,0.65637,0.03312,-0.029897,0.04681,0.45166
970,4,20,-0.031204,0.01574,0.65444,0.032747,-0.031511,0.046603,0.44866
972,4,20,-0.032412,0.015761,0.65247,0.032299,-0.033417,0.046619,0.44554
974,4,20,-0.033581,0.015796,0.6505,0.03178,-0.035591,0.046861,0.44234
976,4,20,-0.034703,0.015846,0.64856,0.031194,-0.038004,0.047326,0.43912
978,4,20,-0.035772,0.015909,0.64669,0.030551,-0.040621,0.048009,0.43594
980,4,20,-0.036783,0.015986,0.64492,0.029861,-0.043405,0.0489,0.43287
982,4,20,-0.037729,0.016075,0.6433,0.029137,-0.046315,0.049986,0.42997
984,4,20,-0.038606,0.016177,0.64185,0.028393,-0.049309,0.051252,0.42729
986,4,20,-0.039409,0.016291,0.6406,0.027647,-0.052344,0.05268,0.4249
988,4,20,-0.040135,0.016417,0.63958,0.026916,-0.055377,0.054251,0.42283
990,4,20,-0.040782,0.016555,0.6388,0.026218,-0.058367,0.055947,0.42112
992,4,20,-0.041346,0.016705,0.63827,0.025573,-0.061275,0.057747,0.41981
994,4,20,-0.041828,0.016866,0.63799,0.024999,-0.064063,0.059633,0.41891
996,4,20,-0.042227,0.017037,0.63796,0.024512,-0.066699,0.061582,0.41841
998,4,20,-0.042543,0.017218,0.63818,0.024124,-0.069154,0.063575,0.41833
1000,4,20,-0.042779,0.017406,0.63861,0.023845,-0.071403,0.06559,0.41863
1002,4,20,-0.042936,0.0176,0.63925,0.02368,-0.073425,0.067604,0.41929
1004,4,20,-0.043017,0.017797,0.64005,0.023627,-0.075204,0.069592,0.42028
1006,4,20,-0.043026,0.017995,0.641,0.02368,-0.076728,0.071532,0.42153
1008,4,20,-0.042968,0.018191,0.64204,0.023827,-0.077988,0.073398,0.42301
1010,4,20,-0.042847,0.018381,0.64315,0.024055,-0.078977,0.075166,0.42464
1012,4,20,-0.04267,0.018562,0.6443,0.024346,-0.079693,0.07681,0.42638
1014,4,20,-0.042443,0.018731,0.64543,0.024682,-0.080132,0.078309,0.42815
1016,4,20,-0.042172,0.018883,0.64652,0.025043,-0.080296,0.079639,0.42991
1018,4,20,-0.041864,0.019017,0.64755,0.025413,-0.080182,0.08078,0.43158
1020,4,20,-0.041526,0.019127,0.64847,0.025775,-0.079792,0.081715,0.43313
1022,4,20,-0.041166,0.019212,0.64927,0.026114,-0.079126,0.082427,0.43451
1024,4,20,-0.04079,0.019269,0.64994,0.026421,-0.078188,0.082903,0.43568
1026,4,20,-0.040407,0.019294,0.65046,0.026686,-0.076978,0.083132,0.43663
1028,4,20,-0.040022,0.019287,0.65082,0.026906,-0.075503,0.083107,0.43732
1030,4,20,-0.039643,0.019246,0.65102,0.027079,-0.073767,0.082821,0.43776
1032,4,20,-0.039276,0.01917,0.65106,0.027209,-0.071778,0.082271,0.43795
1034,4,20,-0.038927,0.019059,0.65095,0.027302,-0.069546,0.081458,0.4379
1036,4,20,-0.038602,0.018912,0.6507,0.027365,-0.067082,0.080382,0.43764
1038,4,20,-0.038305,0.018731,0.65032,0.02741,-0.064402,0.079047,0.43719
1040,4,20,-0.038041,0.018517,0.64982,0.027448,-0.06152,0.077457,0.43658
1042,4,20,-0.037812,0.018273,0.64923,0.02749,-0.058455,0.075621,0.43586
1044,4,20,-0.037622,0.018,0.64858,0.027547,-0.055225,0.073546,0.43507
1046,4,20,-0.037473,0.017702,0.64787,0.027629,-0.051851,0.071243,0.43424
1048,4,20,-0.037365,0.017382,0.64714,0.027741,-0.048354,0.068724,0.43341
1050,4,20,-0.0373,0.017046,0.64641,0.027889,-0.044758,0.066001,0.43262
1052,4,20,-0.037276,0.016697,0.6457,0.028073,-0.041087,0.063091,0.4319
1054,4,20,-0.037291,0.016342,0.64503,0.028294,-0.037366,0.060009,0.43127
1056,4,20,-0.037345,0.015985,0.64442,0.028547,-0.033622,0.056775,0.43076
1058,4,20,-0.037434,0.015633,0.64389,0.028829,-0.029883,0.053412,0.43038
1060,4,20,-0.037554,0.015293,0.64343,0.029134,-0.026177,0.049942,0.43013
1062,4,20,-0.037702,0.014971,0.64307,0.029455,-0.022534,0.046395,0.43002
1064,4,20,-0.037873,0.014673,0.64278,0.029783,-0.018981,0.042802,0.43003
1066,4,20,-0.038062,0.014405,0.64259,0.030111,-0.015547,0.0392,0.43014
1068,4,20,-0.038262,0.014175,0.64246,0.030429,-0.01226,0.035631,0.43035
1070,4,20,-0.038469,0.013986,0.6424,0.030728,-0.0091469,0.032148,0.43062
1072,4,20,-0.038677,0.013843,0.6424,0.030999,-0.0062354,0.028809,0.43093
1074,4,20,-0.038879,0.013749,0.64244,0.031231,-0.0035544,0.025688,0.43126
1076,4,20,-0.03907,0.013705,0.6425,0.031418,-0.0011356,0.022869,0.43156
1078,4,20,-0.039243,0.013713,0.64257,0.031551,0.00098545,0.020446,0.43181
1080,4,20,-0.039392,0.01377,0.64264,0.031625,0.0027676,0.018503,0.43199
1082,4,20,-0.039514,0.013875,0.6427,0.031635,0.0041647,0.017098,0.43207
1084,4,20,-0.039602,0.014023,0.64272,0.031578,0.0051282,0.016223,0.43204
1086,4,20,-0.039653,0.01421,0.6427,0.031454,0.0056139,0.015793,0.43187
1088,4,20,-0.039662,0.01443,0.64264,0.031263,0.0055933,0.015673,0.43155
1090,4,20,-0.039627,0.014677,0.64251,0.031009,0.0050668,0.015723,0.43109
1092,4,20,-0.039545,0.014946,0.64231,0.030696,0.0040728,0.01584,0.43047
1094,4,20,-0.039414,0.01523,0.64205,0.030332,0.0026859,0.015974,0.42971
1096,4,20,-0.039234,0.015522,0.64171,0.029923,0.001005,0.016118,0.42881
1098,4,20,-0.039005,0.015817,0.6413,0.029481,-0.00086347,0.016285,0.42778
1100,4,20,-0.038727,0.016109,0.64082,0.029016,-0.0028198,0.016492,0.42665
1102,4,20,-0.038403,0.016394,0.64027,0.028543,-0.0047795,0.016746,0.42543
1104,4,20,-0.038035,0.016666,0.63966,0.028074,-0.0066761,0.017045,0.42414
1106,4,20,-0.037626,0.016922,0.63899,0.027624,-0.0084603,0.01738,0.42281
1108,4,20,-0.03718,0.017158,0.63827,0.027209,-0.010097,0.017736,0.42145
1110,4,20,-0.036703,0.017371,0.6375,0.026841,-0.011565,0.018098,0.4201
1112,4,20,-0.0362,0.017559,0.6367,0.026533,-0.01285,0.018453,0.41876
1114,4,20,-0.035676,0.017719,0.63588,0.026293,-0.013946,0.018789,0.41747
1116,4,20,-0.035139,0.017851,0.63504,0.026128,-0.014851,0.019096,0.41625
1118,4,20,-0.034596,0.017952,0.63421,0.026038,-0.015567,0.019367,0.4151
1120,4,20,-0.034053,0.018024,0.63339,0.02602,-0.016098,0.019596,0.41404
1122,4,20,-0.033517,0.018066,0.6326,0.026068,-0.016451,0.019777,0.4131
1124,4,20,-0.032997,0.018079,0.63186,0.026172,-0.016633,0.019905,0.41227
1126,4,20,-0.0325,0.018064,0.63119,0.026318,-0.016654,0.019977,0.41156
1128,4,20,-0.032032,0.018022,0.63059,0.026495,-0.016523,0.019988,0.41098
1130,4,20,-0.031601,0.017955,0.63008,0.026687,-0.016253,0.019937,0.41054
1132,4,20,-0.031212,0.017865,0.62968,0.026883,-0.015857,0.019823,0.41023
1134,4,20,-0.030873,0.017755,0.62939,0.02707,-0.015352,0.019645,0.41006
1136,4,20,-0.030588,0.017627,0.62922,0.027238,-0.014753,0.019406,0.41002
1138,4,20,-0.030362,0.017484,0.62917,0.027381,-0.014078,0.019109,0.4101
1140,4,20,-0.030199,0.017329,0.62925,0.027493,-0.013346,0.018759,0.41032
1142,4,20,-0.030101,0.017165,0.62945,0.02757,-0.012576,0.018363,0.41065
1144,4,20,-0.030072,0.016995,0.62977,0.027613,-0.011787,0.017931,0.41109
1146,4,20,-0.030111,0.016821,0.63019,0.027622,-0.010999,0.017472,0.41163
1148,4,20,-0.030219,0.016647,0.63071,0.027602,-0.010228,0.016998,0.41226
1150,4,20,-0.030395,0.016474,0.6313,0.027556,-0.0094922,0.016522,0.41297
1152,4,20,-0.030637,0.016305,0.63196,0.027493,-0.0088076,0.016055,0.41373
1154,4,20,-0.030943,0.016142,0.63265,0.02742,-0.0081887,0.01561,0.41454
1156,4,20,-0.031308,0.015987,0.63337,0.027345,-0.0076482,0.015198,0.41537
1158,4,20,-0.031727,0.01584,0.63409,0.027275,-0.0071971,0.014827,0.4162
1160,4,20,-0.032195,0.015702,0.63478,0.027216,-0.0068443,0.014504,0.41702
1162,4,20,-0.032705,0.015576,0.63543,0.027175,-0.0065963,0.014232,0.4178
1164,4,20,-0.03325,0.01546,0.636,0.027155,-0.0064576,0.01401,0.41851
1166,4,20,-0.033822,0.015356,0.6365,0.027157,-0.0064297,0.013833,0.41914
1168,4,20,-0.034413,0.015264,0.63689,0.027181,-0.0065121,0.013696,0.41967
1170,4,20,-0.035013,0.015184,0.63717,0.027224,-0.0067015,0.013589,0.42007
1172,4,20,-0.035614,0.015116,0.63732,0.027283,-0.0069924,0.013502,0.42032
1174,4,20,-0.036206,0.01506,0.63734,0.027351,-0.0073769,0.013426,0.42041
1176,4,20,-0.03678,0.015018,0.63721,0.027425,-0.007845,0.013352,0.42032
1178,4,20,-0.037325,0.014988,0.63693,0.027498,-0.008385,0.013274,0.42004
1180,4,20,-0.037835,0.014972,0.6365,0.027565,-0.0089837,0.013187,0.41957
1182,4,20,-0.038298,0.01497,0.63593,0.027621,-0.0096267,0.013089,0.4189
1184,4,20,-0.038708,0.014982,0.63521,0.027664,-0.010299,0.012982,0.41803
1186,4,20,-0.039055,0.015008,0.63435,0.027691,-0.010984,0.012868,0.41697
1188,4,20,-0.039333,0.015048,0.63337,0.027699,-0.011667,0.012754,0.41573
1190,4,20,-0.039536,0.015102,0.63226,0.02769,-0.012333,0.012647,0.41432
1192,4,20,-0.039657,0.015169,0.63105,0.027662,-0.012966,0.012555,0.41277
1194,4,20,-0.039692,0.01525,0.62975,0.027616,-0.013554,0.012486,0.41108
1196,4,20,-0.039637,0.015343,0.62838,0.027555,-0.014082,0.012447,0.40929
1198,4,20,-0.03949,0.015446,0.62696,0.02748,-0.014539,0.012444,0.40742
1200,4,20,-0.039248,0.015558,0.6255,0.027392,-0.014916,0.012481,0.40551
1202,4,20,-0.038911,0.015677,0.62403,0.027294,-0.015203,0.012557,0.40356
1204,4,20,-0.03848,0.015801,0.62256,0.027188,-0.015392,0.012671,0.40162
1206,4,20,-0.037956,0.015926,0.62111,0.027077,-0.015477,0.012818,0.39971
1208,4,20,-0.037341,0.016052,0.61971,0.026962,-0.015452,0.012989,0.39786
1210,4,20,-0.036639,0.016175,0.61838,0.026846,-0.015314,0.013175,0.39608
1212,4,20,-0.035854,0.016291,0.61711,0.026732,-0.015061,0.013368,0.3944
1214,4,20,-0.034992,0.0164,0.61593,0.026624,-0.014691,0.013556,0.39284
1216,4,20,-0.034058,0.016499,0.61485,0.026526,-0.014204,0.01373,0.39141
1218,4,20,-0.03306,0.016585,0.61388,0.026443,-0.0136,0.013883,0.39013
1220,4,20,-0.032005,0.016656,0.61301,0.026379,-0.012883,0.014007,0.389
1222,4,20,-0.030901,0.016712,0.61224,0.026339,-0.012053,0.014101,0.38802
1224,4,20,-0.029756,0.016751,0.61159,0.02633,-0.011116,0.014162,0.38722
1226,4,20,-0.028579,0.016773,0.61105,0.026357,-0.010074,0.014194,0.38658
1228,4,20,-0.027379,0.016777,0.61061,0.026424,-0.0089321,0.014204,0.38611
1230,4,20,-0.026164,0.016764,0.61027,0.026538,-0.0076957,0.014203,0.38582
1232,4,20,-0.024944,0.016734,0.61003,0.026705,-0.0063714,0.014208,0.38569
1234,4,20,-0.023727,0.016689,0.60989,0.026929,-0.0049667,0.014239,0.38574
1236,4,20,-0.022521,0.016631,0.60982,0.027217,-0.0034908,0.014319,0.38596
1238,4,20,-0.021335,0.016561,0.60984,0.027574,-0.0019545,0.014474,0.38635
1240,4,20,-0.020176,0.01648,0.60994,0.028004,-0.00036982,0.014728,0.38692
1242,4,20,-0.019052,0.016392,0.61011,0.02851,0.0012495,0.0151,0.38767
1244,4,20,-0.017968,0.016299,0.61034,0.029095,0.0028885,0.015602,0.3886
1246,4,20,-0.016932,0.016204,0.61065,0.029757,0.004531,0.016239,0.38972
1248,4,20,-0.015947,0.016107,0.61102,0.030492,0.0061598,0.017005,0.39102
1250,4,20,-0.015019,0.016012,0.61147,0.031294,0.0077566,0.017888,0.3925
1252,4,20,-0.01415,0.015921,0.61199,0.032156,0.0093022,0.018869,0.39417
1254,4,20,-0.013345,0.015834,0.61258,0.033067,0.010777,0.019927,0.39603
1256,4,20,-0.012604,0.015753,0.61325,0.034017,0.012161,0.02104,0.39807
1258,4,20,-0.01193,0.015678,0.61401,0.034994,0.013435,0.022189,0.40028
1260,4,20,-0.011323,0.015611,0.61486,0.035984,0.014582,0.023355,0.40265
1262,4,20,-0.010782,0.015549,0.61579,0.036977,0.015586,0.024524,0.40517
1264,4,20,-0.010307,0.015494,0.6168,0.03796,0.016437,0.025685,0.40782
1266,4,20,-0.0098967,0.015443,0.6179,0.038921,0.017127,0.026831,0.41058
1268,4,20,-0.0095485,0.015396,0.61907,0.039849,0.017655,0.027958,0.41342
1270,4,20,-0.0092601,0.01535,0.62032,0.040734,0.018022,0.029061,0.41632
1272,4,20,-0.0090286,0.015305,0.62163,0.041565,0.018234,0.030139,0.41925
1274,4,20,-0.0088508,0.015258,0.62298,0.042334,0.018302,0.03119,0.42216
1276,4,20,-0.008723,0.015207,0.62438,0.043034,0.018237,0.032214,0.42503
1278,4,20,-0.0086415,0.015152,0.62579,0.043657,0.018057,0.033205,0.42783
1280,4,20,-0.0086025,0.01509,0.62722,0.044199,0.017775,0.034163,0.43052
1282,4,20,-0.008602,0.015019,0.62863,0.044655,0.017412,0.035083,0.43306
1284,4,20,-0.0086362,0.01494,0.63002,0.045024,0.016984,0.035961,0.43544
1286,4,20,-0.0087014,0.014852,0.63136,0.045306,0.016511,0.036792,0.43762
1288,4,20,-0.008794,0.014753,0.63265,0.045501,0.01601,0.037572,0.43958
1290,4,20,-0.0089106,0.014644,0.63387,0.045611,0.015499,0.038295,0.44131
1292,4,20,-0.0090482,0.014525,0.635,0.045641,0.014996,0.038958,0.4428
1294,4,20,-0.0092041,0.014397,0.63603,0.045595,0.014516,0.039555,0.44403
1296,4,20,-0.0093758,0.014261,0.63696,0.045478,0.014075,0.040081,0.44502
1298,4,20,-0.0095614,0.014117,0.63778,0.045297,0.013686,0.040532,0.44575
1300,4,20,-0.0097592,0.013967,0.6385,0.045056,0.013363,0.040904,0.44625
1302,4,20,-0.0099681,0.013812,0.6391,0.044763,0.013116,0.041193,0.44652
1304,4,20,-0.010187,0.013654,0.63961,0.044423,0.012955,0.041394,0.44659
1306,4,20,-0.010416,0.013496,0.64001,0.044041,0.012885,0.041503,0.44647
1308,4,20,-0.010655,0.013338,0.64033,0.043622,0.012912,0.041519,0.44617
1310,4,20,-0.010903,0.013182,0.64056,0.04317,0.013037,0.041436,0.44573
1312,4,20,-0.011163,0.013031,0.64073,0.042689,0.01326,0.041254,0.44516
1314,4,20,-0.011433,0.012886,0.64084,0.042181,0.013574,0.040971,0.44448
1316,4,20,-0.011716,0.01275,0.64089,0.04165,0.013975,0.040587,0.4437
1318,4,20,-0.012012,0.012623,0.64089,0.041098,0.01445,0.040102,0.44283
1320,4,20,-0.012323,0.012508,0.64085,0.040526,0.014988,0.039517,0.44189
1322,4,20,-0.01265,0.012405,0.64076,0.039936,0.015573,0.038836,0.44087
1324,4,20,-0.012994,0.012317,0.64062,0.039329,0.016188,0.038063,0.43979
1326,4,20,-0.013357,0.012244,0.64044,0.038707,0.016813,0.037205,0.43862
1328,4,20,-0.013738,0.012188,0.64019,0.03807,0.017428,0.036266,0.43738
1330,4,20,-0.01414,0.012149,0.63988,0.037419,0.018012,0.035255,0.43605
1332,4,20,-0.014562,0.012128,0.63949,0.036752,0.018543,0.03418,0.43461
1334,4,20,-0.015004,0.012125,0.63902,0.036071,0.018998,0.03305,0.43307
1336,4,20,-0.015467,0.012141,0.63845,0.035375,0.019357,0.031872,0.4314
1338,4,20,-0.01595,0.012176,0.63778,0.034664,0.019597,0.030657,0.4296
1340,4,20,-0.016451,0.012228,0.637,0.033939,0.019696,0.029412,0.42766
1342,4,20,-0.01697,0.012299,0.63611,0.0332,0.019635,0.028147,0.42557
1344,4,20,-0.017504,0.012387,0.63509,0.032449,0.019395,0.026872,0.42335
1346,4,20,-0.018051,0.012492,0.63396,0.031689,0.018961,0.025597,0.42098
1348,4,20,-0.018608,0.012613,0.63271,0.030925,0.01832,0.024333,0.4185
1350,4,20,-0.019172,0.012747,0.63136,0.030162,0.017464,0.023092,0.4159
1352,4,20,-0.019739,0.012895,0.6299,0.029407,0.016388,0.021888,0.41321
1354,4,20,-0.020306,0.013055,0.62836,0.028667,0.015096,0.020735,0.41045
1356,4,20,-0.020868,0.013225,0.62675,0.027952,0.013596,0.019648,0.40766
1358,4,20,-0.021419,0.013404,0.6251,0.027268,0.011902,0.018643,0.40487
1360,4,20,-0.021956,0.01359,0.62341,0.026625,0.010035,0.017734,0.40211
1362,4,20,-0.022473,0.013782,0.62173,0.02603,0.0080212,0.016934,0.39942
1364,4,20,-0.022965,0.013977,0.62006,0.025489,0.0058922,0.016252,0.39682
1366,4,20,-0.023427,0.014175,0.61845,0.025008,0.0036831,0.015693,0.39436
1368,4,20,-0.023854,0.014373,0.61691,0.024589,0.0014317,0.015256,0.39207
1370,4,20,-0.02424,0.01457,0.61546,0.024233,-0.00082333,0.014932,0.38995
1372,4,20,-0.024581,0.014766,0.61413,0.023941,-0.0030437,0.014709,0.38805
1374,4,20,-0.024872,0.014957,0.61293,0.02371,-0.0051932,0.014571,0.38636
1376,4,20,-0.02511,0.015143,0.61186,0.023538,-0.0072387,0.014497,0.3849
1378,4,20,-0.025289,0.015323,0.61094,0.023421,-0.0091516,0.014468,0.38366
1380,4,20,-0.025407,0.015496,0.61015,0.023354,-0.010909,0.014464,0.38264
1382,4,20,-0.025461,0.015659,0.60949,0.023334,-0.012492,0.014471,0.38183
1384,4,20,-0.025449,0.015813,0.60895,0.023357,-0.013889,0.014477,0.38119
1386,4,20,-0.025369,0.015957,0.60852,0.023418,-0.015094,0.014472,0.38071
1388,4,20,-0.02522,0.016088,0.60816,0.023512,-0.016105,0.014453,0.38036
1390,4,20,-0.025002,0.016208,0.60786,0.023636,-0.016923,0.01442,0.38011
1392,4,20,-0.024716,0.016314,0.60759,0.023786,-0.017555,0.014378,0.37992
1394,4,20,-0.024363,0.016408,0.60733,0.023955,-0.018006,0.014334,0.37976
1396,4,20,-0.023944,0.016487,0.60706,0.024138,-0.018287,0.014299,0.3796
1398,4,20,-0.023464,0.016553,0.60676,0.024331,-0.018406,0.014287,0.37941
1400,4,20,-0.022925,0.016604,0.60642,0.024527,-0.018373,0.01431,0.37917
1402,4,20,-0.022331,0.016642,0.60601,0.024722,-0.018197,0.014384,0.37886
1404,4,20,-0.021687,0.016666,0.60555,0.024909,-0.017888,0.014521,0.37848
1406,4,20,-0.020999,0.016678,0.60502,0.025086,-0.017456,0.01473,0.378
1408,4,20,-0.020273,0.016677,0.60442,0.025248,-0.016911,0.015015,0.37744
1410,4,20,-0.019515,0.016666,0.60378,0.025393,-0.016264,0.015377,0.3768
1412,4,20,-0.018732,0.016644,0.60309,0.025519,-0.015529,0.015809,0.37609
1414,4,20,-0.017931,0.016613,0.60238,0.025627,-0.014718,0.0163,0.37533
1416,4,20,-0.017119,0.016575,0.60166,0.025717,-0.013848,0.016837,0.37455
1418,4,20,-0.016305,0.016532,0.60095,0.025789,-0.012938,0.017404,0.37378
1420,4,20,-0.015497,0.016485,0.60028,0.025846,-0.012008,0.017982,0.37302
1422,4,20,-0.014701,0.016435,0.59966,0.02589,-0.011077,0.018555,0.37233
1424,4,20,-0.013925,0.016384,0.59912,0.025922,-0.010168,0.019109,0.37171
1426,4,20,-0.013178,0.016335,0.59868,0.025946,-0.0093028,0.019632,0.3712
1428,4,20,-0.012465,0.016287,0.59834,0.025964,-0.0085014,0.020114,0.37082
1430,4,20,-0.011795,0.016242,0.59813,0.025978,-0.0077829,0.02055,0.37058
1432,4,20,-0.011173,0.016202,0.59805,0.02599,-0.0071635,0.020938,0.3705
1434,4,20,-0.010606,0.016166,0.5981,0.026002,-0.0066566,0.02128,0.37057
1436,4,20,-0.010098,0.016134,0.59829,0.026015,-0.006272,0.02158,0.37081
1438,4,20,-0.0096554,0.016107,0.59859,0.02603,-0.0060158,0.021843,0.37119
1440,4,20,-0.0092811,0.016083,0.59901,0.026049,-0.0058903,0.022077,0.37171
1442,4,20,-0.008979,0.016063,0.59952,0.026072,-0.0058943,0.022287,0.37234
1444,4,20,-0.0087516,0.016044,0.60011,0.026099,-0.0060231,0.022479,0.37307
1446,4,20,-0.008601,0.016025,0.60074,0.02613,-0.0062687,0.022656,0.37387
1448,4,20,-0.0085281,0.016006,0.60141,0.026164,-0.0066203,0.022821,0.3747
1450,4,20,-0.0085335,0.015984,0.60206,0.026201,-0.0070643,0.022971,0.37552
1452,4,20,-0.0086167,0.015959,0.60269,0.02624,-0.007585,0.023104,0.37632
1454,4,20,-0.0087765,0.015928,0.60327,0.026278,-0.0081647,0.023214,0.37706
1456,4,20,-0.0090112,0.015892,0.60377,0.026315,-0.0087843,0.023297,0.37769
1458,4,20,-0.009318,0.015849,0.60417,0.026348,-0.0094238,0.023346,0.37821
1460,4,20,-0.0096938,0.0158,0.60445,0.026375,-0.010063,0.023354,0.37858
1462,4,20,-0.010135,0.015746,0.6046,0.026393,-0.010681,0.023319,0.37877
1464,4,20,-0.010637,0.015686,0.6046,0.026401,-0.011259,0.023235,0.37879
1466,4,20,-0.011195,0.015623,0.60446,0.026396,-0.011778,0.023102,0.37861
1468,4,20,-0.011803,0.015559,0.60416,0.026376,-0.012222,0.02292,0.37823
1470,4,20,-0.012457,0.015496,0.60372,0.026341,-0.012579,0.022691,0.37766
1472,4,20,-0.01315,0.015438,0.60312,0.026289,-0.012836,0.022419,0.37689
1474,4,20,-0.013877,0.015388,0.60239,0.02622,-0.012988,0.022107,0.37594
1476,4,20,-0.01463,0.015349,0.60154,0.026136,-0.01303,0.021761,0.37482
1478,4,20,-0.015405,0.015325,0.60056,0.026039,-0.012962,0.021386,0.37356
1480,4,20,-0.016194,0.01532,0.59949,0.02593,-0.01279,0.020986,0.37216
1482,4,20,-0.016991,0.015335,0.59833,0.025815,-0.012518,0.020567,0.37066
1484,4,20,-0.017791,0.015375,0.5971,0.025697,-0.012156,0.02013,0.36908
1486,4,20,-0.018588,0.015439,0.59582,0.025581,-0.011716,0.019681,0.36744
1488,4,20,-0.019377,0.015528,0.59451,0.025472,-0.011209,0.019219,0.36576
1490,4,20,-0.020151,0.015643,0.59317,0.025375,-0.010647,0.018748,0.36408
1492,4,20,-0.020907,0.015781,0.59183,0.025292,-0.010043,0.018269,0.36242
1494,4,20,-0.02164,0.01594,0.59051,0.025228,-0.0094079,0.017783,0.3608
1496,4,20,-0.022345,0.016117,0.58922,0.025182,-0.0087514,0.017295,0.35923
1498,4,20,-0.023021,0.016306,0.58798,0.025154,-0.0080825,0.016809,0.35775
1500,4,20,-0.023663,0.016505,0.58681,0.025142,-0.0074088,0.01633,0.35635
1502,4,20,-0.024269,0.016706,0.58571,0.025144,-0.006737,0.015865,0.35507
1504,4,20,-0.024837,0.016906,0.5847,0.025156,-0.0060728,0.015423,0.3539
1506,4,20,-0.025365,0.017098,0.58379,0.025175,-0.0054219,0.015012,0.35286
1508,4,20,-0.025853,0.017279,0.583,0.025196,-0.0047901,0.014643,0.35195
1510,4,20,-0.026298,0.017442,0.58232,0.025219,-0.0041834,0.014321,0.35118
1512,4,20,-0.026703,0.017584,0.58176,0.025243,-0.0036088,0.014054,0.35056
1514,4,20,-0.027065,0.017701,0.58133,0.025268,-0.0030739,0.013843,0.35007
1516,4,20,-0.027386,0.017791,0.58101,0.025296,-0.0025867,0.013687,0.34973
1518,4,20,-0.027667,0.017851,0.5808,0.025331,-0.0021558,0.013581,0.34952
1520,4,20,-0.027908,0.017881,0.5807,0.025376,-0.0017896,0.013516,0.34945
1522,4,20,-0.028111,0.01788,0.5807,0.025435,-0.0014961,0.013481,0.3495
1524,4,20,-0.028277,0.017849,0.58079,0.025511,-0.001282,0.013464,0.34968
1526,4,20,-0.028408,0.017789,0.58096,0.025607,-0.0011533,0.013454,0.34997
1528,4,20,-0.028505,0.017703,0.58121,0.025726,-0.0011138,0.013441,0.35038
1530,4,20,-0.028571,0.017594,0.58153,0.025866,-0.0011661,0.013419,0.35089
1532,4,20,-0.028608,0.017466,0.58191,0.02603,-0.0013106,0.013385,0.35149
1534,4,20,-0.028616,0.017324,0.58235,0.026215,-0.001546,0.013338,0.35219
1536,4,20,-0.028598,0.017171,0.58285,0.02642,-0.0018692,0.013282,0.35297
1538,4,20,-0.028555,0.017014,0.5834,0.026643,-0.0022751,0.013223,0.35384
1540,4,20,-0.02849,0.016857,0.584,0.026883,-0.002757,0.013171,0.35479
1542,4,20,-0.028404,0.016705,0.58467,0.027137,-0.0033061,0.013135,0.35583
1544,4,20,-0.028298,0.016564,0.58539,0.027404,-0.0039118,0.013124,0.35695
1546,4,20,-0.028173,0.016437,0.58617,0.027683,-0.0045611,0.013148,0.35816
1548,4,20,-0.028031,0.016327,0.58703,0.027973,-0.0052388,0.013213,0.35947
1550,4,20,-0.027874,0.016238,0.58796,0.028274,-0.0059273,0.013324,0.36089
1552,4,20,-0.027701,0.01617,0.58898,0.028585,-0.0066066,0.013482,0.36243
1554,4,20,-0.027514,0.016124,0.5901,0.028906,-0.0072542,0.013688,0.36409
1556,4,20,-0.027313,0.016099,0.59132,0.029237,-0.0078456,0.01394,0.3659
1558,4,20,-0.0271,0.016093,0.59265,0.029578,-0.0083546,0.014234,0.36785
1560,4,20,-0.026874,0.016104,0.5941,0.029929,-0.0087544,0.014568,0.36997
1562,4,20,-0.026637,0.016129,0.59568,0.03029,-0.009018,0.014939,0.37227
1564,4,20,-0.02639,0.016163,0.5974,0.03066,-0.0091194,0.015342,0.37474
1566,4,20,-0.026132,0.016205,0.59925,0.03104,-0.0090352,0.015775,0.3774
1568,4,20,-0.025864,0.01625,0.60123,0.031429,-0.0087448,0.016236,0.38025
1570,4,20,-0.025588,0.016294,0.60335,0.031825,-0.0082325,0.016719,0.38327
1572,4,20,-0.025304,0.016335,0.60558,0.032226,-0.0074876,0.017223,0.38646
1574,4,20,-0.025012,0.016372,0.60793,0.032631,-0.0065056,0.01774,0.38981
1576,4,20,-0.024715,0.016402,0.61037,0.033034,-0.0052886,0.018266,0.39329
1578,4,20,-0.024412,0.016424,0.61289,0.033432,-0.0038452,0.018793,0.39687
1580,4,20,-0.024106,0.01644,0.61546,0.033818,-0.0021909,0.019313,0.40052
1582,4,20,-0.023798,0.01645,0.61805,0.034185,-0.00034755,0.019817,0.40419
1584,4,20,-0.023489,0.016455,0.62064,0.034527,0.0016572,0.020296,0.40784
1586,4,20,-0.023182,0.016459,0.62319,0.034835,0.0037903,0.020742,0.41143
1588,4,20,-0.022878,0.016464,0.62568,0.035102,0.0060146,0.021147,0.41489
1590,4,20,-0.022579,0.016473,0.62807,0.035318,0.0082895,0.021503,0.41817
1592,4,20,-0.022288,0.01649,0.63032,0.035478,0.010572,0.021804,0.42122
1594,4,20,-0.022006,0.016518,0.63241,0.035575,0.012819,0.022044,0.42399
1596,4,20,-0.021737,0.016559,0.6343,0.035603,0.014987,0.02222,0.42642
1598,4,20,-0.021483,0.016618,0.63595,0.03556,0.017035,0.022331,0.42846
1600,4,20,-0.021245,0.016695,0.63735,0.035443,0.018922,0.022374,0.43008
1602,4,20,-0.021027,0.016791,0.63846,0.03525,0.020614,0.022351,0.43124
1604,4,20,-0.020832,0.016907,0.63927,0.034984,0.022081,0.022263,0.43192
1606,4,20,-0.02066,0.017042,0.63976,0.034647,0.023298,0.022112,0.4321
1608,4,20,-0.020515,0.017194,0.63993,0.034243,0.024247,0.021902,0.43179
1610,4,20,-0.020399,0.017361,0.63977,0.033777,0.024914,0.021637,0.43098
1612,4,20,-0.020313,0.01754,0.63928,0.033256,0.025294,0.021321,0.4297
1614,4,20,-0.020259,0.017727,0.63849,0.032689,0.025389,0.020958,0.42797
1616,4,20,-0.020238,0.017917,0.6374,0.032084,0.025205,0.020553,0.42583
1618,4,20,-0.020252,0.018107,0.63603,0.031452,0.024756,0.020111,0.42333
1620,4,20,-0.0203,0.018293,0.63442,0.030804,0.024061,0.019636,0.42052
1622,4,20,-0.020384,0.018469,0.63261,0.030152,0.023144,0.019133,0.41747
1624,4,20,-0.020502,0.018634,0.63062,0.029508,0.022033,0.018608,0.41423
1626,4,20,-0.020655,0.018782,0.62851,0.028885,0.02076,0.018066,0.41088
1628,4,20,-0.020842,0.018912,0.62631,0.028293,0.019362,0.017514,0.40748
1630,4,20,-0.021061,0.019022,0.62407,0.027744,0.017874,0.016961,0.40409
1632,4,20,-0.02131,0.01911,0.62184,0.027247,0.016335,0.016417,0.40079
1634,4,20,-0.021588,0.019176,0.61965,0.02681,0.014784,0.015893,0.39762
1636,4,20,-0.02189,0.01922,0.61754,0.026437,0.013258,0.0154,0.39464
1638,4,20,-0.022216,0.019243,0.61556,0.026132,0.01179,0.014951,0.39189
1640,4,20,-0.022561,0.019246,0.61373,0.025893,0.010413,0.014558,0.3894
1642,4,20,-0.022921,0.019231,0.61207,0.025718,0.0091534,0.01423,0.3872
1644,4,20,-0.023293,0.019201,0.61061,0.025599,0.0080336,0.013974,0.3853
1646,4,20,-0.023672,0.019159,0.60936,0.025528,0.0070695,0.013789,0.3837
1648,4,20,-0.024054,0.019109,0.60832,0.025497,0.0062709,0.013673,0.3824
1650,4,20,-0.024435,0.019053,0.60749,0.025493,0.0056413,0.013613,0.38139
1652,4,20,-0.024809,0.018996,0.60686,0.025507,0.0051779,0.013597,0.38064
1654,4,20,-0.025173,0.018941,0.60642,0.02553,0.0048721,0.013605,0.38012
1656,4,20,-0.025521,0.018891,0.60615,0.025551,0.0047103,0.013619,0.37982
1658,4,20,-0.02585,0.01885,0.60602,0.025564,0.004675,0.013622,0.37968
1660,4,20,-0.026154,0.018818,0.60602,0.025565,0.0047455,0.013596,0.37967
1662,4,20,-0.026431,0.018799,0.6061,0.02555,0.0048994,0.013529,0.37976
1664,4,20,-0.026674,0.018794,0.60625,0.025518,0.0051138,0.013412,0.37992
1666,4,20,-0.026882,0.018802,0.60644,0.025472,0.0053658,0.013239,0.3801
1668,4,20,-0.027052,0.018826,0.60664,0.025414,0.0056338,0.013009,0.38028
1670,4,20,-0.027179,0.018863,0.60683,0.02535,0.0058976,0.012724,0.38045
1672,4,20,-0.027262,0.018914,0.60699,0.025288,0.0061395,0.012392,0.38058
1674,4,20,-0.0273,0.018976,0.6071,0.025236,0.0063445,0.012023,0.38067
1676,4,20,-0.02729,0.019049,0.60715,0.025205,0.0065003,0.011632,0.3807
1678,4,20,-0.027232,0.01913,0.60714,0.025207,0.006598,0.011236,0.38069
1680,4,20,-0.027126,0.019218,0.60706,0.02525,0.0066324,0.010856,0.38063
1682,4,20,-0.026972,0.019311,0.60692,0.025346,0.0066019,0.010515,0.38055
1684,4,20,-0.026771,0.019407,0.60672,0.025502,0.0065091,0.010233,0.38046
1686,4,20,-0.026524,0.019505,0.60647,0.025722,0.0063611,0.01003,0.38037
1688,4,20,-0.026234,0.019602,0.60619,0.026006,0.0061693,0.0099183,0.38031
1690,4,20,-0.025902,0.019699,0.6059,0.02635,0.0059495,0.0099013,0.3803
1692,4,20,-0.025532,0.019793,0.60561,0.026744,0.0057217,0.009974,0.38035
1694,4,20,-0.025127,0.019885,0.60536,0.027175,0.0055092,0.010122,0.38049
1696,4,20,-0.02469,0.019973,0.60516,0.027626,0.005338,0.010325,0.38072
1698,4,20,-0.024227,0.020057,0.60504,0.028077,0.0052355,0.010559,0.38105
1700,4,20,-0.023741,0.020137,0.60502,0.028508,0.0052285,0.010797,0.38149
1702,4,20,-0.023236,0.020212,0.60512,0.028899,0.0053419,0.011016,0.38204
1704,4,20,-0.022718,0.020282,0.60536,0.029233,0.005596,0.011196,0.38269
1706,4,20,-0.022192,0.020346,0.60573,0.029495,0.0060053,0.011321,0.38344
1708,4,20,-0.021662,0.020404,0.60624,0.029676,0.0065765,0.011384,0.38426
1710,4,20,-0.021134,0.020455,0.60687,0.029771,0.0073077,0.011382,0.38514
1712,4,20,-0.020613,0.020498,0.60762,0.029782,0.0081885,0.01132,0.38605
1714,4,20,-0.020102,0.020533,0.60844,0.029712,0.0092005,0.011208,0.38698
1716,4,20,-0.019608,0.020558,0.60932,0.029572,0.010319,0.011062,0.38789
1718,4,20,-0.019134,0.020573,0.61022,0.029372,0.011515,0.010899,0.38876
1720,4,20,-0.018684,0.020576,0.61111,0.029125,0.012756,0.01074,0.38957
1722,4,20,-0.018263,0.020566,0.61195,0.028843,0.014009,0.010604,0.39029
1724,4,20,-0.017874,0.020541,0.61274,0.028538,0.015243,0.010505,0.39092
1726,4,20,-0.01752,0.020502,0.61343,0.028218,0.016426,0.010455,0.39143
1728,4,20,-0.017204,0.020446,0.61403,0.027893,0.017533,0.01046,0.39182
1730,4,20,-0.016927,0.020374,0.61452,0.027567,0.018541,0.010519,0.39207
1732,4,20,-0.016693,0.020285,0.6149,0.027244,0.019429,0.010627,0.3922
1734,4,20,-0.016501,0.020178,0.61518,0.026926,0.020184,0.010774,0.39222
1736,4,20,-0.016354,0.020055,0.61535,0.026613,0.020797,0.010948,0.39212
1738,4,20,-0.016252,0.019915,0.61545,0.026305,0.021261,0.011136,0.39193
1740,4,20,-0.016195,0.01976,0.61548,0.026003,0.021576,0.011326,0.39166
1742,4,20,-0.016182,0.019591,0.61546,0.025706,0.021745,0.011507,0.39134
1744,4,20,-0.016213,0.019411,0.61541,0.025415,0.021774,0.011673,0.391
1746,4,20,-0.016288,0.019221,0.61534,0.025132,0.021675,0.011817,0.39064
1748,4,20,-0.016404,0.019024,0.61528,0.02486,0.02146,0.011937,0.39031
1750,4,20,-0.016561,0.018823,0.61524,0.0246,0.021144,0.012033,0.39002
1752,4,20,-0.016756,0.018621,0.61524,0.024356,0.020747,0.012108,0.38979
1754,4,20,-0.016988,0.018421,0.61528,0.024131,0.020285,0.012164,0.38963
1756,4,20,-0.017254,0.018228,0.61538,0.023927,0.019778,0.012208,0.38957
1758,4,20,-0.017553,0.018043,0.61554,0.023745,0.019243,0.012247,0.38961
1760,4,20,-0.017882,0.017872,0.61578,0.023585,0.018699,0.012287,0.38975
1762,4,20,-0.018238,0.017715,0.61608,0.023446,0.01816,0.012339,0.39
1764,4,20,-0.01862,0.017577,0.61645,0.023327,0.017638,0.012411,0.39035
1766,4,20,-0.019026,0.01746,0.61688,0.023225,0.017144,0.012512,0.39079
1768,4,20,-0.019453,0.017365,0.61737,0.023138,0.016684,0.01265,0.39132
1770,4,20,-0.019899,0.017293,0.61791,0.023065,0.01626,0.012835,0.39192
1772,4,20,-0.020363,0.017245,0.61848,0.023004,0.015873,0.013071,0.39257
1774,4,20,-0.020842,0.017221,0.61908,0.022955,0.01552,0.013363,0.39327
1776,4,20,-0.021335,0.01722,0.61968,0.022919,0.015194,0.013713,0.39399
1778,4,20,-0.021841,0.017241,0.62029,0.022898,0.014887,0.01412,0.39472
1780,4,20,-0.022359,0.017282,0.62087,0.022894,0.014589,0.014581,0.39544
1782,4,20,-0.022887,0.017342,0.62143,0.022912,0.014289,0.015088,0.39614
1784,4,20,-0.023425,0.017417,0.62194,0.022955,0.013976,0.015634,0.39682
1786,4,20,-0.023971,0.017505,0.6224,0.023027,0.013638,0.016208,0.39745
1788,4,20,-0.024526,0.017604,0.6228,0.023127,0.013266,0.016799,0.39804
1790,4,20,-0.025088,0.01771,0.62314,0.023257,0.012853,0.017394,0.39858
1792,4,20,-0.025658,0.01782,0.62341,0.023412,0.012392,0.017981,0.39906
1794,4,20,-0.026235,0.017933,0.62363,0.023586,0.011883,0.018547,0.39949
1796,4,20,-0.026818,0.018045,0.6238,0.023771,0.011326,0.01908,0.39986
1798,4,20,-0.027408,0.018154,0.62392,0.023956,0.010726,0.01957,0.40018
1800,4,20,-0.028004,0.018258,0.624,0.024127,0.010091,0.020007,0.40044
1802,4,20,-0.028605,0.018355,0.62406,0.024273,0.0094292,0.020382,0.40065
1804,4,20,-0.029211,0.018443,0.62411,0.024382,0.0087539,0.02069,0.4008
1806,4,20,-0.029821,0.018521,0.62414,0.024443,0.0080774,0.020926,0.4009
1808,4,20,-0.030435,0.018587,0.62417,0.02445,0.0074121,0.021089,0.40095
1810,4,20,-0.031052,0.01864,0.6242,0.024398,0.0067697,0.021179,0.40094
1812,4,20,-0.031669,0.01868,0.62422,0.02429,0.0061607,0.0212,0.40086
1814,4,20,-0.032287,0.018705,0.62423,0.024128,0.0055936,0.021154,0.40072
1816,4,20,-0.032903,0.018716,0.62421,0.023919,0.0050754,0.02105,0.40051
1818,4,20,-0.033515,0.01871,0.62416,0.023673,0.0046112,0.020892,0.40022
1820,4,20,-0.034122,0.018689,0.62406,0.023402,0.0042046,0.02069,0.39986
1822,4,20,-0.034721,0.018652,0.62391,0.023115,0.0038574,0.020448,0.39941
1824,4,20,-0.035309,0.018598,0.62369,0.022827,0.0035698,0.020176,0.39889
1826,4,20,-0.035883,0.018529,0.6234,0.022547,0.0033401,0.019878,0.39829
1828,4,20,-0.036442,0.018444,0.62303,0.022286,0.0031653,0.019561,0.39761
1830,4,20,-0.036981,0.018344,0.62259,0.022053,0.00304,0.01923,0.39686
1832,4,20,-0.037497,0.018229,0.62208,0.021854,0.0029576,0.018889,0.39606
1834,4,20,-0.037987,0.018099,0.62151,0.021696,0.0029094,0.018541,0.39521
1836,4,20,-0.038447,0.017956,0.62087,0.02158,0.0028856,0.01819,0.39433
1838,4,20,-0.038874,0.0178,0.6202,0.021509,0.002875,0.017838,0.39344
1840,4,20,-0.039264,0.017632,0.6195,0.02148,0.0028658,0.017486,0.39255
1842,4,20,-0.039614,0.017453,0.61879,0.02149,0.0028458,0.017138,0.39168
1844,4,20,-0.039921,0.017264,0.61808,0.021537,0.002803,0.016793,0.39084
1846,4,20,-0.04018,0.017068,0.61739,0.021613,0.0027261,0.016452,0.39005
1848,4,20,-0.04039,0.016863,0.61674,0.021712,0.0026052,0.016114,0.38932
1850,4,20,-0.040546,0.016654,0.61613,0.021827,0.0024316,0.015779,0.38866
1852,4,20,-0.040648,0.016439,0.61556,0.021952,0.0021991,0.015446,0.38807
1854,4,20,-0.040691,0.016222,0.61505,0.022079,0.0019035,0.015112,0.38755
1856,4,20,-0.040675,0.016003,0.61459,0.022201,0.0015431,0.014775,0.38709
1858,4,20,-0.040597,0.015783,0.61417,0.022312,0.0011185,0.014435,0.38666
1860,4,20,-0.040457,0.015564,0.61378,0.022408,0.00063252,0.014089,0.38626
1862,4,20,-0.040253,0.015347,0.61339,0.022484,8.9733e-05,0.013737,0.38586
1864,4,20,-0.039986,0.015133,0.61299,0.022537,-0.00050368,0.013381,0.38541
1866,4,20,-0.039655,0.014923,0.61255,0.022564,-0.0011404,0.013022,0.38489
1868,4,20,-0.039261,0.014718,0.61204,0.022565,-0.0018125,0.012663,0.38427
1870,4,20,-0.038805,0.014517,0.61142,0.022538,-0.0025113,0.012311,0.38349
1872,4,20,-0.038288,0.014323,0.61067,0.022485,-0.0032283,0.011969,0.38252
1874,4,20,-0.037712,0.014135,0.60975,0.022405,-0.0039548,0.011644,0.38134
1876,4,20,-0.03708,0.013953,0.60864,0.0223,-0.0046824,0.011343,0.37989
1878,4,20,-0.036395,0.013777,0.60731,0.022171,-0.005403,0.011072,0.37817
1880,4,20,-0.035659,0.013608,0.60574,0.02202,-0.006109,0.010836,0.37614
1882,4,20,-0.034875,0.013445,0.60393,0.021849,-0.0067932,0.010639,0.37381
1884,4,20,-0.034049,0.013288,0.60187,0.021659,-0.0074492,0.010484,0.37116
1886,4,20,-0.033183,0.013137,0.59956,0.021454,-0.0080712,0.010371,0.36822
1888,4,20,-0.032282,0.012992,0.59702,0.021235,-0.0086539,0.010298,0.365
1890,4,20,-0.03135,0.012853,0.59427,0.021006,-0.0091929,0.010261,0.36154
1892,4,20,-0.030393,0.012719,0.59134,0.02077,-0.0096844,0.010257,0.35788
1894,4,20,-0.029415,0.012592,0.58826,0.020532,-0.010125,0.010277,0.35406
1896,4,20,-0.02842,0.012469,0.58509,0.020294,-0.010512,0.010314,0.35015
1898,4,20,-0.027414,0.012353,0.58187,0.020063,-0.010843,0.010361,0.34622
1900,4,20,-0.026401,0.012243,0.57867,0.019841,-0.011117,0.010409,0.34234
1902,4,20,-0.025387,0.012139,0.57554,0.019634,-0.011331,0.010451,0.33858
1904,4,20,-0.024374,0.012041,0.57256,0.019445,-0.011487,0.01048,0.33501
1906,4,20,-0.023369,0.011951,0.56977,0.01928,-0.011582,0.010492,0.3317
1908,4,20,-0.022375,0.011868,0.56725,0.019141,-0.011617,0.010483,0.32873
1910,4,20,-0.021396,0.011792,0.56504,0.019033,-0.011593,0.010451,0.32615
1912,4,20,-0.020437,0.011725,0.56321,0.018957,-0.011512,0.010395,0.32403
1914,4,20,-0.019499,0.011667,0.56179,0.018916,-0.011377,0.010317,0.3224
1916,4,20,-0.018587,0.011617,0.56082,0.018911,-0.011189,0.010221,0.32131
1918,4,20,-0.017703,0.011576,0.56032,0.018942,-0.010954,0.010112,0.32077
1920,4,20,-0.01685,0.011544,0.5603,0.019008,-0.010676,0.0099939,0.3208
1922,4,20,-0.01603,0.011521,0.56077,0.019108,-0.010361,0.0098746,0.3214
1924,4,20,-0.015245,0.011506,0.56171,0.01924,-0.010013,0.0097604,0.32255
1926,4,20,-0.014495,0.0115,0.56311,0.0194,-0.0096399,0.0096574,0.32425
1928,4,20,-0.013783,0.011503,0.56494,0.019585,-0.0092468,0.0095708,0.32644
1930,4,20,-0.013109,0.011512,0.56715,0.01979,-0.0088397,0.0095049,0.3291
1932,4,20,-0.012474,0.011529,0.56971,0.020011,-0.0084243,0.0094621,0.33218
1934,4,20,-0.011877,0.011551,0.57256,0.020243,-0.0080057,0.0094437,0.33561
1936,4,20,-0.011318,0.011579,0.57566,0.020482,-0.0075888,0.0094492,0.33935
1938,4,20,-0.010798,0.011612,0.57895,0.020724,-0.0071776,0.0094769,0.34334
1940,4,20,-0.010314,0.011648,0.58237,0.020966,-0.0067758,0.0095244,0.3475
1942,4,20,-0.0098678,0.011687,0.58587,0.021204,-0.0063863,0.0095884,0.35179
1944,4,20,-0.0094565,0.011728,0.58942,0.021435,-0.0060116,0.0096653,0.35614
1946,4,20,-0.0090793,0.011771,0.59294,0.021657,-0.0056536,0.0097517,0.36049
1948,4,20,-0.0087349,0.011814,0.59642,0.021868,-0.0053137,0.0098442,0.3648
1950,4,20,-0.0084217,0.011858,0.59981,0.022068,-0.0049929,0.0099398,0.36902
1952,4,20,-0.0081381,0.0119,0.60307,0.022255,-0.004692,0.010036,0.3731
1954,4,20,-0.0078824,0.011942,0.60619,0.022428,-0.0044111,0.01013,0.37702
1956,4,20,-0.007653,0.011982,0.60914,0.022589,-0.0041503,0.010221,0.38074
1958,4,20,-0.007448,0.01202,0.6119,0.022735,-0.0039095,0.010308,0.38424
1960,4,20,-0.0072657,0.012056,0.61447,0.022869,-0.0036881,0.010389,0.38751
1962,4,20,-0.0071043,0.01209,0.61684,0.02299,-0.0034857,0.010464,0.39054
1964,4,20,-0.0069621,0.012121,0.61901,0.023099,-0.0033015,0.010533,0.39332
1966,4,20,-0.0068375,0.01215,0.62098,0.023197,-0.0031347,0.010595,0.39584
1968,4,20,-0.0067288,0.012176,0.62276,0.023284,-0.0029844,0.010651,0.39813
1970,4,20,-0.0066345,0.0122,0.62434,0.023361,-0.0028497,0.0107,0.40017
1972,4,20,-0.0065531,0.012221,0.62575,0.023429,-0.0027296,0.010744,0.40199
1974,4,20,-0.0064832,0.01224,0.62699,0.023488,-0.0026231,0.010783,0.4036
1976,4,20,-0.0064236,0.012256,0.62807,0.02354,-0.0025291,0.010816,0.405
1978,4,20,-0.006373,0.012271,0.62901,0.023585,-0.0024467,0.010845,0.40622
1980,4,20,-0.0063303,0.012283,0.62982,0.023624,-0.0023749,0.010869,0.40727
1982,4,20,-0.0062945,0.012294,0.63051,0.023657,-0.0023126,0.01089,0.40817
1984,4,20,-0.0062646,0.012303,0.63109,0.023685,-0.002259,0.010907,0.40894
1986,4,20,-0.0062399,0.012311,0.63158,0.023709,-0.002213,0.010922,0.40958
1988,4,20,-0.0062196,0.012318,0.632,0.023729,-0.002174,0.010934,0.41012
1990,4,20,-0.0062031,0.012324,0.63234,0.023746,-0.002141,0.010944,0.41056
1992,4,20,-0.0061896,0.012328,0.63261,0.02376,-0.0021134,0.010952,0.41093
1994,4,20,-0.0061788,0.012332,0.63284,0.023772,-0.0020904,0.010959,0.41123
1996,4,20,-0.0061702,0.012335,0.63303,0.023781,-0.0020714,0.010964,0.41147
1998,4,20,-0.0061634,0.012338,0.63317,0.023789,-0.0020559,0.010969,0.41166
-500,5,20,-0.002056,0.018663,1.1833,0.037453,-0.0098404,0.034753,1.4268
-498,5,20,-0.0033961,0.01752,1.1011,0.034943,-0.0081261,0.032548,1.2357
-496,5,20,-0.0047323,0.016453,1.0217,0.032494,-0.0066413,0.030381,1.0639
-494,5,20,-0.0060546,0.015478,0.94582,0.03013,-0.0054461,0.028271,0.91183
-492,5,20,-0.0073528,0.014608,0.87443,0.027883,-0.0046052,0.02624,0.7794
-490,5,20,-0.0086174,0.013858,0.80842,0.025789,-0.0041846,0.024309,0.66618
-488,5,20,-0.0098389,0.013234,0.7487,0.02389,-0.0042458,0.022505,0.5714
-486,5,20,-0.011009,0.012742,0.69608,0.022232,-0.0048365,0.020857,0.49392
-484,5,20,-0.012118,0.012378,0.65125,0.020862,-0.0059762,0.019396,0.4324
-482,5,20,-0.01316,0.012135,0.61465,0.019813,-0.0076407,0.018155,0.38526
-480,5,20,-0.014127,0.012,0.58638,0.019095,-0.0097507,0.017159,0.35077
-478,5,20,-0.015013,0.011954,0.56614,0.01867,-0.012173,0.016413,0.32713
-476,5,20,-0.015812,0.011979,0.55321,0.018467,-0.014735,0.015891,0.31253
-474,5,20,-0.016521,0.012054,0.54655,0.018389,-0.017258,0.015541,0.30514
-472,5,20,-0.017135,0.012163,0.54485,0.018352,-0.01958,0.015302,0.30326
-470,5,20,-0.017652,0.012289,0.54674,0.018299,-0.021583,0.015121,0.30529
-468,5,20,-0.018069,0.01242,0.55091,0.018202,-0.023201,0.014963,0.30979
-466,5,20,-0.018387,0.012546,0.55618,0.018054,-0.024411,0.014808,0.31553
-464,5,20,-0.018604,0.012661,0.5616,0.017861,-0.025219,0.01465,0.32146
-462,5,20,-0.018723,0.012763,0.56644,0.017634,-0.02565,0.014486,0.32676
-460,5,20,-0.018744,0.012849,0.57016,0.017384,-0.025732,0.014317,0.33082
-458,5,20,-0.018669,0.012921,0.57244,0.01712,-0.025497,0.014147,0.33325
-456,5,20,-0.018504,0.012983,0.57311,0.016852,-0.024973,0.013975,0.33385
-454,5,20,-0.01825,0.013038,0.57215,0.01659,-0.024188,0.013805,0.33258
-452,5,20,-0.017913,0.013093,0.56963,0.016341,-0.023168,0.013638,0.32956
-450,5,20,-0.017499,0.013153,0.56575,0.016116,-0.021936,0.013473,0.32501
-448,5,20,-0.017013,0.013224,0.56075,0.015923,-0.020519,0.013312,0.31925
-446,5,20,-0.016461,0.013313,0.55492,0.01577,-0.018943,0.013155,0.31267
-444,5,20,-0.015849,0.013423,0.54862,0.015665,-0.017236,0.012998,0.30564
-442,5,20,-0.015186,0.013558,0.54216,0.015609,-0.015427,0.01284,0.29857
-440,5,20,-0.014478,0.013721,0.53591,0.015603,-0.01355,0.012677,0.29183
-438,5,20,-0.013732,0.013913,0.53017,0.01564,-0.011637,0.012505,0.28572
-436,5,20,-0.012956,0.014133,0.5252,0.015712,-0.0097264,0.012321,0.28053
-434,5,20,-0.012157,0.014378,0.52123,0.015807,-0.0078547,0.012124,0.27643
-432,5,20,-0.011343,0.014645,0.51839,0.01591,-0.0060596,0.011916,0.27353
-430,5,20,-0.010522,0.01493,0.51673,0.016008,-0.004378,0.011698,0.27188
-428,5,20,-0.0096998,0.015227,0.51626,0.016091,-0.0028439,0.011477,0.27144
-426,5,20,-0.0088843,0.015531,0.51686,0.016149,-0.0014869,0.011256,0.2721
-424,5,20,-0.0080822,0.015836,0.5184,0.016177,-0.00033002,0.011042,0.27372
-422,5,20,-0.0073,0.016137,0.52069,0.016172,0.00061223,0.010839,0.27608
-420,5,20,-0.0065436,0.016427,0.52349,0.016133,0.001335,0.010648,0.27898
-418,5,20,-0.005819,0.016702,0.52658,0.016059,0.0018433,0.010474,0.28218
-416,5,20,-0.0051315,0.016958,0.52972,0.015954,0.0021509,0.010316,0.28544
-414,5,20,-0.0044861,0.017192,0.53272,0.015817,0.002279,0.010178,0.28854
-412,5,20,-0.0038872,0.0174,0.53538,0.015653,0.0022537,0.01006,0.29129
-410,5,20,-0.0033388,0.01758,0.53757,0.015461,0.0021045,0.0099636,0.29352
-408,5,20,-0.0028447,0.017732,0.53917,0.015245,0.0018614,0.0098891,0.29512
-406,5,20,-0.0024077,0.017854,0.54011,0.015006,0.001554,0.0098364,0.296
-404,5,20,-0.0020305,0.017946,0.54037,0.014747,0.0012103,0.0098044,0.29613
-402,5,20,-0.0017151,0.01801,0.53995,0.014469,0.00085515,0.0097904,0.29553
-400,5,20,-0.0014633,0.018046,0.5389,0.014176,0.00051031,0.0097905,0.29423
-398,5,20,-0.001276,0.018056,0.53727,0.013871,0.00019377,0.0097991,0.29232
-396,5,20,-0.001154,0.018043,0.53517,0.013559,-8.0286e-05,0.0098092,0.2899
-394,5,20,-0.0010974,0.018009,0.5327,0.013244,-0.00030151,0.0098125,0.2871
-392,5,20,-0.0011058,0.017957,0.52998,0.012931,-0.00046312,0.0098005,0.28406
-390,5,20,-0.0011785,0.01789,0.52714,0.012624,-0.00056147,0.0097647,0.28091
-388,5,20,-0.0013144,0.017812,0.5243,0.012328,-0.00059542,0.0096979,0.27777
-386,5,20,-0.0015118,0.017725,0.52156,0.012048,-0.00056554,0.0095957,0.27478
-384,5,20,-0.0017686,0.017633,0.51902,0.011789,-0.00047327,0.0094573,0.27202
-382,5,20,-0.0020825,0.017539,0.51676,0.011554,-0.00032007,0.0092867,0.26958
-380,5,20,-0.0024507,0.017445,0.51483,0.011346,-0.00010682,0.0090935,0.2675
-378,5,20,-0.00287,0.017356,0.51326,0.01117,0.00016649,0.0088925,0.26581
-376,5,20,-0.0033369,0.017273,0.51206,0.011026,0.00050076,0.0087031,0.26451
-374,5,20,-0.0038477,0.017198,0.5112,0.010918,0.00089742,0.0085474,0.26359
-372,5,20,-0.0043982,0.017133,0.51065,0.010847,0.0013578,0.0084469,0.263
-370,5,20,-0.0049841,0.017081,0.51036,0.010814,0.0018827,0.0084193,0.26269
-368,5,20,-0.0056008,0.017041,0.51026,0.010818,0.0024716,0.0084749,0.26259
-366,5,20,-0.0062436,0.017015,0.51028,0.010858,0.0031226,0.0086143,0.26262
-364,5,20,-0.0069075,0.017004,0.51034,0.01093,0.0038322,0.0088286,0.26272
-362,5,20,-0.0075875,0.017007,0.51039,0.011029,0.0045953,0.0091008,0.26281
-360,5,20,-0.0082782,0.017024,0.51036,0.01115,0.0054056,0.0094094,0.26283
-358,5,20,-0.0089745,0.017056,0.5102,0.011285,0.006256,0.0097308,0.26273
-356,5,20,-0.0096711,0.0171,0.50988,0.011428,0.0071387,0.010042,0.26246
-354,5,20,-0.010363,0.017156,0.50938,0.011572,0.0080458,0.010323,0.26201
-352,5,20,-0.011044,0.017222,0.50868,0.011711,0.0089693,0.010556,0.26136
-350,5,20,-0.011711,0.017298,0.50781,0.01184,0.0099014,0.010728,0.26053
-348,5,20,-0.012357,0.017381,0.50676,0.011955,0.010835,0.01083,0.25952
-346,5,20,-0.012978,0.017469,0.50559,0.012057,0.011762,0.010857,0.25838
-344,5,20,-0.01357,0.017562,0.50432,0.012145,0.012677,0.010808,0.25714
-342,5,20,-0.014128,0.017655,0.50299,0.012223,0.013574,0.010686,0.25584
-340,5,20,-0.014649,0.017749,0.50167,0.012297,0.014447,0.010496,0.25454
-338,5,20,-0.015129,0.01784,0.50038,0.012375,0.01529,0.01025,0.25329
-336,5,20,-0.015566,0.017926,0.49918,0.012463,0.016101,0.0099592,0.25213
-334,5,20,-0.015956,0.018007,0.4981,0.012571,0.016876,0.0096386,0.25111
-332,5,20,-0.016298,0.018079,0.49718,0.012707,0.017612,0.0093059,0.25025
-330,5,20,-0.01659,0.018141,0.49643,0.012877,0.018308,0.0089801,0.2496
-328,5,20,-0.016831,0.018192,0.49588,0.013084,0.018964,0.0086819,0.24915
-326,5,20,-0.017021,0.01823,0.49553,0.013332,0.019582,0.0084318,0.24893
-324,5,20,-0.017161,0.018254,0.49537,0.013617,0.020163,0.0082492,0.24892
-322,5,20,-0.01725,0.018264,0.4954,0.013937,0.020708,0.00815,0.24911
-320,5,20,-0.017291,0.018258,0.49558,0.014286,0.021221,0.0081446,0.24948
-318,5,20,-0.017286,0.018237,0.4959,0.014655,0.021701,0.008236,0.25
-316,5,20,-0.017238,0.018201,0.49633,0.015036,0.022149,0.00842,0.25064
-314,5,20,-0.017149,0.018149,0.49684,0.015421,0.022564,0.0086856,0.25137
-312,5,20,-0.017023,0.018083,0.49738,0.015801,0.022943,0.0090175,0.25214
-310,5,20,-0.016866,0.018003,0.49794,0.01617,0.023281,0.0093977,0.25291
-308,5,20,-0.016681,0.01791,0.49847,0.016521,0.02357,0.0098081,0.25366
-306,5,20,-0.016473,0.017805,0.49896,0.01685,0.023803,0.010231,0.25435
-304,5,20,-0.016249,0.01769,0.49937,0.017152,0.023968,0.010651,0.25496
-302,5,20,-0.016014,0.017566,0.49969,0.017426,0.024054,0.011055,0.25546
-300,5,20,-0.015774,0.017435,0.4999,0.01767,0.024048,0.011431,0.25583
-298,5,20,-0.015535,0.017298,0.49999,0.017885,0.023939,0.01177,0.25607
-296,5,20,-0.015303,0.017158,0.49997,0.01807,0.023718,0.012065,0.25617
-294,5,20,-0.015084,0.017016,0.49982,0.018228,0.023375,0.012313,0.25613
-292,5,20,-0.014884,0.016874,0.49955,0.018359,0.022907,0.012513,0.25596
-290,5,20,-0.014708,0.016733,0.49917,0.018466,0.022313,0.012663,0.25565
-288,5,20,-0.014562,0.016596,0.49869,0.018551,0.021595,0.012769,0.25523
-286,5,20,-0.01445,0.016463,0.49812,0.018613,0.020761,0.012833,0.25471
-284,5,20,-0.014377,0.016335,0.49747,0.018656,0.019823,0.012863,0.25409
-282,5,20,-0.014347,0.016215,0.49675,0.01868,0.018793,0.012864,0.25339
-280,5,20,-0.014363,0.016103,0.49596,0.018686,0.01769,0.012844,0.25261
-278,5,20,-0.014426,0.015998,0.49513,0.018674,0.01653,0.012809,0.25178
-276,5,20,-0.014539,0.015903,0.49426,0.018645,0.015333,0.012764,0.2509
-274,5,20,-0.014702,0.015817,0.49335,0.0186,0.014114,0.012715,0.24997
-272,5,20,-0.014915,0.015739,0.49241,0.018538,0.012889,0.012664,0.249
-270,5,20,-0.015178,0.015671,0.49144,0.018462,0.011671,0.012613,0.24799
-268,5,20,-0.015487,0.01561,0.49044,0.018373,0.010468,0.012563,0.24694
-266,5,20,-0.01584,0.015558,0.4894,0.018271,0.0092843,0.012516,0.24586
-264,5,20,-0.016234,0.015511,0.48833,0.01816,0.0081213,0.01247,0.24473
-262,5,20,-0.016663,0.015471,0.48721,0.018043,0.0069758,0.012426,0.24356
-260,5,20,-0.017123,0.015434,0.48605,0.017921,0.0058416,0.012384,0.24235
-258,5,20,-0.017606,0.0154,0.48485,0.017798,0.0047102,0.012346,0.2411
-256,5,20,-0.018106,0.015366,0.48359,0.017675,0.0035716,0.01231,0.2398
-254,5,20,-0.018616,0.015332,0.48229,0.017554,0.0024154,0.012278,0.23846
-252,5,20,-0.019127,0.015294,0.48094,0.017436,0.001232,0.012249,0.23708
-250,5,20,-0.01963,0.015252,0.47956,0.017319,1.3256e-05,0.012222,0.23567
-248,5,20,-0.020117,0.015203,0.47814,0.017203,-0.0012467,0.012195,0.23424
-246,5,20,-0.020578,0.015144,0.47671,0.017083,-0.0025509,0.012164,0.2328
-244,5,20,-0.021004,0.015075,0.47528,0.016959,-0.0038993,0.012127,0.23135
-242,5,20,-0.021386,0.014992,0.47386,0.016826,-0.0052885,0.012079,0.22992
-240,5,20,-0.021715,0.014896,0.47247,0.016681,-0.006712,0.012018,0.22852
-238,5,20,-0.021981,0.014783,0.47114,0.016525,-0.0081601,0.01194,0.22716
-236,5,20,-0.022178,0.014653,0.46988,0.016355,-0.0096202,0.011845,0.22587
-234,5,20,-0.022296,0.014505,0.4687,0.016174,-0.011077,0.011731,0.22465
-232,5,20,-0.02233,0.014339,0.46764,0.015984,-0.012513,0.0116,0.22354
-230,5,20,-0.022271,0.014155,0.4667,0.01579,-0.013908,0.011456,0.22255
-228,5,20,-0.022116,0.013954,0.46591,0.015598,-0.015241,0.011301,0.22169
-226,5,20,-0.02186,0.013737,0.46527,0.015415,-0.01649,0.011141,0.22099
-224,5,20,-0.021499,0.013506,0.46479,0.015247,-0.017632,0.010978,0.22045
-222,5,20,-0.021032,0.013263,0.46448,0.015101,-0.018643,0.010817,0.22008
-220,5,20,-0.020457,0.013014,0.46436,0.014981,-0.019501,0.010661,0.2199
-218,5,20,-0.019776,0.01276,0.46443,0.014892,-0.020187,0.010512,0.2199
-216,5,20,-0.018989,0.012508,0.46468,0.014835,-0.020682,0.01037,0.22011
-214,5,20,-0.018101,0.012263,0.46512,0.014808,-0.020973,0.010233,0.2205
-212,5,20,-0.017114,0.012031,0.46574,0.014808,-0.02105,0.010102,0.22108
-210,5,20,-0.016036,0.011818,0.46655,0.01483,-0.020908,0.0099726,0.22184
-208,5,20,-0.014874,0.01163,0.46752,0.014868,-0.02055,0.0098436,0.22278
-206,5,20,-0.013634,0.011475,0.46866,0.014915,-0.019984,0.0097129,0.22387
-204,5,20,-0.012328,0.011357,0.46995,0.014964,-0.019226,0.0095794,0.22511
-202,5,20,-0.010965,0.01128,0.47137,0.015009,-0.018297,0.0094431,0.22647
-200,5,20,-0.0095565,0.01125,0.4729,0.015048,-0.017226,0.0093052,0.22794
-198,5,20,-0.008115,0.011266,0.47453,0.015076,-0.016047,0.0091683,0.2295
-196,5,20,-0.0066533,0.011329,0.47622,0.015093,-0.014797,0.0090363,0.23111
-194,5,20,-0.0051849,0.011437,0.47795,0.0151,-0.013515,0.0089141,0.23277
-192,5,20,-0.0037237,0.011587,0.47971,0.015098,-0.012244,0.0088076,0.23445
-190,5,20,-0.0022838,0.011774,0.48146,0.01509,-0.011021,0.0087235,0.23613
-188,5,20,-0.00087959,0.011991,0.48318,0.015078,-0.0098832,0.0086691,0.23778
-186,5,20,0.00047488,0.012234,0.48486,0.015064,-0.008863,0.0086518,0.2394
-184,5,20,0.0017656,0.012494,0.48647,0.01505,-0.0079859,0.0086785,0.24096
-182,5,20,0.0029791,0.012765,0.48801,0.015036,-0.0072706,0.0087551,0.24245
-180,5,20,0.0041023,0.013041,0.48946,0.015021,-0.0067287,0.0088858,0.24386
-178,5,20,0.005123,0.013315,0.49081,0.015003,-0.006364,0.0090718,0.24517
-176,5,20,0.0060297,0.013583,0.49206,0.01498,-0.0061734,0.0093109,0.24638
-174,5,20,0.006812,0.01384,0.4932,0.014948,-0.0061477,0.0095974,0.24749
-172,5,20,0.0074607,0.014082,0.49424,0.014905,-0.0062727,0.0099223,0.24849
-170,5,20,0.0079676,0.014307,0.49517,0.014848,-0.0065311,0.010274,0.24938
-168,5,20,0.0083261,0.014513,0.496,0.014775,-0.0069035,0.010639,0.25016
-166,5,20,0.0085309,0.014698,0.49672,0.014687,-0.00737,0.011005,0.25083
-164,5,20,0.008578,0.014862,0.49734,0.014586,-0.0079115,0.011357,0.25139
-162,5,20,0.0084653,0.015007,0.49786,0.014477,-0.0085106,0.011687,0.25185
-160,5,20,0.0081921,0.015132,0.49828,0.014365,-0.0091519,0.011985,0.25221
-158,5,20,0.0077592,0.015241,0.4986,0.014257,-0.0098227,0.012247,0.25246
-156,5,20,0.007169,0.015334,0.49881,0.014162,-0.010512,0.012471,0.25262
-154,5,20,0.0064255,0.015415,0.49892,0.014088,-0.011211,0.012658,0.25269
-152,5,20,0.0055343,0.015486,0.49892,0.014041,-0.011913,0.012814,0.25267
-150,5,20,0.0045023,0.015549,0.49882,0.014028,-0.012611,0.012943,0.25256
-148,5,20,0.0033377,0.015609,0.49862,0.014052,-0.013298,0.013055,0.25238
-146,5,20,0.0020503,0.015666,0.49832,0.014112,-0.013968,0.013158,0.25211
-144,5,20,0.0006506,0.015723,0.49793,0.014205,-0.014613,0.013257,0.25177
-142,5,20,-0.00084942,0.015782,0.49746,0.014327,-0.015225,0.013358,0.25136
-140,5,20,-0.0024371,0.015844,0.49692,0.01447,-0.015794,0.013465,0.2509
-138,5,20,-0.0040989,0.015909,0.49632,0.014624,-0.016311,0.013577,0.2504
-136,5,20,-0.0058207,0.015977,0.49568,0.014779,-0.016764,0.013692,0.24985
-134,5,20,-0.0075879,0.016046,0.49503,0.014927,-0.017143,0.013805,0.24929
-132,5,20,-0.0093855,0.016116,0.49439,0.015058,-0.017434,0.013909,0.24873
-130,5,20,-0.011199,0.016185,0.49378,0.015164,-0.017627,0.013999,0.24818
-128,5,20,-0.013012,0.016251,0.49322,0.015239,-0.01771,0.014066,0.24768
-126,5,20,-0.014811,0.01631,0.49274,0.015278,-0.017671,0.014105,0.24723
-124,5,20,-0.01658,0.016361,0.49237,0.015279,-0.017502,0.01411,0.24686
-122,5,20,-0.018306,0.016402,0.49212,0.015242,-0.017194,0.014077,0.2466
-120,5,20,-0.019975,0.016428,0.49203,0.01517,-0.016741,0.014005,0.24646
-118,5,20,-0.021575,0.01644,0.4921,0.015065,-0.016141,0.013895,0.24648
-116,5,20,-0.023093,0.016434,0.49236,0.014935,-0.015394,0.013748,0.24666
-114,5,20,-0.024519,0.016411,0.49282,0.014789,-0.014504,0.01357,0.24703
-112,5,20,-0.025842,0.016368,0.49348,0.014637,-0.013479,0.013367,0.24759
-110,5,20,-0.027054,0.016306,0.49433,0.01449,-0.012331,0.013147,0.24835
-108,5,20,-0.028148,0.016226,0.49538,0.01436,-0.011076,0.012921,0.24932
-106,5,20,-0.029118,0.016128,0.49662,0.014257,-0.0097342,0.012696,0.2505
-104,5,20,-0.029957,0.016014,0.49804,0.014192,-0.0083279,0.012483,0.25187
-102,5,20,-0.030664,0.015886,0.4996,0.014171,-0.0068824,0.012291,0.25342
-100,5,20,-0.031236,0.015748,0.5013,0.0142,-0.0054245,0.012126,0.25513
-98,5,20,-0.031673,0.0156,0.50311,0.014278,-0.003982,0.011994,0.25699
-96,5,20,-0.031974,0.015447,0.50499,0.014405,-0.0025827,0.011897,0.25896
-94,5,20,-0.032141,0.015292,0.50693,0.014575,-0.0012532,0.011836,0.26101
-92,5,20,-0.032179,0.015139,0.50888,0.014782,-1.8252e-05,0.01181,0.26311
-90,5,20,-0.032091,0.014989,0.51083,0.015017,0.0011007,0.011816,0.26523
-88,5,20,-0.031883,0.014845,0.51273,0.015271,0.0020858,0.011848,0.26733
-86,5,20,-0.03156,0.014711,0.51457,0.015536,0.0029242,0.011901,0.26937
-84,5,20,-0.031132,0.014588,0.51633,0.015801,0.0036082,0.011967,0.27134
-82,5,20,-0.030605,0.014477,0.51797,0.01606,0.0041358,0.012041,0.27319
-80,5,20,-0.029989,0.014378,0.51948,0.016304,0.0045109,0.012116,0.27491
-78,5,20,-0.029293,0.014292,0.52085,0.016526,0.004743,0.012185,0.27647
-76,5,20,-0.028528,0.014219,0.52207,0.016722,0.0048474,0.012245,0.27787
-74,5,20,-0.027703,0.014158,0.52314,0.016886,0.0048439,0.012291,0.2791
-72,5,20,-0.02683,0.014108,0.52407,0.017013,0.0047565,0.01232,0.28014
-70,5,20,-0.025919,0.014067,0.52485,0.017101,0.0046123,0.012331,0.28102
-68,5,20,-0.02498,0.014034,0.5255,0.017147,0.0044404,0.012324,0.28173
-66,5,20,-0.024026,0.014009,0.52603,0.01715,0.0042707,0.012299,0.2823
-64,5,20,-0.023064,0.013989,0.52648,0.017108,0.0041327,0.012259,0.28274
-62,5,20,-0.022107,0.013976,0.52685,0.017022,0.0040542,0.012206,0.28307
-60,5,20,-0.021162,0.013968,0.52717,0.016893,0.0040602,0.012145,0.28333
-58,5,20,-0.02024,0.013967,0.52747,0.016724,0.0041714,0.012079,0.28354
-56,5,20,-0.019347,0.013972,0.52777,0.016519,0.0044032,0.012013,0.28373
-54,5,20,-0.018493,0.013986,0.5281,0.016283,0.0047649,0.011952,0.28393
-52,5,20,-0.017682,0.014009,0.52848,0.016024,0.0052586,0.0119,0.28417
-50,5,20,-0.016922,0.014044,0.52893,0.015748,0.0058793,0.011861,0.28448
-48,5,20,-0.016216,0.014092,0.52948,0.015464,0.0066144,0.011839,0.28489
-46,5,20,-0.015569,0.014156,0.53013,0.015183,0.0074443,0.011835,0.28541
-44,5,20,-0.014984,0.014235,0.5309,0.014912,0.0083432,0.011851,0.28608
-42,5,20,-0.014461,0.014332,0.5318,0.014662,0.0092803,0.011887,0.2869
-40,5,20,-0.014003,0.014448,0.53285,0.014441,0.010222,0.011942,0.28789
-38,5,20,-0.013609,0.014581,0.53403,0.014257,0.011131,0.012016,0.28906
-36,5,20,-0.013277,0.014732,0.53537,0.014115,0.011975,0.012108,0.29041
-34,5,20,-0.013006,0.014898,0.53686,0.014021,0.012719,0.012216,0.29195
-32,5,20,-0.012791,0.015078,0.53849,0.013976,0.013337,0.012339,0.29368
-30,5,20,-0.01263,0.015268,0.54025,0.013983,0.013803,0.012478,0.29559
-28,5,20,-0.012518,0.015466,0.54215,0.01404,0.014104,0.012633,0.29767
-26,5,20,-0.012448,0.015667,0.54417,0.014146,0.014229,0.012804,0.29992
-24,5,20,-0.012414,0.015869,0.54629,0.014298,0.014177,0.012993,0.30232
-22,5,20,-0.01241,0.016067,0.5485,0.014495,0.013954,0.013201,0.30485
-20,5,20,-0.012428,0.016258,0.5508,0.014732,0.013571,0.013428,0.3075
-18,5,20,-0.01246,0.016438,0.55315,0.015005,0.013046,0.013675,0.31025
-16,5,20,-0.012499,0.016605,0.55554,0.015313,0.012402,0.013942,0.31308
-14,5,20,-0.012535,0.016755,0.55796,0.015651,0.011664,0.014225,0.31597
-12,5,20,-0.012561,0.016888,0.56038,0.016015,0.01086,0.014522,0.3189
-10,5,20,-0.012568,0.017002,0.56278,0.016403,0.010022,0.014828,0.32183
-8,5,20,-0.012547,0.017096,0.56515,0.016811,0.0091788,0.015139,0.32476
-6,5,20,-0.012492,0.01717,0.56746,0.017234,0.0083605,0.015447,0.32765
-4,5,20,-0.012394,0.017226,0.56969,0.01767,0.0075952,0.015745,0.33048
-2,5,20,-0.012246,0.017264,0.57184,0.018115,0.0069084,0.016027,0.33323
0,5,20,-0.012042,0.017286,0.57387,0.018567,0.0063223,0.016285,0.33588
2,5,20,-0.011775,0.017295,0.57579,0.019022,0.0058551,0.016512,0.33841
4,5,20,-0.01144,0.017292,0.57757,0.01948,0.0055208,0.016701,0.34079
6,5,20,-0.011034,0.017282,0.5792,0.019939,0.0053285,0.016845,0.34302
8,5,20,-0.010552,0.017265,0.58067,0.020396,0.0052827,0.016942,0.34508
10,5,20,-0.0099931,0.017247,0.58199,0.02085,0.0053837,0.016986,0.34697
12,5,20,-0.0093552,0.017227,0.58313,0.0213,0.0056275,0.016976,0.34867
14,5,20,-0.0086382,0.01721,0.58412,0.021743,0.0060067,0.016912,0.35018
16,5,20,-0.0078433,0.017197,0.58494,0.022177,0.0065108,0.016795,0.3515
18,5,20,-0.0069726,0.01719,0.58562,0.022597,0.0071271,0.01663,0.35265
20,5,20,-0.0060297,0.017189,0.58615,0.023,0.0078404,0.016422,0.35363
22,5,20,-0.0050192,0.017194,0.58656,0.023381,0.0086344,0.016178,0.35444
24,5,20,-0.0039469,0.017207,0.58687,0.023735,0.0094911,0.015905,0.35512
26,5,20,-0.0028201,0.017226,0.58708,0.024058,0.010391,0.015614,0.35566
28,5,20,-0.0016468,0.017251,0.58723,0.024346,0.011316,0.015313,0.3561
30,5,20,-0.00043656,0.01728,0.58734,0.024596,0.012243,0.015013,0.35646
32,5,20,0.00080026,0.017313,0.58741,0.024806,0.013153,0.014722,0.35675
34,5,20,0.0020523,0.017349,0.58749,0.024975,0.014026,0.014448,0.35699
36,5,20,0.0033071,0.017386,0.58757,0.025104,0.01484,0.0142,0.35722
38,5,20,0.0045517,0.017423,0.58768,0.025197,0.015579,0.013982,0.35743
40,5,20,0.0057723,0.01746,0.58783,0.025256,0.016226,0.013798,0.35767
42,5,20,0.0069546,0.017495,0.58803,0.025288,0.016768,0.013651,0.35793
44,5,20,0.0080837,0.017527,0.58828,0.025298,0.017195,0.01354,0.35824
46,5,20,0.0091445,0.017556,0.58859,0.025294,0.017504,0.013466,0.35859
48,5,20,0.010122,0.017582,0.58895,0.025282,0.017694,0.013425,0.35901
50,5,20,0.011001,0.017604,0.58937,0.025269,0.017771,0.013413,0.35949
52,5,20,0.011766,0.017621,0.58984,0.02526,0.017743,0.013427,0.36004
54,5,20,0.012403,0.017632,0.59036,0.025262,0.017626,0.013461,0.36065
56,5,20,0.012897,0.017637,0.59093,0.025276,0.017435,0.01351,0.36134
58,5,20,0.013235,0.017635,0.59155,0.025306,0.017192,0.013568,0.3621
60,5,20,0.013404,0.017625,0.59221,0.025353,0.016917,0.01363,0.36292
62,5,20,0.013393,0.017606,0.59291,0.025417,0.016632,0.013691,0.36382
64,5,20,0.01319,0.017577,0.59367,0.025498,0.016357,0.013746,0.36479
66,5,20,0.012787,0.017537,0.59448,0.025594,0.016112,0.013793,0.36585
68,5,20,0.012176,0.017487,0.59535,0.025705,0.015913,0.01383,0.36699
70,5,20,0.011349,0.017428,0.59629,0.02583,0.015774,0.013858,0.36824
72,5,20,0.010304,0.017361,0.59732,0.025967,0.015708,0.013877,0.3696
74,5,20,0.0090357,0.01729,0.59844,0.026118,0.015724,0.013892,0.3711
76,5,20,0.0075443,0.017219,0.59969,0.026281,0.015827,0.013909,0.37275
78,5,20,0.0058305,0.017157,0.60107,0.026456,0.016021,0.013934,0.37459
80,5,20,0.0038969,0.017111,0.60262,0.026644,0.016311,0.013974,0.37663
82,5,20,0.0017484,0.017093,0.60434,0.026842,0.016695,0.014033,0.37892
84,5,20,-0.00060804,0.017117,0.60628,0.027048,0.017174,0.014117,0.38148
86,5,20,-0.0031636,0.017198,0.60845,0.027262,0.017745,0.014227,0.38434
88,5,20,-0.0059076,0.017352,0.61089,0.027478,0.018406,0.014361,0.38753
90,5,20,-0.008827,0.017595,0.61361,0.027695,0.019151,0.014514,0.39109
92,5,20,-0.011907,0.017942,0.61665,0.027908,0.019973,0.014678,0.39505
94,5,20,-0.015132,0.018407,0.62001,0.028114,0.020865,0.014843,0.39943
96,5,20,-0.018484,0.018998,0.62371,0.028313,0.021815,0.014998,0.40425
98,5,20,-0.021942,0.01972,0.62777,0.028507,0.022811,0.015134,0.40953
100,5,20,-0.025487,0.020572,0.63218,0.028698,0.023839,0.015242,0.4153
102,5,20,-0.029095,0.021549,0.63694,0.028896,0.024883,0.015317,0.42155
104,5,20,-0.032745,0.022642,0.64203,0.02911,0.025928,0.015356,0.4283
106,5,20,-0.036411,0.023837,0.64744,0.029356,0.026958,0.015361,0.43555
108,5,20,-0.04007,0.02512,0.65314,0.029651,0.027956,0.01534,0.44329
110,5,20,-0.043696,0.026471,0.65909,0.030013,0.02891,0.0153,0.45151
112,5,20,-0.047265,0.027872,0.66526,0.030461,0.029804,0.015255,0.4602
114,5,20,-0.050752,0.029304,0.6716,0.031015,0.030627,0.015218,0.46932
116,5,20,-0.054132,0.030745,0.67807,0.031688,0.031368,0.015201,0.47886
118,5,20,-0.05738,0.032176,0.68464,0.032493,0.032018,0.015217,0.48879
120,5,20,-0.060475,0.033577,0.69124,0.033434,0.032569,0.015275,0.49906
122,5,20,-0.063393,0.034929,0.69785,0.034511,0.033018,0.01538,0.50962
124,5,20,-0.066114,0.036214,0.70441,0.035718,0.033362,0.015535,0.52044
126,5,20,-0.068618,0.037412,0.7109,0.037043,0.033599,0.015736,0.53144
128,5,20,-0.070888,0.03851,0.71726,0.038469,0.033734,0.015978,0.54259
130,5,20,-0.072908,0.03949,0.72348,0.039976,0.03377,0.016252,0.55379
132,5,20,-0.074664,0.040339,0.72952,0.041543,0.033713,0.016546,0.565
134,5,20,-0.076145,0.041045,0.73536,0.043144,0.033572,0.01685,0.57612
136,5,20,-0.077341,0.041598,0.74097,0.044757,0.033354,0.01715,0.58709
138,5,20,-0.078246,0.041988,0.74632,0.046356,0.033069,0.017437,0.59782
140,5,20,-0.078855,0.042209,0.7514,0.047918,0.032727,0.017699,0.60823
142,5,20,-0.079168,0.042255,0.7562,0.049419,0.032337,0.01793,0.61825
144,5,20,-0.079184,0.042124,0.7607,0.050839,0.031909,0.018124,0.62777
146,5,20,-0.078908,0.041816,0.76489,0.052157,0.031451,0.018275,0.63675
148,5,20,-0.078346,0.041333,0.76876,0.053353,0.030974,0.018382,0.64508
150,5,20,-0.077507,0.040677,0.77232,0.05441,0.030486,0.018444,0.65273
152,5,20,-0.076402,0.039855,0.77555,0.055314,0.029994,0.018463,0.65961
154,5,20,-0.075045,0.038876,0.77847,0.056049,0.029506,0.018442,0.6657
156,5,20,-0.073453,0.037751,0.78107,0.056607,0.029027,0.018384,0.67096
158,5,20,-0.071642,0.036494,0.78338,0.056977,0.028561,0.018296,0.67536
160,5,20,-0.069634,0.035119,0.78539,0.057156,0.02811,0.018182,0.67891
162,5,20,-0.067451,0.033645,0.78714,0.057139,0.027675,0.018049,0.68162
164,5,20,-0.065115,0.032092,0.78863,0.056929,0.027254,0.017903,0.68351
166,5,20,-0.062652,0.030484,0.78989,0.056528,0.026846,0.017752,0.68464
168,5,20,-0.060086,0.028847,0.79095,0.055943,0.026446,0.017599,0.68507
170,5,20,-0.057446,0.027208,0.79184,0.055184,0.026052,0.017449,0.68487
172,5,20,-0.054758,0.025599,0.79259,0.054263,0.025662,0.017305,0.68414
174,5,20,-0.052049,0.024053,0.79324,0.053194,0.025274,0.017168,0.68299
176,5,20,-0.049347,0.022606,0.79382,0.051998,0.024892,0.017035,0.68152
178,5,20,-0.04668,0.021294,0.79438,0.050692,0.024522,0.016904,0.67987
180,5,20,-0.044072,0.020152,0.79496,0.049302,0.024172,0.016772,0.67815
182,5,20,-0.041551,0.019212,0.7956,0.047851,0.023856,0.016634,0.67649
184,5,20,-0.039142,0.018498,0.79635,0.046368,0.023591,0.016488,0.67502
186,5,20,-0.036866,0.018022,0.79723,0.044882,0.023398,0.01633,0.67385
188,5,20,-0.034748,0.017782,0.79829,0.043423,0.023296,0.016161,0.67309
190,5,20,-0.032805,0.017762,0.79955,0.042024,0.023309,0.015982,0.67284
192,5,20,-0.031057,0.017933,0.80105,0.040715,0.023457,0.0158,0.67318
194,5,20,-0.029519,0.018259,0.8028,0.039528,0.023757,0.015621,0.67418
196,5,20,-0.028206,0.018702,0.80482,0.038489,0.024224,0.015456,0.67588
198,5,20,-0.027128,0.019226,0.80711,0.037621,0.024867,0.015316,0.67832
200,5,20,-0.026294,0.019799,0.80969,0.036941,0.02569,0.015215,0.68153
202,5,20,-0.02571,0.020395,0.81254,0.03646,0.02669,0.015166,0.68548
204,5,20,-0.025379,0.020995,0.81566,0.036178,0.027857,0.015178,0.69017
206,5,20,-0.025303,0.021587,0.81904,0.036091,0.029176,0.01526,0.69557
208,5,20,-0.025479,0.022163,0.82265,0.036185,0.030622,0.015413,0.70164
210,5,20,-0.025902,0.022721,0.82649,0.036446,0.032169,0.015634,0.70832
212,5,20,-0.026566,0.023263,0.83051,0.036854,0.03378,0.015912,0.71555
214,5,20,-0.02746,0.023793,0.83469,0.037389,0.035416,0.016232,0.72327
216,5,20,-0.028573,0.024317,0.839,0.038033,0.037034,0.016572,0.73141
218,5,20,-0.029889,0.024845,0.84342,0.038771,0.03859,0.01691,0.73992
220,5,20,-0.031392,0.025385,0.84791,0.039587,0.040039,0.017224,0.74873
222,5,20,-0.033063,0.025943,0.85244,0.040473,0.041337,0.017495,0.75778
224,5,20,-0.034882,0.026527,0.857,0.041419,0.042446,0.017708,0.76704
226,5,20,-0.036828,0.027141,0.86154,0.042421,0.043328,0.017855,0.77645
228,5,20,-0.038875,0.027786,0.86607,0.043473,0.043953,0.017936,0.78598
230,5,20,-0.041,0.028462,0.87055,0.044572,0.044298,0.017957,0.7956
232,5,20,-0.043178,0.029165,0.87498,0.045713,0.044344,0.017931,0.8053
234,5,20,-0.045383,0.029889,0.87937,0.046892,0.044081,0.017878,0.81506
236,5,20,-0.047587,0.030625,0.88369,0.048103,0.043504,0.017819,0.82488
238,5,20,-0.049764,0.031363,0.88797,0.049338,0.042617,0.017778,0.83474
240,5,20,-0.051888,0.03209,0.8922,0.050589,0.041426,0.017775,0.84465
242,5,20,-0.053932,0.032794,0.8964,0.051844,0.039949,0.017827,0.85461
244,5,20,-0.055871,0.033462,0.90058,0.053092,0.038206,0.017945,0.86461
246,5,20,-0.05768,0.03408,0.90475,0.054322,0.036221,0.018132,0.87465
248,5,20,-0.059335,0.034637,0.90893,0.055522,0.034026,0.018381,0.88472
250,5,20,-0.060814,0.035122,0.91311,0.056681,0.031653,0.018681,0.89482
252,5,20,-0.062095,0.035523,0.91732,0.057787,0.02914,0.019014,0.90493
254,5,20,-0.06316,0.035835,0.92156,0.058833,0.026526,0.01936,0.91504
256,5,20,-0.06399,0.036049,0.92583,0.05981,0.023849,0.019699,0.92513
258,5,20,-0.06457,0.036162,0.93013,0.060714,0.021153,0.02001,0.93518
260,5,20,-0.064886,0.036173,0.93446,0.06154,0.01848,0.020278,0.94517
262,5,20,-0.064926,0.036082,0.93881,0.062285,0.015874,0.020489,0.95508
264,5,20,-0.064682,0.035893,0.94319,0.062948,0.013378,0.020636,0.96489
266,5,20,-0.064147,0.035612,0.94758,0.063527,0.011039,0.020714,0.97459
268,5,20,-0.063315,0.035247,0.95199,0.064024,0.0089012,0.020723,0.98416
270,5,20,-0.062184,0.034811,0.9564,0.064438,0.0070095,0.020668,0.9936
272,5,20,-0.060756,0.034317,0.96083,0.064769,0.0054077,0.020555,1.0029
274,5,20,-0.059032,0.033782,0.96528,0.065018,0.0041376,0.020396,1.0121
276,5,20,-0.057017,0.033225,0.96975,0.065186,0.0032374,0.020201,1.0211
278,5,20,-0.054718,0.032669,0.97425,0.065273,0.0027407,0.019984,1.0301
280,5,20,-0.052145,0.032134,0.97878,0.065281,0.0026745,0.019758,1.039
282,5,20,-0.049308,0.031644,0.98337,0.065212,0.0030585,0.019538,1.0478
284,5,20,-0.046222,0.031224,0.98801,0.065068,0.003903,0.019334,1.0566
286,5,20,-0.0429,0.030893,0.99271,0.064852,0.0052084,0.019159,1.0654
288,5,20,-0.039361,0.030673,0.99748,0.064568,0.0069643,0.019021,1.0742
290,5,20,-0.035621,0.030577,1.0023,0.064221,0.0091493,0.018928,1.083
292,5,20,-0.031701,0.030617,1.0072,0.063814,0.011731,0.018882,1.0919
294,5,20,-0.027621,0.030797,1.0122,0.063352,0.014667,0.018883,1.1008
296,5,20,-0.023404,0.031117,1.0172,0.062839,0.017906,0.01893,1.1097
298,5,20,-0.019071,0.031568,1.0223,0.062279,0.021389,0.019014,1.1187
300,5,20,-0.014646,0.03214,1.0273,0.061674,0.025052,0.019129,1.1277
302,5,20,-0.010153,0.032816,1.0324,0.061029,0.028824,0.019266,1.1366
304,5,20,-0.0056154,0.033578,1.0374,0.060345,0.032637,0.019413,1.1455
306,5,20,-0.0010569,0.034407,1.0424,0.059624,0.036421,0.019565,1.1541
308,5,20,0.0034985,0.035281,1.0473,0.058868,0.040107,0.019713,1.1626
310,5,20,0.0080277,0.036182,1.052,0.058077,0.043633,0.019856,1.1708
312,5,20,0.012508,0.037089,1.0566,0.057254,0.04694,0.019992,1.1786
314,5,20,0.016916,0.037987,1.0609,0.056401,0.049975,0.020124,1.186
316,5,20,0.021233,0.038859,1.065,0.055518,0.052692,0.020257,1.1928
318,5,20,0.025436,0.039692,1.0688,0.054609,0.055055,0.020397,1.1989
320,5,20,0.029508,0.040475,1.0722,0.053676,0.057033,0.020549,1.2044
322,5,20,0.03343,0.041198,1.0753,0.052724,0.058603,0.020718,1.2091
324,5,20,0.037185,0.041854,1.078,0.051756,0.059753,0.020909,1.213
326,5,20,0.04076,0.042437,1.0803,0.05078,0.060477,0.021123,1.216
328,5,20,0.044141,0.042943,1.0821,0.049802,0.060779,0.021358,1.218
330,5,20,0.047316,0.043369,1.0834,0.048829,0.060669,0.021612,1.2191
332,5,20,0.050276,0.043716,1.0843,0.04787,0.060166,0.021879,1.2193
334,5,20,0.053012,0.043982,1.0847,0.046934,0.059295,0.022151,1.2184
336,5,20,0.055519,0.04417,1.0846,0.04603,0.058089,0.022421,1.2166
338,5,20,0.057791,0.044282,1.084,0.045168,0.056585,0.022678,1.2139
340,5,20,0.059827,0.044321,1.083,0.044356,0.054822,0.022914,1.2102
342,5,20,0.061625,0.044291,1.0815,0.043601,0.052844,0.023122,1.2057
344,5,20,0.063187,0.044197,1.0795,0.042911,0.050697,0.023294,1.2003
346,5,20,0.064516,0.044044,1.0771,0.042289,0.048426,0.023427,1.1942
348,5,20,0.065615,0.043837,1.0744,0.041739,0.046073,0.023518,1.1873
350,5,20,0.066492,0.043582,1.0712,0.041261,0.043681,0.023567,1.1798
352,5,20,0.067154,0.043286,1.0677,0.040854,0.041288,0.023577,1.1717
354,5,20,0.067609,0.042954,1.0639,0.040514,0.038928,0.023554,1.1631
356,5,20,0.067869,0.042592,1.0598,0.040236,0.036631,0.023502,1.154
358,5,20,0.067945,0.042205,1.0555,0.040013,0.03442,0.023428,1.1445
360,5,20,0.06785,0.041801,1.051,0.039837,0.032314,0.02334,1.1347
362,5,20,0.067597,0.041384,1.0463,0.0397,0.030324,0.023243,1.1246
364,5,20,0.067201,0.040961,1.0414,0.039592,0.028458,0.023143,1.1142
366,5,20,0.066677,0.040535,1.0364,0.039504,0.026717,0.023043,1.1037
368,5,20,0.066041,0.040111,1.0313,0.039428,0.025095,0.022944,1.0931
370,5,20,0.06531,0.039695,1.0261,0.039358,0.023584,0.022846,1.0823
372,5,20,0.064499,0.03929,1.0209,0.039287,0.022171,0.022748,1.0716
374,5,20,0.063625,0.038899,1.0157,0.03921,0.020839,0.022646,1.0608
376,5,20,0.062705,0.038525,1.0105,0.039125,0.019571,0.022538,1.0502
378,5,20,0.061755,0.03817,1.0053,0.039031,0.018346,0.022421,1.0396
380,5,20,0.060791,0.037837,1.0002,0.038927,0.017144,0.022294,1.0292
382,5,20,0.059829,0.037526,0.99518,0.038813,0.015947,0.022157,1.019
384,5,20,0.058883,0.037238,0.99024,0.038692,0.014737,0.022011,1.009
386,5,20,0.057969,0.036972,0.98541,0.038565,0.013499,0.021859,0.9993
388,5,20,0.0571,0.036729,0.98071,0.038434,0.012222,0.021706,0.98986
390,5,20,0.056288,0.036506,0.97615,0.0383,0.0109,0.021558,0.98074
392,5,20,0.055545,0.036303,0.97174,0.038164,0.0095291,0.021419,0.97195
394,5,20,0.054883,0.036117,0.96749,0.038025,0.0081141,0.021297,0.96351
396,5,20,0.05431,0.035947,0.96342,0.037881,0.0066631,0.021195,0.95544
398,5,20,0.053835,0.035788,0.95953,0.03773,0.0051895,0.021117,0.94774
400,5,20,0.053465,0.035639,0.95582,0.037566,0.0037116,0.021063,0.94041
402,5,20,0.053206,0.035497,0.95231,0.037387,0.0022517,0.021031,0.93345
404,5,20,0.053063,0.03536,0.949,0.037185,0.00083515,0.021019,0.92687
406,5,20,0.053039,0.035226,0.94588,0.036957,-0.00051057,0.02102,0.92064
408,5,20,0.053136,0.035092,0.94297,0.036699,-0.0017568,0.021027,0.91478
410,5,20,0.053355,0.034957,0.94025,0.036408,-0.0028751,0.021034,0.90926
412,5,20,0.053695,0.034819,0.93774,0.036083,-0.0038376,0.021035,0.90409
414,5,20,0.054155,0.034679,0.93542,0.035724,-0.004619,0.021023,0.89926
416,5,20,0.054732,0.034537,0.93329,0.035334,-0.0051966,0.020997,0.89476
418,5,20,0.055421,0.034392,0.93136,0.034918,-0.0055517,0.020954,0.8906
420,5,20,0.056219,0.034245,0.92962,0.034481,-0.0056698,0.020894,0.88678
422,5,20,0.057119,0.034099,0.92806,0.034032,-0.0055418,0.02082,0.88331
424,5,20,0.058113,0.033955,0.9267,0.033579,-0.0051638,0.020734,0.88019
426,5,20,0.059195,0.033814,0.92552,0.03313,-0.0045376,0.020641,0.87744
428,5,20,0.060357,0.033679,0.92454,0.032694,-0.0036708,0.020545,0.87508
430,5,20,0.061587,0.033552,0.92375,0.032279,-0.002576,0.02045,0.8731
432,5,20,0.062879,0.033435,0.92315,0.031893,-0.0012711,0.020361,0.87154
434,5,20,0.06422,0.033329,0.92276,0.031541,0.00022219,0.020281,0.87039
436,5,20,0.065602,0.033236,0.92257,0.03123,0.0018784,0.020213,0.86966
438,5,20,0.067012,0.033156,0.92257,0.030963,0.00367,0.02016,0.86935
440,5,20,0.068442,0.033089,0.92277,0.030742,0.0055675,0.020124,0.86946
442,5,20,0.069879,0.033035,0.92315,0.03057,0.0075412,0.02011,0.86997
444,5,20,0.071313,0.032991,0.92371,0.030448,0.009561,0.02012,0.87085
446,5,20,0.072733,0.032957,0.92442,0.030376,0.011598,0.020159,0.87208
448,5,20,0.07413,0.032928,0.92526,0.030354,0.013623,0.020231,0.87361
450,5,20,0.075493,0.032901,0.9262,0.03038,0.015609,0.020341,0.87539
452,5,20,0.076812,0.032873,0.92722,0.030454,0.01753,0.02049,0.87736
454,5,20,0.078079,0.032838,0.92827,0.030572,0.019362,0.020682,0.87945
456,5,20,0.079284,0.032793,0.92932,0.03073,0.021081,0.020915,0.88159
458,5,20,0.08042,0.032732,0.93034,0.030925,0.022666,0.021186,0.88369
460,5,20,0.08148,0.032651,0.93127,0.031151,0.024098,0.021492,0.8857
462,5,20,0.082456,0.032546,0.93208,0.0314,0.025361,0.021825,0.88751
464,5,20,0.083342,0.032413,0.93275,0.031668,0.026439,0.022176,0.88907
466,5,20,0.084134,0.032248,0.93322,0.031945,0.027322,0.022538,0.8903
468,5,20,0.084827,0.032049,0.93349,0.032227,0.028005,0.022901,0.89114
470,5,20,0.085416,0.031815,0.93352,0.032506,0.028485,0.023258,0.89153
472,5,20,0.0859,0.031544,0.93329,0.032777,0.028764,0.023602,0.89145
474,5,20,0.086275,0.031236,0.93281,0.033034,0.02885,0.023928,0.89086
476,5,20,0.086541,0.030893,0.93205,0.033274,0.028754,0.024229,0.88975
478,5,20,0.086696,0.030516,0.93102,0.033492,0.028493,0.024504,0.88811
480,5,20,0.086741,0.030107,0.92973,0.033686,0.028089,0.024746,0.88596
482,5,20,0.086676,0.029671,0.9282,0.033852,0.027565,0.024953,0.88333
484,5,20,0.086504,0.029212,0.92644,0.033989,0.026951,0.02512,0.88025
486,5,20,0.086224,0.028735,0.92449,0.034092,0.026275,0.02524,0.87676
488,5,20,0.085841,0.028247,0.92236,0.03416,0.025569,0.025307,0.87291
490,5,20,0.085357,0.027752,0.92009,0.034187,0.024865,0.025313,0.86877
492,5,20,0.084776,0.027258,0.91771,0.034171,0.024195,0.025251,0.86438
494,5,20,0.084101,0.02677,0.91526,0.034106,0.023588,0.025111,0.85981
496,5,20,0.083337,0.026296,0.91278,0.033989,0.023071,0.024889,0.85511
498,5,20,0.082489,0.02584,0.91028,0.033815,0.022666,0.02458,0.85033
500,5,20,0.081562,0.025408,0.90779,0.033582,0.022392,0.024183,0.84552
502,5,20,0.080561,0.025004,0.90534,0.033287,0.022259,0.0237,0.8407
504,5,20,0.07949,0.024631,0.90294,0.032932,0.022274,0.023138,0.83591
506,5,20,0.078357,0.024292,0.90059,0.032519,0.022432,0.022508,0.83115
508,5,20,0.077166,0.023986,0.89828,0.032052,0.022723,0.021824,0.82643
510,5,20,0.075922,0.023714,0.89602,0.03154,0.02313,0.021105,0.82175
512,5,20,0.074633,0.023474,0.89378,0.030992,0.023627,0.020368,0.81708
514,5,20,0.073302,0.023263,0.89154,0.030421,0.024184,0.019635,0.81242
516,5,20,0.071937,0.023078,0.88927,0.029838,0.024766,0.018925,0.80772
518,5,20,0.070541,0.022914,0.88695,0.02926,0.025338,0.018256,0.80295
520,5,20,0.069121,0.022767,0.88455,0.028698,0.025862,0.017645,0.79808
522,5,20,0.067682,0.022631,0.88204,0.028165,0.026305,0.017106,0.79307
524,5,20,0.066229,0.022504,0.8794,0.027673,0.026634,0.01665,0.78789
526,5,20,0.064767,0.022379,0.87659,0.027229,0.026825,0.016286,0.78249
528,5,20,0.0633,0.022254,0.8736,0.026838,0.026856,0.016021,0.77686
530,5,20,0.061833,0.022125,0.87042,0.026503,0.026712,0.01586,0.77098
532,5,20,0.06037,0.02199,0.86704,0.026222,0.026382,0.015805,0.76483
534,5,20,0.058916,0.021848,0.86346,0.025992,0.025862,0.015855,0.7584
536,5,20,0.057474,0.021697,0.85968,0.025808,0.025151,0.016008,0.75171
538,5,20,0.056048,0.021538,0.85572,0.025664,0.024248,0.01626,0.74477
540,5,20,0.054641,0.021372,0.85158,0.025553,0.023157,0.016602,0.73759
542,5,20,0.053258,0.0212,0.84729,0.02547,0.02188,0.017028,0.73022
544,5,20,0.0519,0.021023,0.84286,0.025412,0.020421,0.017528,0.72268
546,5,20,0.050571,0.020846,0.83833,0.025377,0.018782,0.018095,0.71503
548,5,20,0.049273,0.020669,0.83372,0.025366,0.016966,0.018724,0.70731
550,5,20,0.048009,0.020496,0.82905,0.02538,0.014973,0.01941,0.69956
552,5,20,0.046781,0.02033,0.82435,0.025424,0.012807,0.020152,0.69184
554,5,20,0.045591,0.020172,0.81966,0.025501,0.010473,0.020948,0.6842
556,5,20,0.044442,0.020026,0.815,0.025616,0.007975,0.021801,0.67669
558,5,20,0.043334,0.019892,0.81039,0.02577,0.0053235,0.022711,0.66936
560,5,20,0.042269,0.019772,0.80587,0.025966,0.0025311,0.023676,0.66223
562,5,20,0.041249,0.019666,0.80145,0.026202,-0.00038499,0.024694,0.65536
564,5,20,0.040274,0.019575,0.79716,0.026473,-0.0034035,0.025759,0.64877
566,5,20,0.039345,0.019497,0.79301,0.026775,-0.0064989,0.026863,0.64249
568,5,20,0.038462,0.019431,0.78903,0.0271,-0.0096418,0.027993,0.63653
570,5,20,0.037627,0.019376,0.78524,0.027442,-0.0128,0.029134,0.6309
572,5,20,0.036838,0.019329,0.78163,0.027793,-0.015939,0.030271,0.62562
574,5,20,0.036095,0.019289,0.77822,0.028149,-0.019024,0.031385,0.62068
576,5,20,0.035397,0.019254,0.77501,0.028505,-0.022019,0.032459,0.61608
578,5,20,0.034744,0.019221,0.772,0.028859,-0.024889,0.033475,0.6118
580,5,20,0.034133,0.019188,0.76918,0.02921,-0.027599,0.034417,0.60785
582,5,20,0.033563,0.019154,0.76655,0.029559,-0.030118,0.035268,0.6042
584,5,20,0.033032,0.019116,0.7641,0.029905,-0.032415,0.036013,0.60084
586,5,20,0.032536,0.019074,0.76182,0.030247,-0.034461,0.03664,0.59775
588,5,20,0.032073,0.019027,0.7597,0.030583,-0.036228,0.037137,0.59491
590,5,20,0.031639,0.018973,0.75774,0.030908,-0.037692,0.037493,0.59232
592,5,20,0.031229,0.018912,0.75593,0.031216,-0.038829,0.037698,0.58994
594,5,20,0.03084,0.018845,0.75427,0.031497,-0.03962,0.037747,0.58777
596,5,20,0.030467,0.01877,0.75276,0.031742,-0.040048,0.037632,0.5858
598,5,20,0.030103,0.018687,0.75141,0.031938,-0.040099,0.037351,0.584
600,5,20,0.029744,0.018597,0.75021,0.032075,-0.039767,0.036902,0.58237
602,5,20,0.029383,0.018499,0.74918,0.032142,-0.039051,0.036287,0.5809
604,5,20,0.029014,0.018392,0.7483,0.032131,-0.037958,0.03551,0.57957
606,5,20,0.02863,0.018276,0.74759,0.032036,-0.036501,0.03458,0.57839
608,5,20,0.028224,0.01815,0.74704,0.031855,-0.034703,0.033509,0.57734
610,5,20,0.027788,0.018013,0.74664,0.031588,-0.032595,0.03231,0.57642
612,5,20,0.027316,0.017865,0.74638,0.031239,-0.030215,0.031004,0.57562
614,5,20,0.0268,0.017703,0.74626,0.030815,-0.027608,0.029611,0.57494
616,5,20,0.026232,0.017528,0.74626,0.030326,-0.024825,0.028156,0.57437
618,5,20,0.025605,0.017339,0.74636,0.029783,-0.021921,0.026666,0.5739
620,5,20,0.024913,0.017134,0.74654,0.029201,-0.018955,0.02517,0.57353
622,5,20,0.024147,0.016914,0.7468,0.028596,-0.015987,0.023698,0.57324
624,5,20,0.023302,0.016679,0.7471,0.027985,-0.013076,0.02228,0.57303
626,5,20,0.022371,0.01643,0.74742,0.027385,-0.010281,0.020947,0.57289
628,5,20,0.021349,0.016169,0.74776,0.026816,-0.0076568,0.019727,0.5728
630,5,20,0.02023,0.0159,0.74807,0.026293,-0.0052534,0.018646,0.57275
632,5,20,0.019011,0.015626,0.74836,0.025832,-0.003115,0.017726,0.57273
634,5,20,0.017687,0.015352,0.7486,0.025445,-0.0012791,0.016979,0.5727
636,5,20,0.016256,0.015085,0.74877,0.025139,0.00022382,0.016412,0.57267
638,5,20,0.014717,0.014832,0.74887,0.024919,0.0013698,0.016024,0.5726
640,5,20,0.013069,0.014602,0.74887,0.024783,0.0021411,0.015805,0.57248
642,5,20,0.011311,0.014402,0.74877,0.024727,0.0025251,0.015739,0.57227
644,5,20,0.0094464,0.014244,0.74855,0.024743,0.0025132,0.015809,0.57196
646,5,20,0.0074769,0.014134,0.74821,0.024821,0.0020998,0.015999,0.57153
648,5,20,0.0054066,0.014082,0.74774,0.024951,0.0012816,0.016295,0.57094
650,5,20,0.0032406,0.014094,0.74712,0.025123,5.6818e-05,0.016689,0.57018
652,5,20,0.0009851,0.014174,0.74635,0.025329,-0.0015743,0.01718,0.56923
654,5,20,-0.0013523,0.014324,0.74542,0.025561,-0.0036095,0.017774,0.56807
656,5,20,-0.003763,0.014542,0.74432,0.025814,-0.0060436,0.018481,0.56668
658,5,20,-0.0062372,0.014824,0.74305,0.026084,-0.0088671,0.019315,0.56505
660,5,20,-0.0087641,0.015165,0.74159,0.026371,-0.012066,0.020293,0.56317
662,5,20,-0.011332,0.015554,0.73995,0.026671,-0.015619,0.021428,0.56104
664,5,20,-0.013928,0.015983,0.73813,0.026985,-0.019499,0.022728,0.55867
666,5,20,-0.016538,0.01644,0.73613,0.027309,-0.023671,0.024195,0.55605
668,5,20,-0.019149,0.016913,0.73396,0.027642,-0.028094,0.025823,0.55321
670,5,20,-0.021745,0.017391,0.73164,0.02798,-0.032719,0.027597,0.55017
672,5,20,-0.024312,0.017862,0.72918,0.02832,-0.037489,0.029494,0.54695
674,5,20,-0.026834,0.018317,0.72661,0.028658,-0.042347,0.031487,0.54357
676,5,20,-0.029295,0.018746,0.72396,0.028988,-0.047226,0.033544,0.54009
678,5,20,-0.031681,0.019139,0.72126,0.029305,-0.052061,0.035628,0.53653
680,5,20,-0.033975,0.01949,0.71853,0.029605,-0.056782,0.037704,0.53294
682,5,20,-0.036163,0.019791,0.71582,0.029883,-0.06132,0.039734,0.52936
684,5,20,-0.038231,0.020037,0.71316,0.030135,-0.065609,0.041684,0.52585
686,5,20,-0.040166,0.020223,0.71058,0.030358,-0.069582,0.043517,0.52244
688,5,20,-0.041953,0.020347,0.70813,0.030549,-0.073178,0.045203,0.51918
690,5,20,-0.043583,0.020407,0.70583,0.030707,-0.076341,0.046711,0.51611
692,5,20,-0.045044,0.020402,0.70371,0.030832,-0.07902,0.048015,0.51327
694,5,20,-0.046328,0.020331,0.7018,0.030924,-0.081173,0.049092,0.51069
696,5,20,-0.047427,0.020198,0.70012,0.030985,-0.082766,0.049919,0.5084
698,5,20,-0.048334,0.020003,0.69868,0.031018,-0.083774,0.05048,0.50643
700,5,20,-0.049047,0.019752,0.69749,0.031026,-0.084183,0.050761,0.50478
702,5,20,-0.049561,0.019449,0.69656,0.031014,-0.083988,0.050749,0.50347
704,5,20,-0.049877,0.019099,0.69588,0.030986,-0.083198,0.050437,0.50249
706,5,20,-0.049994,0.018709,0.69544,0.030947,-0.081827,0.049822,0.50184
708,5,20,-0.049917,0.018287,0.69525,0.030902,-0.079904,0.048901,0.50151
710,5,20,-0.04965,0.017841,0.69527,0.030856,-0.077464,0.04768,0.50149
712,5,20,-0.0492,0.017379,0.69549,0.030815,-0.074551,0.046165,0.50175
714,5,20,-0.048573,0.016912,0.69589,0.030781,-0.071216,0.044369,0.50227
716,5,20,-0.047782,0.016449,0.69645,0.03076,-0.067517,0.042308,0.50303
718,5,20,-0.046837,0.016,0.69715,0.030754,-0.063514,0.040006,0.50399
720,5,20,-0.045751,0.015574,0.69796,0.030766,-0.059271,0.03749,0.50513
722,5,20,-0.044538,0.015181,0.69886,0.030798,-0.054852,0.034797,0.50643
724,5,20,-0.043215,0.014828,0.69984,0.030852,-0.050323,0.03197,0.50786
726,5,20,-0.041797,0.014524,0.70087,0.030927,-0.045748,0.029063,0.50939
728,5,20,-0.040301,0.014274,0.70193,0.031026,-0.041189,0.026143,0.511
730,5,20,-0.038747,0.01408,0.70302,0.031147,-0.036704,0.023292,0.51267
732,5,20,-0.037152,0.013946,0.70413,0.031291,-0.032353,0.020613,0.5144
734,5,20,-0.035535,0.013871,0.70523,0.031455,-0.028191,0.01823,0.51615
736,5,20,-0.033913,0.013852,0.70634,0.031638,-0.024272,0.016284,0.51793
738,5,20,-0.032307,0.013886,0.70742,0.031838,-0.02065,0.014906,0.51971
740,5,20,-0.030733,0.013967,0.7085,0.032052,-0.017379,0.014164,0.52149
742,5,20,-0.029208,0.014089,0.70954,0.032277,-0.014507,0.014013,0.52325
744,5,20,-0.02775,0.014246,0.71056,0.032509,-0.012077,0.0143,0.52498
746,5,20,-0.026372,0.014432,0.71155,0.032743,-0.010113,0.01483,0.52667
748,5,20,-0.02509,0.014639,0.71249,0.032975,-0.0086142,0.015437,0.5283
750,5,20,-0.023916,0.014863,0.71338,0.033198,-0.0075462,0.016019,0.52984
752,5,20,-0.022861,0.015098,0.7142,0.033407,-0.0068418,0.016539,0.53129
754,5,20,-0.021934,0.015339,0.71496,0.033596,-0.0064094,0.017002,0.53261
756,5,20,-0.021142,0.015584,0.71563,0.033758,-0.0061469,0.017434,0.53378
758,5,20,-0.020492,0.015827,0.7162,0.033885,-0.0059563,0.017859,0.53476
760,5,20,-0.019987,0.016068,0.71666,0.033973,-0.0057536,0.018283,0.53553
762,5,20,-0.019629,0.016303,0.71699,0.034015,-0.0054745,0.018701,0.53606
764,5,20,-0.019416,0.01653,0.71719,0.034005,-0.0050756,0.019091,0.53633
766,5,20,-0.019347,0.016749,0.71722,0.033941,-0.0045343,0.019427,0.5363
768,5,20,-0.019418,0.016957,0.7171,0.033818,-0.0038458,0.019681,0.53596
770,5,20,-0.019622,0.017153,0.71679,0.033635,-0.0030216,0.019831,0.53528
772,5,20,-0.019951,0.017336,0.7163,0.033392,-0.002087,0.019861,0.53427
774,5,20,-0.020395,0.017505,0.71562,0.033091,-0.0010784,0.019765,0.53292
776,5,20,-0.020943,0.017659,0.71475,0.032735,-4.2063e-05,0.019545,0.53123
778,5,20,-0.021582,0.017797,0.7137,0.03233,0.00096769,0.019211,0.52923
780,5,20,-0.022298,0.017917,0.71248,0.031882,0.0018901,0.018781,0.52694
782,5,20,-0.023076,0.01802,0.7111,0.0314,0.002659,0.018275,0.52439
784,5,20,-0.023899,0.018105,0.70958,0.030895,0.0032051,0.017712,0.52164
786,5,20,-0.024752,0.018172,0.70794,0.030377,0.0034587,0.017104,0.51872
788,5,20,-0.025618,0.01822,0.70623,0.02986,0.0033549,0.016458,0.5157
790,5,20,-0.026478,0.018252,0.70446,0.029357,0.0028419,0.015779,0.51264
792,5,20,-0.027316,0.018267,0.70268,0.028883,0.0018902,0.015079,0.50961
794,5,20,-0.028115,0.018267,0.70092,0.028451,0.00050143,0.014394,0.50667
796,5,20,-0.028858,0.018254,0.69922,0.028075,-0.0012876,0.013797,0.50388
798,5,20,-0.02953,0.018232,0.69762,0.02777,-0.0034078,0.013404,0.50132
800,5,20,-0.030116,0.018203,0.69614,0.027547,-0.005766,0.01335,0.49903
802,5,20,-0.030601,0.018171,0.69483,0.027417,-0.008256,0.013752,0.49707
804,5,20,-0.030973,0.01814,0.6937,0.027387,-0.010769,0.014661,0.49546
806,5,20,-0.031221,0.018113,0.69276,0.027461,-0.013202,0.016046,0.49425
808,5,20,-0.031336,0.018096,0.69204,0.027641,-0.015464,0.017817,0.49344
810,5,20,-0.031308,0.018093,0.69154,0.027922,-0.017475,0.019864,0.49304
812,5,20,-0.031133,0.018107,0.69125,0.028297,-0.019173,0.022081,0.49304
814,5,20,-0.030806,0.018141,0.69116,0.028754,-0.020511,0.024375,0.49341
816,5,20,-0.030324,0.018199,0.69126,0.02928,-0.021459,0.026668,0.49413
818,5,20,-0.029687,0.018282,0.69153,0.029859,-0.022001,0.028895,0.49515
820,5,20,-0.028896,0.018391,0.69194,0.030474,-0.022137,0.031,0.49642
822,5,20,-0.027954,0.018525,0.69246,0.031109,-0.021877,0.032934,0.49789
824,5,20,-0.026866,0.018683,0.69306,0.031747,-0.021247,0.034658,0.49948
826,5,20,-0.025638,0.018863,0.6937,0.032374,-0.020277,0.036136,0.50114
828,5,20,-0.02428,0.01906,0.69436,0.032977,-0.01901,0.037337,0.5028
830,5,20,-0.022801,0.019271,0.695,0.033546,-0.017492,0.038235,0.5044
832,5,20,-0.021212,0.01949,0.69559,0.034071,-0.015771,0.038811,0.5059
834,5,20,-0.019525,0.019711,0.6961,0.034548,-0.013898,0.039049,0.50723
836,5,20,-0.017755,0.019928,0.69652,0.03497,-0.011923,0.038938,0.50837
838,5,20,-0.015914,0.020137,0.69682,0.035335,-0.0098918,0.038473,0.50928
840,5,20,-0.014019,0.02033,0.697,0.035642,-0.0078457,0.037654,0.50995
842,5,20,-0.012085,0.020502,0.69706,0.035891,-0.0058193,0.036489,0.51037
844,5,20,-0.010126,0.020648,0.69699,0.036082,-0.0038392,0.03499,0.51054
846,5,20,-0.0081603,0.020763,0.69682,0.036216,-0.0019232,0.03318,0.51047
848,5,20,-0.0062017,0.020843,0.69654,0.036297,-8.0058e-05,0.031087,0.5102
850,5,20,-0.004266,0.020886,0.69619,0.036326,0.0016895,0.028751,0.50975
852,5,20,-0.0023681,0.020888,0.69578,0.036305,0.0033915,0.026224,0.50916
854,5,20,-0.00052182,0.020848,0.69535,0.036237,0.0050352,0.023577,0.50846
856,5,20,0.0012595,0.020766,0.69491,0.036124,0.0066298,0.020898,0.5077
858,5,20,0.0029636,0.020642,0.6945,0.035971,0.0081777,0.018306,0.50691
860,5,20,0.0045795,0.020476,0.69413,0.035779,0.0096684,0.015952,0.50614
862,5,20,0.0060974,0.020271,0.69383,0.035554,0.011069,0.014012,0.50542
864,5,20,0.0075087,0.02003,0.69362,0.035299,0.012317,0.012641,0.50478
866,5,20,0.0088065,0.019757,0.69349,0.035019,0.013312,0.011886,0.50423
868,5,20,0.009985,0.019455,0.69345,0.034719,0.013915,0.011606,0.50378
870,5,20,0.01104,0.01913,0.6935,0.034403,0.013975,0.011535,0.50343
872,5,20,0.01197,0.018787,0.69363,0.034075,0.013359,0.011453,0.50319
874,5,20,0.012772,0.018433,0.69383,0.033739,0.012015,0.011359,0.50302
876,5,20,0.013448,0.018075,0.69406,0.0334,0.0099946,0.011536,0.50292
878,5,20,0.013999,0.017718,0.69432,0.033059,0.0074315,0.012427,0.50284
880,5,20,0.014428,0.01737,0.69457,0.032718,0.0044965,0.014327,0.50276
882,5,20,0.01474,0.017038,0.69478,0.03238,0.0013509,0.017195,0.50264
884,5,20,0.014939,0.016727,0.69493,0.032046,-0.0018753,0.020788,0.50244
886,5,20,0.015034,0.016444,0.69499,0.031714,-0.005088,0.02485,0.50213
888,5,20,0.015029,0.016193,0.69494,0.031387,-0.0082246,0.029172,0.50167
890,5,20,0.014935,0.015978,0.69476,0.031062,-0.011247,0.033604,0.50103
892,5,20,0.014759,0.015803,0.69443,0.03074,-0.014135,0.038029,0.50019
894,5,20,0.014511,0.015669,0.69394,0.030421,-0.016881,0.042363,0.49914
896,5,20,0.0142,0.015577,0.69329,0.030105,-0.019484,0.046537,0.49787
898,5,20,0.013835,0.015528,0.69248,0.02979,-0.021948,0.050499,0.49639
900,5,20,0.013427,0.015518,0.69152,0.029479,-0.024276,0.054205,0.49471
902,5,20,0.012983,0.015547,0.69043,0.029172,-0.026471,0.057621,0.49286
904,5,20,0.012514,0.015612,0.68922,0.02887,-0.028533,0.060723,0.49085
906,5,20,0.012027,0.015709,0.68792,0.028575,-0.030457,0.063489,0.48874
908,5,20,0.011532,0.015835,0.68656,0.028292,-0.032235,0.065908,0.48657
910,5,20,0.011034,0.015988,0.68517,0.028024,-0.033856,0.06797,0.48437
912,5,20,0.010541,0.016163,0.68378,0.027777,-0.035303,0.069675,0.48221
914,5,20,0.010059,0.016358,0.68242,0.027558,-0.036559,0.071024,0.48013
916,5,20,0.0095911,0.01657,0.68112,0.027375,-0.037606,0.072025,0.47817
918,5,20,0.0091426,0.016796,0.67991,0.027236,-0.038426,0.07269,0.47638
920,5,20,0.0087161,0.017035,0.67881,0.027152,-0.039004,0.073035,0.47479
922,5,20,0.0083133,0.017284,0.67783,0.027131,-0.039329,0.073078,0.47344
924,5,20,0.0079354,0.017541,0.67699,0.02718,-0.039393,0.072842,0.47235
926,5,20,0.0075823,0.017805,0.67628,0.027306,-0.039194,0.072352,0.47152
928,5,20,0.007253,0.018075,0.67571,0.02751,-0.038736,0.071633,0.47096
930,5,20,0.0069459,0.018347,0.67527,0.027793,-0.038027,0.070713,0.47067
932,5,20,0.0066585,0.018621,0.67496,0.02815,-0.037084,0.06962,0.47063
934,5,20,0.0063875,0.018893,0.67476,0.028574,-0.035926,0.068381,0.47082
936,5,20,0.0061292,0.019163,0.67465,0.029054,-0.034577,0.067025,0.47119
938,5,20,0.0058792,0.019427,0.67462,0.029578,-0.033068,0.065578,0.47173
940,5,20,0.0056329,0.019684,0.67464,0.030133,-0.031429,0.064066,0.47239
942,5,20,0.0053853,0.019929,0.6747,0.030705,-0.029697,0.062515,0.47313
944,5,20,0.0051313,0.02016,0.67477,0.031282,-0.027907,0.06095,0.4739
946,5,20,0.0048659,0.020375,0.67483,0.031849,-0.026097,0.059394,0.47467
948,5,20,0.0045838,0.020571,0.67487,0.032395,-0.024303,0.057871,0.47538
950,5,20,0.0042804,0.020744,0.67487,0.032911,-0.022563,0.056403,0.47602
952,5,20,0.0039511,0.020893,0.67481,0.033388,-0.02091,0.055013,0.47655
954,5,20,0.0035917,0.021014,0.6747,0.03382,-0.019377,0.053722,0.47695
956,5,20,0.0031986,0.021106,0.67452,0.034201,-0.017995,0.052551,0.4772
958,5,20,0.0027689,0.021166,0.67427,0.034528,-0.016789,0.05152,0.47729
960,5,20,0.0023001,0.021194,0.67396,0.0348,-0.015785,0.050646,0.47723
962,5,20,0.0017907,0.021189,0.67358,0.035017,-0.015,0.049946,0.47701
964,5,20,0.0012398,0.021149,0.67315,0.03518,-0.014451,0.049432,0.47664
966,5,20,0.00064734,0.021075,0.67267,0.035292,-0.014151,0.049117,0.47615
968,5,20,1.4181e-05,0.020967,0.67216,0.035357,-0.014106,0.049008,0.47555
970,5,20,-0.00065807,0.020826,0.67163,0.035378,-0.014319,0.049109,0.47487
972,5,20,-0.001367,0.020654,0.67109,0.035361,-0.014792,0.049419,0.47412
974,5,20,-0.0021092,0.020453,0.67057,0.035309,-0.01552,0.049938,0.47335
976,5,20,-0.0028808,0.020226,0.67007,0.035227,-0.016494,0.050656,0.47257
978,5,20,-0.0036771,0.019974,0.6696,0.035119,-0.017706,0.051565,0.4718
980,5,20,-0.0044927,0.019701,0.66919,0.034988,-0.01914,0.052651,0.47107
982,5,20,-0.0053215,0.019411,0.66883,0.034837,-0.020782,0.053899,0.4704
984,5,20,-0.0061573,0.019108,0.66855,0.034667,-0.022611,0.055292,0.46979
986,5,20,-0.0069932,0.018796,0.66834,0.03448,-0.024607,0.05681,0.46927
988,5,20,-0.0078221,0.018478,0.66821,0.034278,-0.026748,0.058434,0.46883
990,5,20,-0.0086367,0.01816,0.66816,0.03406,-0.029007,0.060142,0.46848
992,5,20,-0.0094297,0.017844,0.66818,0.033829,-0.031359,0.061915,0.46821
994,5,20,-0.010194,0.017536,0.66828,0.033584,-0.033777,0.063731,0.46802
996,5,20,-0.010921,0.017238,0.66843,0.033327,-0.036231,0.06557,0.46791
998,5,20,-0.011606,0.016955,0.66864,0.03306,-0.038693,0.067412,0.46785
1000,5,20,-0.012241,0.016689,0.66888,0.032787,-0.041134,0.069237,0.46783
1002,5,20,-0.01282,0.016444,0.66915,0.03251,-0.043525,0.071026,0.46784
1004,5,20,-0.013338,0.016221,0.66942,0.032232,-0.045836,0.072762,0.46787
1006,5,20,-0.013789,0.016023,0.66968,0.031959,-0.048041,0.074426,0.46788
1008,5,20,-0.01417,0.01585,0.66992,0.031695,-0.05011,0.076004,0.46788
1010,5,20,-0.014477,0.015703,0.67011,0.031444,-0.052019,0.077478,0.46784
1012,5,20,-0.014707,0.015584,0.67025,0.03121,-0.053742,0.078833,0.46774
1014,5,20,-0.014859,0.015491,0.67031,0.030997,-0.055253,0.080056,0.46757
1016,5,20,-0.014931,0.015425,0.67029,0.030808,-0.056532,0.081131,0.46732
1018,5,20,-0.014924,0.015384,0.67017,0.030643,-0.057558,0.082045,0.46697
1020,5,20,-0.014838,0.015368,0.66995,0.030503,-0.058312,0.082784,0.46651
1022,5,20,-0.014676,0.015377,0.66962,0.030388,-0.05878,0.083334,0.46594
1024,5,20,-0.01444,0.015407,0.66918,0.030296,-0.058952,0.083682,0.46524
1026,5,20,-0.014134,0.015459,0.66862,0.030225,-0.058819,0.083816,0.46441
1028,5,20,-0.013762,0.01553,0.66794,0.03017,-0.058379,0.083722,0.46344
1030,5,20,-0.013329,0.01562,0.66715,0.03013,-0.057633,0.08339,0.46234
1032,5,20,-0.01284,0.015725,0.66625,0.0301,-0.056586,0.082809,0.4611
1034,5,20,-0.012303,0.015846,0.66525,0.030076,-0.05525,0.08197,0.45974
1036,5,20,-0.011724,0.015979,0.66414,0.030056,-0.053639,0.080868,0.45825
1038,5,20,-0.01111,0.016123,0.66295,0.030036,-0.051769,0.079497,0.45664
1040,5,20,-0.010469,0.016276,0.66168,0.030013,-0.049663,0.077857,0.45493
1042,5,20,-0.0098092,0.016436,0.66035,0.029984,-0.047343,0.075946,0.45314
1044,5,20,-0.0091378,0.016602,0.65896,0.029949,-0.044836,0.073771,0.45128
1046,5,20,-0.0084632,0.01677,0.65755,0.029904,-0.042165,0.071336,0.44937
1048,5,20,-0.0077933,0.01694,0.65613,0.029848,-0.039359,0.068653,0.44744
1050,5,20,-0.0071359,0.017108,0.65472,0.029781,-0.036443,0.065735,0.44551
1052,5,20,-0.0064986,0.017274,0.65334,0.0297,-0.03344,0.062598,0.44362
1054,5,20,-0.0058887,0.017436,0.65202,0.029604,-0.030374,0.059261,0.44178
1056,5,20,-0.0053131,0.017591,0.65078,0.029493,-0.027267,0.055747,0.44004
1058,5,20,-0.004778,0.017739,0.64963,0.029364,-0.024137,0.052081,0.43841
1060,5,20,-0.0042895,0.017879,0.64861,0.029218,-0.021002,0.048292,0.43691
1062,5,20,-0.0038527,0.018009,0.64772,0.029054,-0.017877,0.044413,0.43558
1064,5,20,-0.0034723,0.01813,0.64699,0.028871,-0.014778,0.04048,0.43443
1066,5,20,-0.0031522,0.01824,0.64641,0.02867,-0.01172,0.036533,0.43347
1068,5,20,-0.0028959,0.01834,0.646,0.028451,-0.0087203,0.03262,0.4327
1070,5,20,-0.0027058,0.018431,0.64575,0.028216,-0.0057978,0.028794,0.43212
1072,5,20,-0.0025839,0.018512,0.64566,0.027967,-0.0029762,0.02512,0.43173
1074,5,20,-0.0025314,0.018586,0.6457,0.027705,-0.0002851,0.021674,0.43152
1076,5,20,-0.0025487,0.018652,0.64587,0.027435,0.0022386,0.018551,0.43145
1078,5,20,-0.0026356,0.018713,0.64613,0.027161,0.0045488,0.015863,0.43151
1080,5,20,-0.0027915,0.018769,0.64646,0.026885,0.0065899,0.013728,0.43165
1082,5,20,-0.0030148,0.018821,0.64683,0.026612,0.0082968,0.012236,0.43184
1084,5,20,-0.0033036,0.018872,0.64719,0.026345,0.0095993,0.011386,0.43205
1086,5,20,-0.0036554,0.018922,0.64752,0.026088,0.010429,0.011048,0.43221
1088,5,20,-0.0040673,0.018972,0.64778,0.025844,0.010734,0.011009,0.4323
1090,5,20,-0.004536,0.019024,0.64793,0.025613,0.010489,0.011065,0.43228
1092,5,20,-0.0050577,0.019076,0.64795,0.025397,0.0097096,0.011092,0.43209
1094,5,20,-0.0056285,0.01913,0.64781,0.025196,0.0084501,0.011051,0.43172
1096,5,20,-0.0062441,0.019185,0.6475,0.025009,0.0067926,0.010968,0.43114
1098,5,20,-0.0069003,0.01924,0.647,0.024835,0.0048309,0.010897,0.43032
1100,5,20,-0.0075924,0.019295,0.6463,0.024674,0.0026572,0.010891,0.42927
1102,5,20,-0.008316,0.019348,0.64541,0.024524,0.00035401,0.010986,0.42798
1104,5,20,-0.0090665,0.019399,0.64433,0.024385,-0.0020083,0.011193,0.42646
1106,5,20,-0.0098393,0.019445,0.64308,0.02426,-0.0043713,0.011497,0.42473
1108,5,20,-0.01063,0.019485,0.64168,0.024149,-0.0066861,0.011872,0.42283
1110,5,20,-0.011434,0.019517,0.64015,0.024058,-0.0089113,0.012287,0.42079
1112,5,20,-0.012248,0.019539,0.63854,0.023991,-0.011012,0.012712,0.41867
1114,5,20,-0.013066,0.019551,0.63687,0.023955,-0.012956,0.013122,0.4165
1116,5,20,-0.013886,0.019551,0.63517,0.023956,-0.014716,0.013497,0.41435
1118,5,20,-0.014704,0.019539,0.6335,0.024001,-0.016269,0.013824,0.41227
1120,5,20,-0.015517,0.019513,0.63189,0.024095,-0.017593,0.014093,0.41032
1122,5,20,-0.01632,0.019474,0.63038,0.024241,-0.018671,0.014301,0.40855
1124,5,20,-0.017112,0.019421,0.62901,0.024441,-0.019492,0.014445,0.407
1126,5,20,-0.017889,0.019357,0.6278,0.024694,-0.020046,0.014525,0.40571
1128,5,20,-0.01865,0.01928,0.62678,0.024995,-0.020332,0.014547,0.40472
1130,5,20,-0.019391,0.019194,0.62598,0.025337,-0.020356,0.014513,0.40405
1132,5,20,-0.020111,0.0191,0.62541,0.025712,-0.020127,0.01443,0.4037
1134,5,20,-0.020807,0.019,0.62508,0.026108,-0.019665,0.014307,0.40367
1136,5,20,-0.021479,0.018896,0.62498,0.026513,-0.018994,0.014153,0.40395
1138,5,20,-0.022124,0.018791,0.6251,0.026914,-0.018148,0.013977,0.40452
1140,5,20,-0.022741,0.018686,0.62543,0.0273,-0.017164,0.01379,0.40533
1142,5,20,-0.02333,0.018585,0.62594,0.02766,-0.016085,0.013604,0.40634
1144,5,20,-0.023888,0.018489,0.6266,0.027983,-0.014956,0.013429,0.4075
1146,5,20,-0.024414,0.0184,0.62736,0.028261,-0.013825,0.013276,0.40876
1148,5,20,-0.024908,0.018321,0.62819,0.028488,-0.01274,0.013152,0.41005
1150,5,20,-0.025369,0.018252,0.62905,0.028657,-0.011745,0.013064,0.4113
1152,5,20,-0.025797,0.018195,0.62988,0.028768,-0.010884,0.013015,0.41247
1154,5,20,-0.026189,0.018149,0.63065,0.028817,-0.010193,0.013004,0.4135
1156,5,20,-0.026547,0.018117,0.63132,0.028807,-0.0097055,0.013028,0.41433
1158,5,20,-0.026868,0.018096,0.63184,0.028739,-0.0094449,0.01308,0.41491
1160,5,20,-0.027154,0.018089,0.6322,0.028617,-0.0094282,0.01315,0.41523
1162,5,20,-0.027402,0.018093,0.63236,0.028446,-0.0096638,0.013227,0.41525
1164,5,20,-0.027614,0.018109,0.63231,0.028232,-0.010152,0.013298,0.41496
1166,5,20,-0.027789,0.018136,0.63205,0.027982,-0.010883,0.013352,0.41436
1168,5,20,-0.027926,0.018175,0.63157,0.027705,-0.01184,0.013378,0.41346
1170,5,20,-0.028026,0.018225,0.63087,0.027408,-0.012998,0.013366,0.41228
1172,5,20,-0.02809,0.018286,0.62999,0.0271,-0.014325,0.013309,0.41084
1174,5,20,-0.028117,0.01836,0.62893,0.02679,-0.015782,0.013203,0.40919
1176,5,20,-0.028107,0.018447,0.62772,0.026485,-0.017326,0.013046,0.40737
1178,5,20,-0.028062,0.018548,0.6264,0.026195,-0.01891,0.012839,0.40542
1180,5,20,-0.027983,0.018665,0.625,0.025924,-0.020485,0.012587,0.40339
1182,5,20,-0.02787,0.018799,0.62355,0.025678,-0.022001,0.012296,0.40135
1184,5,20,-0.027725,0.018952,0.6221,0.025463,-0.023411,0.011973,0.39932
1186,5,20,-0.027548,0.019124,0.62067,0.025279,-0.024671,0.011628,0.39737
1188,5,20,-0.027343,0.019317,0.61929,0.02513,-0.025743,0.011269,0.39552
1190,5,20,-0.02711,0.019531,0.618,0.025014,-0.026596,0.010908,0.39381
1192,5,20,-0.026851,0.019767,0.61682,0.02493,-0.027205,0.010553,0.39227
1194,5,20,-0.026569,0.020023,0.61575,0.024877,-0.027557,0.010213,0.39091
1196,5,20,-0.026265,0.020299,0.61482,0.024853,-0.027648,0.0098987,0.38974
1198,5,20,-0.025944,0.020592,0.61401,0.024854,-0.027484,0.0096197,0.38875
1200,5,20,-0.025606,0.020901,0.61333,0.02488,-0.027081,0.0093874,0.38794
1202,5,20,-0.025254,0.02122,0.61277,0.024928,-0.026461,0.0092143,0.38729
1204,5,20,-0.024892,0.021546,0.61229,0.024998,-0.025656,0.0091137,0.38678
1206,5,20,-0.024522,0.021875,0.61189,0.025087,-0.024702,0.0090982,0.38637
1208,5,20,-0.024146,0.022202,0.61153,0.025196,-0.023639,0.0091785,0.38603
1210,5,20,-0.023769,0.02252,0.61118,0.025324,-0.022508,0.0093611,0.38573
1212,5,20,-0.023391,0.022824,0.61082,0.025469,-0.021349,0.009647,0.38543
1214,5,20,-0.023016,0.023109,0.61042,0.025629,-0.0202,0.010031,0.3851
1216,5,20,-0.022647,0.02337,0.60996,0.025804,-0.019095,0.010504,0.3847
1218,5,20,-0.022285,0.0236,0.60941,0.02599,-0.018061,0.011049,0.38422
1220,5,20,-0.021933,0.023796,0.60877,0.026185,-0.01712,0.01165,0.38363
1222,5,20,-0.021593,0.023952,0.60801,0.026385,-0.016285,0.012288,0.38291
1224,5,20,-0.021266,0.024066,0.60715,0.026586,-0.015563,0.012942,0.38205
1226,5,20,-0.020954,0.024133,0.60617,0.026783,-0.014953,0.013593,0.38107
1228,5,20,-0.020658,0.024152,0.6051,0.026972,-0.014445,0.014223,0.37997
1230,5,20,-0.02038,0.024119,0.60395,0.027147,-0.014024,0.014812,0.37875
1232,5,20,-0.020118,0.024036,0.60274,0.027303,-0.01367,0.015345,0.37745
1234,5,20,-0.019875,0.0239,0.60149,0.027435,-0.013357,0.015807,0.3761
1236,5,20,-0.01965,0.023713,0.60025,0.027538,-0.013059,0.016185,0.37471
1238,5,20,-0.019443,0.023476,0.59905,0.027606,-0.012747,0.016468,0.37334
1240,5,20,-0.019253,0.023191,0.59791,0.027636,-0.012394,0.016649,0.37201
1242,5,20,-0.01908,0.022861,0.59688,0.027626,-0.011976,0.016724,0.37077
1244,5,20,-0.018921,0.02249,0.59598,0.027573,-0.011474,0.016691,0.36964
1246,5,20,-0.018778,0.022082,0.59524,0.02748,-0.010878,0.016553,0.36866
1248,5,20,-0.018647,0.021642,0.59468,0.027349,-0.010184,0.016315,0.36786
1250,5,20,-0.018527,0.021174,0.59432,0.027183,-0.0093969,0.015985,0.36725
1252,5,20,-0.018417,0.020685,0.59415,0.02699,-0.0085323,0.015575,0.36686
1254,5,20,-0.018316,0.020181,0.59419,0.026778,-0.0076141,0.015099,0.36668
1256,5,20,-0.01822,0.019666,0.59442,0.026555,-0.0066733,0.014573,0.36673
1258,5,20,-0.018129,0.019149,0.59483,0.02633,-0.0057471,0.014016,0.36699
1260,5,20,-0.01804,0.018634,0.5954,0.026112,-0.0048755,0.01345,0.36745
1262,5,20,-0.017953,0.018127,0.5961,0.025909,-0.0040995,0.012901,0.36809
1264,5,20,-0.017866,0.017633,0.59691,0.025727,-0.0034581,0.012397,0.36887
1266,5,20,-0.017777,0.017156,0.59778,0.025569,-0.0029864,0.011973,0.36977
1268,5,20,-0.017685,0.016702,0.59871,0.025439,-0.0027139,0.011663,0.37074
1270,5,20,-0.017591,0.016271,0.59964,0.025333,-0.0026634,0.011499,0.37176
1272,5,20,-0.017492,0.015867,0.60054,0.025251,-0.0028503,0.011507,0.37277
1274,5,20,-0.017389,0.015491,0.6014,0.025187,-0.0032824,0.011699,0.37374
1276,5,20,-0.017281,0.015142,0.60218,0.025137,-0.0039603,0.012074,0.37463
1278,5,20,-0.01717,0.014821,0.60286,0.025094,-0.0048773,0.012617,0.3754
1280,5,20,-0.017055,0.014525,0.60342,0.025052,-0.00602,0.013304,0.37604
1282,5,20,-0.016939,0.014252,0.60385,0.025007,-0.0073689,0.014105,0.37652
1284,5,20,-0.016821,0.014001,0.60414,0.024954,-0.0088986,0.01499,0.37681
1286,5,20,-0.016704,0.013768,0.60427,0.024892,-0.010579,0.015932,0.37692
1288,5,20,-0.016589,0.013552,0.60427,0.024819,-0.012376,0.016906,0.37684
1290,5,20,-0.016479,0.013351,0.60412,0.024734,-0.01425,0.01789,0.37658
1292,5,20,-0.016376,0.013161,0.60384,0.024639,-0.016162,0.018865,0.37616
1294,5,20,-0.016282,0.012983,0.60345,0.024535,-0.018067,0.019815,0.37558
1296,5,20,-0.0162,0.012816,0.60296,0.024421,-0.019923,0.020724,0.37489
1298,5,20,-0.016134,0.01266,0.60241,0.024299,-0.021686,0.021581,0.37412
1300,5,20,-0.016085,0.012515,0.60182,0.024167,-0.023313,0.022373,0.37329
1302,5,20,-0.016056,0.012384,0.60122,0.024026,-0.024764,0.023091,0.37244
1304,5,20,-0.016051,0.012268,0.60065,0.023874,-0.026004,0.023725,0.37161
1306,5,20,-0.016072,0.012169,0.60012,0.023709,-0.027001,0.024268,0.37083
1308,5,20,-0.016121,0.01209,0.59968,0.023529,-0.027733,0.024712,0.37014
1310,5,20,-0.016201,0.012034,0.59934,0.023334,-0.028183,0.025053,0.36956
1312,5,20,-0.016314,0.012003,0.59913,0.023124,-0.028342,0.025287,0.36911
1314,5,20,-0.016461,0.011999,0.59905,0.022901,-0.028214,0.025414,0.36882
1316,5,20,-0.016644,0.012022,0.59911,0.02267,-0.027805,0.025434,0.36869
1318,5,20,-0.016863,0.012074,0.5993,0.022434,-0.027136,0.025349,0.36873
1320,5,20,-0.01712,0.012154,0.59963,0.0222,-0.026229,0.025167,0.36892
1322,5,20,-0.017415,0.01226,0.60007,0.021975,-0.025117,0.024893,0.36926
1324,5,20,-0.017746,0.01239,0.6006,0.021765,-0.023834,0.024538,0.36972
1326,5,20,-0.018113,0.012541,0.6012,0.021576,-0.02242,0.024114,0.37029
1328,5,20,-0.018515,0.012709,0.60185,0.021415,-0.020915,0.023633,0.37093
1330,5,20,-0.018949,0.012889,0.60251,0.021285,-0.019362,0.02311,0.37162
1332,5,20,-0.019414,0.013078,0.60315,0.021189,-0.017802,0.02256,0.37232
1334,5,20,-0.019906,0.013269,0.60374,0.021128,-0.016277,0.021996,0.37299
1336,5,20,-0.020422,0.01346,0.60427,0.021103,-0.014825,0.021432,0.3736
1338,5,20,-0.020959,0.013644,0.6047,0.021113,-0.013482,0.020878,0.37414
1340,5,20,-0.021511,0.013818,0.60502,0.021154,-0.012281,0.020344,0.37456
1342,5,20,-0.022075,0.013978,0.60522,0.021224,-0.011251,0.019833,0.37485
1344,5,20,-0.022646,0.014122,0.60528,0.021319,-0.010415,0.019348,0.375
1346,5,20,-0.023219,0.014247,0.60521,0.021435,-0.0097908,0.018889,0.37501
1348,5,20,-0.023788,0.01435,0.605,0.021566,-0.0093884,0.018452,0.37487
1350,5,20,-0.024348,0.014432,0.60468,0.021709,-0.009212,0.018035,0.37459
1352,5,20,-0.024894,0.014492,0.60426,0.021857,-0.0092576,0.017632,0.3742
1354,5,20,-0.02542,0.01453,0.60375,0.022007,-0.0095137,0.017242,0.37372
1356,5,20,-0.025921,0.014548,0.6032,0.022152,-0.0099612,0.016862,0.37317
1358,5,20,-0.026393,0.014549,0.60262,0.022288,-0.010574,0.016492,0.37259
1360,5,20,-0.026829,0.014535,0.60206,0.022408,-0.011319,0.016136,0.37201
1362,5,20,-0.027225,0.01451,0.60155,0.022507,-0.01216,0.015795,0.37148
1364,5,20,-0.027578,0.014478,0.60112,0.022578,-0.013054,0.015474,0.37103
1366,5,20,-0.027882,0.014445,0.60081,0.022615,-0.013958,0.015176,0.37069
1368,5,20,-0.028135,0.014414,0.60065,0.022614,-0.01483,0.014901,0.37049
1370,5,20,-0.028334,0.014392,0.60066,0.022568,-0.01563,0.014652,0.37047
1372,5,20,-0.028476,0.014384,0.60086,0.022476,-0.016319,0.014426,0.37063
1374,5,20,-0.028559,0.014395,0.60125,0.022337,-0.01687,0.01422,0.37098
1376,5,20,-0.028583,0.014428,0.60184,0.022152,-0.017259,0.014032,0.37154
1378,5,20,-0.028546,0.014488,0.60261,0.021927,-0.017472,0.013859,0.37228
1380,5,20,-0.028448,0.014577,0.60355,0.021669,-0.017505,0.0137,0.3732
1382,5,20,-0.02829,0.014697,0.60462,0.021388,-0.017362,0.013557,0.37426
1384,5,20,-0.028073,0.014846,0.60579,0.021097,-0.017053,0.013433,0.37544
1386,5,20,-0.027798,0.015025,0.60701,0.020809,-0.016598,0.013335,0.37669
1388,5,20,-0.027469,0.015231,0.60825,0.02054,-0.016018,0.013272,0.37798
1390,5,20,-0.027088,0.01546,0.60944,0.020302,-0.015341,0.013253,0.37925
1392,5,20,-0.026658,0.015709,0.61055,0.020106,-0.014593,0.013286,0.38046
1394,5,20,-0.026183,0.015971,0.61154,0.01996,-0.013802,0.013378,0.38155
1396,5,20,-0.025668,0.016241,0.61236,0.019868,-0.012992,0.013533,0.38248
1398,5,20,-0.025116,0.016515,0.61298,0.019829,-0.012187,0.013749,0.38322
1400,5,20,-0.024532,0.016785,0.61338,0.019839,-0.011405,0.014021,0.38372
1402,5,20,-0.023922,0.017047,0.61355,0.019891,-0.010662,0.014339,0.38396
1404,5,20,-0.023291,0.017296,0.61347,0.019976,-0.0099696,0.014691,0.38392
1406,5,20,-0.022644,0.017526,0.61314,0.020083,-0.0093361,0.015063,0.3836
1408,5,20,-0.021985,0.017734,0.61257,0.020203,-0.0087677,0.015438,0.38299
1410,5,20,-0.021321,0.017917,0.61177,0.020326,-0.0082685,0.015803,0.38211
1412,5,20,-0.020656,0.018071,0.61078,0.020447,-0.0078415,0.016144,0.38099
1414,5,20,-0.019995,0.018196,0.6096,0.020563,-0.0074897,0.016452,0.37965
1416,5,20,-0.019344,0.01829,0.60829,0.020673,-0.0072163,0.01672,0.37813
1418,5,20,-0.018705,0.018353,0.60686,0.020782,-0.0070249,0.016944,0.37649
1420,5,20,-0.018083,0.018386,0.60536,0.020895,-0.0069202,0.017127,0.37476
1422,5,20,-0.017482,0.01839,0.60383,0.021021,-0.0069068,0.017272,0.37301
1424,5,20,-0.016905,0.018368,0.6023,0.021167,-0.006989,0.017388,0.37128
1426,5,20,-0.016355,0.018322,0.60081,0.021342,-0.00717,0.017485,0.36962
1428,5,20,-0.015834,0.018256,0.59939,0.021551,-0.0074506,0.017575,0.3681
1430,5,20,-0.015343,0.018173,0.59809,0.021799,-0.0078288,0.017668,0.36673
1432,5,20,-0.014885,0.018077,0.59692,0.022084,-0.008299,0.017773,0.36557
1434,5,20,-0.01446,0.017973,0.59591,0.022403,-0.0088521,0.017897,0.36464
1436,5,20,-0.014067,0.017864,0.59508,0.022747,-0.0094756,0.018043,0.36396
1438,5,20,-0.013708,0.017754,0.59446,0.023108,-0.010154,0.018211,0.36352
1440,5,20,-0.013382,0.017646,0.59403,0.023474,-0.010871,0.018398,0.36334
1442,5,20,-0.013088,0.017543,0.59381,0.023833,-0.011608,0.018599,0.3634
1444,5,20,-0.012823,0.017448,0.59378,0.024175,-0.012348,0.018808,0.36368
1446,5,20,-0.012588,0.017361,0.59394,0.024491,-0.013074,0.019018,0.36416
1448,5,20,-0.01238,0.017284,0.59426,0.024773,-0.01377,0.019223,0.3648
1450,5,20,-0.012196,0.017215,0.5947,0.025015,-0.014424,0.019417,0.36556
1452,5,20,-0.012035,0.017153,0.59526,0.025214,-0.015021,0.019595,0.36641
1454,5,20,-0.011893,0.017097,0.59588,0.025367,-0.015551,0.01975,0.3673
1456,5,20,-0.011769,0.017044,0.59655,0.025475,-0.016003,0.019876,0.3682
1458,5,20,-0.011661,0.01699,0.59723,0.025537,-0.016366,0.01997,0.36907
1460,5,20,-0.011564,0.016934,0.59788,0.025555,-0.016631,0.020025,0.36987
1462,5,20,-0.011477,0.016871,0.59849,0.025533,-0.016788,0.020037,0.37058
1464,5,20,-0.011399,0.016798,0.59904,0.025473,-0.016826,0.020003,0.37117
1466,5,20,-0.011325,0.016713,0.5995,0.025382,-0.016739,0.01992,0.37164
1468,5,20,-0.011256,0.016613,0.59987,0.025265,-0.016516,0.019788,0.37197
1470,5,20,-0.011188,0.016496,0.60014,0.025127,-0.016152,0.019606,0.37217
1472,5,20,-0.011121,0.01636,0.60032,0.024975,-0.01564,0.019379,0.37224
1474,5,20,-0.011054,0.016206,0.6004,0.024816,-0.014978,0.01911,0.37219
1476,5,20,-0.010985,0.016033,0.6004,0.024658,-0.014164,0.018804,0.37203
1478,5,20,-0.010916,0.015842,0.60033,0.024505,-0.013199,0.01847,0.3718
1480,5,20,-0.010844,0.015636,0.60019,0.024364,-0.012088,0.018113,0.37151
1482,5,20,-0.010771,0.015416,0.60001,0.024238,-0.010836,0.017741,0.37118
1484,5,20,-0.010698,0.015185,0.59981,0.02413,-0.0094522,0.017362,0.37083
1486,5,20,-0.010625,0.014948,0.59959,0.024041,-0.0079494,0.016981,0.37049
1488,5,20,-0.010553,0.014708,0.59937,0.023971,-0.0063412,0.016603,0.37017
1490,5,20,-0.010484,0.014469,0.59917,0.023917,-0.0046446,0.016231,0.36988
1492,5,20,-0.01042,0.014235,0.599,0.023875,-0.0028788,0.015868,0.36963
1494,5,20,-0.010362,0.014012,0.59886,0.023841,-0.0010654,0.015516,0.36943
1496,5,20,-0.010312,0.013802,0.59875,0.023809,0.00077142,0.015174,0.36927
1498,5,20,-0.010273,0.013609,0.59867,0.023774,0.0026055,0.014843,0.36915
1500,5,20,-0.010247,0.013436,0.59862,0.023732,0.0044088,0.014522,0.36905
1502,5,20,-0.010235,0.013284,0.5986,0.023679,0.0061519,0.014215,0.36897
1504,5,20,-0.01024,0.013154,0.59858,0.023613,0.007805,0.013922,0.36889
1506,5,20,-0.010265,0.013048,0.59855,0.023531,0.0093385,0.013647,0.36879
1508,5,20,-0.01031,0.012963,0.59851,0.023435,0.010724,0.013395,0.36865
1510,5,20,-0.010378,0.0129,0.59844,0.023324,0.011937,0.013171,0.36847
1512,5,20,-0.01047,0.012856,0.59833,0.023203,0.012953,0.01298,0.36822
1514,5,20,-0.010588,0.012829,0.59816,0.023073,0.013757,0.012826,0.36791
1516,5,20,-0.010732,0.012817,0.59793,0.022937,0.014336,0.012714,0.36751
1518,5,20,-0.010902,0.012818,0.59764,0.022799,0.014684,0.012643,0.36705
1520,5,20,-0.0111,0.01283,0.59729,0.022662,0.0148,0.012614,0.36651
1522,5,20,-0.011325,0.012853,0.59688,0.022529,0.014691,0.012624,0.36591
1524,5,20,-0.011576,0.012887,0.59644,0.022401,0.014368,0.012668,0.36527
1526,5,20,-0.011854,0.01293,0.59596,0.022281,0.013849,0.012741,0.3646
1528,5,20,-0.012155,0.012985,0.59548,0.022169,0.013155,0.012839,0.36393
1530,5,20,-0.01248,0.013053,0.595,0.022067,0.01231,0.012957,0.36328
1532,5,20,-0.012826,0.013135,0.59456,0.021976,0.01134,0.013089,0.36268
1534,5,20,-0.01319,0.013236,0.59417,0.021897,0.010273,0.013232,0.36215
1536,5,20,-0.013571,0.013357,0.59385,0.02183,0.009135,0.013384,0.36171
1538,5,20,-0.013965,0.013501,0.59362,0.021775,0.0079503,0.013542,0.3614
1540,5,20,-0.01437,0.013671,0.5935,0.021735,0.006741,0.013704,0.36122
1542,5,20,-0.014782,0.013869,0.5935,0.021711,0.0055258,0.013868,0.3612
1544,5,20,-0.015199,0.014096,0.59362,0.021703,0.0043193,0.014034,0.36133
1546,5,20,-0.015616,0.014353,0.59387,0.021714,0.003132,0.014199,0.36164
1548,5,20,-0.016031,0.014639,0.59424,0.021746,0.0019706,0.014361,0.36211
1550,5,20,-0.016441,0.014952,0.59473,0.021799,0.00083863,0.01452,0.36273
1552,5,20,-0.016841,0.015292,0.59533,0.021875,-0.00026349,0.014673,0.36351
1554,5,20,-0.017229,0.015655,0.59601,0.021975,-0.001337,0.014821,0.36441
1556,5,20,-0.017603,0.016036,0.59678,0.0221,-0.002384,0.014961,0.36542
1558,5,20,-0.017959,0.016433,0.59759,0.02225,-0.0034066,0.015095,0.36653
1560,5,20,-0.018296,0.016841,0.59845,0.022425,-0.0044059,0.015222,0.36769
1562,5,20,-0.018611,0.017254,0.59932,0.022623,-0.0053815,0.015343,0.36891
1564,5,20,-0.018903,0.01767,0.60018,0.022845,-0.0063303,0.015457,0.37014
1566,5,20,-0.019171,0.018082,0.60103,0.023086,-0.0072472,0.015565,0.37137
1568,5,20,-0.019414,0.018489,0.60185,0.023345,-0.0081239,0.015666,0.37258
1570,5,20,-0.019632,0.018884,0.60263,0.023618,-0.00895,0.015759,0.37376
1572,5,20,-0.019824,0.019267,0.60336,0.023902,-0.0097127,0.015843,0.3749
1574,5,20,-0.019992,0.019633,0.60404,0.024191,-0.010398,0.015914,0.37598
1576,5,20,-0.020135,0.019981,0.60467,0.024482,-0.010989,0.01597,0.37702
1578,5,20,-0.020256,0.020309,0.60526,0.024769,-0.011472,0.016006,0.378
1580,5,20,-0.020357,0.020616,0.60582,0.025048,-0.011831,0.016018,0.37894
1582,5,20,-0.020438,0.020903,0.60635,0.025312,-0.012052,0.016001,0.37983
1584,5,20,-0.020504,0.021167,0.60686,0.025558,-0.012123,0.015951,0.38069
1586,5,20,-0.020555,0.02141,0.60737,0.025779,-0.012036,0.015863,0.38152
1588,5,20,-0.020595,0.021633,0.60788,0.025973,-0.011784,0.015734,0.38234
1590,5,20,-0.020627,0.021836,0.60841,0.026133,-0.011367,0.015562,0.38314
1592,5,20,-0.020653,0.02202,0.60897,0.026258,-0.010787,0.015343,0.38394
1594,5,20,-0.020677,0.022185,0.60954,0.026345,-0.01005,0.015079,0.38473
1596,5,20,-0.020701,0.022334,0.61014,0.026391,-0.00917,0.014771,0.3855
1598,5,20,-0.020728,0.022467,0.61075,0.026396,-0.0081616,0.014422,0.38626
1600,5,20,-0.020761,0.022584,0.61138,0.02636,-0.0070455,0.014039,0.38699
1602,5,20,-0.020801,0.022687,0.612,0.026284,-0.005846,0.013628,0.38767
1604,5,20,-0.020851,0.022775,0.6126,0.026169,-0.0045904,0.013201,0.38829
1606,5,20,-0.020912,0.02285,0.61316,0.026019,-0.0033086,0.012769,0.38882
1608,5,20,-0.020985,0.022911,0.61365,0.025837,-0.0020323,0.012347,0.38925
1610,5,20,-0.021071,0.022958,0.61406,0.025626,-0.00079388,0.01195,0.38955
1612,5,20,-0.021169,0.022992,0.61436,0.025393,0.00037427,0.01159,0.3897
1614,5,20,-0.021279,0.023011,0.61454,0.025141,0.0014408,0.011282,0.38967
1616,5,20,-0.0214,0.023016,0.61457,0.024878,0.0023764,0.011035,0.38945
1618,5,20,-0.02153,0.023008,0.61443,0.024607,0.0031547,0.010853,0.38903
1620,5,20,-0.021667,0.022984,0.61412,0.024335,0.0037533,0.010738,0.38839
1622,5,20,-0.021807,0.022947,0.61362,0.024067,0.0041543,0.010683,0.38753
1624,5,20,-0.021948,0.022897,0.61294,0.023809,0.0043453,0.010681,0.38646
1626,5,20,-0.022085,0.022834,0.61207,0.023567,0.0043196,0.010718,0.38518
1628,5,20,-0.022214,0.022759,0.61103,0.023344,0.0040768,0.01078,0.38371
1630,5,20,-0.02233,0.022674,0.60982,0.023146,0.0036226,0.010855,0.38206
1632,5,20,-0.022427,0.02258,0.60847,0.022976,0.0029687,0.010929,0.38027
1634,5,20,-0.0225,0.02248,0.607,0.022838,0.0021325,0.010993,0.37836
1636,5,20,-0.022544,0.022375,0.60542,0.022734,0.0011362,0.011039,0.37636
1638,5,20,-0.022552,0.022268,0.60378,0.022665,5.9762e-06,0.011061,0.37431
1640,5,20,-0.022519,0.02216,0.60209,0.022633,-0.0012289,0.011059,0.37224
1642,5,20,-0.022439,0.022056,0.60038,0.022638,-0.0025374,0.011032,0.3702
1644,5,20,-0.022306,0.021955,0.59869,0.022679,-0.0038879,0.010982,0.3682
1646,5,20,-0.022115,0.021862,0.59704,0.022754,-0.0052491,0.010913,0.36629
1648,5,20,-0.021861,0.021776,0.59545,0.02286,-0.0065915,0.01083,0.36449
1650,5,20,-0.02154,0.0217,0.59396,0.022995,-0.0078879,0.010738,0.36283
1652,5,20,-0.021148,0.021634,0.59256,0.023153,-0.0091143,0.010642,0.36132
1654,5,20,-0.020682,0.021579,0.59129,0.023331,-0.01025,0.010548,0.35997
1656,5,20,-0.02014,0.021535,0.59016,0.023523,-0.011278,0.010461,0.3588
1658,5,20,-0.01952,0.0215,0.58916,0.023722,-0.012185,0.010385,0.3578
1660,5,20,-0.018823,0.021474,0.58831,0.023923,-0.01296,0.010326,0.35698
1662,5,20,-0.018048,0.021455,0.58761,0.02412,-0.013597,0.010286,0.35633
1664,5,20,-0.017197,0.021442,0.58705,0.024306,-0.014091,0.010271,0.35585
1666,5,20,-0.016272,0.021432,0.58664,0.024474,-0.014439,0.010282,0.35552
1668,5,20,-0.015279,0.021424,0.58636,0.024621,-0.014643,0.010324,0.35534
1670,5,20,-0.014221,0.021416,0.58623,0.024742,-0.014704,0.010395,0.35529
1672,5,20,-0.013104,0.021406,0.58622,0.024835,-0.014627,0.010498,0.35537
1674,5,20,-0.011935,0.021392,0.58633,0.024897,-0.014419,0.01063,0.35556
1676,5,20,-0.010724,0.021374,0.58656,0.02493,-0.014087,0.010787,0.35586
1678,5,20,-0.009477,0.021351,0.5869,0.024935,-0.01364,0.010967,0.35626
1680,5,20,-0.0082058,0.021322,0.58734,0.024917,-0.013088,0.011161,0.35676
1682,5,20,-0.0069203,0.021288,0.58787,0.024881,-0.012442,0.011366,0.35736
1684,5,20,-0.0056319,0.021249,0.58849,0.024834,-0.011713,0.011572,0.35804
1686,5,20,-0.0043525,0.021206,0.58919,0.024784,-0.010912,0.011774,0.35882
1688,5,20,-0.0030942,0.021161,0.58997,0.024737,-0.01005,0.011964,0.35969
1690,5,20,-0.0018696,0.021116,0.59081,0.024701,-0.0091377,0.012136,0.36065
1692,5,20,-0.00069141,0.021073,0.5917,0.024684,-0.008184,0.012283,0.36169
1694,5,20,0.00042776,0.021033,0.59265,0.024688,-0.007198,0.012402,0.36281
1696,5,20,0.0014754,0.020998,0.59363,0.024719,-0.0061877,0.012487,0.36401
1698,5,20,0.0024394,0.020971,0.59464,0.024775,-0.0051603,0.012536,0.36526
1700,5,20,0.003308,0.020953,0.59567,0.024855,-0.0041226,0.012547,0.36656
1702,5,20,0.0040704,0.020944,0.5967,0.024955,-0.003081,0.012518,0.36788
1704,5,20,0.0047161,0.020946,0.59772,0.025069,-0.0020419,0.012451,0.36921
1706,5,20,0.0052361,0.020959,0.59871,0.025189,-0.0010125,0.012347,0.37051
1708,5,20,0.0056221,0.020981,0.59966,0.025308,-6.7784e-07,0.01221,0.37176
1710,5,20,0.0058671,0.021013,0.60055,0.025418,0.0009844,0.012046,0.37294
1712,5,20,0.0059656,0.021051,0.60136,0.025511,0.0019322,0.011862,0.374
1714,5,20,0.0059132,0.021094,0.60207,0.025581,0.002831,0.011667,0.37492
1716,5,20,0.0057073,0.021138,0.60267,0.025624,0.0036675,0.011471,0.37568
1718,5,20,0.0053467,0.021181,0.60313,0.025635,0.0044278,0.011284,0.37625
1720,5,20,0.0048319,0.02122,0.60345,0.025612,0.0050976,0.011115,0.37661
1722,5,20,0.004165,0.021251,0.60361,0.025554,0.0056626,0.010974,0.37675
1724,5,20,0.0033497,0.02127,0.6036,0.025462,0.0061092,0.010864,0.37665
1726,5,20,0.0023915,0.021275,0.60343,0.025336,0.0064252,0.010789,0.37633
1728,5,20,0.0012973,0.021263,0.6031,0.025178,0.0066003,0.010747,0.37577
1730,5,20,7.5571e-05,0.02123,0.60261,0.024993,0.0066265,0.010731,0.375
1732,5,20,-0.0012636,0.021176,0.60197,0.024781,0.0064987,0.010734,0.37404
1734,5,20,-0.0027089,0.021099,0.60121,0.02455,0.006215,0.010745,0.3729
1736,5,20,-0.0042477,0.020997,0.60033,0.024302,0.0057771,0.010753,0.37162
1738,5,20,-0.0058662,0.020871,0.59938,0.024043,0.0051902,0.010748,0.37024
1740,5,20,-0.0075499,0.020721,0.59837,0.023778,0.0044633,0.01072,0.36878
1742,5,20,-0.0092831,0.020549,0.59732,0.023513,0.0036086,0.010663,0.3673
1744,5,20,-0.01105,0.020356,0.59627,0.023253,0.0026416,0.010574,0.36582
1746,5,20,-0.012833,0.020144,0.59525,0.023003,0.0015799,0.010453,0.36437
1748,5,20,-0.014616,0.019917,0.59426,0.022766,0.00044294,0.010305,0.363
1750,5,20,-0.016382,0.019678,0.59335,0.022545,-0.0007491,0.010139,0.36172
1752,5,20,-0.018113,0.019431,0.59251,0.022342,-0.0019765,0.0099659,0.36056
1754,5,20,-0.019795,0.019181,0.59177,0.02216,-0.0032209,0.0098026,0.35953
1756,5,20,-0.021409,0.018932,0.59114,0.021997,-0.0044661,0.0096661,0.35864
1758,5,20,-0.022941,0.018688,0.5906,0.021853,-0.0056991,0.0095743,0.35789
1760,5,20,-0.024377,0.018455,0.59017,0.021728,-0.0069103,0.009543,0.35727
1762,5,20,-0.025702,0.018237,0.58982,0.021619,-0.0080939,0.0095834,0.35677
1764,5,20,-0.026905,0.018039,0.58956,0.021525,-0.0092478,0.0097012,0.35639
1766,5,20,-0.027974,0.017863,0.58936,0.021442,-0.010373,0.0098949,0.35609
1768,5,20,-0.0289,0.017712,0.58921,0.021369,-0.011473,0.010157,0.35585
1770,5,20,-0.029676,0.017591,0.58909,0.021304,-0.012553,0.010475,0.35565
1772,5,20,-0.030294,0.017499,0.58899,0.021243,-0.01362,0.010835,0.35548
1774,5,20,-0.03075,0.017437,0.58888,0.021187,-0.01468,0.011222,0.3553
1776,5,20,-0.031041,0.017406,0.58875,0.021132,-0.015739,0.011621,0.35511
1778,5,20,-0.031167,0.017405,0.5886,0.021077,-0.016798,0.012021,0.35489
1780,5,20,-0.031127,0.017431,0.58842,0.021023,-0.017859,0.012412,0.35464
1782,5,20,-0.030925,0.017484,0.58822,0.020968,-0.01892,0.012786,0.35435
1784,5,20,-0.030564,0.017559,0.58799,0.020911,-0.019975,0.01314,0.35404
1786,5,20,-0.030051,0.017654,0.58774,0.020853,-0.021016,0.013469,0.3537
1788,5,20,-0.029392,0.017766,0.5875,0.020793,-0.022029,0.013772,0.35337
1790,5,20,-0.028597,0.017891,0.58728,0.02073,-0.023002,0.014048,0.35307
1792,5,20,-0.027676,0.018027,0.58711,0.020665,-0.023916,0.014295,0.35281
1794,5,20,-0.02664,0.018169,0.587,0.020598,-0.024753,0.014514,0.35263
1796,5,20,-0.025502,0.018315,0.58698,0.020529,-0.025495,0.014702,0.35255
1798,5,20,-0.024275,0.018463,0.58707,0.02046,-0.026124,0.014858,0.3526
1800,5,20,-0.022972,0.01861,0.58729,0.020394,-0.026623,0.014981,0.35281
1802,5,20,-0.02161,0.018754,0.58766,0.020334,-0.026975,0.015069,0.3532
1804,5,20,-0.020201,0.018893,0.58818,0.020284,-0.027168,0.015119,0.35378
1806,5,20,-0.018762,0.019025,0.58887,0.020248,-0.027192,0.015131,0.35456
1808,5,20,-0.017307,0.01915,0.58972,0.020232,-0.02704,0.015104,0.35555
1810,5,20,-0.015852,0.019267,0.59072,0.020242,-0.026708,0.01504,0.35674
1812,5,20,-0.01441,0.019374,0.59186,0.020282,-0.026197,0.014943,0.35812
1814,5,20,-0.012996,0.019471,0.59312,0.020356,-0.02551,0.014815,0.35967
1816,5,20,-0.011622,0.019559,0.59448,0.020469,-0.024653,0.014665,0.36137
1818,5,20,-0.010302,0.019635,0.59591,0.020622,-0.023638,0.0145,0.36319
1820,5,20,-0.009045,0.019701,0.59738,0.020814,-0.022477,0.014329,0.36509
1822,5,20,-0.0078627,0.019757,0.59886,0.021044,-0.021187,0.014162,0.36705
1824,5,20,-0.0067634,0.019801,0.60033,0.021308,-0.019787,0.014007,0.36903
1826,5,20,-0.005755,0.019835,0.60176,0.021602,-0.018299,0.013873,0.37098
1828,5,20,-0.0048435,0.019858,0.60313,0.021919,-0.016744,0.013765,0.37289
1830,5,20,-0.0040338,0.019871,0.60441,0.022252,-0.015148,0.013689,0.37471
1832,5,20,-0.0033293,0.019873,0.60559,0.022594,-0.013535,0.013645,0.37644
1834,5,20,-0.0027318,0.019865,0.60666,0.022937,-0.011931,0.013633,0.37804
1836,5,20,-0.002242,0.019847,0.60763,0.023275,-0.01036,0.013652,0.37951
1838,5,20,-0.0018588,0.019818,0.60848,0.0236,-0.0088458,0.013695,0.38083
1840,5,20,-0.0015801,0.019779,0.60923,0.023907,-0.0074096,0.013758,0.38202
1842,5,20,-0.0014022,0.019731,0.60987,0.02419,-0.0060708,0.013834,0.38306
1844,5,20,-0.0013205,0.019673,0.61043,0.024445,-0.0048455,0.013918,0.38398
1846,5,20,-0.001329,0.019605,0.61092,0.024669,-0.003746,0.014001,0.38479
1848,5,20,-0.0014209,0.019528,0.61135,0.024859,-0.0027808,0.014078,0.38549
1850,5,20,-0.0015885,0.019442,0.61174,0.025013,-0.0019539,0.014145,0.38611
1852,5,20,-0.0018234,0.019347,0.6121,0.02513,-0.001265,0.014195,0.38666
1854,5,20,-0.0021164,0.019243,0.61244,0.025208,-0.00070943,0.014226,0.38716
1856,5,20,-0.0024581,0.019131,0.61277,0.025249,-0.0002785,0.014235,0.3876
1858,5,20,-0.0028384,0.01901,0.61309,0.025251,3.9995e-05,0.014221,0.388
1860,5,20,-0.0032473,0.018881,0.61341,0.025215,0.00026104,0.014181,0.38835
1862,5,20,-0.0036748,0.018744,0.6137,0.025144,0.00040164,0.014117,0.38864
1864,5,20,-0.0041107,0.0186,0.61398,0.025037,0.0004799,0.01403,0.38888
1866,5,20,-0.0045453,0.018448,0.61421,0.024898,0.00051412,0.01392,0.38903
1868,5,20,-0.004969,0.018289,0.61437,0.024728,0.00052194,0.01379,0.38907
1870,5,20,-0.0053728,0.018124,0.61445,0.024531,0.00051962,0.013643,0.38899
1872,5,20,-0.0057483,0.017952,0.61442,0.024309,0.00052138,0.01348,0.38874
1874,5,20,-0.0060876,0.017775,0.61425,0.024065,0.00053902,0.013303,0.3883
1876,5,20,-0.0063837,0.017592,0.6139,0.023804,0.00058156,0.013116,0.38764
1878,5,20,-0.0066302,0.017404,0.61337,0.023528,0.00065519,0.012921,0.38674
1880,5,20,-0.0068219,0.017211,0.61262,0.023242,0.00076325,0.012718,0.38556
1882,5,20,-0.006954,0.017015,0.61163,0.02295,0.00090635,0.012509,0.3841
1884,5,20,-0.0070231,0.016817,0.6104,0.022655,0.0010826,0.012297,0.38234
1886,5,20,-0.0070264,0.016616,0.60892,0.02236,0.001288,0.012082,0.38029
1888,5,20,-0.0069623,0.016415,0.60719,0.022069,0.0015165,0.011865,0.37794
1890,5,20,-0.0068298,0.016213,0.60522,0.021785,0.0017607,0.011649,0.37531
1892,5,20,-0.0066292,0.016014,0.60303,0.021511,0.0020119,0.011434,0.37244
1894,5,20,-0.0063612,0.015817,0.60065,0.021247,0.0022605,0.011222,0.36935
1896,5,20,-0.0060276,0.015624,0.5981,0.020998,0.0024969,0.011018,0.3661
1898,5,20,-0.0056309,0.015436,0.59543,0.020764,0.002711,0.010822,0.36273
1900,5,20,-0.0051743,0.015256,0.59268,0.020547,0.0028932,0.01064,0.35929
1902,5,20,-0.0046616,0.015085,0.58991,0.020348,0.0030346,0.010476,0.35586
1904,5,20,-0.0040969,0.014923,0.58717,0.020168,0.0031271,0.010333,0.3525
1906,5,20,-0.0034852,0.014773,0.58452,0.020009,0.0031638,0.010217,0.34927
1908,5,20,-0.0028314,0.014636,0.582,0.01987,0.0031395,0.01013,0.34623
1910,5,20,-0.002141,0.014513,0.57969,0.019753,0.0030503,0.010077,0.34345
1912,5,20,-0.0014196,0.014405,0.57761,0.019658,0.0028941,0.01006,0.34098
1914,5,20,-0.00067297,0.014312,0.57584,0.019583,0.0026707,0.010078,0.33887
1916,5,20,9.3248e-05,0.014236,0.57439,0.01953,0.0023816,0.010133,0.33717
1918,5,20,0.0008733,0.014176,0.5733,0.019496,0.0020298,0.010222,0.33589
1920,5,20,0.0016616,0.014133,0.57259,0.01948,0.0016199,0.010341,0.33507
1922,5,20,0.0024527,0.014106,0.57229,0.019481,0.0011578,0.010486,0.33472
1924,5,20,0.0032415,0.014096,0.57237,0.019498,0.00065008,0.010653,0.33484
1926,5,20,0.004023,0.0141,0.57286,0.019528,0.00010432,0.010837,0.33541
1928,5,20,0.0047927,0.014118,0.57371,0.019569,-0.00047168,0.011032,0.33642
1930,5,20,0.0055465,0.014149,0.57492,0.019619,-0.0010699,0.011234,0.33785
1932,5,20,0.0062804,0.014191,0.57645,0.019676,-0.0016826,0.011439,0.33965
1934,5,20,0.0069913,0.014244,0.57827,0.019739,-0.0023021,0.011642,0.34179
1936,5,20,0.0076761,0.014305,0.58033,0.019805,-0.0029215,0.01184,0.34423
1938,5,20,0.0083324,0.014373,0.58259,0.019874,-0.0035344,0.012032,0.34691
1940,5,20,0.0089581,0.014447,0.58501,0.019943,-0.0041351,0.012214,0.34979
1942,5,20,0.0095517,0.014525,0.58754,0.020012,-0.0047187,0.012386,0.35281
1944,5,20,0.010112,0.014606,0.59015,0.020079,-0.0052812,0.012547,0.35593
1946,5,20,0.010638,0.014688,0.59278,0.020145,-0.0058192,0.012695,0.3591
1948,5,20,0.01113,0.014771,0.5954,0.020207,-0.0063302,0.012832,0.36226
1950,5,20,0.011587,0.014853,0.59799,0.020267,-0.0068121,0.012956,0.36539
1952,5,20,0.01201,0.014933,0.6005,0.020323,-0.0072639,0.013069,0.36844
1954,5,20,0.012399,0.01501,0.60291,0.020375,-0.0076848,0.01317,0.37139
1956,5,20,0.012756,0.015084,0.60521,0.020424,-0.0080746,0.013261,0.37421
1958,5,20,0.013081,0.015155,0.60738,0.020469,-0.0084336,0.013341,0.37687
1960,5,20,0.013376,0.015222,0.6094,0.02051,-0.0087623,0.013413,0.37936
1962,5,20,0.013642,0.015284,0.61127,0.020547,-0.0090618,0.013475,0.38167
1964,5,20,0.013881,0.015341,0.61298,0.020582,-0.0093331,0.01353,0.3838
1966,5,20,0.014094,0.015394,0.61454,0.020612,-0.0095777,0.013577,0.38573
1968,5,20,0.014283,0.015443,0.61594,0.02064,-0.0097969,0.013618,0.38748
1970,5,20,0.01445,0.015487,0.6172,0.020665,-0.0099924,0.013654,0.38905
1972,5,20,0.014596,0.015526,0.61831,0.020687,-0.010166,0.013684,0.39044
1974,5,20,0.014724,0.015561,0.61929,0.020707,-0.010319,0.013709,0.39167
1976,5,20,0.014835,0.015593,0.62015,0.020724,-0.010453,0.01373,0.39274
1978,5,20,0.014931,0.01562,0.62088,0.020739,-0.01057,0.013748,0.39367
1980,5,20,0.015013,0.015644,0.62152,0.020752,-0.010672,0.013763,0.39447
1982,5,20,0.015083,0.015665,0.62206,0.020764,-0.010759,0.013775,0.39515
1984,5,20,0.015143,0.015683,0.62252,0.020773,-0.010834,0.013785,0.39573
1986,5,20,0.015192,0.015699,0.6229,0.020782,-0.010898,0.013794,0.39621
1988,5,20,0.015234,0.015712,0.62322,0.020789,-0.010952,0.0138,0.39661
1990,5,20,0.015269,0.015723,0.62348,0.020795,-0.010998,0.013805,0.39694
1992,5,20,0.015297,0.015732,0.62369,0.0208,-0.011036,0.013809,0.39721
1994,5,20,0.01532,0.01574,0.62387,0.020804,-0.011067,0.013813,0.39743
1996,5,20,0.015339,0.015746,0.624,0.020808,-0.011093,0.013815,0.39761
1998,5,20,0.015354,0.015751,0.62412,0.020811,-0.011114,0.013817,0.39775
-500,6,20,0.019828,0.023753,1.2172,0.03009,0.024065,0.027135,1.4988
-498,6,20,0.019757,0.022015,1.131,0.028122,0.021689,0.025198,1.2941
-496,6,20,0.019669,0.020364,1.0476,0.026261,0.019283,0.023359,1.1106
-494,6,20,0.019563,0.018828,0.96813,0.024536,0.016862,0.021641,0.94872
-492,6,20,0.019434,0.017435,0.89348,0.022977,0.014445,0.020065,0.80834
-490,6,20,0.019281,0.016216,0.82466,0.021612,0.012057,0.018646,0.68895
-488,6,20,0.019101,0.015199,0.76268,0.020472,0.0097312,0.0174,0.58964
-486,6,20,0.018891,0.014407,0.70843,0.019582,0.0075112,0.016337,0.50916
-484,6,20,0.018648,0.013853,0.66268,0.018958,0.005446,0.015477,0.44597
-482,6,20,0.018372,0.013538,0.62588,0.018601,0.0035863,0.014845,0.3983
-480,6,20,0.018059,0.013444,0.5981,0.01849,0.0019733,0.014472,0.36422
-478,6,20,0.017709,0.013543,0.57894,0.018583,0.00062592,0.014372,0.34173
-476,6,20,0.01732,0.013796,0.56748,0.018823,-0.00046539,0.014528,0.32877
-474,6,20,0.01689,0.014161,0.56247,0.019153,-0.0013324,0.014884,0.32335
-472,6,20,0.01642,0.014597,0.56241,0.019517,-0.0020152,0.015364,0.32355
-470,6,20,0.015909,0.015071,0.56577,0.01987,-0.0025523,0.015896,0.3276
-468,6,20,0.015357,0.015552,0.57113,0.020173,-0.0029794,0.016418,0.33392
-466,6,20,0.014764,0.016018,0.57726,0.020401,-0.003331,0.016885,0.34114
-464,6,20,0.014131,0.016451,0.58318,0.020536,-0.0036417,0.017267,0.34811
-462,6,20,0.01346,0.016839,0.58814,0.020566,-0.0039443,0.017544,0.35395
-460,6,20,0.012751,0.017172,0.59162,0.020489,-0.0042684,0.017703,0.35799
-458,6,20,0.012007,0.017446,0.5933,0.020305,-0.0046389,0.01774,0.35983
-456,6,20,0.01123,0.017658,0.59301,0.02002,-0.0050755,0.017657,0.35927
-454,6,20,0.010423,0.017806,0.59074,0.019643,-0.0055924,0.017458,0.35631
-452,6,20,0.0095894,0.017893,0.5866,0.019188,-0.0061988,0.017155,0.3511
-450,6,20,0.0087317,0.017921,0.58079,0.018671,-0.0068987,0.01676,0.34394
-448,6,20,0.0078541,0.017893,0.57358,0.018113,-0.0076907,0.016289,0.33522
-446,6,20,0.0069609,0.017816,0.5653,0.017535,-0.0085679,0.015762,0.32541
-444,6,20,0.0060563,0.017694,0.55633,0.016961,-0.0095175,0.015197,0.31497
-442,6,20,0.005145,0.017534,0.54707,0.016414,-0.01052,0.014614,0.30441
-440,6,20,0.0042317,0.01734,0.53791,0.015914,-0.01155,0.014031,0.29416
-438,6,20,0.0033215,0.017121,0.52923,0.015478,-0.012575,0.013463,0.28463
-436,6,20,0.0024194,0.016881,0.52137,0.015112,-0.01356,0.012922,0.27617
-434,6,20,0.0015305,0.016627,0.51462,0.014819,-0.014465,0.012418,0.26901
-432,6,20,0.00065986,0.016364,0.50919,0.014591,-0.015255,0.011956,0.26332
-430,6,20,-0.00018736,0.016096,0.50521,0.014417,-0.0159,0.011542,0.25919
-428,6,20,-0.0010063,0.015829,0.50272,0.014284,-0.016383,0.011181,0.2566
-426,6,20,-0.0017921,0.015565,0.50165,0.014181,-0.016697,0.010878,0.25548
-424,6,20,-0.0025402,0.015308,0.50188,0.014099,-0.016851,0.010637,0.25566
-422,6,20,-0.0032465,0.01506,0.50321,0.014036,-0.01686,0.010463,0.25697
-420,6,20,-0.003907,0.014822,0.5054,0.013991,-0.01675,0.010358,0.25915
-418,6,20,-0.0045181,0.014594,0.50819,0.013968,-0.016546,0.010321,0.26196
-416,6,20,-0.0050769,0.014378,0.5113,0.013971,-0.016273,0.010349,0.26513
-414,6,20,-0.0055806,0.014173,0.51449,0.014004,-0.015952,0.010435,0.26842
-412,6,20,-0.0060273,0.013979,0.51753,0.014071,-0.0156,0.01057,0.2716
-410,6,20,-0.0064154,0.013795,0.52024,0.014173,-0.015228,0.010742,0.27446
-408,6,20,-0.006744,0.01362,0.52247,0.014313,-0.014842,0.010936,0.27686
-406,6,20,-0.0070128,0.013454,0.52411,0.014487,-0.014446,0.011139,0.27868
-404,6,20,-0.0072221,0.013297,0.52512,0.014693,-0.01404,0.011337,0.27985
-402,6,20,-0.0073729,0.013149,0.52548,0.014926,-0.01362,0.011515,0.28036
-400,6,20,-0.0074666,0.013009,0.5252,0.01518,-0.013183,0.011662,0.28022
-398,6,20,-0.0075056,0.012878,0.52435,0.015447,-0.012725,0.011766,0.27948
-396,6,20,-0.0074925,0.012757,0.52301,0.015718,-0.012241,0.01182,0.27823
-394,6,20,-0.0074309,0.012647,0.52128,0.015983,-0.011726,0.011817,0.27658
-392,6,20,-0.0073245,0.012549,0.51927,0.016234,-0.011176,0.011753,0.27465
-390,6,20,-0.0071778,0.012464,0.51712,0.016458,-0.010588,0.011627,0.27256
-388,6,20,-0.0069957,0.012394,0.51493,0.016647,-0.0099589,0.011439,0.27042
-386,6,20,-0.0067835,0.012341,0.51284,0.01679,-0.0092868,0.011197,0.26836
-384,6,20,-0.0065468,0.012305,0.51092,0.01688,-0.0085701,0.010906,0.26646
-382,6,20,-0.0062914,0.012288,0.50927,0.016911,-0.0078077,0.010579,0.26479
-380,6,20,-0.0060236,0.012291,0.50794,0.016878,-0.0069989,0.01023,0.26341
-378,6,20,-0.0057495,0.012314,0.50695,0.01678,-0.0061433,0.0098773,0.26235
-376,6,20,-0.0054754,0.012357,0.50632,0.016617,-0.0052412,0.0095407,0.2616
-374,6,20,-0.0052076,0.01242,0.50601,0.016393,-0.0042937,0.0092402,0.26115
-372,6,20,-0.0049523,0.012502,0.50599,0.016114,-0.0033032,0.0089949,0.26096
-370,6,20,-0.0047154,0.012602,0.50621,0.015788,-0.0022735,0.0088201,0.26098
-368,6,20,-0.0045028,0.012719,0.50658,0.015422,-0.0012104,0.0087253,0.26114
-366,6,20,-0.0043198,0.01285,0.50703,0.015027,-0.00012106,0.0087131,0.26137
-364,6,20,-0.0041715,0.012995,0.5075,0.014615,0.00098541,0.0087786,0.26161
-362,6,20,-0.0040624,0.01315,0.50789,0.014195,0.0020986,0.0089112,0.26179
-360,6,20,-0.0039965,0.013313,0.50816,0.013779,0.0032071,0.0090962,0.26184
-358,6,20,-0.0039773,0.013482,0.50825,0.013375,0.0042987,0.0093168,0.26171
-356,6,20,-0.0040076,0.013655,0.5081,0.012995,0.0053606,0.0095567,0.26138
-354,6,20,-0.0040897,0.013828,0.50771,0.012645,0.0063804,0.0098004,0.26081
-352,6,20,-0.0042248,0.014,0.50706,0.012332,0.0073458,0.010035,0.26
-350,6,20,-0.0044139,0.014168,0.50615,0.012062,0.0082449,0.010249,0.25895
-348,6,20,-0.004657,0.014331,0.505,0.011837,0.0090669,0.010434,0.25768
-346,6,20,-0.0049533,0.014485,0.50363,0.011658,0.0098019,0.010582,0.25622
-344,6,20,-0.0053015,0.01463,0.50208,0.011526,0.010441,0.010689,0.25461
-342,6,20,-0.0056994,0.014764,0.5004,0.011439,0.010978,0.010751,0.25288
-340,6,20,-0.0061442,0.014885,0.49863,0.011395,0.011407,0.010765,0.25109
-338,6,20,-0.0066324,0.014992,0.49681,0.01139,0.011723,0.010729,0.24929
-336,6,20,-0.0071601,0.015084,0.495,0.01142,0.011926,0.010642,0.2475
-334,6,20,-0.0077225,0.01516,0.49324,0.011481,0.012015,0.010504,0.24579
-332,6,20,-0.0083147,0.015219,0.49156,0.011571,0.011994,0.010316,0.24417
-330,6,20,-0.0089311,0.015261,0.48999,0.011684,0.011867,0.01008,0.24269
-328,6,20,-0.0095659,0.015286,0.48856,0.011817,0.011641,0.0098003,0.24134
-326,6,20,-0.010213,0.015292,0.48727,0.011968,0.011327,0.0094832,0.24016
-324,6,20,-0.010865,0.01528,0.48614,0.012131,0.010935,0.0091379,0.23913
-322,6,20,-0.011517,0.015251,0.48517,0.012305,0.010478,0.0087763,0.23826
-320,6,20,-0.012162,0.015203,0.48433,0.012485,0.0099723,0.008413,0.23754
-318,6,20,-0.012793,0.015138,0.48363,0.012668,0.0094316,0.0080654,0.23695
-316,6,20,-0.013404,0.015056,0.48306,0.012852,0.0088718,0.0077523,0.23648
-314,6,20,-0.013989,0.014958,0.48258,0.013032,0.0083083,0.0074928,0.23611
-312,6,20,-0.014542,0.014843,0.4822,0.013207,0.0077558,0.0073038,0.23583
-310,6,20,-0.015057,0.014713,0.48189,0.013373,0.007228,0.0071969,0.23561
-308,6,20,-0.015529,0.014568,0.48164,0.013529,0.0067372,0.0071764,0.23546
-306,6,20,-0.015954,0.01441,0.48145,0.013673,0.0062936,0.0072377,0.23534
-304,6,20,-0.016328,0.014238,0.48131,0.013804,0.0059057,0.0073683,0.23528
-302,6,20,-0.016647,0.014054,0.48121,0.013921,0.0055794,0.0075496,0.23525
-300,6,20,-0.016908,0.013858,0.48117,0.014025,0.0053185,0.0077606,0.23526
-298,6,20,-0.017108,0.013653,0.48118,0.014118,0.0051247,0.0079805,0.23532
-296,6,20,-0.017248,0.013437,0.48125,0.014201,0.0049978,0.0081909,0.23543
-294,6,20,-0.017324,0.013214,0.48138,0.014279,0.0049359,0.0083777,0.2356
-292,6,20,-0.017338,0.012984,0.48158,0.014355,0.0049359,0.0085312,0.23584
-290,6,20,-0.01729,0.012749,0.48186,0.014433,0.0049938,0.0086468,0.23614
-288,6,20,-0.017181,0.01251,0.4822,0.014519,0.0051052,0.0087244,0.23653
-286,6,20,-0.017012,0.01227,0.48263,0.014614,0.0052654,0.0087684,0.23699
-284,6,20,-0.016787,0.012029,0.48311,0.014723,0.0054696,0.0087863,0.23752
-282,6,20,-0.016507,0.011791,0.48366,0.014846,0.0057128,0.008788,0.23812
-280,6,20,-0.016177,0.011557,0.48426,0.014985,0.00599,0.0087842,0.23878
-278,6,20,-0.015801,0.011331,0.4849,0.015135,0.0062958,0.0087852,0.23948
-276,6,20,-0.015383,0.011116,0.48555,0.015294,0.0066244,0.0087992,0.24021
-274,6,20,-0.014927,0.010913,0.48621,0.015456,0.0069694,0.0088318,0.24094
-272,6,20,-0.014439,0.010727,0.48685,0.015614,0.0073236,0.0088852,0.24165
-270,6,20,-0.013924,0.01056,0.48745,0.015762,0.0076789,0.0089583,0.24233
-268,6,20,-0.013388,0.010414,0.488,0.015891,0.0080262,0.0090473,0.24294
-266,6,20,-0.012834,0.010292,0.48847,0.015995,0.0083556,0.0091466,0.24347
-264,6,20,-0.012271,0.010197,0.48886,0.016068,0.0086565,0.0092499,0.24389
-262,6,20,-0.011701,0.010128,0.48915,0.016105,0.0089177,0.0093518,0.2442
-260,6,20,-0.011132,0.010088,0.48934,0.016101,0.0091283,0.0094478,0.24438
-258,6,20,-0.010567,0.010075,0.48942,0.016056,0.009278,0.0095357,0.24443
-256,6,20,-0.010012,0.010089,0.48938,0.015969,0.0093577,0.0096153,0.24434
-254,6,20,-0.0094718,0.010129,0.48923,0.015842,0.0093598,0.0096884,0.24412
-252,6,20,-0.0089497,0.010191,0.48899,0.015678,0.0092795,0.009758,0.24378
-250,6,20,-0.00845,0.010272,0.48866,0.015481,0.0091144,0.0098278,0.24334
-248,6,20,-0.007976,0.010371,0.48825,0.015258,0.0088654,0.0099008,0.24282
-246,6,20,-0.0075307,0.010481,0.4878,0.015016,0.0085363,0.0099786,0.24223
-244,6,20,-0.0071164,0.010601,0.48731,0.014761,0.0081341,0.010061,0.24161
-242,6,20,-0.0067354,0.010726,0.48682,0.014501,0.0076686,0.010144,0.24098
-240,6,20,-0.0063891,0.010853,0.48634,0.014245,0.0071521,0.010222,0.24038
-238,6,20,-0.0060785,0.010979,0.4859,0.013999,0.0065988,0.010289,0.23982
-236,6,20,-0.0058043,0.011101,0.48552,0.013771,0.0060244,0.010336,0.23933
-234,6,20,-0.0055666,0.011217,0.48523,0.013567,0.0054455,0.010354,0.23894
-232,6,20,-0.0053652,0.011325,0.48503,0.013392,0.0048787,0.010336,0.23866
-230,6,20,-0.0051995,0.011425,0.48495,0.01325,0.00434,0.010278,0.23851
-228,6,20,-0.0050683,0.011516,0.48499,0.013144,0.0038442,0.010176,0.2385
-226,6,20,-0.0049705,0.011598,0.48516,0.013076,0.0034042,0.01003,0.23863
-224,6,20,-0.0049043,0.011673,0.48545,0.013047,0.0030305,0.0098446,0.2389
-222,6,20,-0.0048679,0.011741,0.48586,0.013058,0.0027304,0.0096267,0.2393
-220,6,20,-0.0048595,0.011805,0.48637,0.013108,0.0025079,0.0093866,0.23982
-218,6,20,-0.0048767,0.011866,0.48698,0.013198,0.0023634,0.0091378,0.24045
-216,6,20,-0.0049174,0.011929,0.48765,0.013324,0.0022937,0.0088957,0.24118
-214,6,20,-0.0049792,0.011994,0.48838,0.013487,0.002292,0.0086764,0.24197
-212,6,20,-0.0050601,0.012065,0.48914,0.013681,0.0023486,0.0084957,0.24281
-210,6,20,-0.0051577,0.012145,0.4899,0.013905,0.0024506,0.0083664,0.24368
-208,6,20,-0.00527,0.012235,0.49066,0.01415,0.0025832,0.0082972,0.24455
-206,6,20,-0.0053949,0.012337,0.49138,0.014412,0.0027297,0.0082907,0.2454
-204,6,20,-0.0055308,0.012452,0.49205,0.014681,0.0028725,0.0083435,0.24621
-202,6,20,-0.0056761,0.012581,0.49266,0.014948,0.0029934,0.0084468,0.24696
-200,6,20,-0.0058293,0.012722,0.49321,0.015202,0.0030743,0.0085884,0.24764
-198,6,20,-0.0059893,0.012875,0.49367,0.015435,0.0030978,0.0087544,0.24824
-196,6,20,-0.0061553,0.013038,0.49406,0.015636,0.0030474,0.0089313,0.24874
-194,6,20,-0.0063267,0.013208,0.49438,0.015796,0.0029085,0.0091079,0.24915
-192,6,20,-0.006503,0.013383,0.49462,0.015908,0.0026681,0.0092758,0.24946
-190,6,20,-0.0066843,0.013558,0.49479,0.015965,0.002316,0.0094302,0.24966
-188,6,20,-0.0068706,0.01373,0.49491,0.015962,0.0018448,0.0095698,0.24978
-186,6,20,-0.0070622,0.013895,0.49497,0.015898,0.0012502,0.0096966,0.2498
-184,6,20,-0.0072599,0.014049,0.49499,0.01577,0.00053119,0.0098152,0.24974
-182,6,20,-0.0074642,0.014189,0.49497,0.015582,-0.00030956,0.009932,0.24961
-180,6,20,-0.0076761,0.014311,0.49492,0.015336,-0.001266,0.010054,0.24942
-178,6,20,-0.0078965,0.014413,0.49484,0.015039,-0.0023289,0.010189,0.24917
-176,6,20,-0.0081265,0.014492,0.49474,0.014697,-0.003486,0.010341,0.24888
-174,6,20,-0.0083672,0.014546,0.49462,0.014321,-0.004723,0.010515,0.24855
-172,6,20,-0.0086197,0.014574,0.49449,0.01392,-0.0060234,0.01071,0.2482
-170,6,20,-0.0088849,0.014576,0.49433,0.013507,-0.00737,0.010925,0.24783
-168,6,20,-0.0091638,0.014552,0.49415,0.013094,-0.0087449,0.011154,0.24745
-166,6,20,-0.0094571,0.014503,0.49396,0.012693,-0.01013,0.01139,0.24706
-164,6,20,-0.0097656,0.01443,0.49375,0.012315,-0.011508,0.011624,0.24667
-162,6,20,-0.010089,0.014337,0.49351,0.011971,-0.012863,0.011849,0.24628
-160,6,20,-0.010429,0.014226,0.49326,0.011669,-0.014177,0.012054,0.24589
-158,6,20,-0.010784,0.0141,0.49298,0.011414,-0.015438,0.012234,0.24551
-156,6,20,-0.011154,0.013964,0.49269,0.011209,-0.016629,0.012381,0.24514
-154,6,20,-0.011539,0.013822,0.49239,0.011054,-0.017739,0.012493,0.24477
-152,6,20,-0.011937,0.013678,0.49208,0.010945,-0.018755,0.012566,0.24442
-150,6,20,-0.012347,0.013537,0.49177,0.010875,-0.019664,0.0126,0.24409
-148,6,20,-0.012767,0.013403,0.49147,0.010837,-0.020455,0.012596,0.24377
-146,6,20,-0.013196,0.013279,0.49117,0.010822,-0.021119,0.012556,0.24347
-144,6,20,-0.01363,0.01317,0.4909,0.01082,-0.021644,0.012483,0.24321
-142,6,20,-0.014069,0.013077,0.49066,0.010824,-0.022024,0.012382,0.24297
-140,6,20,-0.014507,0.013002,0.49046,0.010825,-0.022251,0.012258,0.24278
-138,6,20,-0.014944,0.012947,0.49031,0.010818,-0.022322,0.012115,0.24263
-136,6,20,-0.015374,0.012911,0.49022,0.010799,-0.022234,0.011958,0.24253
-134,6,20,-0.015795,0.012892,0.49019,0.010767,-0.021988,0.011792,0.24249
-132,6,20,-0.016203,0.01289,0.49024,0.010722,-0.02159,0.011623,0.24251
-130,6,20,-0.016595,0.012902,0.49036,0.010667,-0.021044,0.011455,0.24261
-128,6,20,-0.016967,0.012924,0.49057,0.010607,-0.020362,0.011293,0.24279
-126,6,20,-0.017315,0.012955,0.49086,0.010548,-0.019554,0.011142,0.24305
-124,6,20,-0.017637,0.012991,0.49123,0.010498,-0.018636,0.011005,0.2434
-122,6,20,-0.017928,0.013029,0.49169,0.010462,-0.017623,0.010887,0.24384
-120,6,20,-0.018186,0.013069,0.49224,0.010447,-0.016532,0.010791,0.24437
-118,6,20,-0.018407,0.013107,0.49287,0.01046,-0.01538,0.01072,0.24499
-116,6,20,-0.01859,0.013144,0.49357,0.010501,-0.014186,0.010675,0.24571
-114,6,20,-0.018732,0.013179,0.49436,0.010572,-0.012966,0.010657,0.24651
-112,6,20,-0.018832,0.013214,0.49522,0.010671,-0.011737,0.010667,0.2474
-110,6,20,-0.018888,0.013249,0.49615,0.010796,-0.010516,0.010707,0.24838
-108,6,20,-0.0189,0.013289,0.49714,0.010942,-0.0093181,0.010775,0.24943
-106,6,20,-0.018867,0.013335,0.4982,0.011105,-0.0081584,0.010874,0.25055
-104,6,20,-0.01879,0.013391,0.49931,0.011282,-0.0070507,0.011004,0.25173
-102,6,20,-0.018669,0.013461,0.50048,0.01147,-0.0060079,0.011167,0.25298
-100,6,20,-0.018506,0.013549,0.50168,0.011666,-0.0050415,0.011361,0.25427
-98,6,20,-0.018303,0.013659,0.50293,0.011869,-0.0041615,0.011584,0.25561
-96,6,20,-0.018062,0.013793,0.5042,0.012079,-0.0033761,0.011834,0.25699
-94,6,20,-0.017787,0.013953,0.50549,0.012295,-0.0026911,0.012105,0.25839
-92,6,20,-0.017479,0.014142,0.50679,0.012517,-0.0021103,0.012389,0.25981
-90,6,20,-0.017144,0.014357,0.50809,0.012746,-0.0016345,0.012679,0.26124
-88,6,20,-0.016786,0.014599,0.50938,0.012981,-0.0012625,0.012964,0.26267
-86,6,20,-0.016409,0.014865,0.51066,0.013223,-0.00099042,0.013237,0.2641
-84,6,20,-0.016017,0.015151,0.5119,0.013472,-0.00081232,0.01349,0.2655
-82,6,20,-0.015616,0.015453,0.51311,0.013728,-0.00072024,0.013716,0.26686
-80,6,20,-0.015211,0.015766,0.51426,0.013989,-0.00070451,0.013911,0.26818
-78,6,20,-0.014808,0.016082,0.51535,0.014254,-0.00075416,0.01407,0.26945
-76,6,20,-0.014411,0.016398,0.51637,0.014519,-0.00085729,0.014191,0.27064
-74,6,20,-0.014025,0.016705,0.5173,0.014781,-0.0010015,0.014273,0.27175
-72,6,20,-0.013655,0.016999,0.51814,0.015034,-0.0011745,0.014314,0.27276
-70,6,20,-0.013306,0.017273,0.51887,0.015272,-0.0013644,0.014316,0.27366
-68,6,20,-0.012983,0.017522,0.5195,0.015489,-0.0015605,0.014279,0.27443
-66,6,20,-0.012688,0.017741,0.52001,0.015677,-0.0017538,0.014205,0.27508
-64,6,20,-0.012426,0.017926,0.52041,0.015831,-0.0019368,0.014099,0.27559
-62,6,20,-0.012199,0.018074,0.52069,0.015946,-0.0021048,0.013963,0.27595
-60,6,20,-0.012009,0.018183,0.52086,0.016017,-0.0022549,0.013803,0.27616
-58,6,20,-0.011859,0.01825,0.52091,0.016044,-0.0023873,0.013623,0.27624
-56,6,20,-0.011748,0.018276,0.52087,0.016024,-0.0025042,0.013431,0.27618
-54,6,20,-0.011677,0.018261,0.52073,0.015961,-0.0026106,0.013231,0.276
-52,6,20,-0.011646,0.018206,0.52051,0.015856,-0.0027134,0.013028,0.27571
-50,6,20,-0.011652,0.018114,0.52023,0.015715,-0.0028215,0.012827,0.27533
-48,6,20,-0.011694,0.017988,0.51992,0.015543,-0.0029449,0.012631,0.2749
-46,6,20,-0.011769,0.017832,0.51959,0.015349,-0.0030944,0.012441,0.27445
-44,6,20,-0.011873,0.017651,0.51927,0.015138,-0.003281,0.012258,0.274
-42,6,20,-0.012001,0.017451,0.51901,0.014921,-0.0035144,0.012081,0.2736
-40,6,20,-0.012148,0.017237,0.51882,0.014705,-0.0038028,0.011909,0.27328
-38,6,20,-0.012309,0.017017,0.51875,0.0145,-0.0041515,0.01174,0.2731
-36,6,20,-0.012477,0.016796,0.51884,0.014314,-0.0045625,0.011575,0.27308
-34,6,20,-0.012645,0.016581,0.5191,0.014156,-0.0050341,0.011411,0.27328
-32,6,20,-0.012807,0.016379,0.51959,0.014033,-0.00556,0.011248,0.27371
-30,6,20,-0.012955,0.016194,0.52032,0.013953,-0.0061301,0.011087,0.27443
-28,6,20,-0.01308,0.016031,0.52131,0.013922,-0.0067303,0.010927,0.27545
-26,6,20,-0.013176,0.015894,0.52259,0.013941,-0.0073432,0.01077,0.2768
-24,6,20,-0.013234,0.015785,0.52416,0.014013,-0.0079493,0.010617,0.27848
-22,6,20,-0.013247,0.015706,0.52602,0.014136,-0.0085277,0.01047,0.2805
-20,6,20,-0.013207,0.015654,0.52817,0.014307,-0.0090577,0.010331,0.28285
-18,6,20,-0.013108,0.015629,0.53058,0.014519,-0.00952,0.010206,0.28552
-16,6,20,-0.012942,0.015628,0.53324,0.014768,-0.0098977,0.0101,0.28849
-14,6,20,-0.012704,0.015647,0.53612,0.015047,-0.010178,0.010019,0.29172
-12,6,20,-0.012389,0.015681,0.53917,0.015351,-0.01035,0.0099725,0.29518
-10,6,20,-0.011991,0.015725,0.54235,0.015676,-0.010412,0.0099687,0.29881
-8,6,20,-0.011508,0.015776,0.54561,0.016019,-0.010362,0.010016,0.30256
-6,6,20,-0.010937,0.015827,0.54889,0.016379,-0.010204,0.010119,0.30638
-4,6,20,-0.010277,0.015876,0.55215,0.016754,-0.0099466,0.010281,0.3102
-2,6,20,-0.0095263,0.015919,0.55533,0.017146,-0.0095999,0.0105,0.31398
0,6,20,-0.0086866,0.015954,0.55838,0.017554,-0.0091763,0.010769,0.31764
2,6,20,-0.0077596,0.015979,0.56124,0.017976,-0.0086895,0.011076,0.32113
4,6,20,-0.0067487,0.015994,0.56389,0.018412,-0.008153,0.011406,0.32442
6,6,20,-0.0056583,0.015999,0.56629,0.018858,-0.0075803,0.011743,0.32744
8,6,20,-0.0044941,0.015997,0.56841,0.01931,-0.0069833,0.012067,0.33017
10,6,20,-0.0032631,0.01599,0.57023,0.019764,-0.0063724,0.012363,0.33258
12,6,20,-0.0019733,0.015981,0.57175,0.020212,-0.0057558,0.012616,0.33466
14,6,20,-0.00063384,0.015974,0.57297,0.020649,-0.0051393,0.012815,0.3364
16,6,20,0.00074498,0.015974,0.57391,0.021066,-0.0045267,0.012953,0.3378
18,6,20,0.0021521,0.015986,0.57457,0.021457,-0.0039194,0.013031,0.33888
20,6,20,0.0035755,0.016014,0.575,0.021817,-0.0033175,0.013054,0.33966
22,6,20,0.0050026,0.016061,0.57521,0.022139,-0.0027196,0.013035,0.34018
24,6,20,0.0064202,0.016132,0.57525,0.022422,-0.0021243,0.01299,0.34047
26,6,20,0.0078146,0.016228,0.57516,0.022663,-0.0015297,0.012944,0.34057
28,6,20,0.0091719,0.016351,0.57498,0.022863,-0.00093478,0.012921,0.34054
30,6,20,0.010478,0.0165,0.57475,0.023022,-0.00033927,0.012945,0.34041
32,6,20,0.01172,0.016674,0.57452,0.023145,0.00025622,0.013036,0.34025
34,6,20,0.012883,0.016869,0.57431,0.023233,0.00085015,0.013205,0.34009
36,6,20,0.013954,0.017083,0.57417,0.023292,0.0014403,0.013452,0.33998
38,6,20,0.014921,0.017309,0.57413,0.023325,0.0020244,0.013767,0.33996
40,6,20,0.015772,0.017542,0.57421,0.023336,0.0025998,0.01413,0.34006
42,6,20,0.016497,0.017776,0.57443,0.023328,0.0031648,0.014516,0.34031
44,6,20,0.017085,0.018005,0.57481,0.023303,0.0037184,0.014896,0.34072
46,6,20,0.017529,0.018223,0.57535,0.023263,0.0042605,0.015243,0.3413
48,6,20,0.017822,0.018424,0.57605,0.023207,0.0047921,0.015531,0.34207
50,6,20,0.017958,0.018602,0.57692,0.023136,0.0053153,0.015741,0.343
52,6,20,0.017934,0.018753,0.57793,0.023049,0.0058327,0.015859,0.3441
54,6,20,0.017749,0.018874,0.57909,0.022946,0.006347,0.015877,0.34534
56,6,20,0.017403,0.018962,0.58036,0.022828,0.0068607,0.015795,0.34672
58,6,20,0.016899,0.019015,0.58173,0.022693,0.0073754,0.015616,0.3482
60,6,20,0.01624,0.019032,0.58318,0.022545,0.0078915,0.015349,0.34976
62,6,20,0.015434,0.019015,0.58469,0.022385,0.008408,0.015009,0.35138
64,6,20,0.014488,0.018965,0.58623,0.022217,0.0089222,0.014611,0.35305
66,6,20,0.013414,0.018885,0.58779,0.022045,0.0094301,0.014175,0.35474
68,6,20,0.012224,0.018778,0.58936,0.021875,0.0099265,0.013721,0.35644
70,6,20,0.010933,0.018649,0.59092,0.021713,0.010406,0.013267,0.35814
72,6,20,0.0095565,0.018503,0.59247,0.021565,0.010861,0.012832,0.35986
74,6,20,0.0081133,0.018345,0.59401,0.021437,0.011289,0.01243,0.36158
76,6,20,0.0066229,0.01818,0.59554,0.021337,0.011683,0.012073,0.36332
78,6,20,0.0051062,0.018015,0.59709,0.021268,0.012041,0.011765,0.36511
80,6,20,0.0035853,0.017852,0.59867,0.021234,0.012362,0.011509,0.36697
82,6,20,0.0020834,0.017698,0.6003,0.021239,0.012648,0.011303,0.36893
84,6,20,0.00062446,0.017555,0.60201,0.021282,0.0129,0.011139,0.37102
86,6,20,-0.00076726,0.017424,0.60383,0.021362,0.013123,0.011013,0.37328
88,6,20,-0.0020671,0.017308,0.60581,0.021476,0.013324,0.010917,0.37577
90,6,20,-0.0032504,0.017204,0.60797,0.021619,0.013508,0.010845,0.37851
92,6,20,-0.0042929,0.017113,0.61036,0.021787,0.013684,0.010794,0.38155
94,6,20,-0.0051708,0.01703,0.613,0.021971,0.01386,0.010763,0.38494
96,6,20,-0.0058614,0.016955,0.61594,0.022166,0.014044,0.010754,0.38872
98,6,20,-0.0063427,0.016884,0.6192,0.022364,0.014245,0.01077,0.39291
100,6,20,-0.0065944,0.016815,0.62281,0.022561,0.014472,0.010814,0.39757
102,6,20,-0.0065978,0.016746,0.62679,0.022754,0.014732,0.01089,0.4027
104,6,20,-0.0063361,0.016678,0.63114,0.022946,0.015033,0.010999,0.40834
106,6,20,-0.0057945,0.016613,0.63586,0.023144,0.015378,0.011139,0.4145
108,6,20,-0.0049608,0.016558,0.64095,0.023363,0.015769,0.011307,0.42119
110,6,20,-0.003825,0.01652,0.64638,0.023625,0.016203,0.011499,0.42841
112,6,20,-0.00238,0.01651,0.65212,0.023958,0.016672,0.011707,0.43617
114,6,20,-0.00062152,0.016543,0.65814,0.024392,0.017167,0.011928,0.44445
116,6,20,0.0014519,0.016638,0.66438,0.024958,0.017673,0.012156,0.45324
118,6,20,0.0038385,0.016813,0.6708,0.025683,0.018177,0.012388,0.4625
120,6,20,0.0065338,0.01709,0.67734,0.026587,0.018665,0.012623,0.47222
122,6,20,0.00953,0.017486,0.68395,0.027676,0.019123,0.012859,0.48234
124,6,20,0.012816,0.018018,0.69059,0.028949,0.019542,0.013098,0.49284
126,6,20,0.016379,0.018699,0.69721,0.030391,0.019915,0.013338,0.50365
128,6,20,0.020201,0.019534,0.70377,0.031981,0.020239,0.01358,0.51472
130,6,20,0.024264,0.020523,0.71023,0.03369,0.020514,0.013824,0.52599
132,6,20,0.028546,0.021661,0.71655,0.035487,0.020742,0.01407,0.53738
134,6,20,0.033021,0.022936,0.72272,0.037338,0.020929,0.014317,0.54881
136,6,20,0.037665,0.024333,0.72869,0.039211,0.021079,0.014565,0.5602
138,6,20,0.042447,0.025835,0.73445,0.041075,0.0212,0.014813,0.57147
140,6,20,0.04734,0.027422,0.73997,0.042901,0.021297,0.015062,0.58253
142,6,20,0.05231,0.029073,0.74524,0.044661,0.021374,0.015312,0.59328
144,6,20,0.057327,0.030765,0.75023,0.046331,0.021433,0.015561,0.60362
146,6,20,0.062357,0.032478,0.75492,0.047891,0.021475,0.015811,0.61347
148,6,20,0.067367,0.034191,0.75929,0.049321,0.021499,0.016061,0.62274
150,6,20,0.072325,0.035881,0.76333,0.050604,0.021499,0.016311,0.63133
152,6,20,0.077197,0.037529,0.76703,0.051728,0.021469,0.016559,0.63917
154,6,20,0.081952,0.039116,0.77036,0.052682,0.021401,0.016805,0.64619
156,6,20,0.08656,0.040623,0.77333,0.053456,0.021283,0.017048,0.65233
158,6,20,0.090992,0.042032,0.77592,0.054046,0.021104,0.017285,0.65755
160,6,20,0.09522,0.043329,0.77813,0.054447,0.020851,0.017516,0.66182
162,6,20,0.099221,0.044498,0.77997,0.054658,0.020512,0.017738,0.66512
164,6,20,0.10297,0.045526,0.78145,0.054679,0.020075,0.017947,0.66747
166,6,20,0.10645,0.046403,0.78258,0.054515,0.019531,0.018142,0.66889
168,6,20,0.10965,0.047118,0.78338,0.054169,0.018875,0.018319,0.66944
170,6,20,0.11254,0.047663,0.78389,0.053649,0.018104,0.018473,0.66917
172,6,20,0.11513,0.048034,0.78415,0.052962,0.017223,0.018601,0.66819
174,6,20,0.1174,0.048225,0.7842,0.05212,0.016241,0.018697,0.66659
176,6,20,0.11936,0.048236,0.7841,0.051135,0.015175,0.018759,0.6645
178,6,20,0.121,0.048065,0.78391,0.050023,0.014049,0.018781,0.66206
180,6,20,0.12233,0.047717,0.78369,0.048801,0.012894,0.018762,0.65941
182,6,20,0.12336,0.047194,0.7835,0.04749,0.011748,0.018698,0.65672
184,6,20,0.1241,0.046504,0.78341,0.046113,0.010654,0.018591,0.65413
186,6,20,0.12457,0.045656,0.78349,0.044699,0.0096591,0.018441,0.65182
188,6,20,0.12479,0.044659,0.78381,0.043277,0.0088139,0.01825,0.64994
190,6,20,0.12479,0.043526,0.78441,0.041879,0.0081678,0.018023,0.64863
192,6,20,0.12458,0.042273,0.78536,0.040542,0.007769,0.017765,0.64803
194,6,20,0.12419,0.040916,0.78671,0.039301,0.0076613,0.017483,0.64825
196,6,20,0.12367,0.039473,0.78848,0.038192,0.0078825,0.017182,0.64941
198,6,20,0.12304,0.037967,0.79071,0.037246,0.0084624,0.016871,0.65158
200,6,20,0.12234,0.036419,0.79342,0.036491,0.0094211,0.016559,0.65482
202,6,20,0.1216,0.034854,0.79662,0.035947,0.010768,0.016256,0.65915
204,6,20,0.12087,0.0333,0.80031,0.035624,0.012501,0.015973,0.6646
206,6,20,0.12018,0.031785,0.80447,0.035526,0.014604,0.015726,0.67115
208,6,20,0.11957,0.030339,0.80908,0.035643,0.01705,0.015531,0.67875
210,6,20,0.11908,0.028995,0.81411,0.035962,0.019797,0.015403,0.68735
212,6,20,0.11875,0.027784,0.81952,0.036462,0.022793,0.015358,0.69687
214,6,20,0.11862,0.026736,0.82525,0.037124,0.025972,0.01541,0.70722
216,6,20,0.11872,0.02588,0.83123,0.037925,0.029263,0.015563,0.71827
218,6,20,0.11909,0.025239,0.83742,0.038844,0.032585,0.015819,0.72993
220,6,20,0.11975,0.024827,0.84373,0.039864,0.035854,0.016169,0.74207
222,6,20,0.12075,0.024651,0.8501,0.040968,0.038989,0.016597,0.75455
224,6,20,0.1221,0.024707,0.85646,0.042142,0.041909,0.017083,0.76727
226,6,20,0.12383,0.024982,0.86276,0.043373,0.044541,0.017604,0.78009
228,6,20,0.12596,0.025457,0.86893,0.044649,0.046818,0.018135,0.79292
230,6,20,0.12851,0.026107,0.87494,0.045957,0.048686,0.018652,0.80564
232,6,20,0.13148,0.026905,0.88074,0.047283,0.050102,0.019133,0.81818
234,6,20,0.1349,0.027824,0.88632,0.048615,0.051037,0.01956,0.83047
236,6,20,0.13877,0.02884,0.89166,0.049938,0.051474,0.019916,0.84244
238,6,20,0.14309,0.029932,0.89676,0.051238,0.05141,0.02019,0.85406
240,6,20,0.14785,0.031079,0.90163,0.052501,0.050854,0.020374,0.86531
242,6,20,0.15305,0.032268,0.90628,0.053713,0.04983,0.020461,0.87617
244,6,20,0.15868,0.033483,0.91075,0.054862,0.048371,0.02045,0.88665
246,6,20,0.16474,0.034716,0.91505,0.055934,0.046521,0.02034,0.89677
248,6,20,0.17119,0.035957,0.91923,0.05692,0.044334,0.020136,0.90655
250,6,20,0.17802,0.037199,0.92333,0.057811,0.04187,0.019841,0.91604
252,6,20,0.18521,0.038436,0.92738,0.058601,0.039195,0.019465,0.92528
254,6,20,0.19273,0.039663,0.93142,0.059285,0.03638,0.019017,0.93431
256,6,20,0.20055,0.040875,0.93548,0.059862,0.033496,0.018508,0.9432
258,6,20,0.20864,0.042068,0.93959,0.060334,0.030614,0.017953,0.95199
260,6,20,0.21696,0.043238,0.94378,0.060705,0.027804,0.017367,0.96074
262,6,20,0.22549,0.044381,0.94807,0.060979,0.025134,0.016767,0.9695
264,6,20,0.23418,0.045493,0.95248,0.061167,0.022668,0.016174,0.9783
266,6,20,0.243,0.04657,0.957,0.061275,0.020462,0.015607,0.98719
268,6,20,0.2519,0.047608,0.96166,0.061316,0.018572,0.015087,0.99621
270,6,20,0.26085,0.048604,0.96644,0.061297,0.017043,0.014636,1.0054
272,6,20,0.26982,0.049554,0.97134,0.061229,0.015917,0.014271,1.0147
274,6,20,0.27875,0.050455,0.97637,0.061121,0.015228,0.01401,1.0243
276,6,20,0.28762,0.051305,0.98151,0.060979,0.015003,0.013863,1.034
278,6,20,0.29638,0.052101,0.98677,0.060808,0.015259,0.013838,1.044
280,6,20,0.30501,0.052842,0.99212,0.060614,0.016007,0.013935,1.0541
282,6,20,0.31346,0.053526,0.99756,0.060398,0.017248,0.01415,1.0644
284,6,20,0.3217,0.054152,1.0031,0.060163,0.018972,0.014474,1.0749
286,6,20,0.32971,0.054722,1.0087,0.059909,0.021162,0.014893,1.0856
288,6,20,0.33745,0.055235,1.0143,0.059637,0.023787,0.015396,1.0964
290,6,20,0.3449,0.055693,1.02,0.059347,0.026809,0.01597,1.1073
292,6,20,0.35203,0.056098,1.0257,0.059039,0.030179,0.016603,1.1182
294,6,20,0.35883,0.056452,1.0314,0.058715,0.03384,0.017288,1.1292
296,6,20,0.36526,0.056759,1.037,0.058374,0.03773,0.018018,1.1402
298,6,20,0.37133,0.057022,1.0426,0.05802,0.041778,0.018789,1.1511
300,6,20,0.377,0.057244,1.0482,0.057655,0.045914,0.0196,1.1619
302,6,20,0.38228,0.057428,1.0536,0.05728,0.050063,0.02045,1.1725
304,6,20,0.38714,0.05758,1.0589,0.0569,0.054153,0.021339,1.1829
306,6,20,0.3916,0.057701,1.0641,0.056516,0.058114,0.022264,1.193
308,6,20,0.39563,0.057796,1.069,0.056134,0.061882,0.023224,1.2027
310,6,20,0.39925,0.057867,1.0738,0.055758,0.065395,0.024213,1.212
312,6,20,0.40245,0.057917,1.0782,0.05539,0.0686,0.025223,1.2209
314,6,20,0.40523,0.057948,1.0824,0.055035,0.07145,0.026243,1.2291
316,6,20,0.4076,0.057962,1.0862,0.054695,0.073908,0.02726,1.2367
318,6,20,0.40957,0.05796,1.0897,0.054374,0.075941,0.028258,1.2435
320,6,20,0.41114,0.057942,1.0927,0.054072,0.077527,0.029219,1.2496
322,6,20,0.41232,0.05791,1.0954,0.053789,0.07865,0.030125,1.2548
324,6,20,0.41313,0.057861,1.0976,0.053526,0.079304,0.030958,1.2591
326,6,20,0.41357,0.057797,1.0993,0.053281,0.079491,0.0317,1.2624
328,6,20,0.41367,0.057717,1.1005,0.053049,0.079219,0.032336,1.2646
330,6,20,0.41343,0.057619,1.1013,0.052829,0.078505,0.032855,1.2658
332,6,20,0.41287,0.057504,1.1015,0.052616,0.077372,0.033245,1.2659
334,6,20,0.412,0.05737,1.1013,0.052407,0.075851,0.0335,1.2649
336,6,20,0.41085,0.057217,1.1005,0.052196,0.073979,0.033616,1.2628
338,6,20,0.40942,0.057045,1.0992,0.051983,0.071796,0.033592,1.2597
340,6,20,0.40773,0.056854,1.0975,0.051763,0.069347,0.033431,1.2554
342,6,20,0.4058,0.056645,1.0953,0.051534,0.066681,0.033138,1.2501
344,6,20,0.40365,0.05642,1.0927,0.051297,0.063847,0.03272,1.2439
346,6,20,0.40129,0.056179,1.0896,0.051051,0.060898,0.03219,1.2367
348,6,20,0.39874,0.055926,1.0862,0.050797,0.057884,0.031561,1.2288
350,6,20,0.39601,0.055662,1.0824,0.050537,0.054855,0.03085,1.2201
352,6,20,0.39313,0.05539,1.0783,0.050273,0.05186,0.030078,1.2107
354,6,20,0.3901,0.055115,1.0739,0.050009,0.048941,0.029268,1.2009
356,6,20,0.38693,0.054838,1.0694,0.049748,0.046141,0.028445,1.1905
358,6,20,0.38366,0.054563,1.0646,0.049494,0.043493,0.027636,1.1799
360,6,20,0.38028,0.054295,1.0597,0.049252,0.041026,0.02687,1.169
362,6,20,0.37682,0.054035,1.0547,0.049024,0.038763,0.026172,1.158
364,6,20,0.37328,0.053786,1.0496,0.048816,0.036718,0.025568,1.147
366,6,20,0.36968,0.053551,1.0446,0.048628,0.0349,0.025076,1.136
368,6,20,0.36604,0.053332,1.0395,0.048465,0.033307,0.024706,1.1252
370,6,20,0.36236,0.053129,1.0345,0.048326,0.031933,0.02446,1.1145
372,6,20,0.35866,0.052943,1.0295,0.048211,0.030762,0.024331,1.104
374,6,20,0.35494,0.052773,1.0246,0.048119,0.029774,0.024303,1.0939
376,6,20,0.35122,0.052618,1.0199,0.048049,0.028941,0.024352,1.084
378,6,20,0.34751,0.052475,1.0152,0.047995,0.028233,0.02445,1.0744
380,6,20,0.34383,0.052342,1.0107,0.047956,0.027613,0.02457,1.0652
382,6,20,0.34017,0.052216,1.0063,0.047925,0.027047,0.024682,1.0562
384,6,20,0.33654,0.052091,1.002,0.047899,0.026496,0.024765,1.0476
386,6,20,0.33297,0.051963,0.99784,0.047871,0.025925,0.024798,1.0392
388,6,20,0.32945,0.051828,0.99379,0.047837,0.025303,0.024769,1.0311
390,6,20,0.32599,0.051681,0.98985,0.047792,0.0246,0.024672,1.0232
392,6,20,0.32261,0.051515,0.986,0.047729,0.023795,0.024506,1.0155
394,6,20,0.31929,0.051328,0.98225,0.047645,0.022876,0.024279,1.008
396,6,20,0.31607,0.051112,0.97859,0.047535,0.021837,0.024,1.0006
398,6,20,0.31292,0.050865,0.97502,0.047395,0.020682,0.023684,0.99334
400,6,20,0.30987,0.050582,0.97153,0.047222,0.019425,0.023348,0.98625
402,6,20,0.30692,0.05026,0.96815,0.047012,0.018089,0.023007,0.9793
404,6,20,0.30407,0.049896,0.96487,0.046763,0.016706,0.022677,0.97252
406,6,20,0.30131,0.049488,0.96171,0.046475,0.015315,0.022371,0.96592
408,6,20,0.29866,0.049034,0.95868,0.046147,0.01396,0.022096,0.95954
410,6,20,0.29612,0.048535,0.95582,0.04578,0.012692,0.021858,0.95341
412,6,20,0.29368,0.04799,0.95314,0.045377,0.011561,0.021657,0.94759
414,6,20,0.29134,0.0474,0.95066,0.044941,0.010618,0.02149,0.94212
416,6,20,0.2891,0.046767,0.9484,0.044476,0.0099123,0.021353,0.93705
418,6,20,0.28696,0.046093,0.9464,0.04399,0.0094868,0.021239,0.93244
420,6,20,0.28492,0.045383,0.94467,0.043487,0.0093779,0.021143,0.92833
422,6,20,0.28296,0.044638,0.94322,0.042975,0.0096126,0.021061,0.92475
424,6,20,0.2811,0.043865,0.94207,0.042462,0.010207,0.02099,0.92175
426,6,20,0.27931,0.043067,0.94122,0.041956,0.011164,0.020927,0.91935
428,6,20,0.2776,0.04225,0.94068,0.041464,0.012475,0.020874,0.91755
430,6,20,0.27596,0.041419,0.94044,0.040994,0.014118,0.020829,0.91636
432,6,20,0.27438,0.040579,0.94048,0.040553,0.016059,0.020796,0.91576
434,6,20,0.27285,0.039738,0.94079,0.040148,0.018252,0.020776,0.91571
436,6,20,0.27136,0.0389,0.94133,0.039783,0.020645,0.020769,0.91618
438,6,20,0.26991,0.03807,0.94208,0.039464,0.023177,0.020776,0.9171
440,6,20,0.26848,0.037255,0.94299,0.039193,0.025785,0.020797,0.91841
442,6,20,0.26707,0.036458,0.94402,0.038972,0.028404,0.020831,0.92002
444,6,20,0.26567,0.035685,0.94512,0.0388,0.030972,0.020875,0.92186
446,6,20,0.26427,0.034939,0.94625,0.038677,0.03343,0.020927,0.92381
448,6,20,0.26286,0.034223,0.94736,0.038598,0.035726,0.020983,0.9258
450,6,20,0.26142,0.033542,0.94841,0.038558,0.037815,0.02104,0.92773
452,6,20,0.25997,0.032896,0.94935,0.038552,0.039662,0.021094,0.92951
454,6,20,0.25847,0.032289,0.95015,0.038571,0.041238,0.021141,0.93105
456,6,20,0.25693,0.031721,0.95077,0.038606,0.042525,0.021176,0.93228
458,6,20,0.25535,0.031194,0.95118,0.03865,0.043516,0.021198,0.93313
460,6,20,0.25371,0.030708,0.95138,0.038691,0.04421,0.021203,0.93357
462,6,20,0.252,0.030266,0.95134,0.038723,0.044615,0.021193,0.93353
464,6,20,0.25024,0.029868,0.95106,0.038737,0.044748,0.02117,0.93302
466,6,20,0.2484,0.029515,0.95053,0.038725,0.044631,0.021139,0.932
468,6,20,0.24649,0.029209,0.94978,0.038682,0.044292,0.021109,0.93051
470,6,20,0.24451,0.028951,0.9488,0.038606,0.043764,0.021092,0.92853
472,6,20,0.24246,0.028743,0.94761,0.038494,0.043082,0.0211,0.92612
474,6,20,0.24033,0.028587,0.94624,0.038347,0.042283,0.021148,0.92331
476,6,20,0.23812,0.028485,0.9447,0.038169,0.041405,0.021248,0.92014
478,6,20,0.23585,0.028438,0.94301,0.037964,0.040484,0.02141,0.91665
480,6,20,0.2335,0.028448,0.9412,0.037738,0.039555,0.021638,0.91291
482,6,20,0.23109,0.028517,0.93928,0.037496,0.038648,0.021932,0.90897
484,6,20,0.22862,0.028645,0.93728,0.037246,0.037792,0.022281,0.90486
486,6,20,0.2261,0.02883,0.93522,0.036993,0.037009,0.022669,0.90064
488,6,20,0.22352,0.029073,0.9331,0.036739,0.036316,0.023076,0.89633
490,6,20,0.2209,0.029369,0.93095,0.036488,0.035727,0.023475,0.89196
492,6,20,0.21824,0.029715,0.92876,0.036239,0.035247,0.023838,0.88755
494,6,20,0.21555,0.030106,0.92655,0.035992,0.034876,0.02414,0.88311
496,6,20,0.21284,0.030536,0.92432,0.035743,0.03461,0.024354,0.87863
498,6,20,0.21011,0.030997,0.92205,0.035492,0.034438,0.024462,0.87411
500,6,20,0.20737,0.031483,0.91975,0.035235,0.034343,0.024448,0.86952
502,6,20,0.20462,0.031984,0.91739,0.03497,0.034306,0.024304,0.86484
504,6,20,0.20189,0.032491,0.91497,0.034699,0.034301,0.024025,0.86004
506,6,20,0.19916,0.032997,0.91246,0.034423,0.034304,0.023616,0.85509
508,6,20,0.19645,0.033491,0.90984,0.034144,0.034285,0.023083,0.84997
510,6,20,0.19376,0.033965,0.9071,0.033869,0.034217,0.02244,0.84463
512,6,20,0.19111,0.034412,0.90422,0.033602,0.034072,0.021699,0.83907
514,6,20,0.18848,0.034822,0.90118,0.033352,0.033826,0.020879,0.83326
516,6,20,0.18589,0.03519,0.89796,0.033126,0.033459,0.019998,0.82719
518,6,20,0.18335,0.035509,0.89457,0.032932,0.032958,0.019077,0.82087
520,6,20,0.18084,0.035775,0.89101,0.032775,0.032316,0.018135,0.8143
522,6,20,0.17838,0.035983,0.88727,0.032661,0.031533,0.017196,0.80752
524,6,20,0.17597,0.036131,0.88338,0.032594,0.030619,0.016286,0.80055
526,6,20,0.1736,0.036216,0.87935,0.032573,0.029591,0.015433,0.79342
528,6,20,0.17128,0.03624,0.87522,0.032598,0.028476,0.014669,0.7862
530,6,20,0.16899,0.036202,0.87101,0.032665,0.027304,0.014029,0.77894
532,6,20,0.16675,0.036104,0.86677,0.032767,0.02611,0.013546,0.77169
534,6,20,0.16455,0.03595,0.86253,0.032897,0.024932,0.013251,0.76452
536,6,20,0.16238,0.035743,0.85834,0.033046,0.023807,0.013164,0.75749
538,6,20,0.16025,0.035489,0.85424,0.033206,0.022767,0.01329,0.75067
540,6,20,0.15814,0.035195,0.85026,0.033367,0.021839,0.013621,0.7441
542,6,20,0.15605,0.034866,0.84645,0.033525,0.021042,0.014135,0.73783
544,6,20,0.15397,0.03451,0.84282,0.033673,0.020385,0.014801,0.7319
546,6,20,0.15191,0.034134,0.83941,0.033811,0.019864,0.015589,0.72633
548,6,20,0.14986,0.033747,0.83622,0.033938,0.019468,0.016469,0.72114
550,6,20,0.1478,0.033355,0.83324,0.034058,0.01917,0.017416,0.71634
552,6,20,0.14574,0.032966,0.83048,0.034175,0.018937,0.01841,0.71189
554,6,20,0.14367,0.032587,0.82792,0.034293,0.018729,0.019438,0.7078
556,6,20,0.14159,0.032222,0.82552,0.034421,0.018498,0.020488,0.704
558,6,20,0.13949,0.031877,0.82326,0.034563,0.018194,0.021553,0.70046
560,6,20,0.13737,0.031554,0.82111,0.034724,0.017768,0.022628,0.69712
562,6,20,0.13523,0.031255,0.81901,0.034907,0.017172,0.023708,0.69392
564,6,20,0.13306,0.03098,0.81692,0.035115,0.016363,0.024787,0.69079
566,6,20,0.13086,0.030728,0.81482,0.035347,0.015304,0.02586,0.68766
568,6,20,0.12864,0.030497,0.81264,0.035599,0.013968,0.026919,0.68447
570,6,20,0.12639,0.030281,0.81037,0.035866,0.012338,0.027957,0.68115
572,6,20,0.12411,0.030078,0.80798,0.036143,0.010406,0.028963,0.67764
574,6,20,0.12181,0.02988,0.80542,0.036421,0.0081783,0.029926,0.67391
576,6,20,0.11948,0.029681,0.8027,0.036692,0.0056709,0.030838,0.66991
578,6,20,0.11714,0.029477,0.7998,0.036947,0.0029117,0.031685,0.66561
580,6,20,0.11479,0.02926,0.79672,0.037176,-6.0938e-05,0.032457,0.66102
582,6,20,0.11243,0.029024,0.79347,0.037372,-0.0031993,0.033145,0.65613
584,6,20,0.11006,0.028766,0.79007,0.037527,-0.006448,0.033737,0.65096
586,6,20,0.1077,0.028479,0.78653,0.037635,-0.0097453,0.034226,0.64555
588,6,20,0.10536,0.028162,0.7829,0.037692,-0.013025,0.034604,0.63993
590,6,20,0.10303,0.027811,0.77921,0.037695,-0.016219,0.034866,0.63417
592,6,20,0.10073,0.027427,0.7755,0.037643,-0.019258,0.035008,0.62832
594,6,20,0.098463,0.027009,0.77181,0.037538,-0.022075,0.035026,0.62247
596,6,20,0.096243,0.026559,0.7682,0.037382,-0.024606,0.034922,0.61669
598,6,20,0.094075,0.026079,0.76472,0.037179,-0.026793,0.034695,0.61105
600,6,20,0.091968,0.025575,0.7614,0.036934,-0.028583,0.034349,0.60565
602,6,20,0.089929,0.025052,0.7583,0.036654,-0.029933,0.033889,0.60054
604,6,20,0.087966,0.024517,0.75545,0.036346,-0.030811,0.033321,0.5958
606,6,20,0.086087,0.023976,0.7529,0.036018,-0.031194,0.032655,0.5915
608,6,20,0.084298,0.02344,0.75067,0.035676,-0.031073,0.0319,0.58768
610,6,20,0.082605,0.022916,0.74878,0.035329,-0.030449,0.03107,0.58439
612,6,20,0.081013,0.022415,0.74726,0.034985,-0.029338,0.030178,0.58165
614,6,20,0.079526,0.021946,0.7461,0.03465,-0.02777,0.029241,0.57947
616,6,20,0.078148,0.021518,0.7453,0.034332,-0.025784,0.028275,0.57786
618,6,20,0.07688,0.02114,0.74484,0.034037,-0.023434,0.027301,0.5768
620,6,20,0.075725,0.020818,0.74472,0.033773,-0.020782,0.026337,0.57627
622,6,20,0.074682,0.020559,0.74488,0.033545,-0.017901,0.025404,0.57623
624,6,20,0.07375,0.020365,0.74531,0.03336,-0.014866,0.024521,0.57663
626,6,20,0.072927,0.020237,0.74594,0.033223,-0.01176,0.023707,0.5774
628,6,20,0.072211,0.020174,0.74675,0.033138,-0.008664,0.022979,0.5785
630,6,20,0.071596,0.020173,0.74767,0.033108,-0.0056579,0.022352,0.57984
632,6,20,0.071078,0.020228,0.74866,0.033136,-0.0028175,0.021839,0.58135
634,6,20,0.070651,0.020331,0.74967,0.033219,-0.00021203,0.021447,0.58297
636,6,20,0.070307,0.020475,0.75065,0.033357,0.0020973,0.021185,0.58461
638,6,20,0.070038,0.020651,0.75156,0.033545,0.0040584,0.021053,0.58622
640,6,20,0.069835,0.020848,0.75236,0.033776,0.0056291,0.021052,0.58772
642,6,20,0.069691,0.021059,0.75302,0.034043,0.0067767,0.021179,0.58906
644,6,20,0.069593,0.021273,0.75352,0.034337,0.0074784,0.021429,0.59019
646,6,20,0.069534,0.021484,0.75383,0.034648,0.0077203,0.021797,0.59107
648,6,20,0.069501,0.021684,0.75395,0.034964,0.0074973,0.022277,0.59167
650,6,20,0.069485,0.021868,0.75388,0.035277,0.006812,0.022864,0.59198
652,6,20,0.069475,0.02203,0.7536,0.035576,0.0056748,0.023554,0.59196
654,6,20,0.069461,0.022168,0.75314,0.035854,0.0041032,0.024346,0.59164
656,6,20,0.069433,0.022278,0.75249,0.036103,0.0021217,0.02524,0.591
658,6,20,0.069382,0.02236,0.75168,0.036319,-0.00023861,0.026239,0.59008
660,6,20,0.069297,0.022414,0.75072,0.036499,-0.0029404,0.027347,0.58888
662,6,20,0.069172,0.022439,0.74963,0.036639,-0.0059403,0.028565,0.58745
664,6,20,0.068999,0.022439,0.74844,0.036741,-0.0091901,0.029897,0.5858
666,6,20,0.06877,0.022415,0.74716,0.036806,-0.012637,0.031339,0.58399
668,6,20,0.068481,0.022371,0.74583,0.036836,-0.016226,0.032886,0.58204
670,6,20,0.068126,0.022311,0.74446,0.036835,-0.019898,0.034528,0.58
672,6,20,0.067703,0.02224,0.74308,0.036807,-0.023596,0.036247,0.5779
674,6,20,0.067208,0.022162,0.7417,0.036759,-0.027262,0.038023,0.57579
676,6,20,0.066641,0.022083,0.74035,0.036695,-0.030841,0.03983,0.5737
678,6,20,0.066001,0.022008,0.73904,0.036622,-0.03428,0.041639,0.57166
680,6,20,0.06529,0.021942,0.73778,0.036545,-0.037531,0.04342,0.5697
682,6,20,0.06451,0.02189,0.73659,0.036472,-0.040549,0.045141,0.56784
684,6,20,0.063665,0.021857,0.73547,0.036409,-0.043297,0.046769,0.5661
686,6,20,0.062758,0.021846,0.73442,0.036363,-0.045741,0.048273,0.5645
688,6,20,0.061796,0.02186,0.73345,0.036339,-0.047854,0.049624,0.56304
690,6,20,0.060785,0.021903,0.73256,0.036344,-0.049612,0.050795,0.56173
692,6,20,0.059733,0.021976,0.73173,0.036381,-0.051001,0.051761,0.56057
694,6,20,0.058646,0.022079,0.73096,0.036453,-0.052007,0.0525,0.55956
696,6,20,0.057535,0.022213,0.73026,0.036562,-0.052625,0.052994,0.55868
698,6,20,0.056407,0.022377,0.7296,0.036708,-0.052851,0.053229,0.55792
700,6,20,0.055273,0.022569,0.72898,0.036887,-0.052688,0.053195,0.55727
702,6,20,0.054143,0.022787,0.7284,0.037095,-0.052141,0.052884,0.55672
704,6,20,0.053025,0.023028,0.72785,0.037325,-0.05122,0.052294,0.55624
706,6,20,0.051931,0.02329,0.72733,0.03757,-0.049938,0.051426,0.55583
708,6,20,0.050869,0.023569,0.72684,0.037819,-0.048314,0.050285,0.55547
710,6,20,0.049849,0.023862,0.72636,0.038064,-0.046368,0.048881,0.55513
712,6,20,0.048879,0.024166,0.72592,0.038294,-0.044126,0.047228,0.55482
714,6,20,0.047969,0.024476,0.72549,0.038501,-0.041616,0.045343,0.5545
716,6,20,0.047125,0.02479,0.7251,0.038676,-0.038873,0.043251,0.55419
718,6,20,0.046355,0.025106,0.72473,0.038811,-0.035933,0.040976,0.55386
720,6,20,0.045664,0.025419,0.7244,0.038904,-0.032835,0.038553,0.55351
722,6,20,0.045058,0.025729,0.72409,0.03895,-0.029623,0.036019,0.55313
724,6,20,0.044542,0.026032,0.72382,0.038949,-0.026341,0.033419,0.55274
726,6,20,0.044117,0.026326,0.72358,0.038901,-0.023037,0.030803,0.55232
728,6,20,0.043786,0.02661,0.72336,0.038811,-0.019757,0.028231,0.55187
730,6,20,0.043549,0.026883,0.72318,0.038682,-0.016552,0.025772,0.55141
732,6,20,0.043407,0.027142,0.72301,0.038519,-0.013469,0.023501,0.55094
734,6,20,0.043359,0.027387,0.72286,0.03833,-0.01056,0.021495,0.55045
736,6,20,0.0434,0.027617,0.72273,0.03812,-0.0078743,0.019825,0.54995
738,6,20,0.043529,0.027831,0.72261,0.037897,-0.0054648,0.018535,0.54945
740,6,20,0.043741,0.028029,0.72249,0.037667,-0.0033828,0.017628,0.54895
742,6,20,0.044029,0.028208,0.72237,0.037436,-0.0016775,0.017049,0.54845
744,6,20,0.044389,0.028369,0.72225,0.037209,-0.00038976,0.016701,0.54795
746,6,20,0.044812,0.02851,0.72212,0.036991,0.00045654,0.016466,0.54745
748,6,20,0.045291,0.028632,0.72197,0.036783,0.00086424,0.016245,0.54694
750,6,20,0.045817,0.028732,0.72179,0.03659,0.00087036,0.015978,0.54642
752,6,20,0.046383,0.028811,0.72159,0.03641,0.00054624,0.015657,0.54588
754,6,20,0.046978,0.028868,0.72136,0.036245,-1.0932e-05,0.015313,0.54532
756,6,20,0.047593,0.028901,0.72108,0.036094,-0.00069225,0.015,0.54471
758,6,20,0.04822,0.028911,0.72077,0.035955,-0.0013913,0.014768,0.54407
760,6,20,0.048848,0.028895,0.7204,0.035827,-0.0020146,0.014652,0.54336
762,6,20,0.049468,0.028854,0.71998,0.035707,-0.0024871,0.014659,0.5426
764,6,20,0.050071,0.028786,0.71951,0.035592,-0.0027544,0.014771,0.54176
766,6,20,0.050648,0.028692,0.71898,0.035481,-0.0027818,0.014954,0.54085
768,6,20,0.051192,0.028571,0.71839,0.035371,-0.0025529,0.015168,0.53985
770,6,20,0.051694,0.028423,0.71774,0.035261,-0.0020678,0.015377,0.53878
772,6,20,0.052148,0.028248,0.71704,0.035147,-0.001341,0.015553,0.53762
774,6,20,0.052547,0.028046,0.7163,0.03503,-0.00040032,0.015677,0.5364
776,6,20,0.052885,0.027818,0.71551,0.034907,0.00071527,0.015741,0.53511
778,6,20,0.053159,0.027566,0.71469,0.034777,0.001956,0.015748,0.53376
780,6,20,0.053365,0.02729,0.71385,0.034641,0.0032626,0.015705,0.53238
782,6,20,0.053499,0.026994,0.71301,0.034498,0.004567,0.015624,0.53099
784,6,20,0.05356,0.026678,0.71217,0.034349,0.0057938,0.015517,0.5296
786,6,20,0.053548,0.026346,0.71135,0.034195,0.0068633,0.015398,0.52823
788,6,20,0.053461,0.026002,0.71057,0.034037,0.0076965,0.01528,0.52692
790,6,20,0.053301,0.025649,0.70984,0.033878,0.0082235,0.015186,0.52568
792,6,20,0.053071,0.025292,0.70918,0.03372,0.0083931,0.015157,0.52454
794,6,20,0.052772,0.024936,0.7086,0.033567,0.0081824,0.015259,0.52352
796,6,20,0.052409,0.024586,0.70811,0.033421,0.0076014,0.015579,0.52264
798,6,20,0.051986,0.024247,0.70772,0.033288,0.0066915,0.016207,0.52191
800,6,20,0.051508,0.023927,0.70743,0.033169,0.0055183,0.017206,0.52136
802,6,20,0.05098,0.02363,0.70724,0.03307,0.0041611,0.018592,0.52097
804,6,20,0.05041,0.023362,0.70717,0.032993,0.0027038,0.020334,0.52077
806,6,20,0.049802,0.02313,0.70719,0.03294,0.0012273,0.022362,0.52074
808,6,20,0.049165,0.022938,0.70731,0.032915,-0.00019507,0.024591,0.52087
810,6,20,0.048506,0.022791,0.70751,0.032919,-0.0015004,0.026937,0.52116
812,6,20,0.047831,0.022692,0.70778,0.032955,-0.0026373,0.029319,0.52159
814,6,20,0.047149,0.022644,0.7081,0.033021,-0.0035665,0.031668,0.52213
816,6,20,0.046466,0.022648,0.70846,0.03312,-0.0042603,0.033923,0.52276
818,6,20,0.04579,0.022703,0.70883,0.033251,-0.0047024,0.036033,0.52344
820,6,20,0.045128,0.022808,0.70919,0.033413,-0.0048866,0.037956,0.52416
822,6,20,0.044487,0.022961,0.70952,0.033604,-0.0048154,0.039655,0.52487
824,6,20,0.043872,0.023156,0.7098,0.033821,-0.004499,0.041103,0.52556
826,6,20,0.043291,0.023388,0.71003,0.03406,-0.0039537,0.042275,0.52618
828,6,20,0.042747,0.023653,0.71017,0.034315,-0.0032003,0.043155,0.52672
830,6,20,0.042246,0.023943,0.71023,0.03458,-0.0022628,0.043727,0.52714
832,6,20,0.041792,0.024251,0.71019,0.034848,-0.0011671,0.043983,0.52744
834,6,20,0.041389,0.024569,0.71006,0.035111,5.9844e-05,0.043918,0.52761
836,6,20,0.041038,0.024892,0.70983,0.035362,0.0013914,0.04353,0.52762
838,6,20,0.040742,0.025211,0.70951,0.035594,0.0028021,0.042819,0.52748
840,6,20,0.040503,0.025521,0.70912,0.035801,0.004268,0.041791,0.5272
842,6,20,0.040321,0.025816,0.70865,0.035979,0.0057683,0.040455,0.52677
844,6,20,0.040195,0.026089,0.70812,0.036123,0.0072853,0.038824,0.52622
846,6,20,0.040124,0.026336,0.70754,0.036233,0.0088049,0.036915,0.52556
848,6,20,0.040108,0.026553,0.70694,0.036309,0.010317,0.034751,0.52481
850,6,20,0.040143,0.026736,0.70631,0.03635,0.011815,0.032365,0.52399
852,6,20,0.040226,0.026883,0.70569,0.036361,0.013295,0.029796,0.52311
854,6,20,0.040354,0.026991,0.70507,0.036343,0.014752,0.027097,0.52221
856,6,20,0.040523,0.02706,0.70446,0.0363,0.016181,0.024335,0.5213
858,6,20,0.040728,0.027089,0.70389,0.036237,0.017565,0.021598,0.52041
860,6,20,0.040964,0.027079,0.70334,0.036157,0.018879,0.018997,0.51953
862,6,20,0.041226,0.02703,0.70284,0.036065,0.020073,0.016661,0.51869
864,6,20,0.041507,0.026944,0.70237,0.035963,0.021071,0.014726,0.5179
866,6,20,0.041801,0.026823,0.70194,0.035854,0.021761,0.013291,0.51714
868,6,20,0.042103,0.026669,0.70153,0.035743,0.021998,0.012363,0.51642
870,6,20,0.042407,0.026487,0.70115,0.035631,0.021624,0.011849,0.51574
872,6,20,0.042705,0.02628,0.70078,0.035522,0.020507,0.011659,0.51507
874,6,20,0.042991,0.02605,0.70041,0.035417,0.018595,0.011842,0.5144
876,6,20,0.043259,0.025804,0.70001,0.035319,0.015944,0.012623,0.51372
878,6,20,0.043504,0.025544,0.69958,0.035231,0.012697,0.014243,0.513
880,6,20,0.043718,0.025276,0.69911,0.035153,0.0090343,0.016752,0.51223
882,6,20,0.043897,0.025003,0.69856,0.035088,0.0051302,0.020006,0.51138
884,6,20,0.044035,0.02473,0.69794,0.035036,0.0011289,0.023787,0.51044
886,6,20,0.044128,0.02446,0.69722,0.034996,-0.0028593,0.027891,0.50939
888,6,20,0.04417,0.024199,0.69641,0.034969,-0.006755,0.032157,0.50823
890,6,20,0.044158,0.023948,0.69551,0.034951,-0.010503,0.036462,0.50694
892,6,20,0.044088,0.023712,0.6945,0.03494,-0.014067,0.040712,0.50552
894,6,20,0.043957,0.023494,0.6934,0.034933,-0.017423,0.044835,0.50399
896,6,20,0.043762,0.023294,0.69222,0.034926,-0.020557,0.048776,0.50234
898,6,20,0.043501,0.023117,0.69097,0.034917,-0.023461,0.05249,0.5006
900,6,20,0.043174,0.022963,0.68966,0.034902,-0.026132,0.055944,0.49878
902,6,20,0.042778,0.022833,0.68833,0.034879,-0.028569,0.059113,0.49691
904,6,20,0.042313,0.022728,0.68698,0.034847,-0.03077,0.061978,0.49501
906,6,20,0.04178,0.02265,0.68564,0.034806,-0.032738,0.064526,0.49311
908,6,20,0.04118,0.022598,0.68432,0.034756,-0.03447,0.06675,0.49125
910,6,20,0.040513,0.022574,0.68305,0.034698,-0.035967,0.068647,0.48944
912,6,20,0.039781,0.022576,0.68185,0.034635,-0.037229,0.070217,0.48771
914,6,20,0.038987,0.022604,0.68073,0.034571,-0.038253,0.071464,0.4861
916,6,20,0.038132,0.022659,0.67969,0.034508,-0.03904,0.072397,0.4846
918,6,20,0.037221,0.02274,0.67875,0.03445,-0.03959,0.073026,0.48325
920,6,20,0.036257,0.022847,0.67791,0.034401,-0.039907,0.073364,0.48205
922,6,20,0.035243,0.022978,0.67716,0.034364,-0.039996,0.073425,0.48099
924,6,20,0.034184,0.023133,0.67651,0.034341,-0.039866,0.073227,0.48008
926,6,20,0.033085,0.02331,0.67594,0.034334,-0.039528,0.072789,0.4793
928,6,20,0.031949,0.023509,0.67545,0.034344,-0.038999,0.072129,0.47864
930,6,20,0.030782,0.023727,0.675,0.034371,-0.038299,0.071269,0.47808
932,6,20,0.02959,0.023962,0.6746,0.034415,-0.03745,0.070231,0.47758
934,6,20,0.028376,0.024212,0.67421,0.034476,-0.036479,0.069038,0.47714
936,6,20,0.027147,0.024475,0.67382,0.034551,-0.035413,0.067715,0.47671
938,6,20,0.025909,0.024747,0.6734,0.034638,-0.034283,0.066284,0.47627
940,6,20,0.024665,0.025024,0.67295,0.034734,-0.033118,0.064773,0.47579
942,6,20,0.023423,0.025305,0.67245,0.034837,-0.031948,0.063205,0.47524
944,6,20,0.022187,0.025584,0.67187,0.034943,-0.0308,0.061608,0.47461
946,6,20,0.020962,0.025858,0.67122,0.035048,-0.029702,0.060006,0.47388
948,6,20,0.019754,0.026123,0.67049,0.035148,-0.028676,0.058425,0.47303
950,6,20,0.018568,0.026374,0.66969,0.035237,-0.027743,0.056889,0.47207
952,6,20,0.017407,0.026609,0.6688,0.03531,-0.026919,0.05542,0.47099
954,6,20,0.016278,0.026822,0.66786,0.035362,-0.026217,0.054041,0.4698
956,6,20,0.015183,0.027011,0.66687,0.035386,-0.025646,0.05277,0.4685
958,6,20,0.014128,0.027171,0.66585,0.035375,-0.025213,0.051626,0.46713
960,6,20,0.013116,0.027299,0.66482,0.035324,-0.02492,0.050622,0.46569
962,6,20,0.012149,0.027392,0.66381,0.035227,-0.024768,0.049773,0.46422
964,6,20,0.011232,0.027446,0.66284,0.035079,-0.024758,0.04909,0.46274
966,6,20,0.010367,0.027461,0.66193,0.034877,-0.024889,0.048581,0.46126
968,6,20,0.0095564,0.027433,0.6611,0.034617,-0.02516,0.048255,0.45983
970,6,20,0.0088017,0.027361,0.66038,0.034299,-0.025571,0.048118,0.45845
972,6,20,0.0081048,0.027244,0.65976,0.033924,-0.026125,0.048173,0.45715
974,6,20,0.0074668,0.02708,0.65926,0.033493,-0.026825,0.048424,0.45594
976,6,20,0.0068884,0.02687,0.65889,0.033009,-0.027675,0.048871,0.45483
978,6,20,0.0063701,0.026614,0.65863,0.032478,-0.028682,0.049512,0.45383
980,6,20,0.0059117,0.026312,0.65848,0.031905,-0.029853,0.050343,0.45293
982,6,20,0.0055129,0.025965,0.65842,0.031296,-0.031198,0.051358,0.45212
984,6,20,0.0051728,0.025576,0.65844,0.03066,-0.032724,0.052546,0.4514
986,6,20,0.0048903,0.025147,0.65851,0.030005,-0.034438,0.053897,0.45074
988,6,20,0.0046637,0.024679,0.65861,0.02934,-0.036345,0.055396,0.45013
990,6,20,0.0044912,0.024177,0.65872,0.028675,-0.038447,0.057027,0.44953
992,6,20,0.0043704,0.023643,0.6588,0.028019,-0.040741,0.058772,0.44893
994,6,20,0.0042988,0.023083,0.65883,0.027382,-0.043221,0.060611,0.44831
996,6,20,0.0042735,0.022501,0.65879,0.026773,-0.045873,0.062525,0.44762
998,6,20,0.0042914,0.021902,0.65865,0.0262,-0.048679,0.06449,0.44687
1000,6,20,0.0043491,0.021292,0.6584,0.02567,-0.051614,0.066486,0.44601
1002,6,20,0.0044428,0.020676,0.65802,0.02519,-0.054649,0.068487,0.44505
1004,6,20,0.0045689,0.020061,0.65751,0.024764,-0.057748,0.07047,0.44397
1006,6,20,0.0047233,0.019454,0.65686,0.024395,-0.060868,0.07241,0.44277
1008,6,20,0.0049019,0.018861,0.65606,0.024084,-0.063965,0.074284,0.44144
1010,6,20,0.0051006,0.01829,0.65514,0.023832,-0.06699,0.076067,0.44
1012,6,20,0.0053149,0.017746,0.6541,0.023637,-0.069891,0.077735,0.43846
1014,6,20,0.0055408,0.017236,0.65295,0.023498,-0.072616,0.079265,0.43683
1016,6,20,0.0057737,0.016767,0.65171,0.023411,-0.075111,0.080636,0.43514
1018,6,20,0.0060096,0.016342,0.6504,0.023375,-0.077326,0.081826,0.4334
1020,6,20,0.0062443,0.015965,0.64905,0.023386,-0.079212,0.082816,0.43166
1022,6,20,0.0064737,0.01564,0.64768,0.02344,-0.080723,0.083588,0.42992
1024,6,20,0.0066939,0.015366,0.64631,0.023534,-0.081822,0.084125,0.42823
1026,6,20,0.0069014,0.015144,0.64496,0.023662,-0.082475,0.084414,0.42661
1028,6,20,0.0070925,0.014972,0.64366,0.023821,-0.082658,0.084443,0.42508
1030,6,20,0.0072641,0.014845,0.64243,0.024005,-0.082353,0.084201,0.42367
1032,6,20,0.0074133,0.014759,0.64128,0.02421,-0.081553,0.083682,0.42238
1034,6,20,0.0075374,0.014708,0.64024,0.024428,-0.080258,0.082879,0.42124
1036,6,20,0.0076342,0.014686,0.6393,0.024654,-0.078479,0.081791,0.42025
1038,6,20,0.0077018,0.014687,0.63848,0.024881,-0.076238,0.080419,0.41942
1040,6,20,0.0077386,0.014703,0.63778,0.025104,-0.073562,0.078764,0.41874
1042,6,20,0.0077434,0.014729,0.6372,0.025317,-0.070489,0.076833,0.4182
1044,6,20,0.0077157,0.014759,0.63673,0.025516,-0.067067,0.074635,0.4178
1046,6,20,0.0076551,0.014788,0.63637,0.025697,-0.063347,0.072182,0.41752
1048,6,20,0.0075616,0.014813,0.6361,0.025857,-0.059387,0.069487,0.41733
1050,6,20,0.0074359,0.014829,0.63592,0.025997,-0.055248,0.066568,0.41723
1052,6,20,0.0072789,0.014837,0.63579,0.026114,-0.050997,0.063446,0.41718
1054,6,20,0.007092,0.014833,0.6357,0.02621,-0.046695,0.060143,0.41717
1056,6,20,0.006877,0.014819,0.63564,0.026286,-0.042407,0.056684,0.41716
1058,6,20,0.006636,0.014796,0.63558,0.026344,-0.038193,0.053098,0.41714
1060,6,20,0.0063716,0.014763,0.6355,0.026385,-0.034106,0.049417,0.41709
1062,6,20,0.0060867,0.014725,0.6354,0.026411,-0.030197,0.045673,0.41699
1064,6,20,0.0057845,0.014684,0.63526,0.026422,-0.026508,0.041906,0.41682
1066,6,20,0.0054685,0.014642,0.63506,0.026421,-0.023075,0.038157,0.41656
1068,6,20,0.0051423,0.014602,0.6348,0.026406,-0.019925,0.034472,0.41621
1070,6,20,0.00481,0.014569,0.63447,0.026379,-0.017083,0.030904,0.41577
1072,6,20,0.0044758,0.014544,0.63407,0.026338,-0.014565,0.027514,0.41522
1074,6,20,0.0041437,0.014529,0.6336,0.026283,-0.012386,0.024371,0.41458
1076,6,20,0.0038182,0.014527,0.63307,0.026212,-0.01056,0.021552,0.41384
1078,6,20,0.0035036,0.014539,0.63248,0.026125,-0.0091014,0.019139,0.413
1080,6,20,0.0032044,0.014564,0.63184,0.026021,-0.0080301,0.017202,0.41209
1082,6,20,0.0029247,0.014601,0.63116,0.0259,-0.007369,0.015776,0.41111
1084,6,20,0.0026688,0.01465,0.63045,0.025762,-0.0071435,0.014835,0.41008
1086,6,20,0.0024408,0.014708,0.62971,0.025609,-0.0073754,0.014283,0.409
1088,6,20,0.0022445,0.014772,0.62897,0.02544,-0.0080723,0.013983,0.4079
1090,6,20,0.0020835,0.014838,0.62823,0.025259,-0.0092144,0.013804,0.40679
1092,6,20,0.0019612,0.014903,0.62749,0.025069,-0.010746,0.013662,0.40569
1094,6,20,0.0018804,0.014963,0.62678,0.024872,-0.012579,0.013531,0.40461
1096,6,20,0.001844,0.015014,0.62611,0.024671,-0.014602,0.01343,0.40357
1098,6,20,0.001854,0.015052,0.62547,0.024471,-0.016698,0.013397,0.40259
1100,6,20,0.0019123,0.015075,0.62488,0.024275,-0.018763,0.01347,0.40167
1102,6,20,0.0020202,0.015079,0.62435,0.024087,-0.020707,0.013665,0.40083
1104,6,20,0.0021787,0.015062,0.62387,0.023911,-0.022462,0.01398,0.40008
1106,6,20,0.0023881,0.015024,0.62347,0.02375,-0.02398,0.014392,0.39943
1108,6,20,0.0026484,0.014962,0.62313,0.023608,-0.025229,0.014871,0.39889
1110,6,20,0.0029589,0.014878,0.62287,0.023487,-0.026192,0.015382,0.39845
1112,6,20,0.0033185,0.014772,0.62269,0.02339,-0.026864,0.015895,0.39813
1114,6,20,0.0037256,0.014645,0.62257,0.023318,-0.027247,0.016383,0.39793
1116,6,20,0.0041782,0.014501,0.62254,0.023273,-0.027353,0.016828,0.39784
1118,6,20,0.0046736,0.014341,0.62257,0.023254,-0.027199,0.017215,0.39787
1120,6,20,0.0052088,0.01417,0.62268,0.023261,-0.026805,0.017537,0.39801
1122,6,20,0.0057804,0.013992,0.62286,0.023294,-0.026198,0.017791,0.39826
1124,6,20,0.0063846,0.01381,0.62309,0.023352,-0.025403,0.01798,0.39861
1126,6,20,0.0070173,0.013631,0.62339,0.023432,-0.024452,0.018106,0.39905
1128,6,20,0.0076738,0.013457,0.62374,0.023534,-0.023375,0.018178,0.39957
1130,6,20,0.0083495,0.013293,0.62413,0.023654,-0.022204,0.018204,0.40017
1132,6,20,0.0090394,0.013144,0.62457,0.023791,-0.020972,0.018193,0.40084
1134,6,20,0.0097382,0.013011,0.62503,0.023941,-0.019712,0.018157,0.40155
1136,6,20,0.010441,0.012898,0.62552,0.024103,-0.018454,0.018104,0.40231
1138,6,20,0.011142,0.012804,0.62602,0.024274,-0.017229,0.018042,0.4031
1140,6,20,0.011836,0.012731,0.62653,0.024451,-0.016066,0.017978,0.4039
1142,6,20,0.012518,0.012678,0.62704,0.024633,-0.014989,0.017917,0.40471
1144,6,20,0.013182,0.012641,0.62753,0.024818,-0.014023,0.017859,0.4055
1146,6,20,0.013824,0.012619,0.628,0.025003,-0.013185,0.017805,0.40627
1148,6,20,0.014438,0.012607,0.62844,0.025189,-0.012492,0.017752,0.40699
1150,6,20,0.01502,0.012602,0.62884,0.025374,-0.011955,0.017696,0.40767
1152,6,20,0.015566,0.012599,0.62918,0.025557,-0.011582,0.017632,0.40828
1154,6,20,0.016072,0.012595,0.62947,0.025738,-0.011376,0.017552,0.40881
1156,6,20,0.016534,0.012583,0.62968,0.025916,-0.01134,0.017451,0.40926
1158,6,20,0.016948,0.012562,0.62982,0.026092,-0.011468,0.017322,0.4096
1160,6,20,0.017313,0.012528,0.62987,0.026265,-0.011756,0.017159,0.40984
1162,6,20,0.017626,0.012478,0.62983,0.026434,-0.012194,0.016958,0.40996
1164,6,20,0.017884,0.012412,0.62969,0.026598,-0.01277,0.016716,0.40995
1166,6,20,0.018088,0.012328,0.62946,0.026755,-0.013469,0.016429,0.40982
1168,6,20,0.018236,0.012226,0.62913,0.026903,-0.014275,0.016098,0.40956
1170,6,20,0.018327,0.012108,0.6287,0.02704,-0.015168,0.015725,0.40916
1172,6,20,0.018363,0.011977,0.62819,0.027163,-0.016127,0.015312,0.40864
1174,6,20,0.018344,0.011836,0.62759,0.027269,-0.017127,0.014865,0.40799
1176,6,20,0.01827,0.011689,0.62691,0.027354,-0.018143,0.014393,0.40723
1178,6,20,0.018145,0.011541,0.62616,0.027416,-0.01915,0.013906,0.40636
1180,6,20,0.01797,0.011397,0.62537,0.027451,-0.02012,0.013416,0.4054
1182,6,20,0.017748,0.011264,0.62453,0.027458,-0.021026,0.012937,0.40436
1184,6,20,0.017481,0.011149,0.62367,0.027436,-0.021842,0.012486,0.40326
1186,6,20,0.017173,0.011057,0.62279,0.027384,-0.022544,0.012079,0.40212
1188,6,20,0.016828,0.010994,0.62192,0.027303,-0.02311,0.011731,0.40095
1190,6,20,0.016449,0.010965,0.62107,0.027197,-0.023521,0.011456,0.39979
1192,6,20,0.016041,0.010973,0.62026,0.027067,-0.023762,0.011264,0.39864
1194,6,20,0.015607,0.011021,0.61949,0.02692,-0.023821,0.011159,0.39753
1196,6,20,0.015153,0.011108,0.61877,0.026758,-0.023693,0.011142,0.39648
1198,6,20,0.014682,0.011235,0.61813,0.026589,-0.023373,0.011206,0.39551
1200,6,20,0.014198,0.011396,0.61755,0.026416,-0.022863,0.011341,0.39463
1202,6,20,0.013707,0.01159,0.61706,0.026244,-0.022169,0.011535,0.39385
1204,6,20,0.013212,0.011809,0.61665,0.026079,-0.021299,0.011773,0.39318
1206,6,20,0.012718,0.012048,0.61633,0.025925,-0.020265,0.012042,0.39263
1208,6,20,0.012228,0.012301,0.61608,0.025783,-0.019083,0.012332,0.39219
1210,6,20,0.011745,0.012562,0.61592,0.025656,-0.017768,0.012634,0.39187
1212,6,20,0.011275,0.012823,0.61583,0.025547,-0.016341,0.012941,0.39165
1214,6,20,0.010818,0.013079,0.6158,0.025454,-0.014821,0.013248,0.39152
1216,6,20,0.010379,0.013324,0.61583,0.025379,-0.01323,0.013552,0.39148
1218,6,20,0.0099587,0.013554,0.61589,0.025319,-0.011587,0.013851,0.3915
1220,6,20,0.0095603,0.013765,0.61597,0.025275,-0.0099142,0.014143,0.39156
1222,6,20,0.0091851,0.013952,0.61607,0.025243,-0.0082306,0.014424,0.39165
1224,6,20,0.0088342,0.014114,0.61615,0.025221,-0.006555,0.01469,0.39173
1226,6,20,0.0085086,0.014248,0.61622,0.025206,-0.0049045,0.014937,0.3918
1228,6,20,0.0082086,0.014354,0.61625,0.025196,-0.0032945,0.015158,0.39182
1230,6,20,0.0079344,0.01443,0.61623,0.025188,-0.001739,0.015347,0.39179
1232,6,20,0.0076855,0.014478,0.61615,0.02518,-0.00025036,0.015498,0.39169
1234,6,20,0.0074613,0.014498,0.61601,0.025171,0.0011606,0.015607,0.39151
1236,6,20,0.0072609,0.014492,0.6158,0.025159,0.0024839,0.01567,0.39123
1238,6,20,0.0070828,0.014461,0.61551,0.025147,0.0037109,0.015685,0.39087
1240,6,20,0.0069256,0.014409,0.61514,0.025136,0.004833,0.015655,0.3904
1242,6,20,0.0067873,0.014338,0.6147,0.025128,0.0058422,0.015583,0.38985
1244,6,20,0.0066661,0.014253,0.61419,0.025127,0.0067306,0.015476,0.38922
1246,6,20,0.0065597,0.014155,0.61361,0.025137,0.0074897,0.015341,0.38852
1248,6,20,0.0064659,0.014049,0.61298,0.025161,0.0081111,0.015187,0.38777
1250,6,20,0.0063822,0.01394,0.6123,0.025202,0.0085856,0.015022,0.38698
1252,6,20,0.0063063,0.01383,0.61159,0.025262,0.0089037,0.014854,0.38616
1254,6,20,0.0062358,0.013722,0.61086,0.025341,0.009056,0.01469,0.38535
1256,6,20,0.0061684,0.013621,0.61013,0.025437,0.009033,0.014533,0.38455
1258,6,20,0.0061017,0.01353,0.6094,0.025549,0.0088264,0.014387,0.38378
1260,6,20,0.0060338,0.01345,0.6087,0.025673,0.0084295,0.014257,0.38304
1262,6,20,0.0059626,0.013383,0.60804,0.025805,0.0078378,0.014148,0.38236
1264,6,20,0.0058864,0.013332,0.60741,0.025938,0.0070498,0.01407,0.38173
1266,6,20,0.0058037,0.013296,0.60684,0.02607,0.0060672,0.014035,0.38117
1268,6,20,0.0057131,0.013276,0.60631,0.026195,0.0048952,0.01406,0.38065
1270,6,20,0.0056136,0.013273,0.60584,0.02631,0.0035418,0.014165,0.38019
1272,6,20,0.0055046,0.013284,0.60541,0.026412,0.0020183,0.014366,0.37978
1274,6,20,0.0053855,0.013311,0.60502,0.026499,0.00033831,0.014679,0.37939
1276,6,20,0.0052562,0.013351,0.60466,0.026569,-0.0014822,0.015109,0.37902
1278,6,20,0.0051168,0.013403,0.60431,0.026622,-0.0034251,0.015657,0.37866
1280,6,20,0.0049679,0.013466,0.60397,0.026657,-0.0054697,0.016312,0.37828
1282,6,20,0.00481,0.013539,0.60363,0.026674,-0.0075934,0.017058,0.37788
1284,6,20,0.0046442,0.013621,0.60326,0.026673,-0.0097711,0.017873,0.37744
1286,6,20,0.0044716,0.013711,0.60288,0.026652,-0.011976,0.018731,0.37696
1288,6,20,0.0042939,0.013807,0.60246,0.02661,-0.014178,0.019608,0.37642
1290,6,20,0.0041125,0.01391,0.60202,0.026546,-0.016346,0.02048,0.37582
1292,6,20,0.0039293,0.014019,0.60155,0.026459,-0.01845,0.021323,0.37516
1294,6,20,0.0037462,0.014133,0.60106,0.026347,-0.020457,0.022119,0.37446
1296,6,20,0.0035653,0.014253,0.60055,0.026208,-0.022335,0.022851,0.37371
1298,6,20,0.0033886,0.014378,0.60004,0.026043,-0.024055,0.023507,0.37294
1300,6,20,0.0032183,0.014507,0.59955,0.025849,-0.025587,0.024078,0.37215
1302,6,20,0.0030564,0.014642,0.59908,0.025629,-0.026908,0.024557,0.37138
1304,6,20,0.002905,0.01478,0.59866,0.025382,-0.027995,0.024939,0.37063
1306,6,20,0.0027659,0.014922,0.59829,0.025111,-0.028833,0.025225,0.36993
1308,6,20,0.002641,0.015067,0.59801,0.024817,-0.029409,0.025414,0.36931
1310,6,20,0.0025318,0.015214,0.59781,0.024504,-0.029716,0.025509,0.36879
1312,6,20,0.0024398,0.015361,0.59772,0.024175,-0.029754,0.025514,0.36837
1314,6,20,0.0023661,0.015507,0.59773,0.023834,-0.029527,0.025433,0.36808
1316,6,20,0.0023115,0.015651,0.59787,0.023487,-0.029045,0.025271,0.36793
1318,6,20,0.0022768,0.01579,0.59812,0.023138,-0.028324,0.025035,0.36791
1320,6,20,0.0022622,0.015922,0.59848,0.022793,-0.027382,0.024732,0.36804
1322,6,20,0.0022676,0.016045,0.59894,0.022459,-0.026244,0.024369,0.36831
1324,6,20,0.0022927,0.016158,0.5995,0.022141,-0.024938,0.023953,0.36871
1326,6,20,0.0023369,0.016257,0.60013,0.021846,-0.023493,0.023494,0.36922
1328,6,20,0.002399,0.01634,0.60082,0.021582,-0.021942,0.023001,0.36984
1330,6,20,0.0024779,0.016407,0.60155,0.021354,-0.020317,0.022483,0.37053
1332,6,20,0.0025717,0.016454,0.6023,0.021168,-0.018652,0.021948,0.37128
1334,6,20,0.0026786,0.016481,0.60304,0.021029,-0.01698,0.021406,0.37206
1336,6,20,0.0027962,0.016485,0.60376,0.020942,-0.015333,0.020865,0.37286
1338,6,20,0.0029222,0.016467,0.60444,0.020908,-0.013741,0.020331,0.37366
1340,6,20,0.0030538,0.016425,0.60508,0.020928,-0.012229,0.01981,0.37444
1342,6,20,0.0031882,0.016358,0.60565,0.021001,-0.010822,0.019306,0.37519
1344,6,20,0.0033222,0.016268,0.60616,0.021124,-0.0095386,0.018818,0.37591
1346,6,20,0.0034527,0.016153,0.60661,0.021294,-0.0083916,0.018346,0.37659
1348,6,20,0.0035766,0.016016,0.607,0.021504,-0.0073894,0.017888,0.37724
1350,6,20,0.0036905,0.015857,0.60736,0.02175,-0.006534,0.017439,0.37787
1352,6,20,0.0037914,0.015677,0.60769,0.022023,-0.0058213,0.016997,0.37851
1354,6,20,0.003876,0.015478,0.60802,0.022319,-0.0052412,0.016557,0.37916
1356,6,20,0.0039413,0.015263,0.60838,0.02263,-0.004778,0.016117,0.37986
1358,6,20,0.0039846,0.015033,0.60878,0.02295,-0.0044111,0.015676,0.38062
1360,6,20,0.0040031,0.014791,0.60926,0.023274,-0.0041161,0.015237,0.38149
1362,6,20,0.0039946,0.014539,0.60984,0.023599,-0.0038659,0.014803,0.38249
1364,6,20,0.0039568,0.014282,0.61054,0.023921,-0.0036323,0.014383,0.38363
1366,6,20,0.0038882,0.014021,0.61138,0.024237,-0.0033871,0.013985,0.38495
1368,6,20,0.0037873,0.01376,0.61237,0.024545,-0.0031039,0.01362,0.38645
1370,6,20,0.0036531,0.013503,0.61353,0.024843,-0.002759,0.013299,0.38814
1372,6,20,0.0034852,0.013252,0.61484,0.025132,-0.002333,0.013029,0.39003
1374,6,20,0.0032833,0.013012,0.61631,0.025408,-0.0018115,0.012818,0.3921
1376,6,20,0.0030479,0.012787,0.61791,0.025673,-0.0011856,0.012668,0.39434
1378,6,20,0.0027798,0.012579,0.61963,0.025924,-0.00045303,0.012578,0.39671
1380,6,20,0.0024802,0.012392,0.62144,0.026161,0.00038257,0.012544,0.39919
1382,6,20,0.002151,0.012231,0.6233,0.026382,0.0013113,0.012557,0.40172
1384,6,20,0.0017944,0.012098,0.62516,0.026589,0.0023178,0.012611,0.40426
1386,6,20,0.0014131,0.011997,0.62699,0.026779,0.0033818,0.012699,0.40675
1388,6,20,0.0010102,0.01193,0.62874,0.026954,0.0044792,0.012815,0.40912
1390,6,20,0.00058916,0.0119,0.63037,0.027114,0.0055834,0.012955,0.41133
1392,6,20,0.000154,0.011908,0.63181,0.027259,0.0066662,0.013121,0.41331
1394,6,20,-0.00029109,0.011956,0.63304,0.027393,0.0076996,0.013315,0.415
1396,6,20,-0.00074156,0.012045,0.63401,0.027515,0.0086567,0.013539,0.41635
1398,6,20,-0.0011926,0.012173,0.63468,0.027628,0.0095129,0.0138,0.41733
1400,6,20,-0.0016393,0.01234,0.63504,0.027735,0.010247,0.014101,0.41789
1402,6,20,-0.0020764,0.012544,0.63505,0.027837,0.010841,0.014445,0.41801
1404,6,20,-0.0024987,0.012782,0.63472,0.027937,0.011282,0.014832,0.41769
1406,6,20,-0.002901,0.013051,0.63403,0.028035,0.011562,0.015259,0.41693
1408,6,20,-0.003278,0.013347,0.63301,0.028133,0.011678,0.015723,0.41574
1410,6,20,-0.0036244,0.013665,0.63167,0.028231,0.011629,0.016214,0.41415
1412,6,20,-0.0039354,0.014003,0.63004,0.028328,0.011421,0.016723,0.41219
1414,6,20,-0.0042061,0.014353,0.62816,0.028422,0.011063,0.017242,0.40993
1416,6,20,-0.0044319,0.014713,0.62607,0.028512,0.010565,0.01776,0.40741
1418,6,20,-0.0046087,0.015076,0.62383,0.028593,0.0099433,0.018268,0.4047
1420,6,20,-0.0047326,0.015438,0.6215,0.028663,0.0092131,0.018761,0.40187
1422,6,20,-0.0048002,0.015795,0.61913,0.028716,0.0083921,0.019234,0.39899
1424,6,20,-0.0048087,0.016141,0.61679,0.02875,0.0074989,0.019685,0.39613
1426,6,20,-0.0047556,0.016474,0.61453,0.02876,0.0065518,0.020115,0.39336
1428,6,20,-0.0046392,0.016788,0.61241,0.028744,0.0055687,0.020527,0.39075
1430,6,20,-0.0044583,0.017081,0.61048,0.028701,0.0045667,0.020926,0.38834
1432,6,20,-0.0042124,0.01735,0.60878,0.028632,0.003561,0.021318,0.38618
1434,6,20,-0.0039015,0.017592,0.60733,0.028538,0.0025649,0.021709,0.38432
1436,6,20,-0.0035264,0.017804,0.60615,0.028423,0.0015896,0.022104,0.38277
1438,6,20,-0.0030887,0.017987,0.60525,0.028293,0.00064349,0.022505,0.38154
1440,6,20,-0.0025904,0.018137,0.60463,0.028153,-0.00026678,0.022912,0.38064
1442,6,20,-0.0020345,0.018256,0.60428,0.028011,-0.0011367,0.023324,0.38006
1444,6,20,-0.0014244,0.018342,0.60417,0.027874,-0.001963,0.023734,0.37978
1446,6,20,-0.00076436,0.018397,0.60427,0.027746,-0.002743,0.024134,0.37977
1448,6,20,-5.9064e-05,0.018421,0.60455,0.027634,-0.0034742,0.024513,0.37999
1450,6,20,0.00068609,0.018415,0.60498,0.027541,-0.004153,0.024861,0.38041
1452,6,20,0.0014652,0.018383,0.6055,0.027468,-0.0047749,0.025163,0.38097
1454,6,20,0.0022719,0.018325,0.6061,0.027414,-0.0053333,0.02541,0.38164
1456,6,20,0.0030993,0.018244,0.60673,0.027379,-0.0058202,0.02559,0.38237
1458,6,20,0.0039403,0.018144,0.60737,0.027358,-0.0062254,0.025696,0.38312
1460,6,20,0.0047874,0.018026,0.60797,0.027349,-0.0065376,0.025721,0.38384
1462,6,20,0.0056328,0.017894,0.60854,0.027348,-0.0067438,0.025662,0.38453
1464,6,20,0.0064686,0.017751,0.60903,0.02735,-0.0068309,0.025517,0.38513
1466,6,20,0.0072869,0.017599,0.60945,0.027354,-0.0067857,0.025289,0.38565
1468,6,20,0.0080797,0.017441,0.60979,0.027356,-0.0065958,0.024983,0.38606
1470,6,20,0.0088393,0.01728,0.61005,0.027356,-0.0062505,0.024604,0.38637
1472,6,20,0.0095578,0.017116,0.61022,0.027353,-0.0057413,0.024162,0.38658
1474,6,20,0.010228,0.016953,0.61032,0.027347,-0.0050631,0.023665,0.3867
1476,6,20,0.010842,0.01679,0.61035,0.02734,-0.0042139,0.023123,0.38673
1478,6,20,0.011395,0.01663,0.61033,0.027332,-0.0031963,0.022549,0.38669
1480,6,20,0.011879,0.016471,0.61026,0.027325,-0.0020168,0.021951,0.3866
1482,6,20,0.012289,0.016315,0.61016,0.02732,-0.00068669,0.021341,0.38648
1484,6,20,0.012621,0.01616,0.61004,0.027316,0.00077827,0.020727,0.38632
1486,6,20,0.01287,0.016007,0.60989,0.027314,0.002358,0.020119,0.38615
1488,6,20,0.013032,0.015853,0.60974,0.02731,0.0040281,0.019523,0.38596
1490,6,20,0.013105,0.0157,0.60958,0.027303,0.0057602,0.018944,0.38575
1492,6,20,0.013088,0.015545,0.6094,0.027288,0.0075226,0.018388,0.38552
1494,6,20,0.01298,0.015389,0.6092,0.027262,0.00928,0.017857,0.38525
1496,6,20,0.01278,0.015231,0.60897,0.02722,0.010995,0.017353,0.38492
1498,6,20,0.01249,0.01507,0.60869,0.027158,0.012627,0.016876,0.38452
1500,6,20,0.012111,0.014908,0.60835,0.027072,0.014135,0.016425,0.38402
1502,6,20,0.011648,0.014745,0.60792,0.026957,0.01548,0.015997,0.38338
1504,6,20,0.011103,0.014582,0.60739,0.026813,0.01662,0.015589,0.38259
1506,6,20,0.010482,0.014422,0.60674,0.026635,0.017521,0.015196,0.38161
1508,6,20,0.0097897,0.014267,0.60594,0.026425,0.018149,0.014814,0.38043
1510,6,20,0.0090332,0.014119,0.60498,0.026181,0.018478,0.014437,0.37903
1512,6,20,0.0082198,0.013981,0.60386,0.025904,0.018489,0.01406,0.3774
1514,6,20,0.0073572,0.013857,0.60257,0.025597,0.01817,0.013679,0.37554
1516,6,20,0.0064541,0.013751,0.60111,0.025261,0.017519,0.013291,0.37346
1518,6,20,0.0055196,0.013666,0.5995,0.024901,0.016543,0.012896,0.37118
1520,6,20,0.0045633,0.013606,0.59774,0.024522,0.015256,0.012494,0.36872
1522,6,20,0.0035951,0.013572,0.59588,0.024131,0.013685,0.01209,0.36614
1524,6,20,0.0026251,0.013568,0.59393,0.023737,0.011861,0.011692,0.36346
1526,6,20,0.0016636,0.013596,0.59194,0.023348,0.0098268,0.01131,0.36075
1528,6,20,0.00072088,0.013656,0.58995,0.022976,0.0076274,0.010958,0.35807
1530,6,20,-0.00019277,0.013748,0.58801,0.022632,0.0053144,0.010653,0.35549
1532,6,20,-0.0010674,0.013871,0.58616,0.022328,0.0029422,0.010409,0.35306
1534,6,20,-0.0018932,0.014025,0.58446,0.022072,0.0005659,0.010244,0.35085
1536,6,20,-0.0026611,0.014205,0.58296,0.021875,-0.0017599,0.010167,0.34893
1538,6,20,-0.0033623,0.01441,0.58169,0.021743,-0.0039839,0.010185,0.34734
1540,6,20,-0.0039886,0.014635,0.5807,0.021678,-0.0060594,0.010297,0.34614
1542,6,20,-0.0045328,0.014878,0.58003,0.021683,-0.0079465,0.010495,0.34536
1544,6,20,-0.0049883,0.015133,0.57969,0.021753,-0.0096135,0.010769,0.34503
1546,6,20,-0.0053495,0.015398,0.5797,0.021884,-0.011038,0.011103,0.34515
1548,6,20,-0.0056119,0.015668,0.58006,0.022067,-0.012207,0.01148,0.34572
1550,6,20,-0.0057717,0.01594,0.58077,0.022293,-0.013118,0.011887,0.34674
1552,6,20,-0.0058265,0.01621,0.58181,0.02255,-0.013778,0.012308,0.34817
1554,6,20,-0.005775,0.016476,0.58315,0.022829,-0.014201,0.012732,0.34997
1556,6,20,-0.0056169,0.016736,0.58475,0.023117,-0.014411,0.013151,0.35209
1558,6,20,-0.0053531,0.016987,0.58657,0.023405,-0.014433,0.013556,0.35447
1560,6,20,-0.0049857,0.017228,0.58855,0.023683,-0.0143,0.01394,0.35705
1562,6,20,-0.0045179,0.017458,0.59065,0.023944,-0.014045,0.014298,0.35977
1564,6,20,-0.003954,0.017676,0.59282,0.024181,-0.013699,0.014625,0.36254
1566,6,20,-0.0032994,0.017883,0.59499,0.02439,-0.013295,0.014916,0.36531
1568,6,20,-0.0025603,0.018077,0.59711,0.024569,-0.012861,0.015168,0.36802
1570,6,20,-0.0017442,0.018259,0.59916,0.024716,-0.012422,0.015377,0.3706
1572,6,20,-0.00085895,0.01843,0.60107,0.024831,-0.011999,0.01554,0.373
1574,6,20,8.6496e-05,0.018591,0.60283,0.024916,-0.011604,0.015655,0.3752
1576,6,20,0.0010827,0.018742,0.60441,0.024974,-0.011249,0.015721,0.37717
1578,6,20,0.0021198,0.018884,0.6058,0.025008,-0.010934,0.015736,0.37888
1580,6,20,0.0031874,0.019017,0.60699,0.02502,-0.010658,0.015701,0.38033
1582,6,20,0.0042748,0.019143,0.60799,0.025013,-0.010411,0.015617,0.38153
1584,6,20,0.0053715,0.019262,0.6088,0.024991,-0.010181,0.015483,0.3825
1586,6,20,0.0064666,0.019373,0.60945,0.024955,-0.009951,0.015303,0.38326
1588,6,20,0.0075497,0.019478,0.60997,0.024907,-0.0096997,0.015079,0.38385
1590,6,20,0.0086105,0.019575,0.61038,0.024848,-0.0094054,0.014812,0.38429
1592,6,20,0.0096391,0.019665,0.61071,0.024778,-0.0090453,0.014508,0.38463
1594,6,20,0.010626,0.019746,0.61099,0.024699,-0.0085974,0.014169,0.3849
1596,6,20,0.011563,0.019818,0.61127,0.024612,-0.0080419,0.0138,0.38516
1598,6,20,0.012443,0.019879,0.61155,0.024517,-0.0073622,0.013407,0.38542
1600,6,20,0.013257,0.019928,0.61188,0.024415,-0.006546,0.012997,0.38572
1602,6,20,0.014001,0.019964,0.61226,0.024311,-0.0055864,0.012576,0.38609
1604,6,20,0.014668,0.019985,0.61271,0.024205,-0.004482,0.012153,0.38654
1606,6,20,0.015257,0.019989,0.61323,0.024102,-0.0032378,0.011735,0.38708
1608,6,20,0.015763,0.019976,0.61382,0.024005,-0.0018646,0.011331,0.38772
1610,6,20,0.016186,0.019944,0.61448,0.023919,-0.00037915,0.010947,0.38845
1612,6,20,0.016525,0.019891,0.61519,0.023849,0.0011968,0.010591,0.38926
1614,6,20,0.016782,0.019817,0.61594,0.023798,0.0028373,0.010266,0.39014
1616,6,20,0.016958,0.019722,0.6167,0.023771,0.0045131,0.0099767,0.39106
1618,6,20,0.017058,0.019605,0.61747,0.023772,0.0061932,0.0097246,0.392
1620,6,20,0.017085,0.019466,0.61821,0.023806,0.007846,0.0095103,0.39295
1622,6,20,0.017046,0.019306,0.61891,0.023875,0.009441,0.0093335,0.39388
1624,6,20,0.016947,0.019126,0.61954,0.023984,0.01095,0.0091934,0.39476
1626,6,20,0.016796,0.018928,0.6201,0.024133,0.012348,0.0090894,0.39559
1628,6,20,0.016601,0.018713,0.62057,0.024324,0.013616,0.0090215,0.39634
1630,6,20,0.016371,0.018484,0.62094,0.024558,0.014739,0.0089903,0.39702
1632,6,20,0.016116,0.018244,0.62121,0.024832,0.015711,0.0089971,0.39762
1634,6,20,0.015846,0.017996,0.6214,0.025144,0.016531,0.0090433,0.39814
1636,6,20,0.01557,0.017743,0.62149,0.025489,0.017205,0.0091299,0.3986
1638,6,20,0.015299,0.017491,0.62151,0.025863,0.017744,0.0092573,0.39899
1640,6,20,0.015044,0.017243,0.62148,0.026259,0.018166,0.0094242,0.39934
1642,6,20,0.014813,0.017003,0.62141,0.02667,0.018491,0.0096276,0.39966
1644,6,20,0.014618,0.016775,0.62132,0.027088,0.018743,0.0098628,0.39998
1646,6,20,0.014467,0.016564,0.62123,0.027507,0.018945,0.010124,0.40031
1648,6,20,0.014368,0.016374,0.62117,0.027921,0.019122,0.010403,0.40066
1650,6,20,0.01433,0.016207,0.62114,0.028323,0.019294,0.010692,0.40105
1652,6,20,0.014359,0.016068,0.62116,0.028709,0.019479,0.010984,0.4015
1654,6,20,0.01446,0.015957,0.62123,0.029076,0.019689,0.011273,0.40199
1656,6,20,0.014639,0.015878,0.62137,0.029422,0.019935,0.011554,0.40255
1658,6,20,0.014899,0.015829,0.62156,0.029744,0.020218,0.011823,0.40315
1660,6,20,0.015243,0.015813,0.62181,0.030043,0.020539,0.012081,0.4038
1662,6,20,0.01567,0.015827,0.6221,0.030316,0.020893,0.012328,0.40447
1664,6,20,0.016182,0.01587,0.62241,0.030564,0.021272,0.012567,0.40515
1666,6,20,0.016776,0.015941,0.62274,0.030784,0.021665,0.012802,0.40581
1668,6,20,0.017448,0.016036,0.62307,0.030974,0.022061,0.013037,0.40644
1670,6,20,0.018196,0.016154,0.62338,0.031132,0.022447,0.013274,0.40702
1672,6,20,0.019013,0.01629,0.62366,0.031255,0.022812,0.013514,0.40751
1674,6,20,0.019893,0.016443,0.62389,0.03134,0.023142,0.013757,0.4079
1676,6,20,0.020828,0.016609,0.62408,0.031382,0.023428,0.013999,0.40818
1678,6,20,0.021808,0.016786,0.6242,0.031381,0.023662,0.014236,0.40834
1680,6,20,0.022826,0.016971,0.62426,0.031334,0.023836,0.014462,0.40836
1682,6,20,0.023869,0.017162,0.62426,0.031242,0.023946,0.01467,0.40825
1684,6,20,0.024928,0.017357,0.6242,0.031107,0.023991,0.014854,0.40801
1686,6,20,0.025991,0.017554,0.62408,0.030934,0.023972,0.01501,0.40766
1688,6,20,0.027046,0.017752,0.62391,0.030729,0.023891,0.015132,0.40721
1690,6,20,0.028082,0.017951,0.6237,0.0305,0.023757,0.015218,0.40668
1692,6,20,0.029087,0.018148,0.62347,0.030258,0.023578,0.015268,0.40611
1694,6,20,0.030049,0.018344,0.62321,0.030013,0.023365,0.015281,0.40551
1696,6,20,0.030959,0.018538,0.62296,0.029778,0.023136,0.015259,0.40492
1698,6,20,0.031805,0.018729,0.62271,0.029561,0.022904,0.015204,0.40437
1700,6,20,0.032578,0.018916,0.62248,0.029374,0.02269,0.015118,0.40388
1702,6,20,0.033269,0.019099,0.62229,0.029224,0.022512,0.015004,0.40348
1704,6,20,0.03387,0.019278,0.62215,0.029116,0.022388,0.014863,0.40318
1706,6,20,0.034375,0.019451,0.62206,0.029053,0.022335,0.014696,0.403
1708,6,20,0.034778,0.019618,0.62203,0.029036,0.022368,0.014504,0.40294
1710,6,20,0.035075,0.019778,0.62206,0.029061,0.022498,0.014286,0.40301
1712,6,20,0.035264,0.019929,0.62216,0.029122,0.022732,0.014042,0.4032
1714,6,20,0.035343,0.020071,0.62231,0.029213,0.023072,0.013771,0.40349
1716,6,20,0.035313,0.020203,0.62251,0.029325,0.023514,0.013473,0.40386
1718,6,20,0.035175,0.020322,0.62275,0.029448,0.02405,0.013149,0.4043
1720,6,20,0.034932,0.020428,0.62301,0.029573,0.024662,0.012799,0.40476
1722,6,20,0.03459,0.02052,0.62328,0.029691,0.025331,0.012426,0.40522
1724,6,20,0.034153,0.020596,0.62352,0.029794,0.026029,0.012036,0.40565
1726,6,20,0.03363,0.020656,0.62373,0.029876,0.026726,0.011635,0.406
1728,6,20,0.033029,0.020699,0.62388,0.029932,0.027387,0.01123,0.40625
1730,6,20,0.032359,0.020724,0.62396,0.02996,0.027977,0.010832,0.40638
1732,6,20,0.031632,0.020731,0.62393,0.029959,0.028458,0.010453,0.40634
1734,6,20,0.030857,0.02072,0.62379,0.029931,0.028796,0.010106,0.40613
1736,6,20,0.030047,0.020691,0.62352,0.029877,0.02896,0.0098047,0.40573
1738,6,20,0.029216,0.020645,0.62311,0.029803,0.028923,0.0095646,0.40514
1740,6,20,0.028374,0.020581,0.62257,0.02971,0.028664,0.0093988,0.40436
1742,6,20,0.027536,0.020502,0.62189,0.029603,0.028174,0.0093192,0.40339
1744,6,20,0.026715,0.020408,0.62108,0.029485,0.027447,0.0093338,0.40226
1746,6,20,0.025922,0.020301,0.62016,0.029359,0.02649,0.0094463,0.40097
1748,6,20,0.02517,0.020183,0.61914,0.029226,0.025319,0.0096558,0.39956
1750,6,20,0.02447,0.020055,0.61805,0.029086,0.023954,0.0099563,0.39806
1752,6,20,0.023834,0.019919,0.61692,0.02894,0.022425,0.010338,0.3965
1754,6,20,0.023272,0.019778,0.61576,0.028787,0.020768,0.01079,0.39491
1756,6,20,0.022791,0.019633,0.61462,0.028627,0.019018,0.011299,0.39333
1758,6,20,0.022401,0.019488,0.61352,0.028459,0.017214,0.011851,0.39179
1760,6,20,0.022106,0.019343,0.61247,0.028285,0.015394,0.012433,0.39032
1762,6,20,0.021914,0.019201,0.61151,0.028106,0.013594,0.013035,0.38896
1764,6,20,0.021825,0.019063,0.61065,0.027926,0.011845,0.013645,0.38772
1766,6,20,0.021844,0.018933,0.60991,0.027749,0.010173,0.014255,0.38662
1768,6,20,0.02197,0.018811,0.60929,0.027581,0.0085991,0.014856,0.38568
1770,6,20,0.022202,0.018698,0.60879,0.027426,0.0071386,0.015443,0.38491
1772,6,20,0.022538,0.018597,0.60841,0.027293,0.0058009,0.01601,0.38431
1774,6,20,0.022972,0.018508,0.60815,0.027188,0.0045901,0.016554,0.38389
1776,6,20,0.023501,0.018431,0.608,0.027115,0.0035058,0.017073,0.38363
1778,6,20,0.024116,0.018368,0.60794,0.027079,0.0025435,0.017564,0.38353
1780,6,20,0.024809,0.018319,0.60798,0.027081,0.0016957,0.018028,0.38357
1782,6,20,0.025572,0.018284,0.60809,0.027123,0.00095244,0.018466,0.38375
1784,6,20,0.026392,0.018263,0.60826,0.027203,0.00030202,0.018877,0.38405
1786,6,20,0.02726,0.018256,0.60849,0.027316,-0.00026823,0.019263,0.38444
1788,6,20,0.028163,0.018261,0.60876,0.027458,-0.00077151,0.019624,0.38491
1790,6,20,0.029087,0.018279,0.60906,0.027621,-0.001221,0.01996,0.38545
1792,6,20,0.030021,0.018309,0.60939,0.027799,-0.0016296,0.020271,0.38604
1794,6,20,0.030951,0.01835,0.60974,0.027984,-0.0020093,0.020554,0.38666
1796,6,20,0.031862,0.0184,0.6101,0.028168,-0.0023709,0.020807,0.3873
1798,6,20,0.032743,0.018459,0.61047,0.028345,-0.002724,0.021025,0.38793
1800,6,20,0.033581,0.018525,0.61084,0.02851,-0.003076,0.021206,0.38856
1802,6,20,0.034362,0.018596,0.6112,0.028658,-0.0034324,0.021345,0.38917
1804,6,20,0.035076,0.01867,0.61156,0.028785,-0.0037958,0.021437,0.38974
1806,6,20,0.03571,0.018747,0.6119,0.028889,-0.0041664,0.021479,0.39028
1808,6,20,0.036257,0.018824,0.61222,0.02897,-0.0045415,0.02147,0.39076
1810,6,20,0.036706,0.018899,0.61252,0.029025,-0.0049156,0.021409,0.39118
1812,6,20,0.03705,0.01897,0.61278,0.029057,-0.005281,0.021298,0.39154
1814,6,20,0.037283,0.019036,0.61301,0.029065,-0.0056279,0.02114,0.39183
1816,6,20,0.037399,0.019095,0.61319,0.029051,-0.0059455,0.020941,0.39204
1818,6,20,0.037396,0.019145,0.61333,0.029016,-0.0062223,0.020709,0.39216
1820,6,20,0.037272,0.019183,0.61341,0.028961,-0.0064474,0.020453,0.39221
1822,6,20,0.037025,0.01921,0.61344,0.028887,-0.006611,0.020183,0.39216
1824,6,20,0.036658,0.019222,0.61342,0.028795,-0.0067052,0.01991,0.39203
1826,6,20,0.036172,0.01922,0.61334,0.028687,-0.0067248,0.019643,0.39182
1828,6,20,0.035571,0.019202,0.6132,0.028562,-0.0066677,0.019391,0.39152
1830,6,20,0.03486,0.019167,0.61302,0.028421,-0.0065353,0.01916,0.39114
1832,6,20,0.034047,0.019115,0.61279,0.028264,-0.0063327,0.018953,0.39069
1834,6,20,0.033139,0.019046,0.61253,0.02809,-0.0060683,0.018772,0.39018
1836,6,20,0.032145,0.018959,0.61223,0.027901,-0.0057539,0.018615,0.38962
1838,6,20,0.031074,0.018855,0.61192,0.027695,-0.0054043,0.018477,0.38902
1840,6,20,0.029937,0.018735,0.6116,0.027473,-0.0050364,0.018351,0.38839
1842,6,20,0.028746,0.018599,0.61127,0.027235,-0.004669,0.018227,0.38775
1844,6,20,0.027512,0.018448,0.61096,0.026981,-0.0043215,0.018096,0.3871
1846,6,20,0.026247,0.018284,0.61065,0.026713,-0.0040136,0.017946,0.38646
1848,6,20,0.024965,0.018107,0.61037,0.026432,-0.0037637,0.017769,0.38583
1850,6,20,0.023677,0.017921,0.61011,0.026139,-0.0035889,0.017555,0.38521
1852,6,20,0.022397,0.017726,0.60986,0.025839,-0.0035035,0.017297,0.38461
1854,6,20,0.021135,0.017524,0.60963,0.025532,-0.0035188,0.01699,0.38403
1856,6,20,0.019905,0.017317,0.60941,0.025224,-0.0036423,0.016632,0.38346
1858,6,20,0.018717,0.017107,0.60917,0.024917,-0.0038778,0.016222,0.38289
1860,6,20,0.017582,0.016895,0.60892,0.024615,-0.0042246,0.015763,0.3823
1862,6,20,0.016511,0.016684,0.60862,0.024321,-0.0046784,0.015261,0.38166
1864,6,20,0.015511,0.016475,0.60827,0.024039,-0.0052307,0.014722,0.38097
1866,6,20,0.014593,0.016268,0.60782,0.023771,-0.0058703,0.014156,0.38018
1868,6,20,0.013762,0.016067,0.60727,0.023518,-0.0065829,0.013576,0.37928
1870,6,20,0.013024,0.015871,0.60658,0.023281,-0.0073522,0.012994,0.37824
1872,6,20,0.012386,0.015681,0.60574,0.02306,-0.0081607,0.012424,0.37702
1874,6,20,0.01185,0.015498,0.60472,0.022855,-0.0089902,0.01188,0.37561
1876,6,20,0.01142,0.015323,0.6035,0.022664,-0.0098222,0.011377,0.37397
1878,6,20,0.011097,0.015156,0.60207,0.022485,-0.010639,0.010929,0.3721
1880,6,20,0.010882,0.014997,0.60043,0.022316,-0.011424,0.010545,0.36998
1882,6,20,0.010774,0.014846,0.59856,0.022156,-0.012162,0.010234,0.36761
1884,6,20,0.010771,0.014704,0.59648,0.022003,-0.012839,0.0099989,0.36499
1886,6,20,0.010871,0.014569,0.59419,0.021854,-0.013444,0.0098401,0.36214
1888,6,20,0.01107,0.014443,0.59171,0.021709,-0.013968,0.0097517,0.35907
1890,6,20,0.011365,0.014325,0.58906,0.021566,-0.014403,0.0097245,0.35583
1892,6,20,0.011749,0.014215,0.58627,0.021426,-0.014746,0.0097467,0.35244
1894,6,20,0.012217,0.014114,0.58339,0.021289,-0.014994,0.0098048,0.34896
1896,6,20,0.012763,0.014021,0.58046,0.021156,-0.015145,0.0098848,0.34543
1898,6,20,0.013379,0.013936,0.57751,0.021029,-0.015202,0.0099739,0.34192
1900,6,20,0.014059,0.013861,0.57462,0.020909,-0.015169,0.010061,0.33849
1902,6,20,0.014796,0.013795,0.57183,0.020798,-0.015049,0.010135,0.3352
1904,6,20,0.015581,0.013739,0.56919,0.020699,-0.01485,0.01019,0.33212
1906,6,20,0.016406,0.013693,0.56677,0.020615,-0.014579,0.01022,0.32931
1908,6,20,0.017265,0.013658,0.56462,0.020548,-0.014244,0.010223,0.32682
1910,6,20,0.018149,0.013634,0.56278,0.0205,-0.013855,0.010197,0.32471
1912,6,20,0.019052,0.013622,0.5613,0.020473,-0.01342,0.010144,0.32302
1914,6,20,0.019965,0.013621,0.56021,0.020468,-0.012951,0.010065,0.3218
1916,6,20,0.020882,0.013632,0.55955,0.020486,-0.012457,0.0099658,0.32107
1918,6,20,0.021797,0.013654,0.55932,0.020526,-0.011948,0.0098506,0.32085
1920,6,20,0.022704,0.013688,0.55954,0.02059,-0.011432,0.0097256,0.32114
1922,6,20,0.023597,0.013733,0.56021,0.020675,-0.010918,0.009597,0.32196
1924,6,20,0.024471,0.013788,0.56131,0.020779,-0.010415,0.0094711,0.32327
1926,6,20,0.025321,0.013852,0.56282,0.020901,-0.0099273,0.0093538,0.32507
1928,6,20,0.026144,0.013925,0.56472,0.021038,-0.0094622,0.0092504,0.32732
1930,6,20,0.026937,0.014006,0.56697,0.021187,-0.0090236,0.009165,0.32998
1932,6,20,0.027696,0.014093,0.56952,0.021346,-0.0086149,0.0091005,0.33301
1934,6,20,0.028418,0.014186,0.57233,0.021511,-0.0082383,0.0090585,0.33635
1936,6,20,0.029104,0.014283,0.57535,0.02168,-0.007895,0.0090395,0.33996
1938,6,20,0.02975,0.014383,0.57854,0.02185,-0.0075854,0.0090426,0.34378
1940,6,20,0.030357,0.014485,0.58184,0.02202,-0.0073089,0.0090662,0.34775
1942,6,20,0.030923,0.014588,0.5852,0.022187,-0.0070644,0.0091079,0.35181
1944,6,20,0.031449,0.01469,0.58858,0.022349,-0.0068503,0.0091649,0.35591
1946,6,20,0.031936,0.014791,0.59193,0.022505,-0.0066645,0.0092341,0.36001
1948,6,20,0.032384,0.01489,0.59523,0.022654,-0.0065049,0.0093126,0.36405
1950,6,20,0.032795,0.014985,0.59843,0.022796,-0.0063689,0.0093974,0.36799
1952,6,20,0.033169,0.015077,0.60151,0.022928,-0.0062542,0.0094861,0.3718
1954,6,20,0.033508,0.015165,0.60444,0.023052,-0.0061583,0.0095762,0.37544
1956,6,20,0.033814,0.015248,0.60721,0.023166,-0.0060789,0.0096659,0.3789
1958,6,20,0.034088,0.015326,0.6098,0.023272,-0.0060138,0.0097536,0.38214
1960,6,20,0.034334,0.015399,0.6122,0.023368,-0.005961,0.0098381,0.38516
1962,6,20,0.034552,0.015467,0.61441,0.023456,-0.0059186,0.0099183,0.38796
1964,6,20,0.034744,0.015529,0.61643,0.023536,-0.0058851,0.0099936,0.39051
1966,6,20,0.034913,0.015586,0.61826,0.023607,-0.0058588,0.010064,0.39283
1968,6,20,0.035061,0.015637,0.6199,0.023671,-0.0058387,0.010128,0.39493
1970,6,20,0.03519,0.015683,0.62137,0.023727,-0.0058234,0.010187,0.3968
1972,6,20,0.035301,0.015725,0.62267,0.023777,-0.0058122,0.01024,0.39846
1974,6,20,0.035396,0.015762,0.62381,0.023821,-0.0058042,0.010287,0.39992
1976,6,20,0.035478,0.015795,0.6248,0.02386,-0.0057987,0.01033,0.40119
1978,6,20,0.035547,0.015823,0.62566,0.023893,-0.0057952,0.010367,0.4023
1980,6,20,0.035605,0.015848,0.6264,0.023922,-0.0057932,0.0104,0.40325
1982,6,20,0.035654,0.01587,0.62703,0.023947,-0.0057923,0.010428,0.40406
1984,6,20,0.035695,0.015888,0.62756,0.023968,-0.0057923,0.010453,0.40474
1986,6,20,0.035728,0.015904,0.628,0.023986,-0.0057928,0.010474,0.40532
1988,6,20,0.035756,0.015918,0.62838,0.024001,-0.0057938,0.010492,0.4058
1990,6,20,0.035778,0.015929,0.62868,0.024014,-0.0057949,0.010507,0.4062
1992,6,20,0.035796,0.015939,0.62893,0.024025,-0.0057962,0.010519,0.40652
1994,6,20,0.035811,0.015946,0.62914,0.024033,-0.0057975,0.01053,0.40679
1996,6,20,0.035822,0.015953,0.6293,0.024041,-0.0057988,0.010538,0.407
1998,6,20,0.035831,0.015958,0.62943,0.024046,-0.0058,0.010545,0.40717
-500,7,10,0.00010661,0.027619,1.1176,0.04631,-0.019748,0.05259,1.2684
-498,7,10,0.00066131,0.026513,1.0384,0.043046,-0.018389,0.048558,1.095
-496,7,10,0.0011785,0.025491,0.96201,0.039867,-0.016977,0.044364,0.93977
-494,7,10,0.0016577,0.024563,0.88923,0.036839,-0.015528,0.040007,0.80294
-492,7,10,0.0020995,0.023739,0.82099,0.034062,-0.014069,0.035506,0.68446
-490,7,10,0.0025047,0.023021,0.75819,0.031674,-0.01264,0.030915,0.58388
-488,7,10,0.0028752,0.022412,0.70171,0.029846,-0.011299,0.026341,0.50041
-486,7,10,0.0032131,0.021908,0.65234,0.028749,-0.01012,0.021977,0.43299
-484,7,10,0.0035213,0.021503,0.61074,0.028487,-0.009176,0.018124,0.38031
-482,7,10,0.003803,0.021187,0.5773,0.029029,-0.008521,0.015203,0.34086
-480,7,10,0.0040621,0.020949,0.55208,0.030199,-0.0081607,0.013631,0.313
-478,7,10,0.0043025,0.020776,0.53476,0.031735,-0.0080401,0.013486,0.29503
-476,7,10,0.0045287,0.020654,0.52459,0.03337,-0.0080552,0.014335,0.28522
-474,7,10,0.0047451,0.02057,0.52048,0.034891,-0.0080875,0.01558,0.28186
-472,7,10,0.0049565,0.020513,0.52111,0.036161,-0.0080415,0.0168,0.28332
-470,7,10,0.0051674,0.020471,0.52509,0.037119,-0.0078638,0.017794,0.28812
-468,7,10,0.0053826,0.020437,0.5311,0.037756,-0.0075404,0.018512,0.2949
-466,7,10,0.0056065,0.020405,0.538,0.038092,-0.0070822,0.018974,0.3025
-464,7,10,0.0058434,0.020369,0.54483,0.038159,-0.0065101,0.019233,0.30995
-462,7,10,0.0060972,0.020328,0.5509,0.037989,-0.0058458,0.019346,0.31647
-460,7,10,0.0063716,0.020282,0.55569,0.03761,-0.0051076,0.019365,0.32153
-458,7,10,0.0066697,0.020232,0.55892,0.037045,-0.004311,0.01933,0.32474
-456,7,10,0.0069943,0.02018,0.56042,0.036312,-0.0034693,0.019273,0.32594
-454,7,10,0.0073474,0.020129,0.56019,0.035425,-0.002596,0.019213,0.32511
-452,7,10,0.0077307,0.020085,0.55832,0.034399,-0.0017058,0.019163,0.32237
-450,7,10,0.0081452,0.020049,0.55498,0.033245,-0.00081583,0.019126,0.31795
-448,7,10,0.008591,0.020028,0.55043,0.031977,5.3703e-05,0.019099,0.31217
-446,7,10,0.0090679,0.020023,0.54494,0.030609,0.00087912,0.019071,0.3054
-444,7,10,0.0095748,0.020036,0.53885,0.029156,0.0016336,0.019029,0.29801
-442,7,10,0.01011,0.02007,0.53247,0.027637,0.0022879,0.018954,0.2904
-440,7,10,0.010671,0.020123,0.52613,0.026074,0.0028118,0.018824,0.28293
-438,7,10,0.011256,0.020196,0.52012,0.024491,0.003176,0.018621,0.27592
-436,7,10,0.01186,0.020284,0.51469,0.022915,0.0033549,0.018329,0.26963
-434,7,10,0.012479,0.020385,0.51003,0.021376,0.003329,0.017941,0.26424
-432,7,10,0.01311,0.020493,0.50628,0.019902,0.0030869,0.017457,0.25988
-430,7,10,0.013746,0.020604,0.5035,0.01852,0.0026268,0.01689,0.25659
-428,7,10,0.014383,0.020712,0.50168,0.017251,0.0019558,0.016265,0.25436
-426,7,10,0.015015,0.020811,0.50077,0.016109,0.0010894,0.015616,0.2531
-424,7,10,0.015636,0.020896,0.50063,0.015101,4.8864e-05,0.014985,0.25268
-422,7,10,0.01624,0.020961,0.5011,0.014224,-0.0011407,0.014416,0.25292
-420,7,10,0.016821,0.021003,0.50199,0.013471,-0.0024523,0.013951,0.25363
-418,7,10,0.017373,0.021016,0.50311,0.012829,-0.0038583,0.013621,0.2546
-416,7,10,0.017889,0.020999,0.50425,0.012283,-0.0053314,0.013444,0.25563
-414,7,10,0.018366,0.020949,0.50523,0.011819,-0.0068454,0.013422,0.25651
-412,7,10,0.018796,0.020866,0.50588,0.011424,-0.0083755,0.013539,0.25709
-410,7,10,0.019175,0.02075,0.50607,0.011088,-0.0098984,0.013767,0.25722
-408,7,10,0.019499,0.020603,0.50572,0.010802,-0.011393,0.014073,0.2568
-406,7,10,0.019763,0.020427,0.50476,0.010562,-0.012841,0.014419,0.25578
-404,7,10,0.019964,0.020227,0.50317,0.010365,-0.014226,0.01477,0.25415
-402,7,10,0.020099,0.020007,0.50098,0.010215,-0.015536,0.015095,0.25192
-400,7,10,0.020165,0.019774,0.49823,0.010115,-0.01676,0.015365,0.24916
-398,7,10,0.020163,0.019534,0.49502,0.010072,-0.017891,0.015559,0.24596
-396,7,10,0.02009,0.019296,0.49144,0.010094,-0.018925,0.015659,0.24243
-394,7,10,0.019947,0.019067,0.48762,0.010185,-0.019862,0.015652,0.23871
-392,7,10,0.019735,0.018857,0.48369,0.010351,-0.020701,0.015536,0.23492
-390,7,10,0.019456,0.018673,0.4798,0.010588,-0.021443,0.015312,0.23122
-388,7,10,0.019112,0.018524,0.47609,0.010888,-0.02209,0.014996,0.22773
-386,7,10,0.018705,0.018417,0.47267,0.011241,-0.022644,0.01461,0.22455
-384,7,10,0.018242,0.018359,0.46966,0.011628,-0.023102,0.01419,0.2218
-382,7,10,0.017724,0.018354,0.46714,0.01203,-0.023463,0.013781,0.21953
-380,7,10,0.017159,0.018404,0.46519,0.012425,-0.023719,0.013434,0.21779
-378,7,10,0.016551,0.018512,0.46382,0.012795,-0.023861,0.0132,0.2166
-376,7,10,0.015907,0.018675,0.46304,0.01312,-0.023879,0.013117,0.21595
-374,7,10,0.015233,0.018893,0.46282,0.013386,-0.023759,0.013203,0.21582
-372,7,10,0.014536,0.01916,0.46312,0.013582,-0.023489,0.013449,0.21614
-370,7,10,0.013824,0.01947,0.46385,0.013702,-0.023058,0.013825,0.21685
-368,7,10,0.013104,0.019818,0.46494,0.013744,-0.022456,0.014281,0.21787
-366,7,10,0.012382,0.020196,0.46628,0.01371,-0.021675,0.014765,0.21911
-364,7,10,0.011667,0.020598,0.46777,0.013608,-0.020712,0.015225,0.22048
-362,7,10,0.010965,0.021014,0.46933,0.013449,-0.019565,0.015617,0.2219
-360,7,10,0.010283,0.021439,0.47086,0.013248,-0.018238,0.015909,0.22329
-358,7,10,0.0096274,0.021866,0.47228,0.013024,-0.016736,0.016078,0.22458
-356,7,10,0.0090045,0.022288,0.47354,0.012798,-0.015069,0.016113,0.22572
-354,7,10,0.0084198,0.022701,0.47459,0.012592,-0.01325,0.016015,0.22666
-352,7,10,0.0078783,0.023098,0.47539,0.012432,-0.011298,0.015794,0.22739
-350,7,10,0.0073842,0.023477,0.47594,0.012337,-0.0092329,0.015472,0.22789
-348,7,10,0.0069413,0.023833,0.47623,0.012325,-0.0070819,0.015081,0.22816
-346,7,10,0.0065523,0.024165,0.47628,0.012408,-0.0048743,0.014659,0.22823
-344,7,10,0.0062194,0.024469,0.47612,0.012587,-0.0026434,0.014255,0.22811
-342,7,10,0.0059438,0.024745,0.47578,0.012856,-0.00042492,0.013918,0.22785
-340,7,10,0.0057261,0.024991,0.4753,0.013199,0.0017438,0.013694,0.22748
-338,7,10,0.0055658,0.025207,0.47473,0.013593,0.0038251,0.013617,0.22703
-336,7,10,0.0054618,0.025393,0.47411,0.014013,0.0057823,0.0137,0.22654
-334,7,10,0.005412,0.025549,0.47348,0.014431,0.0075816,0.013934,0.22606
-332,7,10,0.0054138,0.025675,0.47289,0.014818,0.009193,0.014288,0.2256
-330,7,10,0.0054638,0.025773,0.47236,0.01515,0.010592,0.014713,0.22519
-328,7,10,0.0055577,0.025842,0.47192,0.015405,0.011759,0.015156,0.22485
-326,7,10,0.0056909,0.025883,0.47159,0.015567,0.012684,0.015562,0.22457
-324,7,10,0.0058582,0.025898,0.47136,0.015626,0.01336,0.015886,0.22438
-322,7,10,0.006054,0.025886,0.47123,0.015577,0.013791,0.01609,0.22425
-320,7,10,0.0062723,0.025848,0.4712,0.015426,0.013985,0.01615,0.22417
-318,7,10,0.0065069,0.025785,0.47124,0.015183,0.013956,0.016058,0.22414
-316,7,10,0.0067514,0.025695,0.47133,0.014869,0.013725,0.015817,0.22414
-314,7,10,0.0069993,0.02558,0.47144,0.014511,0.013319,0.015448,0.22415
-312,7,10,0.0072444,0.025438,0.47155,0.014141,0.012768,0.014986,0.22416
-310,7,10,0.0074804,0.025269,0.47162,0.013798,0.012107,0.014478,0.22414
-308,7,10,0.0077015,0.025072,0.47165,0.013518,0.011374,0.013981,0.2241
-306,7,10,0.007902,0.024847,0.47161,0.013336,0.010607,0.013555,0.22401
-304,7,10,0.0080769,0.024593,0.4715,0.013277,0.0098456,0.013255,0.2239
-302,7,10,0.0082216,0.024309,0.47131,0.013354,0.0091295,0.013119,0.22374
-300,7,10,0.0083322,0.023995,0.47106,0.013565,0.0084945,0.013158,0.22356
-298,7,10,0.0084054,0.023649,0.47076,0.013898,0.0079731,0.013357,0.22335
-296,7,10,0.0084387,0.023273,0.47041,0.014328,0.0075925,0.013672,0.22314
-294,7,10,0.0084306,0.022866,0.47005,0.014827,0.0073742,0.014048,0.22292
-292,7,10,0.00838,0.02243,0.46969,0.015366,0.0073331,0.014426,0.22273
-290,7,10,0.008287,0.021964,0.46935,0.015917,0.0074771,0.014749,0.22257
-288,7,10,0.0081526,0.021472,0.46905,0.016456,0.007807,0.014974,0.22244
-286,7,10,0.0079784,0.020954,0.46881,0.016965,0.0083164,0.015067,0.22237
-284,7,10,0.007767,0.020416,0.46863,0.017429,0.0089924,0.01501,0.22235
-282,7,10,0.007522,0.019859,0.46853,0.017835,0.009816,0.014796,0.22238
-280,7,10,0.0072474,0.019288,0.46851,0.018176,0.010762,0.014433,0.22247
-278,7,10,0.0069482,0.018709,0.46855,0.018448,0.011802,0.013939,0.22261
-276,7,10,0.0066301,0.018127,0.46866,0.018649,0.012902,0.013342,0.22278
-274,7,10,0.006299,0.017547,0.46883,0.018778,0.014027,0.012683,0.22297
-272,7,10,0.0059618,0.016978,0.46903,0.018839,0.01514,0.012008,0.22318
-270,7,10,0.0056253,0.016424,0.46925,0.018837,0.016204,0.011367,0.22339
-268,7,10,0.0052969,0.015894,0.46947,0.018777,0.017184,0.010811,0.22358
-266,7,10,0.0049841,0.015395,0.46968,0.018668,0.018049,0.010379,0.22374
-264,7,10,0.0046943,0.014932,0.46986,0.01852,0.01877,0.010094,0.22386
-262,7,10,0.004435,0.014511,0.47001,0.018343,0.019328,0.0099533,0.22394
-260,7,10,0.0042134,0.014138,0.47011,0.018149,0.019708,0.0099314,0.22396
-258,7,10,0.0040365,0.013815,0.47015,0.01795,0.019903,0.0099846,0.22394
-256,7,10,0.0039107,0.013545,0.47015,0.017757,0.019917,0.010062,0.22388
-254,7,10,0.003842,0.013327,0.47011,0.017582,0.01976,0.010117,0.22379
-252,7,10,0.0038357,0.013159,0.47003,0.017435,0.019448,0.01011,0.22367
-250,7,10,0.0038963,0.013039,0.46994,0.017323,0.019008,0.010012,0.22355
-248,7,10,0.0040276,0.012962,0.46985,0.017252,0.018467,0.0098113,0.22344
-246,7,10,0.0042323,0.012921,0.46978,0.017224,0.017858,0.009504,0.22337
-244,7,10,0.0045122,0.012911,0.46976,0.01724,0.017211,0.0091003,0.22335
-242,7,10,0.004868,0.012924,0.4698,0.017297,0.016558,0.0086206,0.2234
-240,7,10,0.0052994,0.012956,0.46993,0.017388,0.015926,0.0080959,0.22355
-238,7,10,0.0058051,0.012999,0.47016,0.017507,0.015336,0.0075667,0.22381
-236,7,10,0.0063823,0.013049,0.47052,0.017644,0.014803,0.0070814,0.22419
-234,7,10,0.0070275,0.013102,0.47101,0.017791,0.014337,0.0066923,0.2247
-232,7,10,0.0077359,0.013155,0.47165,0.017938,0.01394,0.0064472,0.22535
-230,7,10,0.0085018,0.013207,0.47243,0.018079,0.013606,0.0063766,0.22613
-228,7,10,0.0093182,0.013257,0.47334,0.018206,0.013327,0.0064832,0.22704
-226,7,10,0.010178,0.013307,0.47439,0.018316,0.013088,0.0067411,0.22806
-224,7,10,0.011071,0.013357,0.47555,0.018405,0.012874,0.007106,0.2292
-222,7,10,0.01199,0.01341,0.47681,0.018473,0.012668,0.0075285,0.23042
-220,7,10,0.012925,0.01347,0.47814,0.018519,0.012454,0.0079644,0.23171
-218,7,10,0.013864,0.01354,0.47953,0.018545,0.012216,0.0083782,0.23305
-216,7,10,0.014797,0.013623,0.48095,0.018553,0.011944,0.0087445,0.23441
-214,7,10,0.015713,0.013724,0.48237,0.018542,0.011631,0.009047,0.23577
-212,7,10,0.016602,0.013845,0.48377,0.018516,0.011273,0.0092774,0.23712
-210,7,10,0.017451,0.01399,0.48513,0.018475,0.010871,0.0094337,0.23842
-208,7,10,0.018251,0.014161,0.48642,0.01842,0.01043,0.0095197,0.23966
-206,7,10,0.01899,0.014358,0.48763,0.01835,0.0099585,0.0095434,0.24082
-204,7,10,0.01966,0.014582,0.48875,0.018265,0.0094681,0.0095161,0.24188
-202,7,10,0.02025,0.014832,0.48976,0.018166,0.008971,0.0094514,0.24284
-200,7,10,0.020752,0.015106,0.49065,0.018054,0.0084806,0.0093641,0.24367
-198,7,10,0.021159,0.015403,0.49142,0.017931,0.0080097,0.009269,0.24438
-196,7,10,0.021463,0.015718,0.49205,0.017801,0.0075694,0.0091802,0.24496
-194,7,10,0.02166,0.016049,0.49254,0.017669,0.0071684,0.00911,0.24541
-192,7,10,0.021746,0.01639,0.49289,0.017544,0.0068123,0.0090685,0.24571
-190,7,10,0.021716,0.01674,0.4931,0.017434,0.0065025,0.0090628,0.24588
-188,7,10,0.021571,0.017092,0.49315,0.017348,0.0062363,0.0090975,0.2459
-186,7,10,0.021309,0.017445,0.49305,0.017296,0.0060069,0.0091752,0.24579
-184,7,10,0.020933,0.017794,0.4928,0.017283,0.0058029,0.0092963,0.24554
-182,7,10,0.020443,0.018137,0.49239,0.017314,0.0056096,0.0094607,0.24515
-180,7,10,0.019846,0.018472,0.49183,0.017388,0.0054087,0.0096676,0.24462
-178,7,10,0.019146,0.018795,0.49112,0.017501,0.0051798,0.0099159,0.24396
-176,7,10,0.01835,0.019107,0.49026,0.017642,0.0049006,0.010204,0.24315
-174,7,10,0.017466,0.019406,0.48925,0.017796,0.0045482,0.010531,0.24222
-172,7,10,0.016503,0.019692,0.48811,0.017946,0.0041002,0.010894,0.24115
-170,7,10,0.015472,0.019966,0.48685,0.018072,0.0035349,0.01129,0.23996
-168,7,10,0.014383,0.020227,0.48547,0.018151,0.0028325,0.011714,0.23865
-166,7,10,0.01325,0.020476,0.48399,0.018165,0.0019759,0.012161,0.23722
-164,7,10,0.012083,0.020716,0.48242,0.018096,0.00095078,0.012625,0.23568
-162,7,10,0.010897,0.020946,0.48078,0.017929,-0.00025338,0.013101,0.23405
-160,7,10,0.0097055,0.021169,0.47909,0.017655,-0.0016432,0.013582,0.23233
-158,7,10,0.0085215,0.021385,0.47735,0.01727,-0.0032205,0.014063,0.23055
-156,7,10,0.0073587,0.021595,0.47559,0.016775,-0.0049825,0.01454,0.22872
-154,7,10,0.0062308,0.0218,0.47381,0.016177,-0.0069207,0.015009,0.22686
-152,7,10,0.0051508,0.022001,0.47204,0.015491,-0.0090209,0.015466,0.22498
-150,7,10,0.0041312,0.022198,0.47029,0.014736,-0.011263,0.015911,0.22312
-148,7,10,0.0031839,0.022389,0.46856,0.013939,-0.013621,0.016338,0.2213
-146,7,10,0.0023198,0.022575,0.46688,0.013131,-0.016064,0.016747,0.21953
-144,7,10,0.0015489,0.022754,0.46527,0.012347,-0.018555,0.017133,0.21784
-142,7,10,0.00088009,0.022924,0.46372,0.011624,-0.021055,0.01749,0.21626
-140,7,10,0.00032083,0.023084,0.46228,0.010998,-0.023523,0.017814,0.21479
-138,7,10,-0.00012269,0.02323,0.46094,0.010501,-0.025916,0.018097,0.21346
-136,7,10,-0.00044579,0.023361,0.45973,0.010151,-0.028195,0.01833,0.21227
-134,7,10,-0.00064529,0.023474,0.45866,0.0099555,-0.030321,0.018506,0.21126
-132,7,10,-0.00071965,0.023565,0.45774,0.0099051,-0.032263,0.018616,0.21041
-130,7,10,-0.00066889,0.023634,0.457,0.0099788,-0.033995,0.018653,0.20975
-128,7,10,-0.00049468,0.023676,0.45644,0.010149,-0.035499,0.018612,0.20926
-126,7,10,-0.00020031,0.02369,0.45606,0.01039,-0.036766,0.018491,0.20896
-124,7,10,0.00020939,0.023675,0.45586,0.010676,-0.037796,0.01829,0.20884
-122,7,10,0.00072806,0.023629,0.45585,0.010992,-0.038596,0.018014,0.20889
-120,7,10,0.0013479,0.023551,0.45602,0.011327,-0.03918,0.017669,0.20911
-118,7,10,0.0020599,0.023442,0.45636,0.011675,-0.03957,0.017266,0.20949
-116,7,10,0.0028536,0.023302,0.45685,0.012034,-0.039792,0.016819,0.21002
-114,7,10,0.0037177,0.023133,0.45749,0.012403,-0.039875,0.016342,0.21068
-112,7,10,0.0046399,0.022936,0.45826,0.012783,-0.039848,0.015854,0.21148
-110,7,10,0.0056072,0.022716,0.45916,0.013172,-0.03974,0.015372,0.21239
-108,7,10,0.0066059,0.022474,0.46016,0.013566,-0.039579,0.014915,0.2134
-106,7,10,0.0076221,0.022216,0.46126,0.013963,-0.039389,0.0145,0.21451
-104,7,10,0.0086416,0.021946,0.46244,0.014355,-0.039188,0.014141,0.21571
-102,7,10,0.0096503,0.02167,0.4637,0.014737,-0.038992,0.01385,0.21697
-100,7,10,0.010634,0.021394,0.46502,0.015106,-0.03881,0.013634,0.2183
-98,7,10,0.01158,0.021122,0.4664,0.015456,-0.038646,0.013494,0.21967
-96,7,10,0.012475,0.02086,0.46782,0.015785,-0.0385,0.01343,0.22109
-94,7,10,0.013308,0.020615,0.46927,0.016094,-0.038366,0.013433,0.22255
-92,7,10,0.014066,0.020391,0.47075,0.016386,-0.038233,0.013494,0.22402
-90,7,10,0.014741,0.020191,0.47223,0.016664,-0.038088,0.013602,0.2255
-88,7,10,0.015324,0.02002,0.47372,0.016934,-0.037914,0.013744,0.22699
-86,7,10,0.015809,0.01988,0.47519,0.017205,-0.037691,0.013907,0.22847
-84,7,10,0.01619,0.019771,0.47664,0.017481,-0.037399,0.01408,0.22993
-82,7,10,0.016463,0.019694,0.47804,0.017772,-0.037015,0.014254,0.23136
-80,7,10,0.016628,0.019648,0.47939,0.018082,-0.036517,0.014419,0.23276
-78,7,10,0.016684,0.01963,0.48068,0.018415,-0.035884,0.014573,0.23411
-76,7,10,0.016633,0.019637,0.4819,0.018773,-0.035096,0.014712,0.2354
-74,7,10,0.016481,0.019668,0.48304,0.019154,-0.034136,0.014836,0.23663
-72,7,10,0.016231,0.019717,0.48411,0.019555,-0.032987,0.014948,0.2378
-70,7,10,0.015894,0.019782,0.48509,0.01997,-0.031639,0.015051,0.2389
-68,7,10,0.015477,0.01986,0.48599,0.02039,-0.030082,0.01515,0.23993
-66,7,10,0.014993,0.019948,0.48682,0.020805,-0.028311,0.015248,0.24089
-64,7,10,0.014454,0.020044,0.4876,0.021204,-0.026328,0.01535,0.2418
-62,7,10,0.013874,0.020147,0.48833,0.021575,-0.024137,0.015457,0.24265
-60,7,10,0.013269,0.020258,0.48902,0.021908,-0.021748,0.015568,0.24346
-58,7,10,0.012656,0.020377,0.48972,0.022193,-0.019176,0.015678,0.24425
-56,7,10,0.012051,0.020506,0.49042,0.022422,-0.016443,0.015781,0.24504
-54,7,10,0.011472,0.020646,0.49116,0.022591,-0.013577,0.015866,0.24583
-52,7,10,0.010937,0.020801,0.49196,0.022699,-0.01061,0.015923,0.24666
-50,7,10,0.010466,0.020972,0.49284,0.022746,-0.0075825,0.01594,0.24755
-48,7,10,0.010074,0.021164,0.49382,0.022739,-0.0045384,0.015904,0.24851
-46,7,10,0.0097812,0.021376,0.49492,0.022687,-0.0015263,0.015807,0.24958
-44,7,10,0.0096026,0.021612,0.49616,0.022603,0.0014021,0.015642,0.25077
-42,7,10,0.0095544,0.02187,0.49754,0.022503,0.0041941,0.015408,0.2521
-40,7,10,0.0096511,0.022149,0.49907,0.022405,0.0067978,0.01511,0.25359
-38,7,10,0.0099053,0.022448,0.50077,0.022327,0.0091643,0.01476,0.25526
-36,7,10,0.010328,0.022761,0.50262,0.022287,0.01125,0.014378,0.2571
-34,7,10,0.010929,0.023083,0.50463,0.022303,0.013018,0.013992,0.25913
-32,7,10,0.011714,0.023408,0.50678,0.022387,0.01444,0.013634,0.26134
-30,7,10,0.012689,0.023728,0.50907,0.022549,0.015499,0.013339,0.26373
-28,7,10,0.013855,0.024035,0.51147,0.022794,0.016187,0.013143,0.26628
-26,7,10,0.015211,0.024319,0.51398,0.023123,0.016507,0.013073,0.26898
-24,7,10,0.016754,0.024572,0.51655,0.023532,0.016472,0.013144,0.27181
-22,7,10,0.018479,0.024784,0.51919,0.024014,0.016104,0.013357,0.27474
-20,7,10,0.020375,0.024949,0.52184,0.024562,0.015431,0.0137,0.27775
-18,7,10,0.022431,0.025058,0.52449,0.025165,0.014487,0.014147,0.28079
-16,7,10,0.024634,0.025106,0.5271,0.025815,0.013309,0.014671,0.28383
-14,7,10,0.026964,0.025087,0.52965,0.026504,0.011936,0.015242,0.28685
-12,7,10,0.029404,0.024999,0.5321,0.027223,0.010406,0.015834,0.2898
-10,7,10,0.031932,0.024841,0.53442,0.027966,0.0087564,0.016423,0.29265
-8,7,10,0.034522,0.024614,0.53659,0.028727,0.0070211,0.016992,0.29536
-6,7,10,0.037149,0.024321,0.53858,0.0295,0.0052312,0.017526,0.2979
-4,7,10,0.039787,0.023968,0.54037,0.030278,0.0034142,0.018013,0.30025
-2,7,10,0.042406,0.023563,0.54194,0.031054,0.0015933,0.018443,0.30238
0,7,10,0.044976,0.023118,0.54329,0.031821,-0.00021211,0.018805,0.30427
2,7,10,0.047467,0.022646,0.5444,0.03257,-0.0019863,0.019091,0.30592
4,7,10,0.049849,0.022162,0.54528,0.033295,-0.0037169,0.019289,0.30731
6,7,10,0.052091,0.021684,0.54593,0.033985,-0.0053941,0.019391,0.30843
8,7,10,0.054164,0.02123,0.54636,0.034636,-0.0070103,0.019386,0.3093
10,7,10,0.056039,0.020821,0.54658,0.035239,-0.0085592,0.019267,0.30993
12,7,10,0.057689,0.020474,0.54661,0.035789,-0.010035,0.019028,0.31032
14,7,10,0.059087,0.020207,0.54648,0.036284,-0.011432,0.018668,0.31049
16,7,10,0.060212,0.020032,0.54621,0.036719,-0.012744,0.018191,0.31048
18,7,10,0.061041,0.019959,0.54583,0.037094,-0.013963,0.017607,0.31031
20,7,10,0.061558,0.019989,0.54536,0.037408,-0.015081,0.016933,0.31002
22,7,10,0.061747,0.02012,0.54485,0.037662,-0.016087,0.016196,0.30962
24,7,10,0.061598,0.020343,0.54432,0.037858,-0.016971,0.015433,0.30918
26,7,10,0.061103,0.020647,0.5438,0.037998,-0.017722,0.01469,0.30871
28,7,10,0.060261,0.021013,0.54333,0.038086,-0.018331,0.014021,0.30827
30,7,10,0.059071,0.021426,0.54295,0.038127,-0.018788,0.013487,0.30787
32,7,10,0.05754,0.021866,0.54267,0.038128,-0.019089,0.013143,0.30757
34,7,10,0.055677,0.022318,0.54252,0.038097,-0.01923,0.013032,0.30739
36,7,10,0.053499,0.022766,0.54252,0.038044,-0.019214,0.013172,0.30736
38,7,10,0.051023,0.0232,0.54269,0.037979,-0.019043,0.013551,0.30749
40,7,10,0.048274,0.023611,0.54303,0.037912,-0.018726,0.014131,0.30782
42,7,10,0.045281,0.023995,0.54356,0.037853,-0.018273,0.014858,0.30835
44,7,10,0.042075,0.024352,0.54426,0.037809,-0.017693,0.015675,0.30909
46,7,10,0.038693,0.024685,0.54514,0.037785,-0.016997,0.016526,0.31003
48,7,10,0.035174,0.025001,0.54618,0.037783,-0.016198,0.017364,0.31116
50,7,10,0.031564,0.02531,0.54737,0.037802,-0.015305,0.018151,0.31247
52,7,10,0.027907,0.025624,0.54869,0.037837,-0.014329,0.018858,0.31395
54,7,10,0.024252,0.025957,0.55012,0.03788,-0.013281,0.019464,0.31555
56,7,10,0.020651,0.026322,0.55164,0.037922,-0.012175,0.019958,0.31725
58,7,10,0.017155,0.026732,0.55321,0.037954,-0.011025,0.020333,0.31901
60,7,10,0.013819,0.027197,0.55481,0.037965,-0.0098486,0.020589,0.32079
62,7,10,0.010697,0.027724,0.55642,0.037947,-0.0086673,0.020732,0.32256
64,7,10,0.0078411,0.028314,0.558,0.03789,-0.0075045,0.020772,0.32428
66,7,10,0.0053055,0.028966,0.55953,0.03779,-0.0063859,0.020722,0.32592
68,7,10,0.0031418,0.029669,0.56099,0.037642,-0.0053377,0.0206,0.32746
70,7,10,0.0013996,0.030412,0.56236,0.037445,-0.0043849,0.020424,0.32887
72,7,10,0.00012639,0.031176,0.56366,0.0372,-0.0035491,0.020216,0.33016
74,7,10,-0.00063369,0.031942,0.56487,0.036912,-0.0028466,0.019995,0.33134
76,7,10,-0.00084002,0.032685,0.56602,0.036589,-0.0022864,0.019783,0.33243
78,7,10,-0.00045613,0.033383,0.56713,0.03624,-0.001868,0.019594,0.33346
80,7,10,0.00054983,0.034013,0.56826,0.035882,-0.0015805,0.019444,0.33451
82,7,10,0.0022047,0.034551,0.56945,0.035533,-0.0014013,0.019339,0.33564
84,7,10,0.0045298,0.03498,0.57078,0.035215,-0.0012962,0.019284,0.33695
86,7,10,0.0075407,0.035285,0.57233,0.034951,-0.0012192,0.019278,0.33856
88,7,10,0.011247,0.035456,0.5742,0.034766,-0.0011133,0.019316,0.34059
90,7,10,0.015652,0.035492,0.57649,0.034682,-0.0009115,0.01939,0.34317
92,7,10,0.020753,0.0354,0.57932,0.034712,-0.00053879,0.019491,0.34646
94,7,10,0.02654,0.035197,0.58281,0.034866,8.5902e-05,0.019605,0.35061
96,7,10,0.032998,0.034913,0.58708,0.035139,0.0010461,0.01972,0.35577
98,7,10,0.040104,0.034592,0.59224,0.035521,0.0024229,0.01982,0.3621
100,7,10,0.047829,0.034296,0.59839,0.036002,0.0042886,0.01989,0.36974
102,7,10,0.05614,0.034101,0.60562,0.036575,0.006699,0.019918,0.37882
104,7,10,0.064995,0.0341,0.61396,0.037249,0.0096855,0.019901,0.38944
106,7,10,0.074351,0.034391,0.62342,0.038052,0.01325,0.019845,0.40169
108,7,10,0.084155,0.035074,0.63396,0.039035,0.017363,0.019773,0.41562
110,7,10,0.094354,0.036234,0.6455,0.040261,0.021962,0.019716,0.43126
112,7,10,0.10489,0.037931,0.65792,0.041798,0.026962,0.019712,0.44858
114,7,10,0.1157,0.040192,0.67108,0.043701,0.03226,0.019797,0.46754
116,7,10,0.12672,0.043011,0.68482,0.046006,0.037739,0.019997,0.48803
118,7,10,0.13788,0.046352,0.69897,0.048717,0.043281,0.020324,0.50993
120,7,10,0.14912,0.050162,0.71336,0.051815,0.04877,0.020773,0.53305
122,7,10,0.16036,0.054375,0.72781,0.055256,0.054094,0.021326,0.55719
124,7,10,0.17155,0.058918,0.74216,0.058982,0.059152,0.021956,0.58211
126,7,10,0.1826,0.063719,0.75624,0.062923,0.063857,0.022633,0.60753
128,7,10,0.19347,0.068706,0.76991,0.067007,0.068133,0.023329,0.63317
130,7,10,0.20407,0.073808,0.78304,0.071164,0.071924,0.024017,0.65872
132,7,10,0.21436,0.078959,0.79549,0.075321,0.07519,0.024679,0.68387
134,7,10,0.22428,0.084093,0.80718,0.079415,0.077906,0.0253,0.7083
136,7,10,0.23377,0.089149,0.81801,0.083381,0.080067,0.025871,0.73171
138,7,10,0.24278,0.094067,0.82791,0.087165,0.081685,0.02639,0.75382
140,7,10,0.25128,0.098793,0.83683,0.090712,0.082786,0.026857,0.77435
142,7,10,0.25923,0.10327,0.84474,0.093978,0.083411,0.027273,0.79308
144,7,10,0.2666,0.10746,0.85163,0.096919,0.083614,0.027643,0.80981
146,7,10,0.27337,0.11131,0.85748,0.099502,0.083456,0.02797,0.82438
148,7,10,0.27951,0.11477,0.86232,0.1017,0.083008,0.028257,0.83668
150,7,10,0.28502,0.11782,0.86619,0.10348,0.082341,0.028505,0.84665
152,7,10,0.2899,0.12042,0.86912,0.10483,0.081529,0.028715,0.85427
154,7,10,0.29415,0.12254,0.87118,0.10574,0.080643,0.028884,0.85958
156,7,10,0.29777,0.12417,0.87243,0.1062,0.079746,0.029011,0.86264
158,7,10,0.3008,0.12527,0.87294,0.10623,0.078895,0.029093,0.86358
160,7,10,0.30325,0.12585,0.87279,0.10583,0.078131,0.029125,0.86256
162,7,10,0.30516,0.12589,0.87207,0.10501,0.077488,0.029107,0.85975
164,7,10,0.30656,0.1254,0.87086,0.10381,0.07698,0.029037,0.85539
166,7,10,0.30748,0.12438,0.86926,0.10225,0.076609,0.028917,0.8497
168,7,10,0.30799,0.12284,0.86733,0.10037,0.076364,0.028751,0.84294
170,7,10,0.30813,0.1208,0.86518,0.098224,0.07622,0.028544,0.83537
172,7,10,0.30796,0.11829,0.86288,0.09585,0.076143,0.028308,0.82724
174,7,10,0.30753,0.11533,0.8605,0.093304,0.076092,0.028056,0.81882
176,7,10,0.3069,0.11195,0.85814,0.090643,0.076025,0.027803,0.81034
178,7,10,0.30614,0.10821,0.85585,0.087924,0.075898,0.027568,0.80205
180,7,10,0.30532,0.10414,0.85371,0.085205,0.075676,0.027372,0.79416
182,7,10,0.30448,0.099794,0.85179,0.082543,0.07533,0.027233,0.78686
184,7,10,0.3037,0.095237,0.85014,0.079992,0.074844,0.02717,0.78033
186,7,10,0.30304,0.090532,0.84884,0.077599,0.074211,0.027199,0.77472
188,7,10,0.30256,0.085752,0.84793,0.07541,0.073439,0.02733,0.77016
190,7,10,0.30232,0.080978,0.84746,0.073461,0.072548,0.027566,0.76676
192,7,10,0.30236,0.076297,0.84748,0.071781,0.071566,0.027904,0.7646
194,7,10,0.30276,0.071807,0.84803,0.070395,0.070531,0.028336,0.76375
196,7,10,0.30354,0.067613,0.84913,0.069315,0.069485,0.028848,0.76427
198,7,10,0.30475,0.063829,0.85081,0.068552,0.068474,0.029425,0.76618
200,7,10,0.30644,0.060569,0.85308,0.068107,0.067545,0.030052,0.76949
202,7,10,0.30863,0.057941,0.85594,0.067976,0.066743,0.030714,0.77423
204,7,10,0.31135,0.056038,0.8594,0.06815,0.06611,0.0314,0.78037
206,7,10,0.31461,0.05492,0.86344,0.068618,0.065685,0.032104,0.7879
208,7,10,0.31845,0.054609,0.86804,0.06936,0.065499,0.03282,0.79679
210,7,10,0.32285,0.055077,0.87318,0.070358,0.065576,0.033547,0.80699
212,7,10,0.32784,0.056256,0.87882,0.071589,0.06593,0.034285,0.81846
214,7,10,0.33339,0.058052,0.88494,0.073026,0.066568,0.035034,0.83112
216,7,10,0.33951,0.060355,0.89149,0.074644,0.067484,0.035794,0.8449
218,7,10,0.34618,0.063058,0.89842,0.076415,0.068662,0.036567,0.85971
220,7,10,0.35338,0.066062,0.90567,0.078312,0.070074,0.037351,0.87544
222,7,10,0.36108,0.069281,0.9132,0.080307,0.071684,0.038145,0.89197
224,7,10,0.36925,0.072649,0.92093,0.082372,0.073441,0.038945,0.90918
226,7,10,0.37787,0.076109,0.9288,0.084484,0.075288,0.039745,0.92692
228,7,10,0.38688,0.079619,0.93676,0.086617,0.077153,0.040537,0.94504
230,7,10,0.39626,0.083146,0.94471,0.08875,0.078963,0.041309,0.96337
232,7,10,0.40595,0.086665,0.95261,0.090862,0.080632,0.04205,0.98177
234,7,10,0.41591,0.090158,0.96037,0.092933,0.082077,0.042744,1
236,7,10,0.42608,0.093609,0.96794,0.094947,0.083211,0.043379,1.018
238,7,10,0.43643,0.097004,0.97526,0.096889,0.083951,0.043942,1.0356
240,7,10,0.4469,0.10033,0.98227,0.098742,0.084224,0.044424,1.0526
242,7,10,0.45744,0.10358,0.98893,0.10049,0.083968,0.044819,1.0689
244,7,10,0.46799,0.10674,0.99521,0.10213,0.083138,0.045123,1.0843
246,7,10,0.47852,0.10979,1.0011,0.10364,0.081707,0.045338,1.0989
248,7,10,0.48896,0.11273,1.0066,0.10501,0.079672,0.045464,1.1124
250,7,10,0.49928,0.11553,1.0116,0.10623,0.077051,0.045506,1.1249
252,7,10,0.50943,0.11818,1.0163,0.10728,0.073889,0.045468,1.1364
254,7,10,0.51937,0.12066,1.0206,0.10815,0.07025,0.045352,1.1469
256,7,10,0.52905,0.12296,1.0246,0.10883,0.066224,0.045162,1.1564
258,7,10,0.53844,0.12505,1.0284,0.10931,0.061914,0.044896,1.165
260,7,10,0.54751,0.12692,1.0319,0.10958,0.05744,0.044556,1.1729
262,7,10,0.55622,0.12855,1.0353,0.10962,0.052933,0.044141,1.18
264,7,10,0.56456,0.12992,1.0386,0.10944,0.048527,0.043651,1.1865
266,7,10,0.5725,0.13102,1.0419,0.10902,0.044356,0.043091,1.1926
268,7,10,0.58001,0.13183,1.0453,0.10837,0.040548,0.042467,1.1983
270,7,10,0.58708,0.13235,1.0487,0.1075,0.037219,0.041792,1.2039
272,7,10,0.5937,0.13257,1.0523,0.10639,0.034469,0.041081,1.2093
274,7,10,0.59987,0.13248,1.0561,0.10507,0.032377,0.040358,1.2147
276,7,10,0.60557,0.13209,1.06,0.10353,0.030998,0.039648,1.2201
278,7,10,0.6108,0.1314,1.0641,0.1018,0.030357,0.038982,1.2257
280,7,10,0.61556,0.13041,1.0684,0.099894,0.030454,0.03839,1.2313
282,7,10,0.61985,0.12914,1.0728,0.097823,0.031259,0.037904,1.237
284,7,10,0.62369,0.12759,1.0773,0.09561,0.032713,0.037548,1.2427
286,7,10,0.62707,0.1258,1.0817,0.093276,0.034732,0.037342,1.2485
288,7,10,0.63001,0.12378,1.0862,0.090843,0.03721,0.037294,1.254
290,7,10,0.63251,0.12155,1.0905,0.088334,0.040023,0.037403,1.2594
292,7,10,0.63459,0.11915,1.0946,0.085774,0.043034,0.037656,1.2643
294,7,10,0.63626,0.11661,1.0984,0.083188,0.046096,0.038032,1.2688
296,7,10,0.63754,0.11396,1.1019,0.080602,0.049063,0.038504,1.2726
298,7,10,0.63843,0.11124,1.1049,0.078042,0.051791,0.03904,1.2756
300,7,10,0.63895,0.10848,1.1075,0.075537,0.054144,0.039611,1.2778
302,7,10,0.63912,0.10573,1.1095,0.073116,0.056004,0.040188,1.279
304,7,10,0.63895,0.10302,1.1109,0.070808,0.057268,0.040747,1.2792
306,7,10,0.63845,0.10038,1.1117,0.068645,0.057858,0.041269,1.2783
308,7,10,0.63763,0.097861,1.1119,0.066657,0.05772,0.041741,1.2764
310,7,10,0.63652,0.095484,1.1116,0.064871,0.056824,0.042154,1.2734
312,7,10,0.63511,0.09328,1.1106,0.063312,0.055172,0.042501,1.2695
314,7,10,0.63341,0.091271,1.1091,0.061999,0.05279,0.042781,1.2646
316,7,10,0.63145,0.089474,1.1071,0.060943,0.049731,0.04299,1.2591
318,7,10,0.62922,0.087899,1.1047,0.060142,0.046072,0.043128,1.2529
320,7,10,0.62674,0.086549,1.1019,0.059586,0.041913,0.043194,1.2462
322,7,10,0.624,0.085422,1.099,0.059252,0.037371,0.043188,1.2393
324,7,10,0.62102,0.084509,1.0958,0.059107,0.032577,0.043107,1.2323
326,7,10,0.6178,0.083794,1.0927,0.05911,0.027673,0.042953,1.2254
328,7,10,0.61435,0.083259,1.0895,0.059217,0.022803,0.042726,1.2187
330,7,10,0.61066,0.08288,1.0866,0.059384,0.018108,0.042429,1.2124
332,7,10,0.60675,0.082635,1.0838,0.05957,0.01372,0.04207,1.2066
334,7,10,0.60261,0.082497,1.0813,0.059743,0.0097583,0.041659,1.2013
336,7,10,0.59825,0.082442,1.0791,0.05988,0.0063184,0.041209,1.1968
338,7,10,0.59366,0.082447,1.0772,0.059971,0.0034735,0.04074,1.1928
340,7,10,0.58887,0.08249,1.0757,0.060014,0.0012696,0.040273,1.1895
342,7,10,0.58386,0.082551,1.0744,0.060019,-0.00027447,0.039831,1.1868
344,7,10,0.57864,0.082613,1.0734,0.060002,-0.0011664,0.039435,1.1846
346,7,10,0.57322,0.082663,1.0726,0.059983,-0.0014378,0.039106,1.1828
348,7,10,0.5676,0.082687,1.0718,0.059981,-0.0011405,0.03886,1.1812
350,7,10,0.56178,0.082678,1.0711,0.060014,-0.00034277,0.038704,1.1797
352,7,10,0.55579,0.082627,1.0703,0.060094,0.0008757,0.038642,1.1781
354,7,10,0.54961,0.08253,1.0694,0.060227,0.0024282,0.038668,1.1762
356,7,10,0.54328,0.082381,1.0683,0.060408,0.0042254,0.038771,1.174
358,7,10,0.53678,0.082178,1.0668,0.060629,0.0061797,0.038935,1.1713
360,7,10,0.53014,0.081919,1.0651,0.060872,0.0082087,0.039139,1.1678
362,7,10,0.52338,0.081603,1.063,0.061117,0.010238,0.039362,1.1636
364,7,10,0.51649,0.081229,1.0605,0.061338,0.012205,0.039582,1.1586
366,7,10,0.50951,0.080795,1.0577,0.061509,0.014058,0.039775,1.1527
368,7,10,0.50244,0.080301,1.0544,0.061606,0.015761,0.039924,1.1459
370,7,10,0.49531,0.079747,1.0508,0.061605,0.017292,0.04001,1.1383
372,7,10,0.48813,0.079132,1.0469,0.061485,0.018643,0.040019,1.13
374,7,10,0.48092,0.078455,1.0427,0.061232,0.019819,0.039939,1.121
376,7,10,0.47371,0.077717,1.0383,0.060835,0.020838,0.039764,1.1114
378,7,10,0.4665,0.076917,1.0338,0.060288,0.021729,0.039487,1.1014
380,7,10,0.45933,0.076055,1.0292,0.059592,0.022528,0.039107,1.0912
382,7,10,0.45222,0.075134,1.0246,0.058753,0.023276,0.038623,1.0808
384,7,10,0.44517,0.074153,1.0201,0.057782,0.024018,0.038037,1.0706
386,7,10,0.43823,0.073117,1.0157,0.056695,0.024798,0.037353,1.0605
388,7,10,0.43139,0.072028,1.0115,0.055513,0.025658,0.036575,1.0508
390,7,10,0.42469,0.070891,1.0075,0.054259,0.026635,0.035711,1.0416
392,7,10,0.41814,0.069711,1.0038,0.052958,0.027758,0.03477,1.0329
394,7,10,0.41176,0.068497,1.0005,0.051636,0.029049,0.033764,1.0249
396,7,10,0.40557,0.067256,0.99743,0.050319,0.030519,0.032708,1.0177
398,7,10,0.39957,0.065998,0.99471,0.049031,0.03217,0.031622,1.0111
400,7,10,0.39379,0.064733,0.99229,0.047792,0.033993,0.030531,1.0052
402,7,10,0.38822,0.063474,0.99016,0.046621,0.035971,0.029462,0.99999
404,7,10,0.38289,0.062233,0.98829,0.04553,0.038076,0.028449,0.99538
406,7,10,0.3778,0.061023,0.98664,0.044529,0.040273,0.027527,0.9913
408,7,10,0.37296,0.059858,0.98515,0.043622,0.042524,0.02673,0.98766
410,7,10,0.36836,0.058752,0.98379,0.042811,0.044782,0.026087,0.98434
412,7,10,0.36402,0.057717,0.9825,0.042093,0.047001,0.025622,0.98124
414,7,10,0.35992,0.056765,0.98122,0.041467,0.049134,0.025343,0.97827
416,7,10,0.35607,0.055906,0.97991,0.040926,0.051134,0.025247,0.9753
418,7,10,0.35245,0.05515,0.97853,0.040466,0.052957,0.025311,0.97227
420,7,10,0.34907,0.054503,0.97705,0.040085,0.054564,0.025504,0.96908
422,7,10,0.34592,0.053969,0.97542,0.039779,0.055918,0.025781,0.96569
424,7,10,0.34298,0.053547,0.97364,0.039549,0.056991,0.026095,0.96204
426,7,10,0.34024,0.053237,0.97168,0.039393,0.057758,0.026398,0.95813
428,7,10,0.33768,0.053034,0.96956,0.039316,0.058203,0.026645,0.95395
430,7,10,0.33529,0.052929,0.96727,0.039319,0.058316,0.0268,0.94952
432,7,10,0.33306,0.052915,0.96483,0.039404,0.058096,0.026831,0.94486
434,7,10,0.33096,0.052978,0.96226,0.039572,0.057549,0.026719,0.94004
436,7,10,0.32898,0.053106,0.9596,0.039825,0.056692,0.026451,0.9351
438,7,10,0.3271,0.053286,0.95687,0.040158,0.055549,0.026026,0.93012
440,7,10,0.32529,0.053502,0.95412,0.04057,0.054151,0.025451,0.92515
442,7,10,0.32353,0.053741,0.95137,0.041052,0.052538,0.024743,0.92027
444,7,10,0.32182,0.05399,0.94866,0.041599,0.050758,0.023929,0.91554
446,7,10,0.32012,0.054234,0.94603,0.042202,0.048858,0.023042,0.91101
448,7,10,0.31841,0.054462,0.9435,0.042853,0.046891,0.022125,0.90672
450,7,10,0.31668,0.054664,0.94108,0.043546,0.044907,0.02123,0.9027
452,7,10,0.31491,0.054828,0.93879,0.044272,0.042956,0.020413,0.89897
454,7,10,0.31308,0.054948,0.93664,0.045028,0.041077,0.019737,0.89553
456,7,10,0.31118,0.055015,0.9346,0.045807,0.039307,0.019267,0.89237
458,7,10,0.30918,0.055025,0.93268,0.046607,0.037672,0.01906,0.88945
460,7,10,0.30708,0.054974,0.93085,0.047423,0.036189,0.019158,0.88672
462,7,10,0.30487,0.054857,0.92908,0.048252,0.034867,0.019583,0.88415
464,7,10,0.30253,0.054675,0.92734,0.04909,0.033705,0.02033,0.88165
466,7,10,0.30006,0.054426,0.9256,0.049932,0.032697,0.021373,0.87917
468,7,10,0.29744,0.054111,0.92381,0.050772,0.031829,0.022669,0.87663
470,7,10,0.29469,0.053732,0.92195,0.051605,0.031084,0.024164,0.87395
472,7,10,0.29178,0.053292,0.91997,0.052421,0.030442,0.025806,0.87108
474,7,10,0.28873,0.052794,0.91785,0.053212,0.029883,0.027539,0.86793
476,7,10,0.28553,0.052244,0.91556,0.053969,0.029388,0.029312,0.86446
478,7,10,0.28219,0.051647,0.91308,0.054682,0.028942,0.031079,0.86062
480,7,10,0.27871,0.051008,0.91039,0.055338,0.028531,0.032793,0.85637
482,7,10,0.2751,0.050335,0.90749,0.055926,0.028149,0.034415,0.85169
484,7,10,0.27136,0.049633,0.90438,0.056434,0.027795,0.035906,0.84657
486,7,10,0.26751,0.048911,0.90107,0.056848,0.027471,0.037229,0.84101
488,7,10,0.26355,0.048175,0.89756,0.057155,0.027188,0.038351,0.83502
490,7,10,0.25951,0.047432,0.89388,0.057343,0.02696,0.039245,0.82862
492,7,10,0.25538,0.046691,0.89006,0.057397,0.026802,0.039882,0.82186
494,7,10,0.25119,0.045956,0.88613,0.057307,0.026736,0.040243,0.81478
496,7,10,0.24695,0.045235,0.88211,0.057062,0.026779,0.040309,0.80743
498,7,10,0.24267,0.044533,0.87805,0.056653,0.026952,0.04007,0.79985
500,7,10,0.23838,0.043854,0.87396,0.056074,0.027267,0.03952,0.79211
502,7,10,0.23408,0.043203,0.8699,0.055322,0.027737,0.038661,0.78426
504,7,10,0.22979,0.042581,0.86587,0.054398,0.028365,0.0375,0.77637
506,7,10,0.22553,0.041992,0.86192,0.053308,0.02915,0.036055,0.76848
508,7,10,0.22131,0.041435,0.85805,0.05206,0.03008,0.034348,0.76064
510,7,10,0.21715,0.04091,0.85428,0.050669,0.031141,0.032414,0.75289
512,7,10,0.21305,0.040416,0.85061,0.049153,0.032308,0.030295,0.74528
514,7,10,0.20904,0.039951,0.84705,0.047538,0.033554,0.028045,0.73783
516,7,10,0.20512,0.039512,0.8436,0.04585,0.034847,0.025731,0.73057
518,7,10,0.2013,0.039096,0.84024,0.044121,0.036156,0.023435,0.72352
520,7,10,0.1976,0.0387,0.83697,0.042387,0.037449,0.021259,0.71668
522,7,10,0.19401,0.038321,0.83377,0.040687,0.038697,0.019326,0.71007
524,7,10,0.19056,0.037956,0.83063,0.03906,0.039876,0.017774,0.70367
526,7,10,0.18723,0.037602,0.82753,0.03755,0.040967,0.016742,0.69749
528,7,10,0.18405,0.037258,0.82445,0.036199,0.041958,0.016323,0.69152
530,7,10,0.181,0.036923,0.82139,0.035049,0.042842,0.016528,0.68574
532,7,10,0.17809,0.036597,0.81832,0.034138,0.043618,0.017274,0.68014
534,7,10,0.17531,0.03628,0.81524,0.033498,0.044287,0.018417,0.67472
536,7,10,0.17268,0.035976,0.81213,0.033156,0.044855,0.019806,0.66945
538,7,10,0.17018,0.035686,0.80898,0.033124,0.04533,0.021306,0.66432
540,7,10,0.1678,0.035416,0.80578,0.033408,0.045716,0.022816,0.65933
542,7,10,0.16556,0.035169,0.80253,0.033998,0.046019,0.024263,0.65446
544,7,10,0.16342,0.034952,0.79922,0.034876,0.046241,0.025597,0.6497
546,7,10,0.1614,0.034769,0.79585,0.036014,0.046383,0.026786,0.64505
548,7,10,0.15948,0.034627,0.79242,0.03738,0.04644,0.027813,0.6405
550,7,10,0.15765,0.034531,0.78893,0.038937,0.046407,0.028668,0.63606
552,7,10,0.1559,0.034484,0.7854,0.040646,0.046274,0.029347,0.63173
554,7,10,0.15423,0.034492,0.78183,0.042469,0.046033,0.029853,0.6275
556,7,10,0.15262,0.034555,0.77825,0.044366,0.04567,0.030189,0.62338
558,7,10,0.15107,0.034674,0.77465,0.046301,0.045176,0.03036,0.61938
560,7,10,0.14956,0.034849,0.77108,0.048237,0.044539,0.030369,0.6155
562,7,10,0.14808,0.035076,0.76754,0.050139,0.043753,0.030221,0.61175
564,7,10,0.14663,0.035351,0.76408,0.051976,0.042813,0.029919,0.60812
566,7,10,0.1452,0.035668,0.7607,0.053718,0.041718,0.029469,0.60463
568,7,10,0.14378,0.036018,0.75743,0.05534,0.040471,0.028878,0.60127
570,7,10,0.14236,0.036394,0.75431,0.05682,0.039079,0.028155,0.59803
572,7,10,0.14093,0.036785,0.75133,0.058143,0.037552,0.027314,0.59493
574,7,10,0.1395,0.037181,0.74853,0.059298,0.035903,0.026377,0.59194
576,7,10,0.13805,0.037573,0.74589,0.060279,0.034146,0.025369,0.58905
578,7,10,0.13658,0.037949,0.74343,0.061089,0.032296,0.024325,0.58627
580,7,10,0.1351,0.0383,0.74112,0.061734,0.03037,0.023283,0.58356
582,7,10,0.13359,0.038617,0.73896,0.062225,0.028382,0.022285,0.58091
584,7,10,0.13206,0.03889,0.73693,0.062579,0.026349,0.021372,0.57831
586,7,10,0.1305,0.039113,0.73499,0.062813,0.024287,0.020582,0.57572
588,7,10,0.12893,0.039279,0.73312,0.062945,0.022214,0.019942,0.57312
590,7,10,0.12734,0.039383,0.73128,0.062994,0.020147,0.019465,0.57049
592,7,10,0.12573,0.03942,0.72946,0.062974,0.018107,0.019151,0.56781
594,7,10,0.12411,0.039388,0.72762,0.062899,0.016117,0.018984,0.56504
596,7,10,0.12249,0.039285,0.72575,0.062777,0.0142,0.018937,0.56218
598,7,10,0.12086,0.039112,0.72382,0.062614,0.012381,0.018983,0.55919
600,7,10,0.11924,0.038868,0.72182,0.062409,0.010685,0.019091,0.55608
602,7,10,0.11763,0.038557,0.71975,0.062163,0.0091355,0.019238,0.55281
604,7,10,0.11603,0.038182,0.7176,0.061868,0.0077539,0.019409,0.5494
606,7,10,0.11446,0.037747,0.71538,0.061521,0.0065583,0.019597,0.54583
608,7,10,0.11292,0.037259,0.71309,0.061112,0.0055629,0.019801,0.54212
610,7,10,0.11141,0.036723,0.71076,0.060634,0.0047767,0.020025,0.53827
612,7,10,0.10995,0.036147,0.70839,0.060081,0.0042032,0.020277,0.53431
614,7,10,0.10853,0.035538,0.70601,0.059445,0.0038402,0.020562,0.53026
616,7,10,0.10716,0.034903,0.70364,0.058723,0.0036796,0.020883,0.52615
618,7,10,0.10585,0.034252,0.70131,0.057912,0.0037081,0.021237,0.52202
620,7,10,0.1046,0.033591,0.69904,0.057013,0.0039072,0.021615,0.51791
622,7,10,0.1034,0.032929,0.69685,0.056029,0.0042549,0.022003,0.51386
624,7,10,0.10228,0.032271,0.69479,0.054964,0.0047259,0.022383,0.50992
626,7,10,0.10122,0.031625,0.69287,0.053829,0.0052935,0.022735,0.50614
628,7,10,0.10022,0.030995,0.69111,0.052635,0.0059307,0.02304,0.50257
630,7,10,0.099289,0.030385,0.68955,0.051396,0.0066111,0.023282,0.49925
632,7,10,0.09842,0.029798,0.68819,0.050128,0.0073102,0.023451,0.49621
634,7,10,0.09761,0.029233,0.68704,0.048851,0.0080061,0.023545,0.49351
636,7,10,0.096856,0.028693,0.68613,0.047584,0.0086796,0.023567,0.49116
638,7,10,0.096153,0.028174,0.68545,0.04635,0.0093145,0.023533,0.48918
640,7,10,0.095496,0.027674,0.685,0.045169,0.0098968,0.023461,0.48759
642,7,10,0.094878,0.027189,0.68477,0.044064,0.010415,0.023377,0.48639
644,7,10,0.094291,0.026715,0.68475,0.043055,0.010858,0.023309,0.48556
646,7,10,0.093729,0.026247,0.68491,0.042159,0.011217,0.023282,0.48509
648,7,10,0.093183,0.02578,0.68523,0.041392,0.011483,0.023318,0.48496
650,7,10,0.092645,0.02531,0.68568,0.040766,0.011647,0.023428,0.48511
652,7,10,0.092104,0.024833,0.68622,0.040288,0.011701,0.023619,0.4855
654,7,10,0.091554,0.024346,0.68681,0.039959,0.011635,0.023882,0.48608
656,7,10,0.090983,0.023846,0.68742,0.03978,0.011443,0.024206,0.48679
658,7,10,0.090384,0.023333,0.688,0.039742,0.011117,0.024571,0.48756
660,7,10,0.089748,0.022808,0.6885,0.039836,0.010651,0.024957,0.48832
662,7,10,0.089067,0.022273,0.6889,0.04005,0.010043,0.025346,0.48901
664,7,10,0.088332,0.021734,0.68914,0.040369,0.0092898,0.02572,0.48958
666,7,10,0.087537,0.021195,0.6892,0.040776,0.008391,0.02607,0.48995
668,7,10,0.086675,0.020666,0.68904,0.041255,0.0073491,0.026392,0.49009
670,7,10,0.085741,0.020156,0.68865,0.041793,0.0061687,0.026685,0.48996
672,7,10,0.084731,0.019675,0.688,0.042374,0.0048569,0.026955,0.48951
674,7,10,0.08364,0.019236,0.6871,0.042988,0.0034235,0.027209,0.48874
676,7,10,0.082467,0.018851,0.68594,0.043623,0.001881,0.027457,0.48764
678,7,10,0.08121,0.018532,0.68452,0.044273,0.00024491,0.027705,0.48621
680,7,10,0.07987,0.018289,0.68286,0.04493,-0.0014659,0.027961,0.48447
682,7,10,0.078447,0.018131,0.68098,0.045592,-0.0032294,0.028227,0.48245
684,7,10,0.076944,0.018063,0.67892,0.046255,-0.0050205,0.028501,0.48018
686,7,10,0.075365,0.018087,0.67669,0.046918,-0.0068111,0.028778,0.47773
688,7,10,0.073714,0.018201,0.67435,0.04758,-0.0085712,0.029049,0.47512
690,7,10,0.071998,0.018398,0.67193,0.048241,-0.010269,0.029303,0.47243
692,7,10,0.070223,0.018669,0.66947,0.048901,-0.011873,0.029527,0.46971
694,7,10,0.068397,0.019001,0.66702,0.04956,-0.013351,0.029708,0.46702
696,7,10,0.066529,0.01938,0.66461,0.050218,-0.014676,0.029834,0.4644
698,7,10,0.064629,0.019791,0.66228,0.050873,-0.015821,0.029895,0.46191
700,7,10,0.062707,0.020219,0.66006,0.051523,-0.016766,0.029883,0.45957
702,7,10,0.060774,0.020649,0.65798,0.052163,-0.017497,0.029793,0.45743
704,7,10,0.05884,0.021067,0.65606,0.052789,-0.018006,0.029624,0.4555
706,7,10,0.056917,0.021461,0.65431,0.053391,-0.018293,0.029379,0.45378
708,7,10,0.055016,0.021818,0.65273,0.053962,-0.018368,0.029065,0.45227
710,7,10,0.053149,0.022131,0.65133,0.054488,-0.018246,0.028688,0.45095
712,7,10,0.051327,0.02239,0.65009,0.054958,-0.017953,0.028261,0.44979
714,7,10,0.049559,0.022591,0.64899,0.055357,-0.017519,0.027794,0.44877
716,7,10,0.047857,0.022729,0.64803,0.055671,-0.016985,0.027298,0.44783
718,7,10,0.04623,0.022801,0.64717,0.055886,-0.016394,0.026782,0.44693
720,7,10,0.044686,0.022806,0.64639,0.055986,-0.015793,0.026253,0.44603
722,7,10,0.043232,0.022747,0.64566,0.055962,-0.015232,0.025715,0.44507
724,7,10,0.041876,0.022624,0.64496,0.055801,-0.014759,0.025168,0.444
726,7,10,0.040623,0.022443,0.64426,0.055498,-0.014423,0.024611,0.4428
728,7,10,0.039477,0.022208,0.64354,0.055049,-0.014263,0.024043,0.44142
730,7,10,0.038441,0.021927,0.64278,0.054455,-0.014314,0.023463,0.43985
732,7,10,0.037517,0.021606,0.64195,0.05372,-0.0146,0.022875,0.43808
734,7,10,0.036704,0.021256,0.64106,0.052854,-0.015132,0.022288,0.43611
736,7,10,0.036003,0.020885,0.64011,0.051867,-0.015911,0.021718,0.43395
738,7,10,0.03541,0.020503,0.63909,0.050778,-0.016919,0.02119,0.43164
740,7,10,0.034921,0.020121,0.63802,0.049603,-0.018125,0.020731,0.42921
742,7,10,0.034532,0.019748,0.63691,0.048364,-0.019487,0.020376,0.42671
744,7,10,0.034237,0.019394,0.63581,0.047082,-0.020947,0.020155,0.4242
746,7,10,0.034028,0.019068,0.63473,0.045781,-0.02244,0.020095,0.42174
748,7,10,0.033896,0.018777,0.63371,0.044482,-0.023896,0.020207,0.41939
750,7,10,0.033833,0.018527,0.63279,0.043209,-0.025239,0.020491,0.41722
752,7,10,0.033829,0.018321,0.632,0.041981,-0.026398,0.02093,0.41529
754,7,10,0.033873,0.018163,0.63139,0.040819,-0.027305,0.021496,0.41365
756,7,10,0.033954,0.018051,0.63097,0.03974,-0.0279,0.022156,0.41234
758,7,10,0.034061,0.017983,0.63078,0.038758,-0.028135,0.022871,0.4114
760,7,10,0.034182,0.017958,0.63082,0.037886,-0.027976,0.023606,0.41085
762,7,10,0.034305,0.017969,0.63109,0.037133,-0.027403,0.024331,0.41069
764,7,10,0.034421,0.018012,0.6316,0.036506,-0.026413,0.02502,0.41091
766,7,10,0.034517,0.018081,0.63232,0.036006,-0.02502,0.025655,0.41149
768,7,10,0.034583,0.018171,0.63322,0.035633,-0.023251,0.026221,0.41239
770,7,10,0.034611,0.018277,0.63426,0.035383,-0.021151,0.02671,0.41356
772,7,10,0.03459,0.018395,0.63541,0.035246,-0.018773,0.027121,0.41493
774,7,10,0.034514,0.018521,0.63661,0.035212,-0.016184,0.027453,0.41643
776,7,10,0.034375,0.018655,0.6378,0.035267,-0.013452,0.027716,0.41798
778,7,10,0.034168,0.018793,0.63894,0.035394,-0.010651,0.027921,0.41951
780,7,10,0.033889,0.018938,0.63996,0.035575,-0.0078537,0.028086,0.42094
782,7,10,0.033535,0.019089,0.64083,0.035793,-0.0051267,0.028233,0.4222
784,7,10,0.033104,0.019248,0.6415,0.036031,-0.0025309,0.028389,0.42321
786,7,10,0.032597,0.019417,0.64193,0.036271,-0.00011776,0.02858,0.42391
788,7,10,0.032014,0.019599,0.64209,0.036499,0.0020721,0.028827,0.42427
790,7,10,0.03136,0.019797,0.64196,0.036703,0.0040096,0.029148,0.42424
792,7,10,0.030637,0.020011,0.64155,0.036871,0.0056772,0.02955,0.42382
794,7,10,0.029852,0.020245,0.64084,0.036995,0.0070688,0.030025,0.42299
796,7,10,0.029012,0.020499,0.63985,0.037069,0.0081895,0.030557,0.42177
798,7,10,0.028125,0.020773,0.6386,0.03709,0.0090539,0.031118,0.42019
800,7,10,0.0272,0.021068,0.63711,0.037058,0.0096854,0.031671,0.41827
802,7,10,0.026248,0.021381,0.63543,0.036975,0.010115,0.032176,0.41607
804,7,10,0.025279,0.021709,0.63358,0.036846,0.010378,0.032593,0.41365
806,7,10,0.024306,0.022051,0.63162,0.03668,0.010515,0.032886,0.41105
808,7,10,0.02334,0.022403,0.62957,0.036487,0.010566,0.033021,0.40835
810,7,10,0.022393,0.02276,0.62749,0.036283,0.010572,0.032974,0.40559
812,7,10,0.02148,0.023118,0.6254,0.036084,0.010569,0.032727,0.40285
814,7,10,0.020612,0.023472,0.62335,0.035908,0.010589,0.032272,0.40016
816,7,10,0.019801,0.023819,0.62134,0.035776,0.010657,0.031608,0.39758
818,7,10,0.019061,0.024153,0.61941,0.035706,0.010789,0.030742,0.39514
820,7,10,0.018401,0.024472,0.61756,0.035715,0.010992,0.029689,0.39285
822,7,10,0.017833,0.024771,0.61579,0.035819,0.011265,0.028469,0.39074
824,7,10,0.017366,0.025047,0.61411,0.036027,0.011595,0.027111,0.38881
826,7,10,0.017008,0.025299,0.6125,0.036342,0.011964,0.025647,0.38704
828,7,10,0.016768,0.025524,0.61096,0.036761,0.012342,0.024115,0.38543
830,7,10,0.016651,0.025721,0.60946,0.037273,0.012698,0.022559,0.38395
832,7,10,0.016662,0.02589,0.60801,0.037862,0.012994,0.021023,0.38257
834,7,10,0.016803,0.026029,0.60657,0.038505,0.01319,0.019554,0.38127
836,7,10,0.017076,0.02614,0.60515,0.039174,0.013248,0.018197,0.38002
838,7,10,0.017481,0.026222,0.60375,0.03984,0.01313,0.016991,0.3788
840,7,10,0.018014,0.026276,0.60235,0.040472,0.012804,0.015966,0.37757
842,7,10,0.018674,0.026305,0.60098,0.041043,0.012246,0.015135,0.37634
844,7,10,0.019454,0.026308,0.59963,0.041524,0.011439,0.014494,0.37508
846,7,10,0.020348,0.026287,0.59834,0.041894,0.010377,0.01402,0.3738
848,7,10,0.021347,0.026245,0.59711,0.042137,0.0090674,0.01368,0.37252
850,7,10,0.022441,0.026182,0.59599,0.04224,0.007528,0.013433,0.37126
852,7,10,0.02362,0.0261,0.59498,0.042199,0.0057905,0.013244,0.37003
854,7,10,0.02487,0.026001,0.59413,0.042018,0.0038978,0.013082,0.36888
856,7,10,0.026178,0.025887,0.59345,0.041706,0.0019034,0.012933,0.36784
858,7,10,0.027531,0.025759,0.59298,0.041279,-0.00013105,0.012795,0.36697
860,7,10,0.028912,0.025619,0.59274,0.040756,-0.0021384,0.012676,0.36629
862,7,10,0.030307,0.02547,0.59274,0.040165,-0.0040486,0.012597,0.36586
864,7,10,0.0317,0.025312,0.59299,0.039533,-0.005792,0.012582,0.36571
866,7,10,0.033075,0.025149,0.59351,0.03889,-0.0073023,0.012659,0.36587
868,7,10,0.034417,0.024983,0.5943,0.038264,-0.0085196,0.012851,0.36637
870,7,10,0.035709,0.024817,0.59534,0.037683,-0.0093925,0.013172,0.36721
872,7,10,0.036938,0.024652,0.59663,0.037169,-0.0098809,0.013625,0.3684
874,7,10,0.038088,0.024494,0.59815,0.03674,-0.0099574,0.014201,0.36993
876,7,10,0.039147,0.024343,0.59986,0.03641,-0.0096085,0.014884,0.37177
878,7,10,0.040101,0.024204,0.60175,0.036182,-0.0088351,0.015646,0.37388
880,7,10,0.040941,0.024078,0.60375,0.036056,-0.0076528,0.016459,0.37622
882,7,10,0.041656,0.02397,0.60584,0.036025,-0.0060905,0.017292,0.37873
884,7,10,0.042239,0.02388,0.60796,0.036075,-0.0041901,0.018116,0.38133
886,7,10,0.042682,0.023811,0.61007,0.03619,-0.0020043,0.018902,0.38397
888,7,10,0.042981,0.023763,0.6121,0.036349,0.00040544,0.019627,0.38656
890,7,10,0.043132,0.023737,0.61402,0.036531,0.0029704,0.020268,0.38903
892,7,10,0.043134,0.023733,0.61577,0.036713,0.0056173,0.020809,0.3913
894,7,10,0.042988,0.023749,0.61731,0.036873,0.0082707,0.021235,0.39331
896,7,10,0.042695,0.023784,0.61861,0.036993,0.010855,0.021536,0.39499
898,7,10,0.04226,0.023834,0.61964,0.037056,0.013296,0.021706,0.39631
900,7,10,0.041687,0.023896,0.62037,0.037051,0.015526,0.021744,0.39721
902,7,10,0.040985,0.023966,0.62079,0.036968,0.017481,0.021648,0.39767
904,7,10,0.040162,0.02404,0.62089,0.036805,0.019107,0.021424,0.39769
906,7,10,0.039228,0.024115,0.62067,0.036564,0.020359,0.021078,0.39726
908,7,10,0.038194,0.024185,0.62015,0.036249,0.021207,0.020621,0.39641
910,7,10,0.037073,0.024247,0.61934,0.03587,0.02163,0.020065,0.39516
912,7,10,0.035878,0.024298,0.61827,0.035442,0.021624,0.019429,0.39356
914,7,10,0.034623,0.024334,0.61696,0.03498,0.021198,0.018735,0.39166
916,7,10,0.033323,0.024354,0.61547,0.034503,0.020374,0.01801,0.38952
918,7,10,0.031993,0.024357,0.61383,0.03403,0.019188,0.017283,0.38721
920,7,10,0.030648,0.024342,0.61209,0.033581,0.017686,0.016589,0.3848
922,7,10,0.029303,0.02431,0.6103,0.033175,0.015926,0.015962,0.38237
924,7,10,0.027973,0.024262,0.60851,0.032827,0.01397,0.015437,0.37998
926,7,10,0.026673,0.024201,0.60677,0.032553,0.011884,0.015038,0.3777
928,7,10,0.025416,0.02413,0.60512,0.032363,0.0097362,0.014782,0.3756
930,7,10,0.024216,0.024052,0.60362,0.032264,0.0075926,0.014669,0.37373
932,7,10,0.023084,0.023973,0.60229,0.03226,0.0055148,0.014689,0.37212
934,7,10,0.022032,0.023895,0.60117,0.032352,0.0035585,0.014818,0.37083
936,7,10,0.021069,0.023823,0.60027,0.032536,0.0017707,0.015024,0.36986
938,7,10,0.020205,0.023761,0.59962,0.032809,0.00018929,0.015276,0.36923
940,7,10,0.019445,0.023713,0.59921,0.033162,-0.001158,0.015544,0.36895
942,7,10,0.018796,0.02368,0.59904,0.033584,-0.0022541,0.015804,0.36899
944,7,10,0.018262,0.023664,0.59909,0.034065,-0.0030923,0.01604,0.36936
946,7,10,0.017844,0.023666,0.59937,0.03459,-0.0036755,0.016241,0.37001
948,7,10,0.017543,0.023683,0.59983,0.035145,-0.0040159,0.016404,0.37091
950,7,10,0.017359,0.023714,0.60046,0.035714,-0.004134,0.016533,0.37203
952,7,10,0.017289,0.023755,0.60122,0.036283,-0.0040569,0.016633,0.37331
954,7,10,0.01733,0.023801,0.60209,0.036835,-0.0038178,0.016714,0.37472
956,7,10,0.017476,0.023847,0.60303,0.037356,-0.0034539,0.016787,0.3762
958,7,10,0.017719,0.023888,0.60401,0.037835,-0.0030056,0.016862,0.37771
960,7,10,0.018054,0.023916,0.60501,0.038259,-0.0025141,0.016949,0.37921
962,7,10,0.018469,0.023926,0.606,0.038619,-0.0020209,0.017055,0.38065
964,7,10,0.018957,0.023912,0.60695,0.038907,-0.0015649,0.017186,0.38201
966,7,10,0.019505,0.023868,0.60784,0.039117,-0.001182,0.017344,0.38324
968,7,10,0.020102,0.023789,0.60866,0.039244,-0.00090307,0.017533,0.38433
970,7,10,0.020737,0.023673,0.60939,0.039285,-0.00075302,0.017753,0.38525
972,7,10,0.021398,0.023517,0.61003,0.039236,-0.00075008,0.018008,0.38599
974,7,10,0.022071,0.023319,0.61057,0.039097,-0.00090536,0.018297,0.38655
976,7,10,0.022746,0.023081,0.61101,0.038866,-0.0012229,0.018621,0.38693
978,7,10,0.023409,0.022803,0.61135,0.038545,-0.0016999,0.018981,0.38712
980,7,10,0.02405,0.02249,0.6116,0.038137,-0.0023275,0.019374,0.38714
982,7,10,0.024657,0.022147,0.61175,0.037647,-0.0030915,0.019796,0.387
984,7,10,0.02522,0.021778,0.61182,0.037084,-0.0039731,0.020243,0.38671
986,7,10,0.025729,0.021393,0.61182,0.036458,-0.0049499,0.020706,0.38629
988,7,10,0.026176,0.021001,0.61175,0.035783,-0.0059964,0.021174,0.38576
990,7,10,0.026552,0.02061,0.61161,0.035077,-0.0070849,0.021637,0.38514
992,7,10,0.026851,0.020231,0.61141,0.034357,-0.0081858,0.022084,0.38445
994,7,10,0.027068,0.019875,0.61116,0.033642,-0.0092687,0.022503,0.38371
996,7,10,0.027199,0.019552,0.61087,0.032952,-0.010302,0.022887,0.38293
998,7,10,0.02724,0.01927,0.61053,0.032303,-0.011256,0.023227,0.38214
1000,7,10,0.027191,0.019039,0.61015,0.03171,-0.0121,0.02352,0.38133
1002,7,10,0.027051,0.018863,0.60974,0.031186,-0.012805,0.023764,0.38054
1004,7,10,0.026821,0.018747,0.6093,0.030738,-0.013346,0.02396,0.37975
1006,7,10,0.026503,0.018691,0.60884,0.03037,-0.0137,0.024112,0.37899
1008,7,10,0.0261,0.018695,0.60836,0.030085,-0.013849,0.024224,0.37824
1010,7,10,0.025618,0.018754,0.60785,0.029879,-0.013778,0.024302,0.37752
1012,7,10,0.025062,0.018863,0.60733,0.02975,-0.013479,0.024353,0.37682
1014,7,10,0.024437,0.019014,0.6068,0.029692,-0.012949,0.02438,0.37614
1016,7,10,0.023753,0.0192,0.60624,0.029701,-0.012191,0.024387,0.37547
1018,7,10,0.023016,0.019412,0.60566,0.029773,-0.011213,0.024375,0.3748
1020,7,10,0.022235,0.019643,0.60505,0.029904,-0.010028,0.024343,0.37414
1022,7,10,0.021419,0.019885,0.60442,0.03009,-0.0086552,0.024288,0.37347
1024,7,10,0.020577,0.020132,0.60375,0.030327,-0.0071143,0.024206,0.37279
1026,7,10,0.01972,0.020381,0.60304,0.030611,-0.0054291,0.024089,0.3721
1028,7,10,0.018856,0.020628,0.6023,0.030936,-0.0036246,0.023932,0.37138
1030,7,10,0.017995,0.020871,0.60152,0.031297,-0.0017261,0.02373,0.37065
1032,7,10,0.017146,0.021112,0.60071,0.031685,0.00024116,0.023478,0.36989
1034,7,10,0.016318,0.021352,0.59987,0.032092,0.0022528,0.023175,0.36911
1036,7,10,0.01552,0.021593,0.59901,0.032506,0.0042855,0.022819,0.36832
1038,7,10,0.014759,0.021841,0.59813,0.032918,0.0063171,0.022414,0.36752
1040,7,10,0.014043,0.022099,0.59726,0.033318,0.0083264,0.021965,0.36671
1042,7,10,0.013377,0.022372,0.5964,0.033694,0.010293,0.021479,0.36591
1044,7,10,0.012768,0.022666,0.59556,0.034037,0.012198,0.020962,0.36512
1046,7,10,0.01222,0.022984,0.59476,0.034339,0.014022,0.020423,0.36435
1048,7,10,0.011737,0.023329,0.59401,0.034591,0.015746,0.01987,0.36362
1050,7,10,0.011321,0.023705,0.59333,0.034786,0.017352,0.019309,0.36293
1052,7,10,0.010976,0.024112,0.59272,0.03492,0.018821,0.018742,0.36229
1054,7,10,0.0107,0.024548,0.59219,0.034986,0.020134,0.018174,0.36171
1056,7,10,0.010495,0.025012,0.59176,0.034983,0.021273,0.017603,0.36119
1058,7,10,0.01036,0.025501,0.59141,0.034908,0.022221,0.01703,0.36074
1060,7,10,0.010292,0.026008,0.59116,0.034762,0.022958,0.016452,0.36035
1062,7,10,0.010288,0.026529,0.591,0.034547,0.023471,0.01587,0.36002
1064,7,10,0.010346,0.027056,0.59092,0.034268,0.023743,0.015284,0.35976
1066,7,10,0.010461,0.027582,0.59092,0.033934,0.023761,0.014698,0.35954
1068,7,10,0.010627,0.028099,0.59096,0.033554,0.023517,0.014119,0.35937
1070,7,10,0.01084,0.028602,0.59105,0.033142,0.023003,0.013558,0.35923
1072,7,10,0.011094,0.029081,0.59117,0.032712,0.022217,0.013032,0.35911
1074,7,10,0.011382,0.029531,0.59128,0.032283,0.02116,0.012558,0.35899
1076,7,10,0.011699,0.029947,0.59137,0.031871,0.01984,0.012159,0.35886
1078,7,10,0.012036,0.030324,0.59142,0.031496,0.018268,0.011858,0.35871
1080,7,10,0.012388,0.030658,0.59142,0.031173,0.016461,0.011676,0.35852
1082,7,10,0.012749,0.030947,0.59134,0.030917,0.01444,0.011629,0.35829
1084,7,10,0.01311,0.03119,0.59119,0.030737,0.012233,0.011726,0.358
1086,7,10,0.013467,0.031385,0.59094,0.03064,0.0098682,0.011965,0.35766
1088,7,10,0.013812,0.031535,0.5906,0.030625,0.007381,0.012334,0.35725
1090,7,10,0.014141,0.03164,0.59017,0.030689,0.0048076,0.012813,0.35677
1092,7,10,0.014449,0.031704,0.58965,0.030823,0.0021862,0.013377,0.35624
1094,7,10,0.014729,0.031729,0.58906,0.031014,-0.00044403,0.014001,0.35565
1096,7,10,0.014979,0.03172,0.58841,0.03125,-0.0030439,0.014659,0.35501
1098,7,10,0.015194,0.031681,0.58771,0.031516,-0.0055752,0.015325,0.35434
1100,7,10,0.015373,0.031615,0.58698,0.0318,-0.0080015,0.01598,0.35364
1102,7,10,0.015511,0.031527,0.58623,0.032089,-0.010289,0.016607,0.35293
1104,7,10,0.015608,0.031421,0.58548,0.032375,-0.012407,0.017191,0.35222
1106,7,10,0.015662,0.031301,0.58475,0.03265,-0.014329,0.017723,0.35153
1108,7,10,0.015672,0.031168,0.58405,0.03291,-0.016032,0.018197,0.35086
1110,7,10,0.01564,0.031024,0.58339,0.033155,-0.017497,0.018611,0.35023
1112,7,10,0.015564,0.030871,0.58277,0.033382,-0.018714,0.018966,0.34964
1114,7,10,0.015448,0.030708,0.58219,0.033596,-0.019673,0.019266,0.34911
1116,7,10,0.015291,0.030536,0.58167,0.033796,-0.020374,0.019514,0.34862
1118,7,10,0.015095,0.030351,0.58119,0.033986,-0.020819,0.019716,0.34818
1120,7,10,0.014864,0.030151,0.58076,0.034166,-0.02102,0.01988,0.34779
1122,7,10,0.014599,0.029935,0.58037,0.034337,-0.02099,0.020009,0.34743
1124,7,10,0.014304,0.029699,0.58,0.034495,-0.020752,0.020108,0.34711
1126,7,10,0.013981,0.02944,0.57965,0.034637,-0.02033,0.020177,0.3468
1128,7,10,0.013633,0.029156,0.57932,0.034757,-0.019755,0.020215,0.34648
1130,7,10,0.013263,0.028844,0.57899,0.034846,-0.01906,0.020218,0.34616
1132,7,10,0.012874,0.028504,0.57866,0.034898,-0.018285,0.020182,0.3458
1134,7,10,0.01247,0.028137,0.57831,0.034902,-0.017466,0.020099,0.3454
1136,7,10,0.012051,0.027742,0.57794,0.034851,-0.016643,0.019961,0.34494
1138,7,10,0.011622,0.027324,0.57754,0.034737,-0.015856,0.019761,0.34441
1140,7,10,0.011185,0.026887,0.57711,0.034554,-0.01514,0.019493,0.3438
1142,7,10,0.01074,0.026438,0.57664,0.0343,-0.014527,0.019151,0.3431
1144,7,10,0.010291,0.025984,0.57613,0.033972,-0.014046,0.018733,0.34231
1146,7,10,0.0098371,0.025537,0.57557,0.033572,-0.013719,0.018237,0.34142
1148,7,10,0.0093808,0.025109,0.57496,0.033103,-0.01356,0.017666,0.34044
1150,7,10,0.0089222,0.024712,0.57431,0.032572,-0.013578,0.017027,0.33938
1152,7,10,0.0084615,0.024361,0.57361,0.031986,-0.013774,0.01633,0.33824
1154,7,10,0.0079987,0.02407,0.57288,0.031354,-0.014144,0.015588,0.33704
1156,7,10,0.0075332,0.023853,0.5721,0.030688,-0.014675,0.014821,0.33578
1158,7,10,0.0070643,0.023723,0.5713,0.029999,-0.015353,0.014056,0.33448
1160,7,10,0.006591,0.02369,0.57047,0.0293,-0.016156,0.013325,0.33316
1162,7,10,0.0061122,0.023761,0.56962,0.028602,-0.017061,0.012668,0.33183
1164,7,10,0.0056262,0.023939,0.56876,0.027917,-0.018042,0.012131,0.33051
1166,7,10,0.0051317,0.024224,0.56791,0.027255,-0.019069,0.01176,0.32921
1168,7,10,0.004627,0.024609,0.56707,0.026624,-0.020114,0.011597,0.32794
1170,7,10,0.0041102,0.025087,0.56624,0.02603,-0.021147,0.011669,0.32673
1172,7,10,0.0035798,0.025646,0.56544,0.025478,-0.022137,0.011982,0.32557
1174,7,10,0.0030342,0.026272,0.56468,0.024969,-0.023056,0.012518,0.32447
1176,7,10,0.0024718,0.02695,0.56395,0.024503,-0.023874,0.013245,0.32345
1178,7,10,0.0018914,0.027663,0.56327,0.024078,-0.024566,0.014119,0.32249
1180,7,10,0.0012918,0.028397,0.56264,0.023693,-0.025108,0.015095,0.32162
1182,7,10,0.00067223,0.029136,0.56206,0.023345,-0.025479,0.016131,0.32082
1184,7,10,3.2146e-05,0.029866,0.56153,0.023034,-0.025665,0.017189,0.32009
1186,7,10,-0.00062862,0.030574,0.56105,0.022761,-0.025653,0.018237,0.31943
1188,7,10,-0.0013099,0.031249,0.5606,0.02253,-0.025438,0.019249,0.31884
1190,7,10,-0.002011,0.031881,0.5602,0.022346,-0.025021,0.020202,0.31832
1192,7,10,-0.002731,0.032461,0.55983,0.022217,-0.024408,0.021077,0.31785
1194,7,10,-0.0034685,0.032984,0.55948,0.022153,-0.02361,0.021859,0.31743
1196,7,10,-0.0042215,0.033444,0.55915,0.022164,-0.022647,0.022538,0.31707
1198,7,10,-0.0049879,0.033837,0.55882,0.022259,-0.021539,0.023104,0.31674
1200,7,10,-0.0057649,0.034162,0.55851,0.022446,-0.020314,0.023551,0.31646
1202,7,10,-0.0065494,0.034417,0.55818,0.022729,-0.019,0.023875,0.31622
1204,7,10,-0.0073381,0.034603,0.55785,0.02311,-0.017627,0.024077,0.31601
1206,7,10,-0.0081271,0.034721,0.55751,0.023584,-0.016226,0.024155,0.31582
1208,7,10,-0.0089125,0.034773,0.55716,0.024145,-0.014827,0.024113,0.31567
1210,7,10,-0.0096899,0.034763,0.55679,0.024782,-0.013458,0.023957,0.31554
1212,7,10,-0.010455,0.034694,0.55641,0.025482,-0.012143,0.023692,0.31544
1214,7,10,-0.011203,0.034571,0.55603,0.026229,-0.010904,0.023328,0.31536
1216,7,10,-0.011929,0.034398,0.55563,0.027008,-0.0097555,0.022875,0.31529
1218,7,10,-0.012629,0.034179,0.55524,0.027803,-0.0087105,0.022344,0.31525
1220,7,10,-0.013297,0.033919,0.55484,0.0286,-0.0077752,0.021747,0.31521
1222,7,10,-0.01393,0.033623,0.55446,0.029384,-0.0069515,0.021096,0.31519
1224,7,10,-0.014523,0.033295,0.55408,0.030144,-0.0062366,0.020403,0.31518
1226,7,10,-0.015071,0.032939,0.55372,0.030867,-0.0056239,0.019677,0.31518
1228,7,10,-0.015571,0.032558,0.55337,0.031545,-0.0051031,0.018929,0.31518
1230,7,10,-0.016019,0.032156,0.55306,0.032169,-0.0046613,0.018163,0.31519
1232,7,10,-0.016412,0.031734,0.55277,0.03273,-0.0042831,0.017384,0.3152
1234,7,10,-0.016748,0.031295,0.55252,0.033223,-0.0039515,0.016595,0.31521
1236,7,10,-0.017023,0.030841,0.55231,0.033641,-0.0036486,0.015796,0.31523
1238,7,10,-0.017236,0.030373,0.55214,0.033979,-0.0033561,0.014988,0.31525
1240,7,10,-0.017385,0.029891,0.55203,0.034231,-0.0030562,0.014171,0.31528
1242,7,10,-0.01747,0.029398,0.55196,0.034393,-0.002732,0.013349,0.31531
1244,7,10,-0.017491,0.028894,0.55196,0.034462,-0.0023682,0.012528,0.31534
1246,7,10,-0.017448,0.028379,0.552,0.034435,-0.0019525,0.01172,0.31538
1248,7,10,-0.017342,0.027856,0.55211,0.03431,-0.0014757,0.010942,0.31542
1250,7,10,-0.017173,0.027327,0.55228,0.034088,-0.00093277,0.010217,0.31547
1252,7,10,-0.016945,0.026793,0.55249,0.033769,-0.00032373,0.0095756,0.31551
1254,7,10,-0.01666,0.026258,0.55276,0.033359,0.00034607,0.0090539,0.31556
1256,7,10,-0.016319,0.025725,0.55306,0.032863,0.0010655,0.0086879,0.31559
1258,7,10,-0.015928,0.025198,0.55338,0.032289,0.0018179,0.0085078,0.31562
1260,7,10,-0.015489,0.024683,0.55372,0.031648,0.0025808,0.008529,0.31562
1262,7,10,-0.015006,0.024185,0.55406,0.030953,0.0033277,0.0087466,0.31561
1264,7,10,-0.014485,0.023711,0.55438,0.030217,0.0040283,0.0091368,0.31556
1266,7,10,-0.013929,0.023265,0.55467,0.029456,0.0046503,0.0096632,0.31547
1268,7,10,-0.013343,0.022855,0.55491,0.028684,0.0051611,0.010286,0.31533
1270,7,10,-0.012732,0.022486,0.55509,0.027918,0.0055293,0.010968,0.31514
1272,7,10,-0.012101,0.022165,0.55521,0.02717,0.0057269,0.011676,0.3149
1274,7,10,-0.011455,0.021895,0.55525,0.026454,0.0057309,0.012388,0.3146
1276,7,10,-0.010798,0.021679,0.55521,0.025782,0.0055246,0.013084,0.31424
1278,7,10,-0.010136,0.02152,0.55509,0.025164,0.0050988,0.013752,0.31382
1280,7,10,-0.0094732,0.021417,0.5549,0.024606,0.004453,0.014387,0.31336
1282,7,10,-0.0088131,0.02137,0.55464,0.024116,0.0035952,0.014985,0.31286
1284,7,10,-0.0081602,0.021374,0.55434,0.023698,0.0025425,0.015546,0.31235
1286,7,10,-0.007518,0.021425,0.554,0.023355,0.0013206,0.016073,0.31183
1288,7,10,-0.0068899,0.021517,0.55365,0.023091,-3.7461e-05,0.016567,0.31133
1290,7,10,-0.0062786,0.021643,0.55332,0.022906,-0.0014915,0.017032,0.31088
1292,7,10,-0.0056866,0.021795,0.55301,0.022802,-0.0029959,0.017468,0.3105
1294,7,10,-0.0051159,0.021967,0.55277,0.022778,-0.0045013,0.017877,0.31023
1296,7,10,-0.0045678,0.02215,0.55263,0.022832,-0.0059555,0.018255,0.31009
1298,7,10,-0.0040435,0.022337,0.55259,0.022964,-0.0073061,0.018599,0.31011
1300,7,10,-0.0035433,0.022522,0.5527,0.02317,-0.0085015,0.018905,0.31031
1302,7,10,-0.0030674,0.022699,0.55297,0.023447,-0.0094933,0.019165,0.31073
1304,7,10,-0.0026152,0.022864,0.55343,0.02379,-0.010238,0.019373,0.31137
1306,7,10,-0.0021858,0.023012,0.55407,0.024197,-0.010697,0.019523,0.31226
1308,7,10,-0.0017779,0.023142,0.55491,0.02466,-0.010841,0.019609,0.3134
1310,7,10,-0.0013898,0.023252,0.55596,0.025175,-0.010649,0.019627,0.31479
1312,7,10,-0.0010194,0.023341,0.55719,0.025735,-0.010107,0.019577,0.31642
1314,7,10,-0.00066411,0.023409,0.55861,0.026332,-0.0092121,0.019458,0.31829
1316,7,10,-0.00032135,0.023458,0.56019,0.026956,-0.0079699,0.019276,0.32035
1318,7,10,1.1874e-05,0.02349,0.56191,0.027597,-0.0063948,0.019038,0.3226
1320,7,10,0.0003387,0.023507,0.56374,0.028243,-0.0045089,0.018752,0.32498
1322,7,10,0.00066242,0.023512,0.56566,0.028881,-0.0023417,0.018434,0.32747
1324,7,10,0.0009864,0.023507,0.56762,0.029497,7.107e-05,0.018097,0.33002
1326,7,10,0.001314,0.023495,0.56959,0.030078,0.0026883,0.01776,0.33258
1328,7,10,0.0016487,0.023479,0.57155,0.030611,0.0054643,0.017439,0.3351
1330,7,10,0.0019936,0.02346,0.57346,0.031084,0.0083501,0.017153,0.33755
1332,7,10,0.002352,0.023441,0.57528,0.031485,0.011294,0.016914,0.33987
1334,7,10,0.002727,0.023422,0.577,0.031809,0.014242,0.016735,0.34203
1336,7,10,0.0031212,0.023404,0.57858,0.032049,0.017141,0.016622,0.344
1338,7,10,0.0035371,0.023386,0.58002,0.032203,0.019937,0.016576,0.34575
1340,7,10,0.0039771,0.023366,0.58129,0.032272,0.022578,0.016592,0.34728
1342,7,10,0.004443,0.023345,0.5824,0.032261,0.025016,0.016664,0.34856
1344,7,10,0.0049364,0.023318,0.58334,0.032175,0.027208,0.016783,0.3496
1346,7,10,0.0054583,0.023285,0.58411,0.032025,0.029116,0.016939,0.35042
1348,7,10,0.0060096,0.023241,0.58473,0.031821,0.03071,0.017125,0.35103
1350,7,10,0.0065905,0.023185,0.58522,0.031575,0.03197,0.017334,0.35146
1352,7,10,0.0072011,0.023115,0.58559,0.031298,0.032885,0.017563,0.35174
1354,7,10,0.0078408,0.023027,0.58588,0.031005,0.033452,0.01781,0.35191
1356,7,10,0.0085086,0.022922,0.58612,0.030704,0.033682,0.018074,0.35202
1358,7,10,0.0092034,0.022797,0.58633,0.030405,0.033592,0.018354,0.3521
1360,7,10,0.0099233,0.022653,0.58655,0.030115,0.033209,0.018648,0.3522
1362,7,10,0.010666,0.022492,0.58681,0.029839,0.032569,0.018951,0.35236
1364,7,10,0.01143,0.022314,0.58715,0.02958,0.03171,0.019255,0.35261
1366,7,10,0.012212,0.022124,0.58757,0.02934,0.030678,0.019549,0.35299
1368,7,10,0.013008,0.021925,0.58812,0.029119,0.029519,0.019821,0.35351
1370,7,10,0.013816,0.021721,0.58878,0.028917,0.028279,0.020056,0.35419
1372,7,10,0.014632,0.02152,0.58958,0.028731,0.027004,0.02024,0.35503
1374,7,10,0.015453,0.021326,0.5905,0.028564,0.025735,0.020358,0.35603
1376,7,10,0.016274,0.021147,0.59152,0.028415,0.02451,0.020397,0.35716
1378,7,10,0.017091,0.020989,0.59263,0.028285,0.023362,0.020348,0.35841
1380,7,10,0.017901,0.02086,0.59379,0.028177,0.022317,0.020203,0.35974
1382,7,10,0.0187,0.020764,0.59498,0.028094,0.021394,0.019959,0.3611
1384,7,10,0.019483,0.020707,0.59614,0.028039,0.02061,0.019616,0.36245
1386,7,10,0.020246,0.020692,0.59723,0.028015,0.019971,0.019177,0.36375
1388,7,10,0.020986,0.020722,0.59821,0.028026,0.019482,0.018649,0.36492
1390,7,10,0.021699,0.020797,0.59903,0.028072,0.019141,0.018042,0.36593
1392,7,10,0.022381,0.020916,0.59964,0.028154,0.01894,0.017371,0.36671
1394,7,10,0.023029,0.021076,0.60002,0.028271,0.018872,0.01665,0.36721
1396,7,10,0.023639,0.021272,0.60011,0.028421,0.018922,0.015897,0.3674
1398,7,10,0.024208,0.021497,0.59989,0.028599,0.019074,0.015133,0.36723
1400,7,10,0.024734,0.021746,0.59935,0.028798,0.019309,0.014377,0.36668
1402,7,10,0.025213,0.022011,0.59846,0.029013,0.019605,0.01365,0.36573
1404,7,10,0.025644,0.022284,0.59721,0.029234,0.019937,0.012972,0.36436
1406,7,10,0.026025,0.022558,0.59562,0.029452,0.020279,0.01236,0.36257
1408,7,10,0.026352,0.022824,0.59369,0.029658,0.020601,0.011831,0.36038
1410,7,10,0.026625,0.023076,0.59144,0.029842,0.020874,0.011394,0.35781
1412,7,10,0.026843,0.023307,0.58889,0.029993,0.021065,0.011057,0.35489
1414,7,10,0.027003,0.023514,0.58608,0.030104,0.021142,0.010824,0.35165
1416,7,10,0.027106,0.02369,0.58305,0.030167,0.021072,0.010693,0.34814
1418,7,10,0.02715,0.023833,0.57984,0.030174,0.020824,0.010662,0.3444
1420,7,10,0.027135,0.02394,0.57649,0.030121,0.020369,0.010726,0.3405
1422,7,10,0.02706,0.024011,0.57305,0.030005,0.019683,0.010884,0.33649
1424,7,10,0.026925,0.024045,0.56958,0.029823,0.018747,0.011131,0.33242
1426,7,10,0.02673,0.024042,0.56611,0.029576,0.01755,0.011466,0.32836
1428,7,10,0.026475,0.024005,0.5627,0.029266,0.016089,0.011888,0.32434
1430,7,10,0.026161,0.023936,0.55939,0.028895,0.014371,0.012392,0.32043
1432,7,10,0.025787,0.023837,0.55621,0.028468,0.012414,0.012973,0.31667
1434,7,10,0.025354,0.023712,0.55321,0.027992,0.010245,0.013621,0.31309
1436,7,10,0.024863,0.023564,0.5504,0.027473,0.0079006,0.014323,0.30973
1438,7,10,0.024314,0.023398,0.54781,0.026921,0.0054251,0.015062,0.30662
1440,7,10,0.023708,0.023218,0.54546,0.026346,0.0028681,0.015818,0.30378
1442,7,10,0.023046,0.023026,0.54336,0.025763,0.00028322,0.016569,0.30122
1444,7,10,0.022329,0.022827,0.54151,0.025185,-0.0022749,0.01729,0.29894
1446,7,10,0.021558,0.022623,0.53991,0.02463,-0.0047518,0.01796,0.29696
1448,7,10,0.020734,0.022417,0.53855,0.024117,-0.0070954,0.018556,0.29527
1450,7,10,0.019858,0.02221,0.53742,0.023664,-0.009257,0.019058,0.29386
1452,7,10,0.018933,0.022003,0.53651,0.023287,-0.011192,0.01945,0.29272
1454,7,10,0.017959,0.021797,0.53581,0.023002,-0.012861,0.019722,0.29186
1456,7,10,0.01694,0.021591,0.53531,0.022815,-0.01423,0.019868,0.29124
1458,7,10,0.015876,0.021385,0.53498,0.022732,-0.01527,0.019887,0.29086
1460,7,10,0.01477,0.021176,0.53483,0.022747,-0.015958,0.019789,0.2907
1462,7,10,0.013626,0.020963,0.53484,0.022853,-0.016279,0.019587,0.29076
1464,7,10,0.012445,0.020745,0.53501,0.023036,-0.016223,0.019302,0.29101
1466,7,10,0.011231,0.020518,0.53533,0.02328,-0.015789,0.018963,0.29145
1468,7,10,0.0099877,0.020281,0.53578,0.023569,-0.014981,0.018598,0.29206
1470,7,10,0.0087189,0.020031,0.53638,0.023889,-0.013813,0.018238,0.29284
1472,7,10,0.0074286,0.019768,0.5371,0.024224,-0.012305,0.017913,0.29376
1474,7,10,0.0061215,0.019491,0.53795,0.024564,-0.010486,0.017643,0.29482
1476,7,10,0.0048023,0.019198,0.53892,0.024899,-0.0083879,0.017441,0.29601
1478,7,10,0.0034764,0.01889,0.53999,0.025223,-0.0060511,0.01731,0.29732
1480,7,10,0.0021492,0.018567,0.54116,0.025531,-0.0035185,0.017239,0.29872
1482,7,10,0.00082657,0.018231,0.54241,0.025817,-0.00083627,0.017211,0.30021
1484,7,10,-0.00048522,0.017885,0.54372,0.026079,0.0019486,0.017204,0.30176
1486,7,10,-0.0017798,0.017529,0.54509,0.026315,0.0047889,0.017192,0.30335
1488,7,10,-0.0030504,0.017168,0.54648,0.026523,0.0076386,0.017154,0.30497
1490,7,10,-0.0042902,0.016804,0.54788,0.026702,0.010454,0.017072,0.30659
1492,7,10,-0.005492,0.016442,0.54927,0.026853,0.013193,0.016935,0.30819
1494,7,10,-0.0066488,0.016085,0.55061,0.026979,0.015818,0.016738,0.30973
1496,7,10,-0.0077532,0.015738,0.5519,0.027081,0.018293,0.01648,0.31119
1498,7,10,-0.008798,0.015405,0.55309,0.027164,0.020585,0.016167,0.31255
1500,7,10,-0.009776,0.015089,0.55417,0.027234,0.022665,0.015807,0.31378
1502,7,10,-0.01068,0.014794,0.55511,0.027298,0.024507,0.015412,0.31485
1504,7,10,-0.011503,0.014523,0.5559,0.027363,0.026087,0.01499,0.31576
1506,7,10,-0.012239,0.014278,0.55651,0.027436,0.027386,0.014551,0.31647
1508,7,10,-0.012882,0.014063,0.55693,0.027526,0.028388,0.014104,0.31699
1510,7,10,-0.013425,0.013879,0.55716,0.027637,0.02908,0.013655,0.3173
1512,7,10,-0.013863,0.013728,0.55719,0.027778,0.029457,0.013208,0.3174
1514,7,10,-0.014191,0.01361,0.55702,0.027952,0.029515,0.012769,0.3173
1516,7,10,-0.014405,0.013525,0.55666,0.028161,0.029259,0.012345,0.317
1518,7,10,-0.014502,0.013476,0.55612,0.028408,0.028698,0.011946,0.31653
1520,7,10,-0.014478,0.013461,0.55542,0.028692,0.027847,0.011587,0.3159
1522,7,10,-0.014332,0.013483,0.55458,0.029011,0.026725,0.011289,0.31514
1524,7,10,-0.014062,0.01354,0.55364,0.029359,0.02536,0.011075,0.31427
1526,7,10,-0.013668,0.013633,0.55261,0.029732,0.023779,0.01097,0.31333
1528,7,10,-0.01315,0.013764,0.55153,0.030121,0.022018,0.010995,0.31236
1530,7,10,-0.01251,0.013931,0.55044,0.030519,0.02011,0.011164,0.31137
1532,7,10,-0.01175,0.014136,0.54937,0.030914,0.018093,0.011475,0.31041
1534,7,10,-0.010874,0.014377,0.54835,0.031299,0.016001,0.011914,0.3095
1536,7,10,-0.0098843,0.014653,0.54741,0.031662,0.013867,0.012456,0.30868
1538,7,10,-0.0087871,0.014964,0.54656,0.031996,0.011719,0.013069,0.30795
1540,7,10,-0.0075878,0.015306,0.54585,0.032294,0.0095818,0.013719,0.30733
1542,7,10,-0.0062929,0.015677,0.54526,0.03255,0.0074718,0.014373,0.30685
1544,7,10,-0.0049096,0.016072,0.54482,0.032763,0.0053991,0.015003,0.30649
1546,7,10,-0.0034458,0.016487,0.54452,0.032932,0.0033672,0.015587,0.30626
1548,7,10,-0.0019099,0.016916,0.54435,0.033061,0.0013733,0.016107,0.30615
1550,7,10,-0.00031082,0.017354,0.5443,0.033153,-0.00059097,0.016551,0.30615
1552,7,10,0.001342,0.017793,0.54435,0.033217,-0.0025374,0.016912,0.30625
1554,7,10,0.0030388,0.018228,0.54448,0.033258,-0.0044803,0.017188,0.30641
1556,7,10,0.0047698,0.01865,0.54466,0.033288,-0.0064343,0.017378,0.30663
1558,7,10,0.0065249,0.019054,0.54487,0.033316,-0.0084126,0.017482,0.30687
1560,7,10,0.0082941,0.019432,0.54508,0.03335,-0.010426,0.017505,0.30712
1562,7,10,0.010067,0.019778,0.54527,0.033399,-0.01248,0.017448,0.30736
1564,7,10,0.011835,0.020085,0.54543,0.033472,-0.014578,0.017316,0.30757
1566,7,10,0.013587,0.020347,0.54553,0.033574,-0.016714,0.017113,0.30775
1568,7,10,0.015314,0.020559,0.54557,0.03371,-0.018877,0.016846,0.30788
1570,7,10,0.017008,0.020717,0.54555,0.033882,-0.021053,0.016523,0.30796
1572,7,10,0.018661,0.020818,0.54548,0.034092,-0.023218,0.016154,0.308
1574,7,10,0.020265,0.020857,0.54535,0.034336,-0.025345,0.015755,0.30802
1576,7,10,0.021813,0.020834,0.5452,0.03461,-0.027401,0.015344,0.30802
1578,7,10,0.023299,0.020748,0.54504,0.034909,-0.029349,0.014943,0.30804
1580,7,10,0.024717,0.020599,0.54491,0.035222,-0.031151,0.014577,0.30809
1582,7,10,0.026064,0.020387,0.54483,0.03554,-0.032764,0.01427,0.30821
1584,7,10,0.027334,0.020117,0.54484,0.035849,-0.034146,0.014042,0.30842
1586,7,10,0.028526,0.01979,0.54497,0.036138,-0.035258,0.013909,0.30875
1588,7,10,0.029638,0.019413,0.54526,0.036391,-0.036061,0.01387,0.30923
1590,7,10,0.030667,0.01899,0.54573,0.036595,-0.036521,0.013917,0.30988
1592,7,10,0.031615,0.018529,0.54641,0.036739,-0.036611,0.014025,0.31071
1594,7,10,0.03248,0.018039,0.54731,0.036811,-0.036313,0.014163,0.31174
1596,7,10,0.033265,0.017527,0.54844,0.036803,-0.035615,0.014295,0.31298
1598,7,10,0.033971,0.017005,0.5498,0.036712,-0.034519,0.014387,0.31441
1600,7,10,0.034601,0.016484,0.55137,0.036536,-0.033037,0.014407,0.31602
1602,7,10,0.035157,0.015975,0.55313,0.03628,-0.031191,0.01433,0.3178
1604,7,10,0.035644,0.015491,0.55506,0.035951,-0.029016,0.014142,0.31972
1606,7,10,0.036064,0.015043,0.55709,0.03556,-0.026554,0.013835,0.32174
1608,7,10,0.036422,0.014644,0.55921,0.035122,-0.023857,0.01341,0.32381
1610,7,10,0.036723,0.014303,0.56134,0.034653,-0.020982,0.012878,0.32591
1612,7,10,0.036971,0.01403,0.56345,0.03417,-0.017992,0.012257,0.32799
1614,7,10,0.03717,0.013831,0.56548,0.033691,-0.014952,0.011568,0.32999
1616,7,10,0.037325,0.01371,0.56739,0.033233,-0.011926,0.01084,0.33188
1618,7,10,0.03744,0.013668,0.56914,0.032812,-0.0089788,0.010103,0.33361
1620,7,10,0.03752,0.013703,0.5707,0.032443,-0.0061724,0.0093891,0.33517
1622,7,10,0.037568,0.013809,0.57203,0.032135,-0.0035637,0.0087273,0.33651
1624,7,10,0.037588,0.013981,0.57312,0.031901,-0.0012041,0.0081409,0.33762
1626,7,10,0.037583,0.014211,0.57396,0.031747,0.00086209,0.0076447,0.3385
1628,7,10,0.037556,0.014489,0.57456,0.031678,0.0025991,0.0072422,0.33915
1630,7,10,0.037508,0.014807,0.57492,0.0317,0.0039803,0.0069259,0.33957
1632,7,10,0.037443,0.015157,0.57505,0.031815,0.0049894,0.0066804,0.3398
1634,7,10,0.037361,0.015533,0.57499,0.032028,0.0056205,0.0064877,0.33985
1636,7,10,0.037262,0.015928,0.57476,0.03234,0.0058785,0.0063336,0.33976
1638,7,10,0.037148,0.016337,0.57439,0.032755,0.005779,0.0062119,0.33958
1640,7,10,0.037018,0.016758,0.57391,0.033276,0.0053473,0.0061276,0.33934
1642,7,10,0.03687,0.017187,0.57338,0.033907,0.0046178,0.0060955,0.33911
1644,7,10,0.036705,0.017623,0.5728,0.034649,0.0036323,0.0061376,0.33891
1646,7,10,0.036521,0.018064,0.57223,0.035501,0.0024386,0.0062762,0.33879
1648,7,10,0.036316,0.018509,0.57169,0.036462,0.0010887,0.0065265,0.3388
1650,7,10,0.036087,0.018959,0.57121,0.037526,-0.00036346,0.0068919,0.33896
1652,7,10,0.035834,0.019412,0.5708,0.038683,-0.001864,0.0073627,0.33929
1654,7,10,0.035553,0.019867,0.57049,0.039922,-0.0033608,0.0079188,0.3398
1656,7,10,0.035242,0.020323,0.57028,0.041226,-0.0048054,0.0085351,0.34051
1658,7,10,0.0349,0.020779,0.57017,0.042577,-0.0061548,0.0091856,0.34141
1660,7,10,0.034523,0.021232,0.57017,0.043954,-0.007372,0.0098466,0.34248
1662,7,10,0.034111,0.02168,0.57026,0.045335,-0.0084273,0.010498,0.34369
1664,7,10,0.033661,0.02212,0.57044,0.046697,-0.0092989,0.011124,0.34502
1666,7,10,0.033172,0.022547,0.57068,0.04802,-0.0099722,0.011715,0.34643
1668,7,10,0.032644,0.022958,0.57098,0.049281,-0.01044,0.012263,0.34787
1670,7,10,0.032076,0.023348,0.5713,0.050463,-0.010704,0.012766,0.3493
1672,7,10,0.031468,0.023712,0.57163,0.051548,-0.010769,0.013227,0.35068
1674,7,10,0.03082,0.024046,0.57195,0.052524,-0.010647,0.01365,0.35195
1676,7,10,0.030135,0.024344,0.57222,0.05338,-0.010355,0.014043,0.35308
1678,7,10,0.029414,0.024603,0.57243,0.05411,-0.0099104,0.014418,0.35403
1680,7,10,0.028658,0.024818,0.57256,0.054709,-0.0093349,0.014784,0.35476
1682,7,10,0.027872,0.024985,0.57259,0.055178,-0.0086494,0.015154,0.35527
1684,7,10,0.027058,0.025101,0.57252,0.055518,-0.0078741,0.015538,0.35552
1686,7,10,0.026222,0.025163,0.57233,0.055733,-0.0070274,0.015942,0.35551
1688,7,10,0.025366,0.025169,0.57201,0.055827,-0.0061252,0.016372,0.35525
1690,7,10,0.024497,0.025118,0.57158,0.055808,-0.0051799,0.016826,0.35474
1692,7,10,0.023619,0.025009,0.57104,0.055683,-0.0042004,0.017301,0.354
1694,7,10,0.022739,0.024842,0.57041,0.055458,-0.0031918,0.017785,0.35304
1696,7,10,0.021862,0.024619,0.56968,0.055142,-0.0021563,0.018268,0.3519
1698,7,10,0.020994,0.024342,0.56889,0.054742,-0.0010931,0.018732,0.35061
1700,7,10,0.020142,0.024014,0.56806,0.054265,9.2709e-08,0.019162,0.34919
1702,7,10,0.019312,0.023638,0.56719,0.053718,0.0011264,0.019542,0.34768
1704,7,10,0.01851,0.023219,0.56632,0.053108,0.0022883,0.019857,0.3461
1706,7,10,0.017741,0.022762,0.56545,0.052442,0.0034867,0.020095,0.34448
1708,7,10,0.017012,0.022273,0.5646,0.051727,0.0047198,0.02025,0.34285
1710,7,10,0.016327,0.021759,0.56377,0.05097,0.0059822,0.020317,0.34122
1712,7,10,0.015691,0.021227,0.56299,0.050179,0.0072642,0.020298,0.33962
1714,7,10,0.015109,0.020685,0.56224,0.049363,0.0085517,0.0202,0.33805
1716,7,10,0.014584,0.020139,0.56153,0.048527,0.0098261,0.02003,0.33651
1718,7,10,0.014119,0.019599,0.56085,0.047681,0.011064,0.019803,0.33501
1720,7,10,0.013716,0.019071,0.5602,0.046832,0.01224,0.019534,0.33356
1722,7,10,0.013377,0.018563,0.55956,0.045988,0.013325,0.019239,0.33214
1724,7,10,0.013103,0.018083,0.55893,0.045155,0.014286,0.018933,0.33075
1726,7,10,0.012893,0.017637,0.5583,0.04434,0.015092,0.018631,0.32939
1728,7,10,0.012747,0.017229,0.55766,0.04355,0.015712,0.018343,0.32805
1730,7,10,0.012664,0.016865,0.557,0.042791,0.016114,0.018078,0.32673
1732,7,10,0.01264,0.016548,0.55633,0.042068,0.016273,0.017837,0.32543
1734,7,10,0.012673,0.016278,0.55564,0.041387,0.016165,0.01762,0.32415
1736,7,10,0.01276,0.016056,0.55492,0.040753,0.01577,0.017421,0.32289
1738,7,10,0.012895,0.015881,0.5542,0.040169,0.015077,0.017234,0.32166
1740,7,10,0.013074,0.01575,0.55347,0.039638,0.014078,0.017046,0.32047
1742,7,10,0.013292,0.015661,0.55274,0.039163,0.012775,0.016848,0.31932
1744,7,10,0.013542,0.015609,0.55203,0.038742,0.011176,0.016628,0.31825
1746,7,10,0.01382,0.01559,0.55136,0.038376,0.0092954,0.016376,0.31725
1748,7,10,0.014119,0.015599,0.55073,0.038059,0.0071565,0.016083,0.31634
1750,7,10,0.014432,0.015632,0.55016,0.037787,0.0047875,0.015742,0.31553
1752,7,10,0.014754,0.015684,0.54967,0.037553,0.0022226,0.01535,0.31483
1754,7,10,0.015078,0.01575,0.54927,0.037349,-0.00049972,0.014906,0.31426
1756,7,10,0.015398,0.015829,0.54897,0.037166,-0.003338,0.014415,0.3138
1758,7,10,0.01571,0.015915,0.54877,0.036996,-0.0062491,0.013888,0.31347
1760,7,10,0.016007,0.016007,0.54868,0.036832,-0.00919,0.013344,0.31325
1762,7,10,0.016286,0.016103,0.54868,0.036667,-0.012119,0.012809,0.31315
1764,7,10,0.016542,0.0162,0.54877,0.036496,-0.014996,0.012321,0.31314
1766,7,10,0.016772,0.016296,0.54894,0.036316,-0.017785,0.011925,0.31321
1768,7,10,0.016973,0.016391,0.54918,0.036128,-0.020456,0.011671,0.31334
1770,7,10,0.017143,0.016483,0.54945,0.03593,-0.022981,0.011608,0.31352
1772,7,10,0.017282,0.016571,0.54975,0.035726,-0.025339,0.011771,0.31371
1774,7,10,0.017388,0.016653,0.55005,0.035518,-0.027513,0.012173,0.3139
1776,7,10,0.017463,0.016728,0.55033,0.03531,-0.029492,0.0128,0.31408
1778,7,10,0.017508,0.016795,0.55057,0.035108,-0.031269,0.013619,0.31422
1780,7,10,0.017525,0.016853,0.55077,0.034915,-0.032841,0.014582,0.31432
1782,7,10,0.017517,0.016899,0.5509,0.034738,-0.034211,0.015638,0.31435
1784,7,10,0.017487,0.016932,0.55097,0.034581,-0.035381,0.016736,0.31434
1786,7,10,0.01744,0.016952,0.55098,0.034452,-0.036361,0.017829,0.31426
1788,7,10,0.017381,0.016955,0.55092,0.034356,-0.037159,0.018877,0.31414
1790,7,10,0.017315,0.016941,0.5508,0.0343,-0.037787,0.019843,0.31397
1792,7,10,0.017247,0.016908,0.55064,0.034291,-0.038257,0.0207,0.31379
1794,7,10,0.017184,0.016856,0.55045,0.034335,-0.038584,0.021424,0.3136
1796,7,10,0.017133,0.016784,0.55023,0.034439,-0.038778,0.021996,0.31343
1798,7,10,0.017099,0.016692,0.55002,0.034607,-0.038854,0.022405,0.3133
1800,7,10,0.017089,0.016579,0.54982,0.034844,-0.038822,0.022645,0.31323
1802,7,10,0.01711,0.016446,0.54966,0.035152,-0.03869,0.022715,0.31325
1804,7,10,0.017167,0.016295,0.54954,0.035531,-0.038466,0.022621,0.31336
1806,7,10,0.017267,0.016125,0.54948,0.035979,-0.038154,0.022375,0.31358
1808,7,10,0.017414,0.01594,0.5495,0.036491,-0.037754,0.021995,0.31393
1810,7,10,0.017613,0.015742,0.54958,0.037058,-0.037268,0.021505,0.3144
1812,7,10,0.01787,0.015533,0.54975,0.037673,-0.036691,0.020934,0.315
1814,7,10,0.018187,0.015317,0.55,0.038323,-0.03602,0.020317,0.31572
1816,7,10,0.018567,0.015096,0.55033,0.038995,-0.035251,0.019691,0.31655
1818,7,10,0.019012,0.014875,0.55073,0.039678,-0.03438,0.019097,0.31747
1820,7,10,0.019523,0.014658,0.55118,0.040357,-0.033406,0.018574,0.31846
1822,7,10,0.0201,0.014448,0.55169,0.041022,-0.032329,0.01816,0.31951
1824,7,10,0.020743,0.01425,0.55223,0.04166,-0.031151,0.017884,0.32058
1826,7,10,0.02145,0.014066,0.55279,0.042263,-0.029881,0.017767,0.32166
1828,7,10,0.022219,0.0139,0.55336,0.042823,-0.028529,0.01782,0.32272
1830,7,10,0.023045,0.013754,0.55393,0.043335,-0.027107,0.018039,0.32374
1832,7,10,0.023925,0.013631,0.55448,0.043796,-0.025635,0.018412,0.32471
1834,7,10,0.024853,0.013531,0.555,0.044205,-0.02413,0.018915,0.32561
1836,7,10,0.025824,0.013456,0.55548,0.044562,-0.022613,0.019524,0.32643
1838,7,10,0.02683,0.013405,0.55593,0.044868,-0.021107,0.020211,0.32718
1840,7,10,0.027865,0.013378,0.55635,0.045125,-0.019632,0.020947,0.32785
1842,7,10,0.028921,0.013372,0.55673,0.045335,-0.018208,0.021708,0.32844
1844,7,10,0.029989,0.013386,0.55709,0.045502,-0.016852,0.02247,0.32898
1846,7,10,0.031062,0.013417,0.55743,0.045626,-0.015579,0.023214,0.32946
1848,7,10,0.032129,0.013463,0.55776,0.04571,-0.014398,0.023923,0.3299
1850,7,10,0.033183,0.013521,0.5581,0.045755,-0.013317,0.024583,0.33032
1852,7,10,0.034214,0.013587,0.55846,0.045762,-0.012338,0.025182,0.33072
1854,7,10,0.035214,0.01366,0.55884,0.045731,-0.01146,0.025712,0.33113
1856,7,10,0.036174,0.013736,0.55926,0.045664,-0.010678,0.026169,0.33154
1858,7,10,0.037086,0.013814,0.55971,0.045561,-0.0099854,0.026548,0.33196
1860,7,10,0.037941,0.013892,0.56019,0.045422,-0.0093712,0.02685,0.33238
1862,7,10,0.038733,0.013969,0.56069,0.045251,-0.0088248,0.027076,0.3328
1864,7,10,0.039455,0.014043,0.5612,0.045048,-0.0083343,0.027231,0.33321
1866,7,10,0.0401,0.014115,0.56171,0.044816,-0.0078879,0.027318,0.33359
1868,7,10,0.040663,0.014185,0.56218,0.044559,-0.0074741,0.027344,0.33391
1870,7,10,0.04114,0.014252,0.56259,0.044278,-0.0070829,0.027314,0.33415
1872,7,10,0.041527,0.014318,0.56291,0.043977,-0.0067053,0.027235,0.33427
1874,7,10,0.041821,0.014384,0.56311,0.043658,-0.0063339,0.027111,0.33425
1876,7,10,0.042019,0.014452,0.56317,0.043322,-0.0059632,0.026946,0.33405
1878,7,10,0.042121,0.014522,0.56305,0.042971,-0.0055892,0.026741,0.33365
1880,7,10,0.042126,0.014598,0.56274,0.042605,-0.0052097,0.026497,0.33301
1882,7,10,0.042035,0.014681,0.56221,0.042224,-0.0048242,0.026212,0.33212
1884,7,10,0.041849,0.014772,0.56145,0.041827,-0.0044334,0.025885,0.33097
1886,7,10,0.041572,0.014874,0.56045,0.041412,-0.0040397,0.02551,0.32954
1888,7,10,0.041205,0.014989,0.55922,0.040979,-0.0036464,0.025082,0.32784
1890,7,10,0.040752,0.015117,0.55776,0.040527,-0.0032581,0.024598,0.32587
1892,7,10,0.040219,0.01526,0.55609,0.040055,-0.0028798,0.024051,0.32367
1894,7,10,0.039609,0.015419,0.55423,0.039563,-0.0025171,0.023438,0.32126
1896,7,10,0.038929,0.015595,0.55223,0.039053,-0.0021758,0.022754,0.31868
1898,7,10,0.038185,0.015787,0.5501,0.038526,-0.0018618,0.021998,0.31597
1900,7,10,0.037382,0.015996,0.54791,0.037986,-0.0015804,0.02117,0.31319
1902,7,10,0.036529,0.016222,0.54569,0.037436,-0.0013364,0.02027,0.31039
1904,7,10,0.03563,0.016462,0.5435,0.036881,-0.0011341,0.019304,0.30764
1906,7,10,0.034695,0.016717,0.5414,0.036328,-0.00097639,0.018277,0.30499
1908,7,10,0.033728,0.016984,0.53943,0.035783,-0.00086548,0.017201,0.30251
1910,7,10,0.032739,0.017263,0.53764,0.035252,-0.00080227,0.016088,0.30025
1912,7,10,0.031732,0.017551,0.5361,0.034743,-0.00078656,0.014954,0.29826
1914,7,10,0.030716,0.017847,0.53483,0.034263,-0.00081704,0.01382,0.2966
1916,7,10,0.029697,0.018148,0.53387,0.033818,-0.00089142,0.012711,0.29531
1918,7,10,0.02868,0.018453,0.53326,0.033412,-0.0010065,0.011656,0.29441
1920,7,10,0.027672,0.01876,0.53301,0.033051,-0.0011583,0.010689,0.29393
1922,7,10,0.026678,0.019067,0.53314,0.032736,-0.0013424,0.0098476,0.29389
1924,7,10,0.025703,0.019371,0.53365,0.03247,-0.001554,0.0091721,0.29427
1926,7,10,0.024752,0.019672,0.53453,0.032252,-0.0017879,0.0086964,0.29509
1928,7,10,0.023828,0.019966,0.53577,0.032082,-0.0020391,0.0084422,0.29631
1930,7,10,0.022936,0.020254,0.53734,0.031957,-0.0023026,0.0084102,0.29792
1932,7,10,0.022078,0.020533,0.53921,0.031874,-0.0025737,0.0085792,0.29989
1934,7,10,0.021257,0.020803,0.54135,0.03183,-0.002848,0.0089113,0.30218
1936,7,10,0.020475,0.021061,0.54371,0.03182,-0.0031217,0.0093625,0.30474
1938,7,10,0.019733,0.021308,0.54626,0.03184,-0.0033912,0.009891,0.30753
1940,7,10,0.019033,0.021543,0.54896,0.031884,-0.0036536,0.010462,0.3105
1942,7,10,0.018376,0.021765,0.55174,0.031949,-0.0039064,0.011048,0.31361
1944,7,10,0.017761,0.021973,0.55459,0.032031,-0.0041477,0.011629,0.3168
1946,7,10,0.017188,0.022168,0.55744,0.032125,-0.004376,0.012192,0.32003
1948,7,10,0.016658,0.022349,0.56028,0.032228,-0.0045901,0.012727,0.32326
1950,7,10,0.016168,0.022516,0.56305,0.032337,-0.0047895,0.013229,0.32644
1952,7,10,0.015718,0.02267,0.56575,0.032449,-0.0049739,0.013694,0.32955
1954,7,10,0.015307,0.022811,0.56833,0.032562,-0.0051431,0.014121,0.33254
1956,7,10,0.014934,0.02294,0.57079,0.032673,-0.0052974,0.01451,0.3354
1958,7,10,0.014595,0.023056,0.5731,0.032782,-0.0054372,0.014862,0.33811
1960,7,10,0.01429,0.023161,0.57525,0.032886,-0.0055632,0.015179,0.34065
1962,7,10,0.014016,0.023254,0.57724,0.032986,-0.005676,0.015462,0.343
1964,7,10,0.013772,0.023338,0.57907,0.033079,-0.0057765,0.015714,0.34517
1966,7,10,0.013556,0.023412,0.58072,0.033167,-0.0058655,0.015936,0.34714
1968,7,10,0.013364,0.023476,0.58222,0.033247,-0.0059439,0.016132,0.34893
1970,7,10,0.013196,0.023533,0.58356,0.033321,-0.0060126,0.016304,0.35053
1972,7,10,0.013049,0.023582,0.58475,0.033388,-0.0060726,0.016454,0.35196
1974,7,10,0.012921,0.023625,0.58579,0.033448,-0.0061245,0.016584,0.35322
1976,7,10,0.012811,0.023662,0.5867,0.033503,-0.0061693,0.016697,0.35432
1978,7,10,0.012716,0.023693,0.58749,0.03355,-0.0062078,0.016793,0.35528
1980,7,10,0.012635,0.023719,0.58817,0.033593,-0.0062407,0.016876,0.35611
1982,7,10,0.012566,0.023741,0.58875,0.03363,-0.0062686,0.016946,0.35681
1984,7,10,0.012508,0.02376,0.58925,0.033662,-0.0062921,0.017005,0.35741
1986,7,10,0.01246,0.023775,0.58966,0.03369,-0.0063119,0.017055,0.35791
1988,7,10,0.012419,0.023788,0.59,0.033713,-0.0063284,0.017096,0.35833
1990,7,10,0.012386,0.023798,0.59028,0.033733,-0.0063421,0.017131,0.35868
1992,7,10,0.012358,0.023806,0.59052,0.03375,-0.0063534,0.017159,0.35896
1994,7,10,0.012336,0.023813,0.59071,0.033764,-0.0063626,0.017183,0.35919
1996,7,10,0.012318,0.023818,0.59086,0.033776,-0.0063701,0.017202,0.35938
1998,7,10,0.012303,0.023823,0.59098,0.033786,-0.0063762,0.017217,0.35953
