t_ms,level,n,mean,mean_sem,sd,sd_sem,sd_base,sd_base_sem,var
-500,1,20,0.0040442,0.013428,1.1757,0.039863,0,0,1.4123
-498,1,20,0.0042342,0.012645,1.0943,0.037092,0,0,1.2236
-496,1,20,0.0044153,0.011943,1.0156,0.034398,0,0,1.0539
-494,1,20,0.0045823,0.011339,0.94047,0.031807,0,0,0.90371
-492,1,20,0.0047299,0.010848,0.86981,0.02935,0,0,0.77293
-490,1,20,0.0048534,0.010482,0.80448,0.027057,0,0,0.6611
-488,1,20,0.004948,0.010247,0.74536,0.024963,0,0,0.56741
-486,1,20,0.0050095,0.010143,0.69326,0.023102,0,0,0.49075
-484,1,20,0.005034,0.010161,0.64883,0.021508,0,0,0.42977
-482,1,20,0.0050181,0.010287,0.61249,0.020207,0,0,0.3829
-480,1,20,0.0049592,0.010503,0.58433,0.019209,0,0,0.34845
-478,1,20,0.0048548,0.01079,0.56405,0.018505,0,0,0.32466
-476,1,20,0.0047034,0.011125,0.55092,0.018066,0,0,0.30971
-474,1,20,0.0045039,0.011493,0.54389,0.017844,0,0,0.30187
-472,1,20,0.004256,0.011876,0.5417,0.017788,0,0,0.29945
-470,1,20,0.0039601,0.012262,0.54301,0.017848,0,0,0.30091
-468,1,20,0.0036171,0.01264,0.54656,0.017978,0,0,0.30487
-466,1,20,0.0032287,0.013002,0.55125,0.01814,0,0,0.31013
-464,1,20,0.0027973,0.013343,0.55617,0.018304,0,0,0.31569
-462,1,20,0.0023259,0.013658,0.56063,0.018448,0,0,0.32077
-460,1,20,0.001818,0.013944,0.56414,0.018555,0,0,0.32479
-458,1,20,0.0012777,0.014202,0.56639,0.018614,0,0,0.32738
-456,1,20,0.00070972,0.01443,0.56724,0.018622,0,0,0.32835
-454,1,20,0.00011914,0.014629,0.56667,0.018579,0,0,0.32767
-452,1,20,-0.00048855,0.014802,0.56476,0.018488,0,0,0.32545
-450,1,20,-0.0011076,0.014949,0.5617,0.018357,0,0,0.32191
-448,1,20,-0.0017318,0.015074,0.55772,0.018195,0,0,0.31734
-446,1,20,-0.002355,0.015178,0.5531,0.018013,0,0,0.31209
-444,1,20,-0.002971,0.015264,0.54816,0.017823,0,0,0.30651
-442,1,20,-0.0035733,0.015335,0.54319,0.017638,0,0,0.30097
-440,1,20,-0.0041557,0.015394,0.53851,0.017466,0,0,0.29579
-438,1,20,-0.004712,0.015442,0.53438,0.017317,0,0,0.29125
-436,1,20,-0.0052366,0.01548,0.531,0.017196,0,0,0.28758
-434,1,20,-0.0057237,0.015512,0.52856,0.017107,0,0,0.28493
-432,1,20,-0.0061683,0.015537,0.52712,0.017052,0,0,0.28338
-430,1,20,-0.0065658,0.015558,0.52671,0.01703,0,0,0.28293
-428,1,20,-0.0069119,0.015573,0.52728,0.017039,0,0,0.28354
-426,1,20,-0.0072031,0.015583,0.52871,0.017075,0,0,0.28508
-424,1,20,-0.0074365,0.015588,0.53086,0.017134,0,0,0.28739
-422,1,20,-0.00761,0.015588,0.53354,0.017209,0,0,0.29029
-420,1,20,-0.007722,0.015582,0.53653,0.017296,0,0,0.29355
-418,1,20,-0.0077717,0.015569,0.53962,0.017386,0,0,0.29694
-416,1,20,-0.0077593,0.015547,0.54263,0.017472,0,0,0.30025
-414,1,20,-0.0076854,0.015517,0.54536,0.017548,0,0,0.30327
-412,1,20,-0.0075515,0.015477,0.54766,0.017609,0,0,0.30582
-410,1,20,-0.0073601,0.015427,0.54942,0.01765,0,0,0.30778
-408,1,20,-0.007114,0.015365,0.55053,0.017668,0,0,0.30902
-406,1,20,-0.0068168,0.01529,0.55097,0.017663,0,0,0.30949
-404,1,20,-0.006473,0.015203,0.55069,0.017637,0,0,0.30917
-402,1,20,-0.0060874,0.015103,0.54972,0.017593,0,0,0.30807
-400,1,20,-0.0056653,0.01499,0.5481,0.017537,0,0,0.30625
-398,1,20,-0.0052125,0.014863,0.54588,0.017476,0,0,0.30379
-396,1,20,-0.0047353,0.014724,0.54316,0.017419,0,0,0.30079
-394,1,20,-0.0042401,0.014574,0.54003,0.017375,0,0,0.29737
-392,1,20,-0.0037336,0.014412,0.53658,0.017351,0,0,0.29364
-390,1,20,-0.0032226,0.014241,0.53293,0.017356,0,0,0.28974
-388,1,20,-0.0027138,0.014063,0.52917,0.017394,0,0,0.28577
-386,1,20,-0.0022139,0.013879,0.52541,0.017465,0,0,0.28185
-384,1,20,-0.0017294,0.013691,0.52172,0.017569,0,0,0.27805
-382,1,20,-0.0012667,0.013504,0.51816,0.017698,0,0,0.27445
-380,1,20,-0.00083162,0.013319,0.51481,0.017845,0,0,0.27108
-378,1,20,-0.00042964,0.01314,0.51168,0.017997,0,0,0.26797
-376,1,20,-6.573e-05,0.012971,0.5088,0.018143,0,0,0.26513
-374,1,20,0.00025571,0.012815,0.50616,0.018269,0,0,0.26254
-372,1,20,0.00053094,0.012677,0.50376,0.018364,0,0,0.26018
-370,1,20,0.00075692,0.012559,0.50156,0.018419,0,0,0.25801
-368,1,20,0.00093134,0.012465,0.49953,0.018426,0,0,0.25599
-366,1,20,0.0010527,0.012397,0.49764,0.01838,0,0,0.25406
-364,1,20,0.0011202,0.012357,0.49584,0.018278,0,0,0.2522
-362,1,20,0.0011341,0.012348,0.4941,0.018122,0,0,0.25037
-360,1,20,0.0010951,0.012367,0.49238,0.017912,0,0,0.24853
-358,1,20,0.0010052,0.012416,0.49067,0.017653,0,0,0.24668
-356,1,20,0.00086665,0.012492,0.48895,0.017351,0,0,0.2448
-354,1,20,0.0006829,0.012592,0.48723,0.017012,0,0,0.24289
-352,1,20,0.00045792,0.012713,0.48551,0.016643,0,0,0.24098
-350,1,20,0.00019639,0.01285,0.4838,0.016253,0,0,0.23909
-348,1,20,-9.6423e-05,0.013,0.48215,0.01585,0,0,0.23724
-346,1,20,-0.00041468,0.013156,0.48057,0.015441,0,0,0.23548
-344,1,20,-0.0007521,0.013313,0.47911,0.015035,0,0,0.23384
-342,1,20,-0.001102,0.013466,0.4778,0.014637,0,0,0.23237
-340,1,20,-0.0014574,0.013611,0.47668,0.014255,0,0,0.23108
-338,1,20,-0.0018112,0.013742,0.47576,0.013891,0,0,0.23001
-336,1,20,-0.002156,0.013854,0.47508,0.01355,0,0,0.22919
-334,1,20,-0.0024846,0.013944,0.47464,0.013234,0,0,0.22861
-332,1,20,-0.0027898,0.014009,0.47445,0.012943,0,0,0.22829
-330,1,20,-0.0030646,0.014045,0.4745,0.01268,0,0,0.2282
-328,1,20,-0.0033021,0.01405,0.47476,0.012446,0,0,0.22834
-326,1,20,-0.0034961,0.014023,0.47522,0.012242,0,0,0.22868
-324,1,20,-0.0036406,0.013964,0.47583,0.01207,0,0,0.22919
-322,1,20,-0.0037302,0.013871,0.47656,0.011934,0,0,0.22982
-320,1,20,-0.00376,0.013746,0.47736,0.011836,0,0,0.23053
-318,1,20,-0.003726,0.01359,0.47818,0.011781,0,0,0.23129
-316,1,20,-0.0036248,0.013406,0.47899,0.01177,0,0,0.23206
-314,1,20,-0.0034536,0.013196,0.47974,0.011805,0,0,0.2328
-312,1,20,-0.0032106,0.012963,0.48041,0.011885,0,0,0.23348
-310,1,20,-0.0028947,0.012713,0.48097,0.012008,0,0,0.23407
-308,1,20,-0.0025059,0.012451,0.4814,0.012169,0,0,0.23456
-306,1,20,-0.0020447,0.012181,0.48171,0.012363,0,0,0.23495
-304,1,20,-0.0015126,0.01191,0.48189,0.012582,0,0,0.23522
-302,1,20,-0.00091184,0.011644,0.48195,0.01282,0,0,0.23539
-300,1,20,-0.00024563,0.011391,0.48191,0.013068,0,0,0.23548
-298,1,20,0.00048227,0.011157,0.48179,0.013318,0,0,0.23549
-296,1,20,0.0012673,0.010948,0.48162,0.013564,0,0,0.23546
-294,1,20,0.0021043,0.01077,0.48143,0.013799,0,0,0.2354
-292,1,20,0.0029876,0.010629,0.48125,0.014018,0,0,0.23534
-290,1,20,0.0039108,0.010529,0.48111,0.014216,0,0,0.2353
-288,1,20,0.0048672,0.010471,0.48102,0.014389,0,0,0.23532
-286,1,20,0.0058499,0.010457,0.48102,0.014536,0,0,0.23539
-284,1,20,0.0068515,0.010486,0.4811,0.014654,0,0,0.23554
-282,1,20,0.0078646,0.010555,0.48129,0.014743,0,0,0.23577
-280,1,20,0.0088815,0.010662,0.48158,0.014804,0,0,0.23608
-278,1,20,0.0098947,0.0108,0.48197,0.014836,0,0,0.23647
-276,1,20,0.010897,0.010965,0.48244,0.01484,0,0,0.23694
-274,1,20,0.01188,0.01115,0.48299,0.014819,0,0,0.23745
-272,1,20,0.012838,0.011348,0.48358,0.014774,0,0,0.238
-270,1,20,0.013764,0.011555,0.48421,0.014708,0,0,0.23856
-268,1,20,0.014651,0.011763,0.48483,0.014622,0,0,0.23912
-266,1,20,0.015493,0.011968,0.48543,0.014521,0,0,0.23965
-264,1,20,0.016285,0.012165,0.48598,0.014408,0,0,0.24012
-262,1,20,0.017023,0.012349,0.48647,0.014287,0,0,0.24053
-260,1,20,0.017702,0.012516,0.48686,0.014165,0,0,0.24084
-258,1,20,0.018318,0.012664,0.48714,0.014047,0,0,0.24106
-256,1,20,0.018869,0.01279,0.48731,0.01394,0,0,0.24116
-254,1,20,0.019352,0.012893,0.48735,0.01385,0,0,0.24115
-252,1,20,0.019766,0.01297,0.48726,0.013783,0,0,0.24103
-250,1,20,0.02011,0.013022,0.48704,0.013747,0,0,0.2408
-248,1,20,0.020384,0.013049,0.4867,0.013746,0,0,0.24046
-246,1,20,0.020587,0.01305,0.48624,0.013784,0,0,0.24004
-244,1,20,0.020723,0.013028,0.48569,0.013863,0,0,0.23955
-242,1,20,0.02079,0.012983,0.48506,0.013983,0,0,0.239
-240,1,20,0.020793,0.012918,0.48437,0.014142,0,0,0.23841
-238,1,20,0.020734,0.012835,0.48363,0.014333,0,0,0.2378
-236,1,20,0.020615,0.012738,0.48287,0.014552,0,0,0.23719
-234,1,20,0.02044,0.01263,0.48212,0.014789,0,0,0.23659
-232,1,20,0.020213,0.012513,0.48138,0.015036,0,0,0.23603
-230,1,20,0.019938,0.012394,0.48069,0.015282,0,0,0.2355
-228,1,20,0.019619,0.012275,0.48005,0.015519,0,0,0.23502
-226,1,20,0.019261,0.01216,0.47947,0.015737,0,0,0.2346
-224,1,20,0.018867,0.012054,0.47897,0.015928,0,0,0.23423
-222,1,20,0.018443,0.01196,0.47855,0.016086,0,0,0.23393
-220,1,20,0.017992,0.011882,0.47822,0.016207,0,0,0.23368
-218,1,20,0.01752,0.011822,0.47796,0.016287,0,0,0.23349
-216,1,20,0.017029,0.011782,0.47778,0.016325,0,0,0.23334
-214,1,20,0.016524,0.011763,0.47767,0.01632,0,0,0.23323
-212,1,20,0.01601,0.011766,0.47762,0.016274,0,0,0.23315
-210,1,20,0.015488,0.01179,0.4776,0.01619,0,0,0.23308
-208,1,20,0.014963,0.011833,0.47762,0.016072,0,0,0.23303
-206,1,20,0.014437,0.011894,0.47766,0.015924,0,0,0.23297
-204,1,20,0.013912,0.011969,0.4777,0.015751,0,0,0.23291
-202,1,20,0.013392,0.012055,0.47773,0.015557,0,0,0.23283
-200,1,20,0.012878,0.012148,0.47776,0.015349,0,0,0.23273
-198,1,20,0.012371,0.012244,0.47776,0.015131,0,0,0.2326
-196,1,20,0.011872,0.012339,0.47774,0.014908,0,0,0.23246
-194,1,20,0.011383,0.012431,0.47769,0.014687,0,0,0.23229
-192,1,20,0.010904,0.012515,0.47762,0.014471,0,0,0.2321
-190,1,20,0.010435,0.012588,0.47753,0.014265,0,0,0.2319
-188,1,20,0.0099772,0.012649,0.47742,0.014074,0,0,0.23169
-186,1,20,0.0095292,0.012695,0.47731,0.013901,0,0,0.2315
-184,1,20,0.0090912,0.012725,0.47721,0.013748,0,0,0.23132
-182,1,20,0.0086626,0.012739,0.47714,0.013618,0,0,0.23118
-180,1,20,0.0082429,0.012736,0.4771,0.013511,0,0,0.23109
-178,1,20,0.0078314,0.012717,0.47712,0.013425,0,0,0.23107
-176,1,20,0.0074272,0.012684,0.47722,0.013359,0,0,0.23113
-174,1,20,0.0070297,0.012638,0.47741,0.013309,0,0,0.23129
-172,1,20,0.006638,0.012582,0.47771,0.013272,0,0,0.23156
-170,1,20,0.0062513,0.012518,0.47815,0.013244,0,0,0.23196
-168,1,20,0.0058691,0.01245,0.47873,0.013219,0,0,0.2325
-166,1,20,0.0054906,0.01238,0.47946,0.013196,0,0,0.23319
-164,1,20,0.0051153,0.012313,0.48036,0.013171,0,0,0.23404
-162,1,20,0.0047427,0.012251,0.48144,0.013143,0,0,0.23506
-160,1,20,0.0043727,0.012196,0.48268,0.013111,0,0,0.23624
-158,1,20,0.004005,0.012153,0.48409,0.013079,0,0,0.23759
-156,1,20,0.0036394,0.012122,0.48566,0.013048,0,0,0.2391
-154,1,20,0.0032762,0.012104,0.48737,0.013023,0,0,0.24075
-152,1,20,0.0029154,0.012101,0.48922,0.01301,0,0,0.24255
-150,1,20,0.0025573,0.012113,0.49117,0.013013,0,0,0.24446
-148,1,20,0.0022023,0.012139,0.49321,0.013039,0,0,0.24649
-146,1,20,0.0018508,0.012177,0.49531,0.013092,0,0,0.24859
-144,1,20,0.0015034,0.012226,0.49745,0.013172,0,0,0.25076
-142,1,20,0.0011605,0.012284,0.49961,0.013282,0,0,0.25296
-140,1,20,0.00082292,0.012349,0.50175,0.013418,0,0,0.25518
-138,1,20,0.0004911,0.012418,0.50386,0.013577,0,0,0.25738
-136,1,20,0.00016565,0.01249,0.50592,0.013752,0,0,0.25955
-134,1,20,-0.0001529,0.012562,0.50791,0.013938,0,0,0.26166
-132,1,20,-0.00046404,0.012634,0.5098,0.014128,0,0,0.26369
-130,1,20,-0.00076738,0.012703,0.5116,0.014318,0,0,0.26563
-128,1,20,-0.0010626,0.01277,0.51328,0.014503,0,0,0.26745
-126,1,20,-0.0013494,0.012836,0.51483,0.01468,0,0,0.26914
-124,1,20,-0.0016277,0.0129,0.51625,0.014849,0,0,0.27071
-122,1,20,-0.0018975,0.012965,0.51754,0.015009,0,0,0.27212
-120,1,20,-0.002159,0.013033,0.51868,0.015159,0,0,0.2734
-118,1,20,-0.0024124,0.013106,0.51969,0.015299,0,0,0.27452
-116,1,20,-0.002658,0.013187,0.52056,0.015428,0,0,0.27551
-114,1,20,-0.0028965,0.013279,0.52131,0.015544,0,0,0.27635
-112,1,20,-0.0031283,0.013387,0.52193,0.015643,0,0,0.27706
-110,1,20,-0.0033541,0.013512,0.52245,0.015721,0,0,0.27765
-108,1,20,-0.0035749,0.013657,0.52288,0.015773,0,0,0.27813
-106,1,20,-0.0037914,0.013824,0.52322,0.015794,0,0,0.2785
-104,1,20,-0.0040046,0.014016,0.5235,0.015779,0,0,0.27878
-102,1,20,-0.0042153,0.014232,0.52371,0.015724,0,0,0.27897
-100,1,20,-0.0044246,0.014472,0.52388,0.015628,0,0,0.27909
-98,1,20,-0.0046334,0.014736,0.52402,0.015491,0,0,0.27915
-96,1,20,-0.0048425,0.01502,0.52413,0.015314,0,0,0.27916
-94,1,20,-0.0050529,0.015321,0.52421,0.015101,0,0,0.27913
-92,1,20,-0.0052652,0.015636,0.52428,0.01486,0,0,0.27906
-90,1,20,-0.0054801,0.015961,0.52433,0.014598,0,0,0.27898
-88,1,20,-0.0056982,0.016291,0.52438,0.014325,0,0,0.27888
-86,1,20,-0.0059199,0.016619,0.52442,0.014053,0,0,0.27877
-84,1,20,-0.0061454,0.016942,0.52447,0.013793,0,0,0.27868
-82,1,20,-0.0063748,0.017253,0.52452,0.013558,0,0,0.27861
-80,1,20,-0.0066082,0.017548,0.52459,0.01336,0,0,0.27858
-78,1,20,-0.0068453,0.01782,0.52468,0.013209,0,0,0.2786
-76,1,20,-0.0070857,0.018066,0.5248,0.013111,0,0,0.27868
-74,1,20,-0.007329,0.018282,0.52498,0.013072,0,0,0.27885
-72,1,20,-0.0075746,0.018462,0.52523,0.013091,0,0,0.27912
-70,1,20,-0.0078216,0.018604,0.52556,0.013166,0,0,0.27951
-68,1,20,-0.0080694,0.018706,0.526,0.013289,0,0,0.28003
-66,1,20,-0.008317,0.018766,0.52655,0.013453,0,0,0.2807
-64,1,20,-0.0085634,0.018781,0.52726,0.013648,0,0,0.28154
-62,1,20,-0.0088077,0.018753,0.52812,0.013863,0,0,0.28256
-60,1,20,-0.009049,0.01868,0.52915,0.014088,0,0,0.28377
-58,1,20,-0.0092864,0.018566,0.53037,0.014314,0,0,0.28518
-56,1,20,-0.0095192,0.018411,0.53177,0.014534,0,0,0.2868
-54,1,20,-0.0097467,0.018219,0.53338,0.01474,0,0,0.28862
-52,1,20,-0.0099684,0.017995,0.53518,0.014927,0,0,0.29065
-50,1,20,-0.010184,0.017742,0.53716,0.015092,0,0,0.29287
-48,1,20,-0.010394,0.017468,0.53932,0.01523,0,0,0.29528
-46,1,20,-0.010597,0.017179,0.54165,0.015341,0,0,0.29786
-44,1,20,-0.010795,0.016882,0.54412,0.015424,0,0,0.30059
-42,1,20,-0.010989,0.016587,0.54672,0.01548,0,0,0.30346
-40,1,20,-0.011178,0.0163,0.54942,0.01551,0,0,0.30643
-38,1,20,-0.011366,0.016032,0.5522,0.015517,0,0,0.30949
-36,1,20,-0.011553,0.015791,0.55502,0.015503,0,0,0.31261
-34,1,20,-0.011741,0.015584,0.55787,0.015474,0,0,0.31576
-32,1,20,-0.011934,0.015419,0.56071,0.015436,0,0,0.31892
-30,1,20,-0.012132,0.015301,0.56352,0.015394,0,0,0.32206
-28,1,20,-0.01234,0.015233,0.56628,0.015357,0,0,0.32516
-26,1,20,-0.01256,0.015217,0.56897,0.015334,0,0,0.32819
-24,1,20,-0.012796,0.015252,0.57156,0.015334,0,0,0.33115
-22,1,20,-0.01305,0.015335,0.57404,0.015367,0,0,0.334
-20,1,20,-0.013326,0.015461,0.57638,0.01544,0,0,0.33675
-18,1,20,-0.013628,0.015622,0.57859,0.015561,0,0,0.33937
-16,1,20,-0.013959,0.01581,0.58065,0.015733,0,0,0.34186
-14,1,20,-0.014322,0.016018,0.58256,0.015956,0,0,0.34421
-12,1,20,-0.014719,0.016236,0.58431,0.016227,0,0,0.34642
-10,1,20,-0.015154,0.016456,0.5859,0.01654,0,0,0.34848
-8,1,20,-0.015629,0.016669,0.58734,0.016884,0,0,0.35039
-6,1,20,-0.016145,0.016867,0.58864,0.017249,0,0,0.35215
-4,1,20,-0.016704,0.017045,0.5898,0.01762,0,0,0.35376
-2,1,20,-0.017307,0.017197,0.59083,0.017986,0,0,0.35522
0,1,20,-0.017954,0.01732,0.59173,0.018333,0,0,0.35653
2,1,20,-0.018643,0.01741,0.59252,0.018652,0,0,0.35769
4,1,20,-0.019374,0.017468,0.5932,0.018935,0,0,0.3587
6,1,20,-0.020145,0.017492,0.59378,0.019179,0,0,0.35956
8,1,20,-0.020952,0.017485,0.59426,0.019381,0,0,0.36028
10,1,20,-0.021792,0.01745,0.59466,0.019543,0,0,0.36087
12,1,20,-0.022659,0.01739,0.59496,0.019671,0,0,0.36133
14,1,20,-0.023549,0.01731,0.59519,0.019771,0,0,0.36168
16,1,20,-0.024456,0.017216,0.59535,0.01985,0,0,0.36192
18,1,20,-0.025371,0.017114,0.59544,0.019916,0,0,0.36209
20,1,20,-0.026288,0.017009,0.59549,0.019978,0,0,0.36219
22,1,20,-0.027198,0.016909,0.5955,0.020042,0,0,0.36225
24,1,20,-0.028092,0.016817,0.5955,0.020113,0,0,0.36231
26,1,20,-0.028962,0.01674,0.59551,0.020196,0,0,0.36238
28,1,20,-0.029797,0.016679,0.59556,0.020294,0,0,0.36252
30,1,20,-0.030587,0.016637,0.59567,0.020408,0,0,0.36274
32,1,20,-0.031324,0.016614,0.59587,0.020539,0,0,0.36308
34,1,20,-0.031997,0.01661,0.5962,0.020689,0,0,0.36358
36,1,20,-0.032597,0.016621,0.59666,0.020859,0,0,0.36427
38,1,20,-0.033115,0.016643,0.59729,0.021049,0,0,0.36517
40,1,20,-0.033544,0.016672,0.59809,0.02126,0,0,0.3663
42,1,20,-0.033875,0.016703,0.59909,0.021493,0,0,0.36769
44,1,20,-0.034103,0.016729,0.6003,0.021746,0,0,0.36934
46,1,20,-0.034222,0.016745,0.6017,0.02202,0,0,0.37126
48,1,20,-0.034229,0.016746,0.6033,0.02231,0,0,0.37343
50,1,20,-0.034122,0.016729,0.60509,0.022613,0,0,0.37584
52,1,20,-0.033899,0.01669,0.60704,0.022925,0,0,0.37848
54,1,20,-0.033563,0.01663,0.60914,0.02324,0,0,0.38131
56,1,20,-0.033117,0.016547,0.61136,0.023551,0,0,0.3843
58,1,20,-0.032566,0.016445,0.61368,0.023852,0,0,0.38741
60,1,20,-0.031918,0.016327,0.61606,0.024136,0,0,0.39059
62,1,20,-0.031182,0.016198,0.61846,0.024399,0,0,0.3938
64,1,20,-0.030372,0.016065,0.62086,0.024636,0,0,0.39699
66,1,20,-0.029501,0.015934,0.62322,0.024845,0,0,0.40013
68,1,20,-0.028587,0.015813,0.62551,0.025025,0,0,0.40316
70,1,20,-0.027648,0.015709,0.62771,0.025176,0,0,0.40606
72,1,20,-0.026706,0.015628,0.62979,0.025301,0,0,0.4088
74,1,20,-0.025784,0.015574,0.63175,0.025403,0,0,0.41137
76,1,20,-0.024909,0.015547,0.63357,0.025487,0,0,0.41376
78,1,20,-0.024106,0.015548,0.63526,0.025555,0,0,0.41597
80,1,20,-0.023407,0.015571,0.63683,0.025614,0,0,0.41802
82,1,20,-0.02284,0.015608,0.6383,0.025667,0,0,0.41995
84,1,20,-0.022438,0.015649,0.63969,0.025718,0,0,0.42177
86,1,20,-0.022233,0.015683,0.64104,0.025769,0,0,0.42355
88,1,20,-0.022259,0.015695,0.64239,0.025823,0,0,0.42534
90,1,20,-0.02255,0.015673,0.64379,0.025882,0,0,0.4272
92,1,20,-0.023139,0.015603,0.64528,0.025947,0,0,0.42918
94,1,20,-0.02406,0.015476,0.64692,0.026019,0,0,0.43138
96,1,20,-0.025345,0.015284,0.64876,0.026101,0,0,0.43384
98,1,20,-0.027028,0.015028,0.65084,0.026194,0,0,0.43663
100,1,20,-0.029138,0.014713,0.65321,0.026302,0,0,0.43983
102,1,20,-0.031704,0.014357,0.6559,0.02643,0,0,0.44348
104,1,20,-0.034754,0.013991,0.65894,0.026583,0,0,0.44763
106,1,20,-0.038311,0.013664,0.66236,0.026768,0,0,0.45234
108,1,20,-0.042399,0.013444,0.66617,0.026996,0,0,0.45763
110,1,20,-0.047034,0.013419,0.67038,0.027274,0,0,0.46354
112,1,20,-0.052234,0.013684,0.67497,0.027614,0,0,0.47007
114,1,20,-0.058011,0.014328,0.67994,0.028028,0,0,0.47725
116,1,20,-0.064372,0.015411,0.68528,0.028526,0,0,0.48507
118,1,20,-0.071321,0.016955,0.69096,0.029119,0,0,0.49354
120,1,20,-0.07886,0.018947,0.69696,0.029816,0,0,0.50265
122,1,20,-0.086984,0.021352,0.70326,0.030624,0,0,0.51239
124,1,20,-0.095684,0.024125,0.70982,0.031547,0,0,0.52276
126,1,20,-0.10495,0.027222,0.71663,0.032586,0,0,0.53374
128,1,20,-0.11476,0.030597,0.72367,0.033741,0,0,0.54532
130,1,20,-0.12509,0.034212,0.73091,0.035006,0,0,0.55751
132,1,20,-0.13593,0.038028,0.73835,0.036377,0,0,0.5703
134,1,20,-0.14723,0.042008,0.74597,0.037844,0,0,0.58369
136,1,20,-0.15897,0.04612,0.75378,0.039399,0,0,0.59767
138,1,20,-0.17111,0.050328,0.76176,0.041032,0,0,0.61227
140,1,20,-0.18361,0.0546,0.76992,0.042734,0,0,0.62747
142,1,20,-0.19641,0.058903,0.77824,0.044495,0,0,0.64328
144,1,20,-0.20948,0.063205,0.78674,0.046305,0,0,0.65971
146,1,20,-0.22277,0.067473,0.79541,0.048155,0,0,0.67674
148,1,20,-0.23622,0.071676,0.80424,0.050036,0,0,0.69438
150,1,20,-0.24979,0.075784,0.81323,0.051938,0,0,0.71259
152,1,20,-0.2634,0.079768,0.82235,0.053849,0,0,0.73135
154,1,20,-0.27702,0.083598,0.8316,0.055759,0,0,0.75063
156,1,20,-0.29059,0.087249,0.84095,0.057654,0,0,0.77035
158,1,20,-0.30404,0.090694,0.85038,0.059522,0,0,0.79046
160,1,20,-0.31733,0.093912,0.85986,0.061347,0,0,0.81087
162,1,20,-0.3304,0.096879,0.86936,0.063114,0,0,0.83147
164,1,20,-0.34319,0.099579,0.87884,0.064808,0,0,0.85216
166,1,20,-0.35567,0.10199,0.88826,0.066413,0,0,0.87281
168,1,20,-0.36777,0.10411,0.89758,0.067915,0,0,0.89328
170,1,20,-0.37947,0.10592,0.90674,0.069298,0,0,0.91342
172,1,20,-0.3907,0.10741,0.9157,0.070551,0,0,0.93309
174,1,20,-0.40144,0.10859,0.92442,0.071661,0,0,0.95212
176,1,20,-0.41166,0.10944,0.93283,0.072621,0,0,0.97038
178,1,20,-0.42132,0.10996,0.94089,0.073423,0,0,0.9877
180,1,20,-0.43039,0.11018,0.94855,0.074062,0,0,1.004
182,1,20,-0.43886,0.11008,0.95576,0.074538,0,0,1.019
184,1,20,-0.44671,0.10968,0.96248,0.074851,0,0,1.0328
186,1,20,-0.45394,0.10899,0.96867,0.075006,0,0,1.0452
188,1,20,-0.46052,0.10803,0.97429,0.075007,0,0,1.0561
190,1,20,-0.46647,0.10682,0.97934,0.074864,0,0,1.0656
192,1,20,-0.47179,0.10537,0.98378,0.074586,0,0,1.0735
194,1,20,-0.47649,0.1037,0.98762,0.074184,0,0,1.08
196,1,20,-0.48058,0.10184,0.99086,0.07367,0,0,1.0849
198,1,20,-0.48408,0.099805,0.99351,0.073056,0,0,1.0885
200,1,20,-0.48701,0.097627,0.99561,0.072355,0,0,1.0907
202,1,20,-0.4894,0.095326,0.99719,0.071578,0,0,1.0917
204,1,20,-0.49128,0.092928,0.9983,0.070736,0,0,1.0917
206,1,20,-0.49268,0.090455,0.99899,0.069839,0,0,1.0906
208,1,20,-0.49365,0.087931,0.99932,0.068895,0,0,1.0888
210,1,20,-0.49422,0.08538,0.99938,0.06791,0,0,1.0864
212,1,20,-0.49444,0.082822,0.99923,0.066889,0,0,1.0835
214,1,20,-0.49434,0.080278,0.99895,0.065836,0,0,1.0803
216,1,20,-0.49399,0.077766,0.99862,0.064753,0,0,1.0769
218,1,20,-0.49341,0.075303,0.99831,0.063641,0,0,1.0736
220,1,20,-0.49267,0.072904,0.99809,0.062502,0,0,1.0704
222,1,20,-0.49181,0.070584,0.99803,0.061338,0,0,1.0676
224,1,20,-0.49087,0.068354,0.99819,0.060149,0,0,1.0651
226,1,20,-0.48991,0.066227,0.9986,0.058939,0,0,1.0632
228,1,20,-0.48896,0.064211,0.9993,0.057713,0,0,1.0619
230,1,20,-0.48808,0.062316,1.0003,0.056477,0,0,1.0612
232,1,20,-0.48731,0.060552,1.0017,0.055239,0,0,1.0613
234,1,20,-0.48668,0.058925,1.0033,0.054009,0,0,1.0621
236,1,20,-0.48623,0.057444,1.0053,0.052799,0,0,1.0636
238,1,20,-0.486,0.056117,1.0076,0.051621,0,0,1.0658
240,1,20,-0.48602,0.054953,1.0101,0.050488,0,0,1.0687
242,1,20,-0.48631,0.053958,1.0129,0.049414,0,0,1.0723
244,1,20,-0.48691,0.053138,1.0158,0.048409,0,0,1.0765
246,1,20,-0.48782,0.052501,1.019,0.047485,0,0,1.0812
248,1,20,-0.48907,0.05205,1.0222,0.04665,0,0,1.0863
250,1,20,-0.49067,0.051786,1.0256,0.045908,0,0,1.0919
252,1,20,-0.49263,0.051709,1.029,0.04526,0,0,1.0978
254,1,20,-0.49495,0.051816,1.0324,0.044705,0,0,1.1039
256,1,20,-0.49764,0.0521,1.0358,0.044236,0,0,1.1102
258,1,20,-0.50068,0.052551,1.0392,0.043844,0,0,1.1166
260,1,20,-0.50407,0.053156,1.0426,0.043518,0,0,1.123
262,1,20,-0.50781,0.053901,1.0459,0.043243,0,0,1.1294
264,1,20,-0.51188,0.054769,1.0491,0.043006,0,0,1.1358
266,1,20,-0.51626,0.055741,1.0523,0.042793,0,0,1.1422
268,1,20,-0.52093,0.056799,1.0554,0.042589,0,0,1.1484
270,1,20,-0.52587,0.057923,1.0585,0.042383,0,0,1.1545
272,1,20,-0.53106,0.059096,1.0614,0.042168,0,0,1.1605
274,1,20,-0.53646,0.0603,1.0644,0.041937,0,0,1.1663
276,1,20,-0.54206,0.061518,1.0672,0.041689,0,0,1.172
278,1,20,-0.54781,0.062736,1.0701,0.041424,0,0,1.1777
280,1,20,-0.5537,0.06394,1.0729,0.041146,0,0,1.1832
282,1,20,-0.55968,0.06512,1.0756,0.040863,0,0,1.1887
284,1,20,-0.56573,0.066266,1.0784,0.040584,0,0,1.1942
286,1,20,-0.57182,0.067371,1.0811,0.040321,0,0,1.1997
288,1,20,-0.57791,0.068428,1.0839,0.040086,0,0,1.2053
290,1,20,-0.58397,0.069434,1.0866,0.039892,0,0,1.2109
292,1,20,-0.58997,0.070386,1.0893,0.039751,0,0,1.2166
294,1,20,-0.5959,0.071283,1.0921,0.039673,0,0,1.2225
296,1,20,-0.60171,0.072125,1.0948,0.039667,0,0,1.2285
298,1,20,-0.60738,0.072913,1.0976,0.039738,0,0,1.2346
300,1,20,-0.6129,0.073649,1.1003,0.039889,0,0,1.241
302,1,20,-0.61825,0.074334,1.1031,0.040119,0,0,1.2475
304,1,20,-0.62339,0.074972,1.1059,0.040425,0,0,1.2541
306,1,20,-0.62833,0.075564,1.1087,0.0408,0,0,1.2609
308,1,20,-0.63305,0.076115,1.1115,0.041238,0,0,1.2678
310,1,20,-0.63754,0.076626,1.1143,0.041729,0,0,1.2748
312,1,20,-0.64179,0.077101,1.1171,0.042267,0,0,1.2819
314,1,20,-0.6458,0.07754,1.1198,0.042844,0,0,1.2889
316,1,20,-0.64957,0.077948,1.1225,0.043456,0,0,1.2959
318,1,20,-0.65311,0.078325,1.1251,0.044098,0,0,1.3028
320,1,20,-0.65642,0.078674,1.1276,0.044768,0,0,1.3096
322,1,20,-0.65951,0.078998,1.13,0.045463,0,0,1.3161
324,1,20,-0.66239,0.079297,1.1322,0.046181,0,0,1.3223
326,1,20,-0.66507,0.079576,1.1342,0.046919,0,0,1.3282
328,1,20,-0.66757,0.079837,1.136,0.047673,0,0,1.3338
330,1,20,-0.66992,0.080084,1.1377,0.048436,0,0,1.3389
332,1,20,-0.67213,0.080322,1.1391,0.049201,0,0,1.3436
334,1,20,-0.67422,0.080556,1.1403,0.049957,0,0,1.3478
336,1,20,-0.67622,0.080793,1.1413,0.050695,0,0,1.3515
338,1,20,-0.67815,0.08104,1.1421,0.051403,0,0,1.3547
340,1,20,-0.68004,0.081304,1.1428,0.052071,0,0,1.3575
342,1,20,-0.68192,0.081596,1.1433,0.05269,0,0,1.3598
344,1,20,-0.68381,0.081923,1.1436,0.053252,0,0,1.3618
346,1,20,-0.68574,0.082296,1.1439,0.053752,0,0,1.3634
348,1,20,-0.68773,0.082724,1.1441,0.05419,0,0,1.3647
350,1,20,-0.68982,0.083217,1.1443,0.054569,0,0,1.3659
352,1,20,-0.69202,0.083781,1.1445,0.054896,0,0,1.3671
354,1,20,-0.69436,0.084426,1.1447,0.05518,0,0,1.3682
356,1,20,-0.69686,0.085156,1.145,0.055437,0,0,1.3695
358,1,20,-0.69955,0.085976,1.1454,0.055681,0,0,1.3709
360,1,20,-0.70243,0.086889,1.146,0.055927,0,0,1.3727
362,1,20,-0.70553,0.087893,1.1467,0.056192,0,0,1.375
364,1,20,-0.70886,0.088987,1.1476,0.056486,0,0,1.3777
366,1,20,-0.71242,0.090167,1.1488,0.056819,0,0,1.381
368,1,20,-0.71623,0.091426,1.1502,0.057195,0,0,1.385
370,1,20,-0.72029,0.092757,1.1518,0.057615,0,0,1.3897
372,1,20,-0.72459,0.094148,1.1537,0.058074,0,0,1.3951
374,1,20,-0.72915,0.095589,1.1559,0.058565,0,0,1.4012
376,1,20,-0.73394,0.097066,1.1583,0.059078,0,0,1.408
378,1,20,-0.73897,0.098568,1.1611,0.0596,0,0,1.4156
380,1,20,-0.74422,0.10008,1.1641,0.06012,0,0,1.4238
382,1,20,-0.74967,0.10159,1.1673,0.060627,0,0,1.4325
384,1,20,-0.75531,0.10308,1.1708,0.061111,0,0,1.4418
386,1,20,-0.76111,0.10454,1.1745,0.061566,0,0,1.4515
388,1,20,-0.76704,0.10596,1.1783,0.061988,0,0,1.4615
390,1,20,-0.77309,0.10733,1.1823,0.062375,0,0,1.4717
392,1,20,-0.77922,0.10863,1.1863,0.062727,0,0,1.482
394,1,20,-0.78539,0.10985,1.1903,0.063046,0,0,1.4923
396,1,20,-0.79158,0.11099,1.1943,0.063333,0,0,1.5025
398,1,20,-0.79774,0.11204,1.1982,0.063592,0,0,1.5125
400,1,20,-0.80384,0.11299,1.202,0.063823,0,0,1.5222
402,1,20,-0.80984,0.11383,1.2057,0.064028,0,0,1.5316
404,1,20,-0.81569,0.11457,1.2092,0.064206,0,0,1.5406
406,1,20,-0.82137,0.11518,1.2126,0.064355,0,0,1.5491
408,1,20,-0.82683,0.11569,1.2158,0.064472,0,0,1.5572
410,1,20,-0.83202,0.11607,1.2188,0.064555,0,0,1.5647
412,1,20,-0.83692,0.11632,1.2217,0.064601,0,0,1.5718
414,1,20,-0.84147,0.11645,1.2244,0.064607,0,0,1.5784
416,1,20,-0.84565,0.11646,1.2269,0.064572,0,0,1.5845
418,1,20,-0.84942,0.11633,1.2293,0.064496,0,0,1.5902
420,1,20,-0.85275,0.11608,1.2316,0.06438,0,0,1.5956
422,1,20,-0.8556,0.1157,1.2338,0.064228,0,0,1.6005
424,1,20,-0.85796,0.11519,1.2358,0.064044,0,0,1.6052
426,1,20,-0.85979,0.11454,1.2378,0.063833,0,0,1.6095
428,1,20,-0.86107,0.11377,1.2396,0.063604,0,0,1.6136
430,1,20,-0.86178,0.11286,1.2414,0.063362,0,0,1.6173
432,1,20,-0.86192,0.11183,1.243,0.063115,0,0,1.6208
434,1,20,-0.86147,0.11067,1.2446,0.062869,0,0,1.6241
436,1,20,-0.86043,0.10939,1.246,0.06263,0,0,1.6269
438,1,20,-0.85879,0.10798,1.2472,0.062401,0,0,1.6295
440,1,20,-0.85656,0.10645,1.2483,0.062187,0,0,1.6316
442,1,20,-0.85374,0.10481,1.2491,0.061987,0,0,1.6333
444,1,20,-0.85034,0.10307,1.2498,0.061804,0,0,1.6345
446,1,20,-0.84639,0.10123,1.2502,0.061635,0,0,1.6351
448,1,20,-0.84189,0.099293,1.2503,0.06148,0,0,1.635
450,1,20,-0.83687,0.09728,1.2501,0.061335,0,0,1.6343
452,1,20,-0.83136,0.0952,1.2496,0.061196,0,0,1.6328
454,1,20,-0.82538,0.093065,1.2488,0.061058,0,0,1.6304
456,1,20,-0.81897,0.090893,1.2477,0.060912,0,0,1.6273
458,1,20,-0.81217,0.088697,1.2462,0.06075,0,0,1.6232
460,1,20,-0.80502,0.086498,1.2444,0.060561,0,0,1.6182
462,1,20,-0.79755,0.084312,1.2423,0.060334,0,0,1.6124
464,1,20,-0.78981,0.08216,1.2398,0.060054,0,0,1.6057
466,1,20,-0.78184,0.080062,1.2371,0.05971,0,0,1.5982
468,1,20,-0.77369,0.078037,1.2341,0.059288,0,0,1.5898
470,1,20,-0.7654,0.076104,1.2309,0.058779,0,0,1.5808
472,1,20,-0.75703,0.074281,1.2275,0.058175,0,0,1.5711
474,1,20,-0.74861,0.072584,1.224,0.057473,0,0,1.5609
476,1,20,-0.74019,0.071026,1.2203,0.056674,0,0,1.5502
478,1,20,-0.73182,0.069617,1.2166,0.055784,0,0,1.5392
480,1,20,-0.72353,0.068361,1.2128,0.054815,0,0,1.528
482,1,20,-0.71538,0.067262,1.209,0.053782,0,0,1.5166
484,1,20,-0.7074,0.066316,1.2052,0.052709,0,0,1.5053
486,1,20,-0.69963,0.065517,1.2014,0.051619,0,0,1.494
488,1,20,-0.69209,0.064852,1.1977,0.050542,0,0,1.483
490,1,20,-0.68483,0.064308,1.194,0.049505,0,0,1.4723
492,1,20,-0.67786,0.063867,1.1905,0.04854,0,0,1.462
494,1,20,-0.67122,0.063511,1.187,0.047672,0,0,1.4522
496,1,20,-0.66491,0.063217,1.1837,0.046925,0,0,1.443
498,1,20,-0.65896,0.062968,1.1806,0.046317,0,0,1.4345
500,1,20,-0.65338,0.062742,1.1776,0.04586,0,0,1.4267
502,1,20,-0.64817,0.062522,1.1748,0.045558,0,0,1.4196
504,1,20,-0.64333,0.062291,1.1723,0.045408,0,0,1.4134
506,1,20,-0.63888,0.062038,1.17,0.045401,0,0,1.408
508,1,20,-0.63479,0.061749,1.1679,0.045522,0,0,1.4034
510,1,20,-0.63106,0.06142,1.1662,0.045752,0,0,1.3998
512,1,20,-0.62768,0.061045,1.1647,0.046069,0,0,1.397
514,1,20,-0.62462,0.060623,1.1636,0.046452,0,0,1.395
516,1,20,-0.62188,0.060157,1.1628,0.046876,0,0,1.3939
518,1,20,-0.61943,0.059652,1.1623,0.047323,0,0,1.3935
520,1,20,-0.61723,0.059117,1.1621,0.047773,0,0,1.394
522,1,20,-0.61527,0.058561,1.1623,0.048212,0,0,1.395
524,1,20,-0.61351,0.057998,1.1627,0.048628,0,0,1.3967
526,1,20,-0.61192,0.057442,1.1633,0.049015,0,0,1.399
528,1,20,-0.61047,0.056907,1.1642,0.049366,0,0,1.4016
530,1,20,-0.60912,0.056408,1.1652,0.049682,0,0,1.4046
532,1,20,-0.60784,0.055961,1.1663,0.049961,0,0,1.4078
534,1,20,-0.6066,0.055578,1.1675,0.050204,0,0,1.411
536,1,20,-0.60535,0.05527,1.1688,0.050414,0,0,1.4143
538,1,20,-0.60408,0.055047,1.1699,0.050589,0,0,1.4174
540,1,20,-0.60273,0.054914,1.171,0.050731,0,0,1.4202
542,1,20,-0.6013,0.054872,1.172,0.05084,0,0,1.4226
544,1,20,-0.59974,0.054921,1.1727,0.050914,0,0,1.4245
546,1,20,-0.59804,0.055054,1.1732,0.050954,0,0,1.4258
548,1,20,-0.59617,0.055263,1.1735,0.050959,0,0,1.4264
550,1,20,-0.59411,0.055537,1.1734,0.050932,0,0,1.4262
552,1,20,-0.59184,0.055862,1.1731,0.050874,0,0,1.4252
554,1,20,-0.58936,0.056223,1.1723,0.050788,0,0,1.4234
556,1,20,-0.58665,0.056603,1.1713,0.050681,0,0,1.4206
558,1,20,-0.58371,0.056985,1.1698,0.050556,0,0,1.417
560,1,20,-0.58054,0.057354,1.168,0.05042,0,0,1.4125
562,1,20,-0.57713,0.057695,1.1658,0.050279,0,0,1.4072
564,1,20,-0.5735,0.057994,1.1633,0.050138,0,0,1.4011
566,1,20,-0.56966,0.058239,1.1605,0.050001,0,0,1.3943
568,1,20,-0.56561,0.05842,1.1574,0.049872,0,0,1.3869
570,1,20,-0.56138,0.05853,1.1541,0.049754,0,0,1.379
572,1,20,-0.55698,0.058563,1.1506,0.049649,0,0,1.3707
574,1,20,-0.55244,0.058517,1.1469,0.049556,0,0,1.3621
576,1,20,-0.54779,0.058393,1.1432,0.049478,0,0,1.3533
578,1,20,-0.54304,0.058191,1.1393,0.049415,0,0,1.3445
580,1,20,-0.53823,0.057917,1.1355,0.049368,0,0,1.3356
582,1,20,-0.53339,0.057578,1.1316,0.04934,0,0,1.3268
584,1,20,-0.52855,0.057182,1.1279,0.049332,0,0,1.3183
586,1,20,-0.52375,0.05674,1.1242,0.049346,0,0,1.31
588,1,20,-0.51901,0.056263,1.1206,0.049386,0,0,1.3021
590,1,20,-0.51438,0.055765,1.1172,0.049454,0,0,1.2945
592,1,20,-0.50987,0.055259,1.1139,0.04955,0,0,1.2874
594,1,20,-0.50553,0.054759,1.1108,0.049676,0,0,1.2807
596,1,20,-0.50139,0.054279,1.1078,0.049831,0,0,1.2745
598,1,20,-0.49746,0.053831,1.1051,0.050013,0,0,1.2687
600,1,20,-0.49378,0.053428,1.1025,0.050218,0,0,1.2635
602,1,20,-0.49037,0.053079,1.1002,0.05044,0,0,1.2587
604,1,20,-0.48724,0.052794,1.098,0.050673,0,0,1.2544
606,1,20,-0.48442,0.052578,1.096,0.050908,0,0,1.2505
608,1,20,-0.48192,0.052434,1.0943,0.051137,0,0,1.2471
610,1,20,-0.47974,0.052365,1.0927,0.05135,0,0,1.2441
612,1,20,-0.4779,0.052367,1.0914,0.051538,0,0,1.2416
614,1,20,-0.4764,0.05244,1.0903,0.051692,0,0,1.2395
616,1,20,-0.47522,0.052575,1.0894,0.051805,0,0,1.2377
618,1,20,-0.47437,0.052767,1.0887,0.051869,0,0,1.2365
620,1,20,-0.47384,0.053008,1.0883,0.051882,0,0,1.2356
622,1,20,-0.47361,0.053288,1.0881,0.051842,0,0,1.2351
624,1,20,-0.47367,0.053598,1.0882,0.051748,0,0,1.2351
626,1,20,-0.47399,0.053928,1.0885,0.051606,0,0,1.2355
628,1,20,-0.47455,0.05427,1.089,0.051419,0,0,1.2362
630,1,20,-0.47532,0.054615,1.0898,0.051194,0,0,1.2374
632,1,20,-0.47628,0.054955,1.0907,0.050941,0,0,1.239
634,1,20,-0.47739,0.055284,1.0919,0.050667,0,0,1.241
636,1,20,-0.47861,0.055595,1.0932,0.050383,0,0,1.2433
638,1,20,-0.47991,0.055884,1.0947,0.050097,0,0,1.246
640,1,20,-0.48126,0.056147,1.0962,0.049818,0,0,1.2489
642,1,20,-0.48262,0.05638,1.0979,0.049556,0,0,1.252
644,1,20,-0.48394,0.056582,1.0996,0.049317,0,0,1.2554
646,1,20,-0.4852,0.05675,1.1013,0.049109,0,0,1.2588
648,1,20,-0.48635,0.056884,1.1031,0.048938,0,0,1.2623
650,1,20,-0.48736,0.056982,1.1047,0.048809,0,0,1.2657
652,1,20,-0.4882,0.057044,1.1063,0.048726,0,0,1.269
654,1,20,-0.48883,0.05707,1.1077,0.048691,0,0,1.2721
656,1,20,-0.48922,0.05706,1.109,0.048705,0,0,1.2749
658,1,20,-0.48935,0.057014,1.11,0.048766,0,0,1.2773
660,1,20,-0.48919,0.056932,1.1107,0.048873,0,0,1.2791
662,1,20,-0.48872,0.056814,1.1112,0.04902,0,0,1.2804
664,1,20,-0.48793,0.05666,1.1113,0.049201,0,0,1.281
666,1,20,-0.48679,0.056469,1.1111,0.049408,0,0,1.2808
668,1,20,-0.48531,0.056243,1.1104,0.049633,0,0,1.2798
670,1,20,-0.48346,0.055981,1.1093,0.049865,0,0,1.2778
672,1,20,-0.48126,0.055684,1.1078,0.050095,0,0,1.2748
674,1,20,-0.47869,0.055352,1.1058,0.050313,0,0,1.2708
676,1,20,-0.47577,0.054988,1.1033,0.050507,0,0,1.2658
678,1,20,-0.47251,0.054592,1.1004,0.050669,0,0,1.2596
680,1,20,-0.46891,0.054168,1.0969,0.050791,0,0,1.2523
682,1,20,-0.465,0.053716,1.0931,0.050864,0,0,1.2439
684,1,20,-0.46078,0.053242,1.0887,0.050883,0,0,1.2345
686,1,20,-0.45629,0.052748,1.084,0.050842,0,0,1.2241
688,1,20,-0.45155,0.052239,1.0788,0.050738,0,0,1.2127
690,1,20,-0.44657,0.05172,1.0733,0.050571,0,0,1.2005
692,1,20,-0.4414,0.051196,1.0674,0.050339,0,0,1.1876
694,1,20,-0.43606,0.050673,1.0614,0.050046,0,0,1.1741
696,1,20,-0.43058,0.050155,1.0551,0.049695,0,0,1.1601
698,1,20,-0.425,0.049649,1.0486,0.049295,0,0,1.1458
700,1,20,-0.41934,0.04916,1.0422,0.048854,0,0,1.1314
702,1,20,-0.41363,0.048694,1.0357,0.048385,0,0,1.1171
704,1,20,-0.40791,0.048254,1.0293,0.047902,0,0,1.103
706,1,20,-0.4022,0.047845,1.023,0.047422,0,0,1.0893
708,1,20,-0.39654,0.04747,1.017,0.046963,0,0,1.0762
710,1,20,-0.39095,0.047131,1.0112,0.046545,0,0,1.0638
712,1,20,-0.38546,0.046829,1.0058,0.046184,0,0,1.0522
714,1,20,-0.38009,0.046563,1.0008,0.045897,0,0,1.0417
716,1,20,-0.37486,0.046334,0.99627,0.045697,0,0,1.0322
718,1,20,-0.36978,0.04614,0.9922,0.045591,0,0,1.024
720,1,20,-0.36488,0.045977,0.98864,0.045581,0,0,1.0169
722,1,20,-0.36017,0.045842,0.98561,0.045662,0,0,1.011
724,1,20,-0.35565,0.045731,0.98311,0.045823,0,0,1.0064
726,1,20,-0.35133,0.045641,0.98113,0.04605,0,0,1.0029
728,1,20,-0.34722,0.045566,0.97965,0.046322,0,0,1.0005
730,1,20,-0.34331,0.045502,0.97864,0.046619,0,0,0.99904
732,1,20,-0.3396,0.045445,0.97806,0.04692,0,0,0.99843
734,1,20,-0.33609,0.045391,0.97785,0.047205,0,0,0.99852
736,1,20,-0.33277,0.045336,0.97793,0.047458,0,0,0.99914
738,1,20,-0.32964,0.045277,0.97824,0.047664,0,0,1.0001
740,1,20,-0.32667,0.045211,0.9787,0.047812,0,0,1.0013
742,1,20,-0.32385,0.045136,0.97923,0.047898,0,0,1.0025
744,1,20,-0.32118,0.045051,0.97974,0.047917,0,0,1.0035
746,1,20,-0.31863,0.044954,0.98017,0.047869,0,0,1.0043
748,1,20,-0.31618,0.044845,0.98043,0.04776,0,0,1.0046
750,1,20,-0.31383,0.044724,0.98048,0.047593,0,0,1.0044
752,1,20,-0.31154,0.04459,0.98025,0.047376,0,0,1.0035
754,1,20,-0.30931,0.044445,0.97972,0.047119,0,0,1.002
756,1,20,-0.30711,0.044288,0.97885,0.046832,0,0,0.99981
758,1,20,-0.30493,0.04412,0.97763,0.046524,0,0,0.99689
760,1,20,-0.30275,0.043943,0.97607,0.046205,0,0,0.99327
762,1,20,-0.30056,0.043756,0.97417,0.045886,0,0,0.98902
764,1,20,-0.29834,0.043559,0.97197,0.045575,0,0,0.98419
766,1,20,-0.29609,0.043354,0.96949,0.045281,0,0,0.97886
768,1,20,-0.29378,0.04314,0.96677,0.04501,0,0,0.97313
770,1,20,-0.29142,0.042917,0.96385,0.044768,0,0,0.96709
772,1,20,-0.28899,0.042686,0.96079,0.044561,0,0,0.96084
774,1,20,-0.2865,0.042445,0.95763,0.04439,0,0,0.95449
776,1,20,-0.28394,0.042195,0.95441,0.044259,0,0,0.94811
778,1,20,-0.28131,0.041935,0.95117,0.04417,0,0,0.9418
780,1,20,-0.27861,0.041664,0.94795,0.044122,0,0,0.93561
782,1,20,-0.27585,0.041383,0.94478,0.044115,0,0,0.92959
784,1,20,-0.27303,0.04109,0.94167,0.044147,0,0,0.92378
786,1,20,-0.27016,0.040786,0.93864,0.044215,0,0,0.9182
788,1,20,-0.26726,0.04047,0.9357,0.044315,0,0,0.91284
790,1,20,-0.26432,0.040143,0.93283,0.044441,0,0,0.90771
792,1,20,-0.26137,0.039804,0.93005,0.044588,0,0,0.90276
794,1,20,-0.25841,0.039455,0.92732,0.044747,0,0,0.89797
796,1,20,-0.25546,0.039096,0.92465,0.044912,0,0,0.89331
798,1,20,-0.25254,0.038727,0.92202,0.045074,0,0,0.88873
800,1,20,-0.24965,0.03835,0.91942,0.045223,0,0,0.88419
802,1,20,-0.24681,0.037967,0.91684,0.04535,0,0,0.87967
804,1,20,-0.24403,0.037578,0.91428,0.045446,0,0,0.87515
806,1,20,-0.24133,0.037185,0.91173,0.045504,0,0,0.8706
808,1,20,-0.23872,0.036791,0.90921,0.045515,0,0,0.86603
810,1,20,-0.23621,0.036397,0.90673,0.045475,0,0,0.86145
812,1,20,-0.23381,0.036006,0.9043,0.045381,0,0,0.85689
814,1,20,-0.23153,0.03562,0.90194,0.045232,0,0,0.85238
816,1,20,-0.22937,0.035241,0.89969,0.045031,0,0,0.84796
818,1,20,-0.22734,0.034873,0.89755,0.044782,0,0,0.8437
820,1,20,-0.22544,0.034518,0.89557,0.044494,0,0,0.83965
822,1,20,-0.22368,0.034179,0.89376,0.044176,0,0,0.83588
824,1,20,-0.22205,0.03386,0.89214,0.043841,0,0,0.83243
826,1,20,-0.22055,0.033565,0.89074,0.043502,0,0,0.82937
828,1,20,-0.21917,0.033295,0.88957,0.04317,0,0,0.82674
830,1,20,-0.21791,0.033055,0.88863,0.04286,0,0,0.82457
832,1,20,-0.21677,0.032847,0.88793,0.042582,0,0,0.82286
834,1,20,-0.21572,0.032675,0.88745,0.042345,0,0,0.82163
836,1,20,-0.21476,0.03254,0.88718,0.042155,0,0,0.82085
838,1,20,-0.21388,0.032445,0.88709,0.042014,0,0,0.82047
840,1,20,-0.21306,0.032391,0.88716,0.041923,0,0,0.82045
842,1,20,-0.21229,0.032378,0.88734,0.041878,0,0,0.82069
844,1,20,-0.21155,0.032406,0.88759,0.041875,0,0,0.82112
846,1,20,-0.21082,0.032473,0.88785,0.041906,0,0,0.82164
848,1,20,-0.21009,0.032577,0.88806,0.041962,0,0,0.82211
850,1,20,-0.20935,0.032714,0.88819,0.042035,0,0,0.82245
852,1,20,-0.20857,0.032881,0.88815,0.042114,0,0,0.82251
854,1,20,-0.20775,0.033072,0.88791,0.04219,0,0,0.8222
856,1,20,-0.20686,0.033281,0.88741,0.042255,0,0,0.82142
858,1,20,-0.20589,0.033502,0.8866,0.042301,0,0,0.82006
860,1,20,-0.20483,0.033729,0.88545,0.042322,0,0,0.81805
862,1,20,-0.20366,0.033954,0.88392,0.042312,0,0,0.81534
864,1,20,-0.20238,0.034169,0.88201,0.042266,0,0,0.81189
866,1,20,-0.20098,0.03437,0.87971,0.04218,0,0,0.80769
868,1,20,-0.19945,0.034547,0.87701,0.042054,0,0,0.80274
870,1,20,-0.19778,0.034697,0.87393,0.041886,0,0,0.79709
872,1,20,-0.19598,0.034812,0.87051,0.041675,0,0,0.79079
874,1,20,-0.19403,0.034889,0.86677,0.041426,0,0,0.78389
876,1,20,-0.19195,0.034923,0.86276,0.041141,0,0,0.77651
878,1,20,-0.18973,0.034911,0.85853,0.040826,0,0,0.76874
880,1,20,-0.18737,0.03485,0.85413,0.040489,0,0,0.76069
882,1,20,-0.18488,0.03474,0.84963,0.040139,0,0,0.75248
884,1,20,-0.18228,0.03458,0.84508,0.039789,0,0,0.74423
886,1,20,-0.17956,0.034369,0.84053,0.039448,0,0,0.73607
888,1,20,-0.17675,0.03411,0.83606,0.03913,0,0,0.72809
890,1,20,-0.17384,0.033805,0.83171,0.038846,0,0,0.72041
892,1,20,-0.17086,0.033456,0.82752,0.038606,0,0,0.7131
894,1,20,-0.16781,0.033066,0.82354,0.03842,0,0,0.70626
896,1,20,-0.16472,0.03264,0.8198,0.038293,0,0,0.69994
898,1,20,-0.16159,0.032182,0.81633,0.03823,0,0,0.69417
900,1,20,-0.15844,0.031697,0.81315,0.038231,0,0,0.68898
902,1,20,-0.15529,0.031188,0.81026,0.038297,0,0,0.68438
904,1,20,-0.15214,0.03066,0.80766,0.038423,0,0,0.68036
906,1,20,-0.14902,0.030118,0.80535,0.038603,0,0,0.6769
908,1,20,-0.14595,0.029566,0.80331,0.038829,0,0,0.67395
910,1,20,-0.14292,0.029007,0.80152,0.03909,0,0,0.67147
912,1,20,-0.13995,0.028444,0.79996,0.039374,0,0,0.6694
914,1,20,-0.13707,0.027879,0.79861,0.03967,0,0,0.66768
916,1,20,-0.13426,0.027316,0.79744,0.039962,0,0,0.66625
918,1,20,-0.13156,0.026754,0.79642,0.040239,0,0,0.66504
920,1,20,-0.12895,0.026195,0.79552,0.040488,0,0,0.66401
922,1,20,-0.12645,0.02564,0.79473,0.040699,0,0,0.66307
924,1,20,-0.12407,0.025088,0.79402,0.040865,0,0,0.6622
926,1,20,-0.1218,0.02454,0.79337,0.040979,0,0,0.66134
928,1,20,-0.11964,0.023995,0.79275,0.041039,0,0,0.66046
930,1,20,-0.1176,0.023454,0.79216,0.041047,0,0,0.65953
932,1,20,-0.11568,0.022918,0.79157,0.041004,0,0,0.65854
934,1,20,-0.11388,0.022388,0.79098,0.040915,0,0,0.65746
936,1,20,-0.11218,0.021865,0.79038,0.040787,0,0,0.65631
938,1,20,-0.11058,0.021353,0.78976,0.040628,0,0,0.65508
940,1,20,-0.10908,0.020855,0.78912,0.040444,0,0,0.65378
942,1,20,-0.10767,0.020375,0.78845,0.040244,0,0,0.65242
944,1,20,-0.10635,0.019919,0.78776,0.040034,0,0,0.65101
946,1,20,-0.10509,0.019493,0.78705,0.039822,0,0,0.64957
948,1,20,-0.1039,0.019102,0.78632,0.039613,0,0,0.64811
950,1,20,-0.10276,0.018753,0.78558,0.03941,0,0,0.64664
952,1,20,-0.10167,0.018453,0.78482,0.039217,0,0,0.64517
954,1,20,-0.10061,0.018208,0.78406,0.039036,0,0,0.6437
956,1,20,-0.099579,0.018022,0.78328,0.038867,0,0,0.64224
958,1,20,-0.098559,0.017899,0.7825,0.038711,0,0,0.64078
960,1,20,-0.097544,0.01784,0.7817,0.038567,0,0,0.63931
962,1,20,-0.096525,0.017845,0.78087,0.038435,0,0,0.63783
964,1,20,-0.095495,0.017911,0.78002,0.038315,0,0,0.63633
966,1,20,-0.094445,0.018034,0.77914,0.038206,0,0,0.63479
968,1,20,-0.093369,0.018208,0.7782,0.03811,0,0,0.63319
970,1,20,-0.092261,0.018426,0.7772,0.038026,0,0,0.63152
972,1,20,-0.091116,0.018678,0.77614,0.037955,0,0,0.62976
974,1,20,-0.08993,0.018957,0.77499,0.037897,0,0,0.6279
976,1,20,-0.088701,0.019254,0.77376,0.03785,0,0,0.62593
978,1,20,-0.087427,0.019559,0.77244,0.037814,0,0,0.62384
980,1,20,-0.086106,0.019866,0.77103,0.037784,0,0,0.62162
982,1,20,-0.084739,0.020167,0.76954,0.037758,0,0,0.61927
984,1,20,-0.083326,0.020455,0.76796,0.037731,0,0,0.6168
986,1,20,-0.081871,0.020725,0.7663,0.037698,0,0,0.61421
988,1,20,-0.080375,0.020973,0.76458,0.037657,0,0,0.61152
990,1,20,-0.078843,0.021196,0.7628,0.037606,0,0,0.60873
992,1,20,-0.077278,0.021391,0.76097,0.037544,0,0,0.60586
994,1,20,-0.075686,0.021557,0.75911,0.037472,0,0,0.60293
996,1,20,-0.074073,0.021694,0.75723,0.037395,0,0,0.59996
998,1,20,-0.072443,0.021801,0.75532,0.037316,0,0,0.59697
1000,1,20,-0.070805,0.02188,0.75341,0.037242,0,0,0.59397
1002,1,20,-0.069163,0.021931,0.75148,0.037178,0,0,0.59099
1004,1,20,-0.067525,0.021956,0.74956,0.03713,0,0,0.58804
1006,1,20,-0.065897,0.021957,0.74765,0.037101,0,0,0.58513
1008,1,20,-0.064286,0.021936,0.74574,0.037094,0,0,0.58228
1010,1,20,-0.0627,0.021895,0.74386,0.037107,0,0,0.57948
1012,1,20,-0.061143,0.021834,0.74199,0.03714,0,0,0.57675
1014,1,20,-0.059622,0.021756,0.74014,0.037186,0,0,0.57408
1016,1,20,-0.058142,0.021662,0.73832,0.037241,0,0,0.57147
1018,1,20,-0.056709,0.021553,0.73653,0.037297,0,0,0.56891
1020,1,20,-0.055327,0.021429,0.73477,0.037347,0,0,0.56639
1022,1,20,-0.054001,0.021291,0.73305,0.037383,0,0,0.56392
1024,1,20,-0.052733,0.021138,0.73136,0.037397,0,0,0.56146
1026,1,20,-0.051528,0.020971,0.7297,0.037383,0,0,0.55902
1028,1,20,-0.050386,0.02079,0.72808,0.037338,0,0,0.55659
1030,1,20,-0.04931,0.020595,0.72648,0.037258,0,0,0.55415
1032,1,20,-0.048301,0.020385,0.72491,0.037141,0,0,0.5517
1034,1,20,-0.047359,0.020161,0.72335,0.036989,0,0,0.54924
1036,1,20,-0.046483,0.019924,0.72182,0.036802,0,0,0.54676
1038,1,20,-0.045674,0.019676,0.72031,0.036584,0,0,0.54428
1040,1,20,-0.04493,0.019417,0.71882,0.036339,0,0,0.54179
1042,1,20,-0.044248,0.019151,0.71735,0.036072,0,0,0.53931
1044,1,20,-0.043627,0.018881,0.7159,0.035789,0,0,0.53685
1046,1,20,-0.043063,0.018611,0.71449,0.035495,0,0,0.53443
1048,1,20,-0.042554,0.018345,0.71311,0.035196,0,0,0.53206
1050,1,20,-0.042096,0.018089,0.71178,0.034899,0,0,0.52977
1052,1,20,-0.041685,0.017848,0.71051,0.034607,0,0,0.52758
1054,1,20,-0.041317,0.017628,0.7093,0.034325,0,0,0.5255
1056,1,20,-0.040988,0.017436,0.70818,0.034058,0,0,0.52356
1058,1,20,-0.040694,0.017276,0.70715,0.033807,0,0,0.52177
1060,1,20,-0.04043,0.017155,0.70622,0.033575,0,0,0.52016
1062,1,20,-0.040192,0.017077,0.7054,0.033362,0,0,0.51874
1064,1,20,-0.039975,0.017044,0.70471,0.033167,0,0,0.51752
1066,1,20,-0.039774,0.017061,0.70415,0.032991,0,0,0.5165
1068,1,20,-0.039586,0.017126,0.70371,0.032832,0,0,0.51569
1070,1,20,-0.039406,0.017238,0.70341,0.032689,0,0,0.51509
1072,1,20,-0.03923,0.017396,0.70324,0.032562,0,0,0.5147
1074,1,20,-0.039054,0.017595,0.7032,0.03245,0,0,0.5145
1076,1,20,-0.038874,0.01783,0.70327,0.032354,0,0,0.51448
1078,1,20,-0.038688,0.018095,0.70345,0.032272,0,0,0.51462
1080,1,20,-0.03849,0.018383,0.70372,0.032205,0,0,0.51492
1082,1,20,-0.038279,0.018686,0.70406,0.032151,0,0,0.51534
1084,1,20,-0.038052,0.018997,0.70447,0.03211,0,0,0.51587
1086,1,20,-0.037805,0.01931,0.70493,0.032079,0,0,0.51648
1088,1,20,-0.037537,0.019617,0.70542,0.032054,0,0,0.51714
1090,1,20,-0.037246,0.019911,0.70593,0.032031,0,0,0.51784
1092,1,20,-0.036929,0.020186,0.70645,0.032007,0,0,0.51854
1094,1,20,-0.036586,0.020437,0.70696,0.031977,0,0,0.51922
1096,1,20,-0.036215,0.02066,0.70745,0.031937,0,0,0.51987
1098,1,20,-0.035814,0.020848,0.70791,0.031884,0,0,0.52045
1100,1,20,-0.035384,0.021,0.70832,0.031817,0,0,0.52095
1102,1,20,-0.034924,0.021112,0.70866,0.031737,0,0,0.52134
1104,1,20,-0.034433,0.021182,0.70893,0.031646,0,0,0.52162
1106,1,20,-0.033911,0.021208,0.70911,0.031549,0,0,0.52176
1108,1,20,-0.033359,0.02119,0.70919,0.031451,0,0,0.52174
1110,1,20,-0.032778,0.021126,0.70914,0.031359,0,0,0.52157
1112,1,20,-0.032167,0.021017,0.70896,0.031279,0,0,0.52121
1114,1,20,-0.031528,0.020863,0.70863,0.031219,0,0,0.52068
1116,1,20,-0.030862,0.020666,0.70815,0.031182,0,0,0.51994
1118,1,20,-0.030171,0.020428,0.7075,0.031173,0,0,0.51902
1120,1,20,-0.029455,0.020151,0.70668,0.031194,0,0,0.51788
1122,1,20,-0.028717,0.019837,0.70569,0.031244,0,0,0.51655
1124,1,20,-0.027959,0.019489,0.70454,0.031323,0,0,0.51501
1126,1,20,-0.027182,0.019112,0.70322,0.031425,0,0,0.51328
1128,1,20,-0.026389,0.018709,0.70174,0.031547,0,0,0.51135
1130,1,20,-0.025583,0.018284,0.70012,0.031684,0,0,0.50924
1132,1,20,-0.024766,0.017843,0.69837,0.031829,0,0,0.50696
1134,1,20,-0.023941,0.017389,0.69649,0.031978,0,0,0.50453
1136,1,20,-0.02311,0.016929,0.69452,0.032127,0,0,0.50197
1138,1,20,-0.022276,0.016467,0.69246,0.032274,0,0,0.49929
1140,1,20,-0.021443,0.016008,0.69033,0.032416,0,0,0.49651
1142,1,20,-0.020613,0.015558,0.68815,0.032553,0,0,0.49368
1144,1,20,-0.01979,0.015122,0.68593,0.032689,0,0,0.4908
1146,1,20,-0.018976,0.014703,0.6837,0.032824,0,0,0.48792
1148,1,20,-0.018174,0.014307,0.68147,0.032965,0,0,0.48505
1150,1,20,-0.017387,0.013935,0.67925,0.033115,0,0,0.48222
1152,1,20,-0.016617,0.013592,0.67706,0.033281,0,0,0.47945
1154,1,20,-0.015868,0.013278,0.67491,0.033468,0,0,0.47678
1156,1,20,-0.015142,0.012995,0.67281,0.03368,0,0,0.47422
1158,1,20,-0.014441,0.012742,0.67076,0.033921,0,0,0.47178
1160,1,20,-0.013767,0.012519,0.66879,0.034193,0,0,0.46949
1162,1,20,-0.013121,0.012324,0.66688,0.034493,0,0,0.46734
1164,1,20,-0.012505,0.012155,0.66506,0.03482,0,0,0.46535
1166,1,20,-0.011921,0.012009,0.66333,0.035168,0,0,0.4635
1168,1,20,-0.011369,0.011885,0.66169,0.035529,0,0,0.46181
1170,1,20,-0.01085,0.011781,0.66014,0.035892,0,0,0.46026
1172,1,20,-0.010363,0.011694,0.6587,0.036246,0,0,0.45885
1174,1,20,-0.0099088,0.011623,0.65737,0.036581,0,0,0.45755
1176,1,20,-0.0094866,0.011569,0.65614,0.036883,0,0,0.45636
1178,1,20,-0.0090954,0.011532,0.65502,0.037143,0,0,0.45527
1180,1,20,-0.008734,0.011514,0.65402,0.037348,0,0,0.45424
1182,1,20,-0.0084007,0.011517,0.65312,0.037492,0,0,0.45328
1184,1,20,-0.0080935,0.011544,0.65234,0.037567,0,0,0.45236
1186,1,20,-0.0078102,0.011599,0.65166,0.037569,0,0,0.45148
1188,1,20,-0.0075483,0.011685,0.65108,0.037495,0,0,0.45062
1190,1,20,-0.0073049,0.011805,0.6506,0.037344,0,0,0.44978
1192,1,20,-0.007077,0.011963,0.65021,0.037117,0,0,0.44895
1194,1,20,-0.0068616,0.01216,0.6499,0.036818,0,0,0.44813
1196,1,20,-0.0066552,0.012398,0.64968,0.03645,0,0,0.44732
1198,1,20,-0.0064544,0.012676,0.64952,0.036019,0,0,0.44653
1200,1,20,-0.006256,0.012991,0.64943,0.035533,0,0,0.44575
1202,1,20,-0.0060563,0.013341,0.6494,0.035,0,0,0.445
1204,1,20,-0.0058522,0.013721,0.64942,0.034429,0,0,0.44427
1206,1,20,-0.0056403,0.014126,0.64948,0.03383,0,0,0.44357
1208,1,20,-0.0054177,0.014549,0.64957,0.033215,0,0,0.4429
1210,1,20,-0.0051814,0.014983,0.64967,0.032595,0,0,0.44226
1212,1,20,-0.0049288,0.015421,0.64978,0.031981,0,0,0.44165
1214,1,20,-0.0046578,0.015856,0.64989,0.031384,0,0,0.44107
1216,1,20,-0.0043662,0.01628,0.64997,0.030817,0,0,0.4405
1218,1,20,-0.0040527,0.016687,0.65001,0.030288,0,0,0.43994
1220,1,20,-0.003716,0.01707,0.65,0.029806,0,0,0.43938
1222,1,20,-0.0033555,0.017423,0.64992,0.029377,0,0,0.4388
1224,1,20,-0.0029708,0.017741,0.64976,0.029006,0,0,0.43818
1226,1,20,-0.0025623,0.01802,0.64951,0.028692,0,0,0.43751
1228,1,20,-0.0021306,0.018256,0.64916,0.028435,0,0,0.43677
1230,1,20,-0.0016768,0.018447,0.6487,0.028231,0,0,0.43596
1232,1,20,-0.0012028,0.018591,0.64813,0.028074,0,0,0.43504
1234,1,20,-0.00071044,0.018688,0.64744,0.027956,0,0,0.43403
1236,1,20,-0.00020239,0.018738,0.64665,0.027869,0,0,0.43291
1238,1,20,0.00031845,0.018742,0.64575,0.027805,0,0,0.43168
1240,1,20,0.00084878,0.018702,0.64476,0.027755,0,0,0.43035
1242,1,20,0.001385,0.018622,0.64369,0.027713,0,0,0.42892
1244,1,20,0.0019231,0.018507,0.64255,0.027673,0,0,0.42742
1246,1,20,0.0024591,0.01836,0.64137,0.027632,0,0,0.42586
1248,1,20,0.0029885,0.018187,0.64016,0.027585,0,0,0.42427
1250,1,20,0.003507,0.017995,0.63896,0.027533,0,0,0.42267
1252,1,20,0.0040102,0.01779,0.63777,0.027474,0,0,0.42109
1254,1,20,0.0044934,0.017579,0.63663,0.027409,0,0,0.41957
1256,1,20,0.0049523,0.017368,0.63556,0.027337,0,0,0.41814
1258,1,20,0.0053827,0.017165,0.63459,0.02726,0,0,0.41682
1260,1,20,0.0057804,0.016974,0.63372,0.027178,0,0,0.41564
1262,1,20,0.0061416,0.016802,0.63299,0.027089,0,0,0.41462
1264,1,20,0.0064629,0.016653,0.63241,0.026995,0,0,0.41379
1266,1,20,0.006741,0.01653,0.63198,0.026895,0,0,0.41314
1268,1,20,0.0069733,0.016435,0.6317,0.026787,0,0,0.41268
1270,1,20,0.0071573,0.01637,0.63158,0.026672,0,0,0.41241
1272,1,20,0.0072914,0.016332,0.63161,0.02655,0,0,0.41232
1274,1,20,0.0073742,0.016322,0.63176,0.026422,0,0,0.41238
1276,1,20,0.007405,0.016335,0.63201,0.026289,0,0,0.41257
1278,1,20,0.0073835,0.01637,0.63235,0.026153,0,0,0.41286
1280,1,20,0.0073101,0.016421,0.63273,0.026019,0,0,0.41321
1282,1,20,0.0071857,0.016485,0.63313,0.025888,0,0,0.41358
1284,1,20,0.0070117,0.016557,0.6335,0.025764,0,0,0.41394
1286,1,20,0.0067902,0.016633,0.63382,0.02565,0,0,0.41423
1288,1,20,0.0065235,0.016711,0.63406,0.025547,0,0,0.41443
1290,1,20,0.0062147,0.016786,0.63417,0.025458,0,0,0.41448
1292,1,20,0.0058671,0.016856,0.63414,0.025382,0,0,0.41437
1294,1,20,0.0054844,0.01692,0.63395,0.025318,0,0,0.41407
1296,1,20,0.0050707,0.016976,0.63358,0.025265,0,0,0.41355
1298,1,20,0.0046305,0.017024,0.63303,0.025221,0,0,0.41281
1300,1,20,0.0041683,0.017065,0.63229,0.025182,0,0,0.41184
1302,1,20,0.0036888,0.017099,0.63138,0.025146,0,0,0.41065
1304,1,20,0.0031969,0.017126,0.6303,0.02511,0,0,0.40925
1306,1,20,0.0026975,0.01715,0.62907,0.025073,0,0,0.40767
1308,1,20,0.0021954,0.017171,0.62771,0.025033,0,0,0.40593
1310,1,20,0.0016954,0.017192,0.62625,0.024991,0,0,0.40406
1312,1,20,0.0012021,0.017214,0.62472,0.024947,0,0,0.4021
1314,1,20,0.00071972,0.017239,0.62315,0.024905,0,0,0.4001
1316,1,20,0.00025249,0.017269,0.62156,0.024867,0,0,0.39809
1318,1,20,-0.00019588,0.017303,0.62,0.024838,0,0,0.39612
1320,1,20,-0.00062197,0.017344,0.6185,0.02482,0,0,0.39424
1322,1,20,-0.0010228,0.017391,0.61707,0.024817,0,0,0.39248
1324,1,20,-0.0013958,0.017443,0.61576,0.024833,0,0,0.39088
1326,1,20,-0.001739,0.017501,0.61458,0.02487,0,0,0.38946
1328,1,20,-0.0020507,0.017562,0.61356,0.024928,0,0,0.38827
1330,1,20,-0.0023299,0.017625,0.61272,0.025007,0,0,0.38731
1332,1,20,-0.002576,0.017689,0.61206,0.025106,0,0,0.38659
1334,1,20,-0.0027888,0.017751,0.6116,0.025224,0,0,0.38614
1336,1,20,-0.002969,0.017809,0.61134,0.025356,0,0,0.38595
1338,1,20,-0.0031172,0.017862,0.61128,0.025501,0,0,0.38602
1340,1,20,-0.0032348,0.017906,0.61142,0.025656,0,0,0.38634
1342,1,20,-0.0033237,0.01794,0.61175,0.025819,0,0,0.3869
1344,1,20,-0.0033859,0.017963,0.61226,0.02599,0,0,0.38769
1346,1,20,-0.0034239,0.017972,0.61292,0.026168,0,0,0.38868
1348,1,20,-0.0034405,0.017967,0.61373,0.026357,0,0,0.38986
1350,1,20,-0.0034386,0.017947,0.61466,0.026559,0,0,0.39121
1352,1,20,-0.0034215,0.01791,0.61569,0.026778,0,0,0.3927
1354,1,20,-0.0033924,0.017857,0.61681,0.02702,0,0,0.39432
1356,1,20,-0.0033548,0.017789,0.61798,0.027289,0,0,0.39605
1358,1,20,-0.0033121,0.017704,0.61919,0.027589,0,0,0.39786
1360,1,20,-0.0032677,0.017604,0.62043,0.027922,0,0,0.39974
1362,1,20,-0.0032249,0.01749,0.62166,0.028291,0,0,0.40167
1364,1,20,-0.0031868,0.017362,0.6229,0.028696,0,0,0.40365
1366,1,20,-0.0031565,0.017222,0.62411,0.029133,0,0,0.40564
1368,1,20,-0.0031367,0.017072,0.6253,0.029599,0,0,0.40765
1370,1,20,-0.0031299,0.016913,0.62646,0.030088,0,0,0.40965
1372,1,20,-0.0031384,0.016746,0.62758,0.030592,0,0,0.41164
1374,1,20,-0.0031639,0.016574,0.62866,0.031105,0,0,0.4136
1376,1,20,-0.003208,0.016398,0.62971,0.031616,0,0,0.41552
1378,1,20,-0.003272,0.016221,0.63072,0.032117,0,0,0.4174
1380,1,20,-0.0033565,0.016043,0.63168,0.032598,0,0,0.41921
1382,1,20,-0.003462,0.015868,0.63261,0.033051,0,0,0.42095
1384,1,20,-0.0035886,0.015697,0.6335,0.033469,0,0,0.4226
1386,1,20,-0.0037359,0.015532,0.63435,0.033843,0,0,0.42416
1388,1,20,-0.0039033,0.015376,0.63515,0.034168,0,0,0.4256
1390,1,20,-0.0040898,0.01523,0.63591,0.03444,0,0,0.42691
1392,1,20,-0.004294,0.015097,0.63661,0.034656,0,0,0.42809
1394,1,20,-0.0045145,0.014978,0.63725,0.034815,0,0,0.42912
1396,1,20,-0.0047494,0.014875,0.63783,0.034916,0,0,0.42999
1398,1,20,-0.0049967,0.01479,0.63834,0.034962,0,0,0.4307
1400,1,20,-0.0052541,0.014724,0.63876,0.034955,0,0,0.43123
1402,1,20,-0.0055195,0.014679,0.6391,0.034899,0,0,0.43159
1404,1,20,-0.0057905,0.014655,0.63934,0.0348,0,0,0.43177
1406,1,20,-0.0060644,0.014654,0.63948,0.034662,0,0,0.43176
1408,1,20,-0.0063391,0.014674,0.6395,0.034493,0,0,0.43157
1410,1,20,-0.0066119,0.014717,0.63942,0.034298,0,0,0.43121
1412,1,20,-0.0068805,0.014782,0.63922,0.034082,0,0,0.43068
1414,1,20,-0.0071428,0.014867,0.63891,0.033852,0,0,0.42998
1416,1,20,-0.0073966,0.014971,0.63848,0.033613,0,0,0.42913
1418,1,20,-0.0076398,0.015092,0.63795,0.033368,0,0,0.42813
1420,1,20,-0.0078708,0.015229,0.63731,0.033121,0,0,0.42701
1422,1,20,-0.0080879,0.015379,0.63657,0.032877,0,0,0.42576
1424,1,20,-0.0082898,0.015538,0.63575,0.032636,0,0,0.42441
1426,1,20,-0.0084752,0.015705,0.63484,0.032403,0,0,0.42298
1428,1,20,-0.0086431,0.015877,0.63387,0.032177,0,0,0.42147
1430,1,20,-0.008793,0.01605,0.63284,0.031961,0,0,0.4199
1432,1,20,-0.0089241,0.016222,0.63176,0.031754,0,0,0.41828
1434,1,20,-0.0090362,0.016391,0.63065,0.031558,0,0,0.41664
1436,1,20,-0.0091292,0.016552,0.62952,0.031371,0,0,0.41499
1438,1,20,-0.009203,0.016705,0.62838,0.031194,0,0,0.41335
1440,1,20,-0.0092578,0.016846,0.62725,0.031024,0,0,0.41173
1442,1,20,-0.009294,0.016974,0.62614,0.030859,0,0,0.41015
1444,1,20,-0.0093119,0.017086,0.62508,0.030698,0,0,0.40862
1446,1,20,-0.0093121,0.017182,0.62406,0.030535,0,0,0.40717
1448,1,20,-0.0092951,0.017261,0.62313,0.030367,0,0,0.40581
1450,1,20,-0.0092614,0.01732,0.62228,0.030189,0,0,0.40455
1452,1,20,-0.0092117,0.01736,0.62155,0.029997,0,0,0.40342
1454,1,20,-0.0091465,0.017381,0.62095,0.029785,0,0,0.40243
1456,1,20,-0.0090665,0.017381,0.62049,0.02955,0,0,0.4016
1458,1,20,-0.008972,0.017363,0.62019,0.029289,0,0,0.40093
1460,1,20,-0.0088635,0.017325,0.62006,0.028999,0,0,0.40045
1462,1,20,-0.0087414,0.017268,0.62011,0.028682,0,0,0.40017
1464,1,20,-0.0086061,0.017194,0.62035,0.02834,0,0,0.4001
1466,1,20,-0.0084576,0.017103,0.62078,0.027977,0,0,0.40024
1468,1,20,-0.0082963,0.016997,0.62139,0.027601,0,0,0.4006
1470,1,20,-0.0081221,0.016877,0.62218,0.027219,0,0,0.40119
1472,1,20,-0.0079352,0.016744,0.62315,0.026841,0,0,0.402
1474,1,20,-0.0077354,0.0166,0.62427,0.026477,0,0,0.40303
1476,1,20,-0.0075227,0.016447,0.62553,0.026139,0,0,0.40427
1478,1,20,-0.0072972,0.016285,0.62692,0.025834,0,0,0.40571
1480,1,20,-0.0070588,0.016117,0.62842,0.025573,0,0,0.40733
1482,1,20,-0.0068075,0.015944,0.63,0.025362,0,0,0.40912
1484,1,20,-0.0065435,0.015768,0.63165,0.025208,0,0,0.41106
1486,1,20,-0.0062669,0.015589,0.63335,0.025114,0,0,0.41311
1488,1,20,-0.0059782,0.01541,0.63506,0.025085,0,0,0.41526
1490,1,20,-0.0056778,0.015231,0.63677,0.025121,0,0,0.41747
1492,1,20,-0.0053664,0.015055,0.63845,0.025226,0,0,0.4197
1494,1,20,-0.005045,0.014881,0.64006,0.025398,0,0,0.42194
1496,1,20,-0.0047146,0.01471,0.6416,0.025636,0,0,0.42413
1498,1,20,-0.0043766,0.014545,0.64302,0.025939,0,0,0.42626
1500,1,20,-0.0040327,0.014386,0.64431,0.026303,0,0,0.42828
1502,1,20,-0.0036846,0.014233,0.64544,0.026721,0,0,0.43016
1504,1,20,-0.0033347,0.014087,0.6464,0.027187,0,0,0.43188
1506,1,20,-0.0029852,0.01395,0.64717,0.027691,0,0,0.4334
1508,1,20,-0.0026389,0.013821,0.64775,0.028221,0,0,0.43471
1510,1,20,-0.0022986,0.013703,0.64812,0.028767,0,0,0.43578
1512,1,20,-0.0019675,0.013595,0.64828,0.029314,0,0,0.43659
1514,1,20,-0.0016487,0.013498,0.64824,0.02985,0,0,0.43714
1516,1,20,-0.0013457,0.013414,0.648,0.030361,0,0,0.43742
1518,1,20,-0.001062,0.013342,0.64758,0.030836,0,0,0.43743
1520,1,20,-0.00080114,0.013284,0.64698,0.031263,0,0,0.43716
1522,1,20,-0.00056675,0.013239,0.64623,0.031634,0,0,0.43663
1524,1,20,-0.0003623,0.013209,0.64534,0.03194,0,0,0.43585
1526,1,20,-0.00019121,0.013193,0.64434,0.032177,0,0,0.43484
1528,1,20,-5.6689e-05,0.013191,0.64323,0.032342,0,0,0.43362
1530,1,20,3.825e-05,0.013204,0.64206,0.032434,0,0,0.43223
1532,1,20,9.0903e-05,0.01323,0.64084,0.032454,0,0,0.43068
1534,1,20,9.892e-05,0.013269,0.63958,0.032407,0,0,0.42902
1536,1,20,6.0357e-05,0.013321,0.63833,0.032298,0,0,0.42729
1538,1,20,-2.6262e-05,0.013382,0.6371,0.032132,0,0,0.42551
1540,1,20,-0.0001619,0.013454,0.63591,0.031919,0,0,0.42374
1542,1,20,-0.00034695,0.013532,0.63479,0.031665,0,0,0.42201
1544,1,20,-0.00058123,0.013617,0.63377,0.03138,0,0,0.42037
1546,1,20,-0.0008639,0.013706,0.63285,0.031073,0,0,0.41884
1548,1,20,-0.0011935,0.013796,0.63206,0.030753,0,0,0.41747
1550,1,20,-0.0015679,0.013887,0.63143,0.030429,0,0,0.41629
1552,1,20,-0.0019843,0.013975,0.63095,0.030107,0,0,0.41533
1554,1,20,-0.0024392,0.014059,0.63066,0.029797,0,0,0.4146
1556,1,20,-0.0029286,0.014138,0.63054,0.029504,0,0,0.41412
1558,1,20,-0.0034477,0.01421,0.63061,0.029236,0,0,0.41391
1560,1,20,-0.0039912,0.014273,0.63087,0.028995,0,0,0.41396
1562,1,20,-0.0045534,0.014327,0.6313,0.028788,0,0,0.41428
1564,1,20,-0.0051279,0.01437,0.63189,0.028615,0,0,0.41485
1566,1,20,-0.0057082,0.014402,0.63264,0.028479,0,0,0.41565
1568,1,20,-0.0062872,0.014423,0.63352,0.02838,0,0,0.41665
1570,1,20,-0.0068578,0.014432,0.63451,0.028314,0,0,0.41783
1572,1,20,-0.0074125,0.014431,0.63557,0.02828,0,0,0.41915
1574,1,20,-0.007944,0.014419,0.63669,0.028273,0,0,0.42056
1576,1,20,-0.0084449,0.014397,0.63783,0.028287,0,0,0.42203
1578,1,20,-0.0089081,0.014367,0.63895,0.028314,0,0,0.42349
1580,1,20,-0.0093267,0.01433,0.64004,0.028348,0,0,0.42491
1582,1,20,-0.009694,0.014287,0.64105,0.028382,0,0,0.42624
1584,1,20,-0.010004,0.014239,0.64195,0.028407,0,0,0.42744
1586,1,20,-0.010252,0.014188,0.64273,0.028418,0,0,0.42845
1588,1,20,-0.010431,0.014135,0.64336,0.028408,0,0,0.42924
1590,1,20,-0.01054,0.014082,0.64381,0.028372,0,0,0.42978
1592,1,20,-0.010573,0.014029,0.64407,0.028307,0,0,0.43005
1594,1,20,-0.01053,0.013978,0.64413,0.02821,0,0,0.43002
1596,1,20,-0.010408,0.013929,0.64397,0.028082,0,0,0.42968
1598,1,20,-0.010207,0.013882,0.64361,0.027922,0,0,0.42905
1600,1,20,-0.0099279,0.013839,0.64304,0.027733,0,0,0.42811
1602,1,20,-0.0095728,0.013798,0.64226,0.027517,0,0,0.42689
1604,1,20,-0.0091441,0.013759,0.6413,0.027279,0,0,0.4254
1606,1,20,-0.008646,0.013722,0.64017,0.027023,0,0,0.42369
1608,1,20,-0.0080832,0.013685,0.63889,0.026753,0,0,0.42178
1610,1,20,-0.0074618,0.013649,0.6375,0.026476,0,0,0.41972
1612,1,20,-0.0067887,0.013611,0.63601,0.026195,0,0,0.41755
1614,1,20,-0.0060715,0.013571,0.63447,0.025918,0,0,0.41532
1616,1,20,-0.0053189,0.013529,0.63291,0.025649,0,0,0.41307
1618,1,20,-0.0045401,0.013482,0.63135,0.025394,0,0,0.41085
1620,1,20,-0.0037449,0.013431,0.62984,0.025158,0,0,0.40872
1622,1,20,-0.0029435,0.013375,0.6284,0.024946,0,0,0.40671
1624,1,20,-0.0021467,0.013314,0.62706,0.024762,0,0,0.40485
1626,1,20,-0.0013653,0.013249,0.62585,0.024607,0,0,0.40319
1628,1,20,-0.0006101,0.013179,0.62478,0.024483,0,0,0.40174
1630,1,20,0.000108,0.013107,0.62389,0.024388,0,0,0.40054
1632,1,20,0.00077841,0.013033,0.62318,0.024321,0,0,0.39959
1634,1,20,0.0013909,0.01296,0.62266,0.024276,0,0,0.3989
1636,1,20,0.0019357,0.012887,0.62234,0.024247,0,0,0.39848
1638,1,20,0.0024037,0.012819,0.62222,0.024227,0,0,0.39831
1640,1,20,0.0027866,0.012756,0.6223,0.024209,0,0,0.3984
1642,1,20,0.003077,0.012701,0.62257,0.024185,0,0,0.39871
1644,1,20,0.0032685,0.012656,0.62303,0.024149,0,0,0.39924
1646,1,20,0.0033558,0.012622,0.62365,0.024095,0,0,0.39997
1648,1,20,0.0033348,0.012602,0.62442,0.024022,0,0,0.40086
1650,1,20,0.0032026,0.012595,0.62532,0.023928,0,0,0.4019
1652,1,20,0.0029577,0.012602,0.62633,0.023812,0,0,0.40307
1654,1,20,0.0026001,0.012624,0.62744,0.023679,0,0,0.40433
1656,1,20,0.0021308,0.01266,0.62862,0.023531,0,0,0.40568
1658,1,20,0.0015526,0.012708,0.62984,0.023375,0,0,0.40709
1660,1,20,0.00086937,0.012767,0.63111,0.023216,0,0,0.40854
1662,1,20,8.6528e-05,0.012835,0.63238,0.023062,0,0,0.41001
1664,1,20,-0.00078934,0.01291,0.63367,0.02292,0,0,0.41151
1666,1,20,-0.0017504,0.012989,0.63494,0.022795,0,0,0.41302
1668,1,20,-0.0027877,0.013069,0.6362,0.022693,0,0,0.41454
1670,1,20,-0.0038913,0.013148,0.63745,0.022618,0,0,0.41606
1672,1,20,-0.0050503,0.013222,0.63867,0.022573,0,0,0.41758
1674,1,20,-0.0062531,0.01329,0.63987,0.022558,0,0,0.4191
1676,1,20,-0.0074872,0.013348,0.64105,0.022574,0,0,0.42062
1678,1,20,-0.0087401,0.013396,0.64221,0.022619,0,0,0.42215
1680,1,20,-0.0099985,0.013431,0.64335,0.022692,0,0,0.42368
1682,1,20,-0.011249,0.013452,0.64447,0.022789,0,0,0.42521
1684,1,20,-0.012479,0.013458,0.64558,0.02291,0,0,0.42674
1686,1,20,-0.013675,0.013449,0.64667,0.023052,0,0,0.42827
1688,1,20,-0.014824,0.013425,0.64773,0.023215,0,0,0.42979
1690,1,20,-0.015914,0.013386,0.64877,0.023396,0,0,0.4313
1692,1,20,-0.016934,0.013333,0.64976,0.023598,0,0,0.43277
1694,1,20,-0.017873,0.013266,0.65072,0.023818,0,0,0.43421
1696,1,20,-0.018721,0.013187,0.65161,0.024056,0,0,0.43559
1698,1,20,-0.019469,0.013098,0.65243,0.024313,0,0,0.4369
1700,1,20,-0.020109,0.012998,0.65317,0.024586,0,0,0.43811
1702,1,20,-0.020637,0.012891,0.65381,0.024873,0,0,0.43922
1704,1,20,-0.021046,0.012776,0.65434,0.025171,0,0,0.4402
1706,1,20,-0.021334,0.012655,0.65474,0.025476,0,0,0.44102
1708,1,20,-0.021498,0.01253,0.65501,0.025785,0,0,0.44168
1710,1,20,-0.021539,0.0124,0.65514,0.026092,0,0,0.44214
1712,1,20,-0.021456,0.012266,0.6551,0.026394,0,0,0.44239
1714,1,20,-0.021254,0.01213,0.6549,0.026687,0,0,0.44243
1716,1,20,-0.020935,0.011989,0.65453,0.026968,0,0,0.44222
1718,1,20,-0.020505,0.011846,0.65397,0.027234,0,0,0.44177
1720,1,20,-0.019972,0.011698,0.65324,0.027485,0,0,0.44107
1722,1,20,-0.019342,0.011546,0.65232,0.027718,0,0,0.44011
1724,1,20,-0.018626,0.011389,0.65121,0.027935,0,0,0.4389
1726,1,20,-0.017833,0.011227,0.64993,0.028133,0,0,0.43744
1728,1,20,-0.016975,0.011059,0.64847,0.028313,0,0,0.43575
1730,1,20,-0.016063,0.010885,0.64686,0.028473,0,0,0.43383
1732,1,20,-0.01511,0.010707,0.64509,0.028611,0,0,0.4317
1734,1,20,-0.014128,0.010524,0.6432,0.028725,0,0,0.42939
1736,1,20,-0.01313,0.010339,0.64121,0.02881,0,0,0.42692
1738,1,20,-0.01213,0.010152,0.63913,0.028864,0,0,0.42432
1740,1,20,-0.01114,0.009966,0.63701,0.028881,0,0,0.42162
1742,1,20,-0.010173,0.0097846,0.63485,0.028858,0,0,0.41886
1744,1,20,-0.0092417,0.009611,0.63271,0.028793,0,0,0.41607
1746,1,20,-0.0083576,0.0094492,0.6306,0.028682,0,0,0.41329
1748,1,20,-0.0075317,0.0093033,0.62856,0.028525,0,0,0.41054
1750,1,20,-0.0067741,0.0091779,0.62661,0.028324,0,0,0.40788
1752,1,20,-0.0060938,0.0090772,0.62478,0.02808,0,0,0.40534
1754,1,20,-0.0054991,0.0090051,0.6231,0.027799,0,0,0.40294
1756,1,20,-0.0049966,0.0089647,0.62158,0.027488,0,0,0.40072
1758,1,20,-0.0045919,0.0089583,0.62025,0.027152,0,0,0.39872
1760,1,20,-0.0042894,0.008987,0.61911,0.026802,0,0,0.39695
1762,1,20,-0.0040917,0.0090504,0.61818,0.026446,0,0,0.39544
1764,1,20,-0.0040005,0.009147,0.61748,0.026091,0,0,0.39421
1766,1,20,-0.0040156,0.0092741,0.61699,0.025744,0,0,0.39327
1768,1,20,-0.0041359,0.0094279,0.61674,0.02541,0,0,0.39264
1770,1,20,-0.0043587,0.0096039,0.61673,0.025091,0,0,0.39232
1772,1,20,-0.0046799,0.0097969,0.61695,0.024787,0,0,0.3923
1774,1,20,-0.0050943,0.010002,0.61741,0.024496,0,0,0.39259
1776,1,20,-0.0055957,0.010213,0.6181,0.024212,0,0,0.39319
1778,1,20,-0.0061767,0.010426,0.61902,0.023931,0,0,0.39406
1780,1,20,-0.0068289,0.010636,0.62015,0.023646,0,0,0.3952
1782,1,20,-0.0075432,0.010839,0.62148,0.023352,0,0,0.39659
1784,1,20,-0.0083098,0.011032,0.62299,0.023045,0,0,0.3982
1786,1,20,-0.0091186,0.011211,0.62466,0.022722,0,0,0.40001
1788,1,20,-0.0099586,0.011375,0.62646,0.022383,0,0,0.40197
1790,1,20,-0.010819,0.011522,0.62836,0.022027,0,0,0.40405
1792,1,20,-0.011689,0.011652,0.63032,0.021659,0,0,0.40622
1794,1,20,-0.012557,0.011765,0.63232,0.021283,0,0,0.40844
1796,1,20,-0.013414,0.011862,0.63431,0.020904,0,0,0.41066
1798,1,20,-0.014247,0.011944,0.63626,0.020527,0,0,0.41284
1800,1,20,-0.015048,0.012014,0.63813,0.02016,0,0,0.41494
1802,1,20,-0.015808,0.012074,0.63989,0.01981,0,0,0.41691
1804,1,20,-0.016517,0.012127,0.64149,0.019481,0,0,0.41872
1806,1,20,-0.017168,0.012176,0.64292,0.019182,0,0,0.42033
1808,1,20,-0.017755,0.012225,0.64413,0.018918,0,0,0.4217
1810,1,20,-0.018271,0.012277,0.6451,0.018698,0,0,0.4228
1812,1,20,-0.018713,0.012334,0.64582,0.018526,0,0,0.4236
1814,1,20,-0.019075,0.012402,0.64626,0.01841,0,0,0.42409
1816,1,20,-0.019357,0.01248,0.6464,0.018355,0,0,0.42423
1818,1,20,-0.019556,0.012573,0.64624,0.018365,0,0,0.42404
1820,1,20,-0.019673,0.01268,0.64579,0.018442,0,0,0.4235
1822,1,20,-0.019708,0.012803,0.64503,0.018586,0,0,0.42263
1824,1,20,-0.019664,0.012941,0.644,0.018794,0,0,0.42144
1826,1,20,-0.019543,0.013094,0.64269,0.019061,0,0,0.41995
1828,1,20,-0.019351,0.013261,0.64115,0.019379,0,0,0.4182
1830,1,20,-0.019091,0.013439,0.63939,0.019739,0,0,0.41623
1832,1,20,-0.01877,0.013627,0.63747,0.02013,0,0,0.41407
1834,1,20,-0.018395,0.013821,0.63542,0.02054,0,0,0.41178
1836,1,20,-0.017971,0.014019,0.63329,0.020957,0,0,0.40941
1838,1,20,-0.017509,0.014219,0.63114,0.021371,0,0,0.40701
1840,1,20,-0.017014,0.014416,0.62901,0.021771,0,0,0.40465
1842,1,20,-0.016497,0.014609,0.62695,0.022148,0,0,0.40238
1844,1,20,-0.015965,0.014795,0.62501,0.022493,0,0,0.40025
1846,1,20,-0.015427,0.014973,0.62323,0.0228,0,0,0.3983
1848,1,20,-0.014891,0.015139,0.62166,0.023065,0,0,0.39657
1850,1,20,-0.014367,0.015292,0.62032,0.023285,0,0,0.3951
1852,1,20,-0.013862,0.015432,0.61923,0.023456,0,0,0.3939
1854,1,20,-0.013385,0.015557,0.6184,0.023579,0,0,0.39299
1856,1,20,-0.012941,0.015667,0.61784,0.023654,0,0,0.39236
1858,1,20,-0.012539,0.015761,0.61753,0.023683,0,0,0.392
1860,1,20,-0.012184,0.015839,0.61746,0.023668,0,0,0.39189
1862,1,20,-0.011882,0.015902,0.61758,0.023612,0,0,0.392
1864,1,20,-0.011637,0.015951,0.61788,0.023518,0,0,0.39228
1866,1,20,-0.011454,0.015985,0.61829,0.023391,0,0,0.39268
1868,1,20,-0.011336,0.016006,0.61878,0.023235,0,0,0.39314
1870,1,20,-0.011284,0.016015,0.61928,0.023055,0,0,0.3936
1872,1,20,-0.011301,0.016012,0.61974,0.022855,0,0,0.39401
1874,1,20,-0.011388,0.015999,0.62012,0.022643,0,0,0.39429
1876,1,20,-0.011544,0.015976,0.62035,0.022422,0,0,0.39439
1878,1,20,-0.011768,0.015946,0.62039,0.022201,0,0,0.39425
1880,1,20,-0.012058,0.015907,0.62021,0.021983,0,0,0.39384
1882,1,20,-0.012414,0.015863,0.61977,0.021777,0,0,0.39312
1884,1,20,-0.012831,0.015813,0.61904,0.021589,0,0,0.39207
1886,1,20,-0.013307,0.015758,0.61802,0.021423,0,0,0.39067
1888,1,20,-0.013836,0.015699,0.61671,0.021285,0,0,0.38894
1890,1,20,-0.014416,0.015636,0.61511,0.021181,0,0,0.38689
1892,1,20,-0.015041,0.015571,0.61325,0.021113,0,0,0.38454
1894,1,20,-0.015706,0.015503,0.61115,0.021087,0,0,0.38196
1896,1,20,-0.016405,0.015433,0.60887,0.021103,0,0,0.37918
1898,1,20,-0.017134,0.015362,0.60645,0.021163,0,0,0.37629
1900,1,20,-0.017887,0.01529,0.60394,0.021268,0,0,0.37334
1902,1,20,-0.018658,0.015217,0.60142,0.021417,0,0,0.37042
1904,1,20,-0.019442,0.015144,0.59894,0.021609,0,0,0.3676
1906,1,20,-0.020233,0.015071,0.59658,0.02184,0,0,0.36497
1908,1,20,-0.021027,0.014998,0.59441,0.022109,0,0,0.36261
1910,1,20,-0.021818,0.014927,0.59248,0.022412,0,0,0.36058
1912,1,20,-0.022602,0.014857,0.59087,0.022743,0,0,0.35896
1914,1,20,-0.023374,0.014789,0.58963,0.0231,0,0,0.3578
1916,1,20,-0.024131,0.014723,0.58879,0.023477,0,0,0.35714
1918,1,20,-0.024868,0.014659,0.58839,0.023869,0,0,0.35702
1920,1,20,-0.025583,0.014599,0.58845,0.024272,0,0,0.35747
1922,1,20,-0.026273,0.014541,0.58899,0.024681,0,0,0.35848
1924,1,20,-0.026935,0.014487,0.59,0.025091,0,0,0.36006
1926,1,20,-0.027567,0.014437,0.59147,0.025498,0,0,0.36219
1928,1,20,-0.028168,0.014391,0.59337,0.025899,0,0,0.36484
1930,1,20,-0.028736,0.014348,0.59568,0.02629,0,0,0.36796
1932,1,20,-0.029271,0.01431,0.59834,0.026669,0,0,0.37152
1934,1,20,-0.029773,0.014275,0.60131,0.027033,0,0,0.37545
1936,1,20,-0.03024,0.014244,0.60453,0.027381,0,0,0.37971
1938,1,20,-0.030674,0.014217,0.60797,0.02771,0,0,0.38421
1940,1,20,-0.031074,0.014194,0.61154,0.028021,0,0,0.3889
1942,1,20,-0.031442,0.014173,0.61522,0.028311,0,0,0.39372
1944,1,20,-0.031778,0.014156,0.61893,0.028582,0,0,0.3986
1946,1,20,-0.032084,0.014141,0.62263,0.028833,0,0,0.40347
1948,1,20,-0.032361,0.014129,0.62629,0.029064,0,0,0.40828
1950,1,20,-0.032611,0.014119,0.62985,0.029275,0,0,0.41299
1952,1,20,-0.032834,0.014111,0.63328,0.029468,0,0,0.41755
1954,1,20,-0.033034,0.014105,0.63657,0.029644,0,0,0.42191
1956,1,20,-0.03321,0.0141,0.63967,0.029802,0,0,0.42605
1958,1,20,-0.033366,0.014096,0.64258,0.029944,0,0,0.42995
1960,1,20,-0.033502,0.014093,0.64529,0.030072,0,0,0.43358
1962,1,20,-0.033621,0.01409,0.64779,0.030185,0,0,0.43694
1964,1,20,-0.033724,0.014088,0.65007,0.030285,0,0,0.44002
1966,1,20,-0.033813,0.014087,0.65214,0.030374,0,0,0.44282
1968,1,20,-0.033888,0.014086,0.65401,0.030452,0,0,0.44534
1970,1,20,-0.033952,0.014085,0.65567,0.03052,0,0,0.4476
1972,1,20,-0.034007,0.014085,0.65714,0.030579,0,0,0.4496
1974,1,20,-0.034052,0.014084,0.65844,0.03063,0,0,0.45137
1976,1,20,-0.03409,0.014084,0.65957,0.030674,0,0,0.45291
1978,1,20,-0.034121,0.014083,0.66055,0.030711,0,0,0.45425
1980,1,20,-0.034146,0.014083,0.66139,0.030743,0,0,0.4554
1982,1,20,-0.034166,0.014082,0.66211,0.03077,0,0,0.45638
1984,1,20,-0.034183,0.014082,0.66272,0.030792,0,0,0.45721
1986,1,20,-0.034196,0.014082,0.66323,0.030811,0,0,0.45791
1988,1,20,-0.034206,0.014081,0.66365,0.030827,0,0,0.45849
1990,1,20,-0.034214,0.014081,0.664,0.03084,0,0,0.45897
1992,1,20,-0.03422,0.014081,0.66429,0.030851,0,0,0.45936
1994,1,20,-0.034225,0.01408,0.66452,0.030859,0,0,0.45968
1996,1,20,-0.034228,0.01408,0.66471,0.030866,0,0,0.45994
1998,1,20,-0.034231,0.01408,0.66486,0.030872,0,0,0.46014
-500,2,20,0.0063922,0.021135,1.1447,0.035253,-0.03091,0.029051,1.334
-498,2,20,0.0046094,0.02028,1.0654,0.032603,-0.028831,0.026826,1.1553
-496,2,20,0.0028684,0.019513,0.98886,0.030002,-0.026725,0.024559,0.99495
-494,2,20,0.0011842,0.018843,0.91589,0.027486,-0.024588,0.022253,0.8532
-492,2,20,-0.00042841,0.018276,0.84738,0.025106,-0.022423,0.019919,0.73004
-490,2,20,-0.0019561,0.017815,0.78424,0.022934,-0.020237,0.017585,0.62503
-488,2,20,-0.0033863,0.017456,0.72731,0.021068,-0.018051,0.015305,0.53742
-486,2,20,-0.004708,0.017192,0.67736,0.019623,-0.015901,0.013183,0.46613
-484,2,20,-0.0059114,0.017014,0.63499,0.018701,-0.013833,0.011387,0.40986
-482,2,20,-0.0069884,0.016907,0.60059,0.018345,-0.011895,0.010139,0.36711
-480,2,20,-0.0079322,0.016855,0.57422,0.018493,-0.010115,0.0096179,0.33622
-478,2,20,-0.0087382,0.016844,0.55555,0.018994,-0.0085015,0.0098078,0.31548
-476,2,20,-0.0094032,0.016857,0.54388,0.019661,-0.0070369,0.010474,0.30315
-474,2,20,-0.0099258,0.01688,0.53819,0.020338,-0.0057005,0.01133,0.29751
-472,2,20,-0.010307,0.016901,0.53722,0.020922,-0.0044809,0.012163,0.29692
-470,2,20,-0.010548,0.016909,0.53963,0.02137,-0.0033829,0.01286,0.29988
-468,2,20,-0.010654,0.016896,0.54414,0.021672,-0.0024223,0.013379,0.30501
-466,2,20,-0.010629,0.016855,0.54963,0.02184,-0.0016175,0.013715,0.31116
-464,2,20,-0.010482,0.016783,0.55519,0.021893,-0.00098336,0.013881,0.31734
-462,2,20,-0.010221,0.016678,0.5601,0.021847,-0.0005288,0.013896,0.32278
-460,2,20,-0.0098548,0.01654,0.56388,0.021716,-0.00025705,0.013783,0.32692
-458,2,20,-0.0093959,0.016372,0.56622,0.021511,-0.00016704,0.013558,0.3294
-456,2,20,-0.0088558,0.016176,0.56698,0.021243,-0.00025466,0.013242,0.33005
-454,2,20,-0.0082473,0.015958,0.56615,0.020918,-0.00051339,0.012848,0.32884
-452,2,20,-0.007584,0.015723,0.56383,0.020548,-0.00093438,0.012395,0.32592
-450,2,20,-0.0068796,0.015477,0.56019,0.020141,-0.0015062,0.0119,0.32152
-448,2,20,-0.0061483,0.015227,0.5555,0.019708,-0.002214,0.011382,0.31596
-446,2,20,-0.0054041,0.014981,0.55006,0.019261,-0.0030394,0.01086,0.30962
-444,2,20,-0.0046608,0.014745,0.5442,0.018814,-0.0039594,0.010357,0.30287
-442,2,20,-0.003932,0.014525,0.53825,0.018379,-0.004947,0.0098948,0.29613
-440,2,20,-0.0032304,0.014327,0.53254,0.017969,-0.0059709,0.0094938,0.28973
-438,2,20,-0.002568,0.014156,0.52738,0.017597,-0.0069971,0.0091703,0.28401
-436,2,20,-0.0019561,0.014015,0.52301,0.01727,-0.0079903,0.0089335,0.27921
-434,2,20,-0.0014047,0.013905,0.51964,0.016997,-0.0089163,0.0087842,0.27551
-432,2,20,-0.00092234,0.013827,0.51737,0.01678,-0.0097441,0.0087143,0.27302
-430,2,20,-0.00051661,0.013779,0.51626,0.01662,-0.010449,0.0087092,0.27177
-428,2,20,-0.00019339,0.013761,0.51626,0.016514,-0.011014,0.0087512,0.27171
-426,2,20,4.2902e-05,0.013768,0.51728,0.016456,-0.011433,0.0088225,0.27272
-424,2,20,0.00018943,0.013798,0.51916,0.016439,-0.011707,0.0089076,0.27466
-422,2,20,0.00024495,0.013846,0.52169,0.016455,-0.01185,0.0089942,0.2773
-420,2,20,0.00020986,0.013909,0.52465,0.016494,-0.011881,0.0090734,0.28042
-418,2,20,8.6098e-05,0.013983,0.5278,0.016548,-0.011826,0.0091381,0.28377
-416,2,20,-0.00012284,0.014065,0.53091,0.016609,-0.011715,0.0091834,0.28711
-414,2,20,-0.000412,0.014151,0.53378,0.016669,-0.01158,0.009205,0.2902
-412,2,20,-0.00077507,0.014241,0.53621,0.016721,-0.011451,0.0091991,0.29283
-410,2,20,-0.0012045,0.014333,0.53806,0.01676,-0.011359,0.0091626,0.29484
-408,2,20,-0.0016914,0.014427,0.53921,0.016782,-0.011327,0.0090929,0.2961
-406,2,20,-0.0022264,0.014521,0.53959,0.016785,-0.011379,0.0089882,0.29651
-404,2,20,-0.0027987,0.014616,0.53916,0.016768,-0.011528,0.0088479,0.29604
-402,2,20,-0.0033973,0.014714,0.53794,0.016732,-0.011783,0.0086732,0.2947
-400,2,20,-0.0040106,0.014814,0.53595,0.016681,-0.012147,0.0084677,0.29253
-398,2,20,-0.0046267,0.014918,0.53327,0.016619,-0.012612,0.0082377,0.28963
-396,2,20,-0.0052337,0.015026,0.53,0.016551,-0.013165,0.0079927,0.2861
-394,2,20,-0.0058198,0.015138,0.52624,0.016485,-0.013785,0.0077461,0.28209
-392,2,20,-0.0063734,0.015254,0.52214,0.016429,-0.014442,0.0075147,0.27776
-390,2,20,-0.0068835,0.015374,0.51783,0.016389,-0.015103,0.0073184,0.27325
-388,2,20,-0.0073397,0.015497,0.51345,0.016373,-0.015728,0.0071782,0.26872
-386,2,20,-0.0077327,0.015622,0.50913,0.016389,-0.016275,0.0071136,0.26432
-384,2,20,-0.0080538,0.015747,0.50501,0.01644,-0.016701,0.0071383,0.26017
-382,2,20,-0.0082957,0.01587,0.5012,0.016529,-0.016966,0.0072574,0.25639
-380,2,20,-0.0084522,0.015988,0.49778,0.016656,-0.017033,0.0074656,0.25305
-378,2,20,-0.0085186,0.016099,0.49481,0.016818,-0.016869,0.007748,0.25021
-376,2,20,-0.0084915,0.016201,0.49235,0.017012,-0.016453,0.0080833,0.2479
-374,2,20,-0.008369,0.016291,0.49039,0.017228,-0.01577,0.0084473,0.24613
-372,2,20,-0.0081508,0.016367,0.48894,0.01746,-0.014816,0.0088159,0.24486
-370,2,20,-0.007838,0.016426,0.48797,0.017699,-0.013595,0.0091677,0.24406
-368,2,20,-0.0074334,0.016468,0.48741,0.017935,-0.012125,0.0094851,0.24368
-366,2,20,-0.0069411,0.01649,0.48721,0.018159,-0.010427,0.0097548,0.24364
-364,2,20,-0.0063667,0.016493,0.4873,0.018363,-0.0085354,0.0099688,0.24387
-362,2,20,-0.0057171,0.016475,0.48761,0.018541,-0.0064871,0.010123,0.24429
-360,2,20,-0.0050006,0.016437,0.48805,0.018686,-0.0043257,0.010219,0.24483
-358,2,20,-0.0042264,0.01638,0.48857,0.018792,-0.0020975,0.01026,0.24541
-356,2,20,-0.0034048,0.016305,0.4891,0.018857,0.0001492,0.010255,0.24598
-354,2,20,-0.0025469,0.016214,0.48959,0.018877,0.0023662,0.010212,0.24647
-352,2,20,-0.0016645,0.016108,0.49001,0.018849,0.0045068,0.010144,0.24686
-350,2,20,-0.00076989,0.01599,0.49033,0.018772,0.0065269,0.010062,0.24712
-348,2,20,0.00012438,0.015863,0.49054,0.018647,0.0083869,0.0099738,0.24723
-346,2,20,0.0010056,0.015729,0.49063,0.018471,0.010052,0.0098886,0.2472
-344,2,20,0.0018612,0.01559,0.49061,0.018248,0.011495,0.0098097,0.24702
-342,2,20,0.0026786,0.015449,0.4905,0.017977,0.012694,0.009737,0.24673
-340,2,20,0.0034461,0.015309,0.49031,0.017663,0.013634,0.0096664,0.24633
-338,2,20,0.0041523,0.015171,0.49007,0.017308,0.014311,0.0095903,0.24586
-336,2,20,0.0047866,0.015037,0.4898,0.016919,0.014724,0.0094986,0.24535
-334,2,20,0.0053395,0.014909,0.48952,0.016502,0.014882,0.0093806,0.24481
-332,2,20,0.0058025,0.014787,0.48925,0.016066,0.014799,0.009226,0.24427
-330,2,20,0.0061684,0.014671,0.48899,0.015621,0.014496,0.0090268,0.24375
-328,2,20,0.0064311,0.014562,0.48876,0.01518,0.013996,0.0087783,0.24327
-326,2,20,0.0065863,0.014459,0.48855,0.014755,0.013327,0.0084804,0.24282
-324,2,20,0.0066308,0.014361,0.48835,0.01436,0.012519,0.0081382,0.24241
-322,2,20,0.0065632,0.014267,0.48816,0.01401,0.011599,0.0077624,0.24203
-320,2,20,0.0063837,0.014176,0.48796,0.013718,0.010597,0.0073698,0.24168
-318,2,20,0.0060939,0.014086,0.48772,0.013493,0.0095386,0.0069829,0.24133
-316,2,20,0.0056971,0.013996,0.48743,0.013343,0.0084463,0.0066295,0.24097
-314,2,20,0.005198,0.013904,0.48708,0.013271,0.0073387,0.0063403,0.24059
-312,2,20,0.0046029,0.013809,0.48664,0.013276,0.0062301,0.0061453,0.24017
-310,2,20,0.0039194,0.013712,0.4861,0.013351,0.0051304,0.0060674,0.23968
-308,2,20,0.0031563,0.01361,0.48545,0.013487,0.0040451,0.0061172,0.23912
-306,2,20,0.0023236,0.013505,0.48468,0.013672,0.002976,0.0062893,0.23847
-304,2,20,0.0014326,0.013396,0.48381,0.013892,0.0019218,0.0065645,0.23774
-302,2,20,0.00049494,0.013284,0.48282,0.014136,0.00087885,0.0069152,0.23692
-300,2,20,-0.00047663,0.01317,0.48175,0.014389,-0.00015787,0.007311,0.23601
-298,2,20,-0.001469,0.013056,0.4806,0.014642,-0.0011936,0.0077235,0.23505
-296,2,20,-0.0024686,0.012943,0.47939,0.014884,-0.002233,0.0081281,0.23402
-294,2,20,-0.0034617,0.012834,0.47815,0.015108,-0.0032789,0.0085044,0.23297
-292,2,20,-0.0044349,0.012731,0.47692,0.015308,-0.0043315,0.0088367,0.23191
-290,2,20,-0.0053744,0.012637,0.47572,0.015478,-0.005388,0.0091138,0.23086
-288,2,20,-0.0062674,0.012554,0.47458,0.015616,-0.0064421,0.0093284,0.22986
-286,2,20,-0.0071012,0.012484,0.47353,0.01572,-0.0074838,0.0094772,0.22893
-284,2,20,-0.007864,0.012432,0.4726,0.015788,-0.0085,0.0095608,0.22809
-282,2,20,-0.008545,0.012398,0.47181,0.015822,-0.0094751,0.0095835,0.22736
-280,2,20,-0.0091343,0.012385,0.47119,0.015822,-0.010392,0.0095531,0.22677
-278,2,20,-0.0096232,0.012395,0.47074,0.015793,-0.011233,0.00948,0.22633
-276,2,20,-0.010004,0.012428,0.47046,0.015739,-0.01198,0.0093774,0.22604
-274,2,20,-0.010271,0.012487,0.47037,0.015666,-0.012618,0.0092594,0.22591
-272,2,20,-0.010419,0.01257,0.47045,0.015582,-0.013134,0.0091403,0.22593
-270,2,20,-0.010446,0.012678,0.47069,0.015493,-0.013518,0.0090331,0.22611
-268,2,20,-0.010349,0.01281,0.47107,0.015409,-0.013763,0.0089488,0.22642
-266,2,20,-0.010129,0.012963,0.47156,0.015336,-0.013866,0.0088943,0.22684
-264,2,20,-0.0097868,0.013138,0.47215,0.015281,-0.01383,0.0088732,0.22737
-262,2,20,-0.0093258,0.01333,0.47281,0.015249,-0.013658,0.0088847,0.22797
-260,2,20,-0.0087504,0.013538,0.4735,0.015243,-0.013359,0.0089249,0.22862
-258,2,20,-0.0080665,0.013759,0.4742,0.015264,-0.012946,0.0089871,0.22929
-256,2,20,-0.0072814,0.013989,0.47488,0.015312,-0.012433,0.0090632,0.22996
-254,2,20,-0.0064035,0.014226,0.47551,0.015383,-0.011835,0.0091448,0.23061
-252,2,20,-0.0054422,0.014466,0.47608,0.015473,-0.011173,0.0092235,0.23121
-250,2,20,-0.0044082,0.014705,0.47657,0.015575,-0.010464,0.009292,0.23173
-248,2,20,-0.0033128,0.014942,0.47697,0.015682,-0.0097292,0.0093442,0.23217
-246,2,20,-0.0021679,0.015172,0.47726,0.015786,-0.0089872,0.0093756,0.23251
-244,2,20,-0.00098609,0.015392,0.47744,0.015881,-0.0082574,0.0093832,0.23274
-242,2,20,0.00021975,0.0156,0.4775,0.015959,-0.0075578,0.0093655,0.23285
-240,2,20,0.0014366,0.015792,0.47746,0.016015,-0.0069049,0.0093226,0.23284
-238,2,20,0.0026514,0.015966,0.47732,0.016043,-0.0063133,0.0092559,0.23272
-236,2,20,0.0038513,0.016121,0.47708,0.01604,-0.0057955,0.0091682,0.23249
-234,2,20,0.0050238,0.016253,0.47676,0.016004,-0.0053612,0.0090634,0.23216
-232,2,20,0.0061568,0.01636,0.47637,0.015935,-0.0050173,0.0089466,0.23175
-230,2,20,0.0072388,0.016443,0.47592,0.015834,-0.0047672,0.0088236,0.23126
-228,2,20,0.0082593,0.016499,0.47543,0.015702,-0.0046113,0.0087009,0.23072
-226,2,20,0.0092085,0.016527,0.47492,0.015544,-0.0045462,0.0085852,0.23014
-224,2,20,0.010078,0.016528,0.47441,0.015365,-0.0045654,0.0084833,0.22955
-222,2,20,0.01086,0.016501,0.47389,0.015169,-0.0046591,0.0084015,0.22895
-220,2,20,0.011547,0.016447,0.4734,0.014965,-0.0048147,0.0083448,0.22837
-218,2,20,0.012136,0.016366,0.47295,0.014761,-0.0050175,0.0083172,0.22782
-216,2,20,0.012622,0.01626,0.47253,0.014564,-0.005251,0.0083206,0.22732
-214,2,20,0.013003,0.01613,0.47217,0.014384,-0.0054979,0.0083545,0.22688
-212,2,20,0.013278,0.015979,0.47187,0.014229,-0.0057403,0.0084162,0.22651
-210,2,20,0.013447,0.015807,0.47164,0.014107,-0.0059605,0.0085008,0.22623
-208,2,20,0.013512,0.015619,0.47148,0.014023,-0.0061416,0.0086012,0.22603
-206,2,20,0.013477,0.015416,0.47139,0.013978,-0.0062677,0.0087087,0.22592
-204,2,20,0.013344,0.015202,0.47137,0.013974,-0.0063245,0.008814,0.2259
-202,2,20,0.01312,0.014981,0.47143,0.014005,-0.0062997,0.0089075,0.22598
-200,2,20,0.012811,0.014755,0.47157,0.014065,-0.0061832,0.0089805,0.22614
-198,2,20,0.012424,0.014528,0.47179,0.014143,-0.0059676,0.0090258,0.22639
-196,2,20,0.011969,0.014303,0.47209,0.01423,-0.0056483,0.0090384,0.22672
-194,2,20,0.011454,0.014084,0.47247,0.014313,-0.0052241,0.0090161,0.22712
-192,2,20,0.010888,0.013874,0.47292,0.014381,-0.0046969,0.0089597,0.22758
-190,2,20,0.010283,0.013675,0.47345,0.014423,-0.0040719,0.0088727,0.22811
-188,2,20,0.0096476,0.013491,0.47406,0.01443,-0.0033578,0.0087611,0.22869
-186,2,20,0.0089939,0.013324,0.47475,0.014395,-0.0025664,0.0086327,0.22932
-184,2,20,0.0083321,0.013174,0.4755,0.014313,-0.0017122,0.0084964,0.22999
-182,2,20,0.007673,0.013045,0.47632,0.014179,-0.00081277,0.0083602,0.2307
-180,2,20,0.0070267,0.012935,0.47721,0.013993,0.00011255,0.008231,0.23145
-178,2,20,0.0064035,0.012847,0.47816,0.013756,0.0010425,0.0081135,0.23224
-176,2,20,0.0058126,0.012779,0.47917,0.013471,0.0019549,0.0080095,0.23305
-174,2,20,0.0052629,0.012732,0.48024,0.013146,0.0028271,0.0079183,0.23391
-172,2,20,0.0047625,0.012705,0.48135,0.012789,0.0036368,0.0078374,0.23481
-170,2,20,0.0043185,0.012697,0.48251,0.012413,0.004363,0.0077636,0.23574
-168,2,20,0.0039372,0.012707,0.48371,0.012031,0.0049871,0.0076941,0.23673
-166,2,20,0.0036239,0.012735,0.48496,0.01166,0.0054934,0.0076276,0.23777
-164,2,20,0.0033826,0.012779,0.48623,0.011318,0.0058703,0.0075647,0.23886
-162,2,20,0.0032164,0.012838,0.48755,0.011021,0.0061108,0.0075086,0.24001
-160,2,20,0.003127,0.012912,0.48889,0.010785,0.0062128,0.0074643,0.24122
-158,2,20,0.0031153,0.012999,0.49027,0.01062,0.0061799,0.0074381,0.24251
-156,2,20,0.0031806,0.013099,0.49168,0.010534,0.0060202,0.0074366,0.24386
-154,2,20,0.0033213,0.013211,0.49312,0.010527,0.0057469,0.0074651,0.24527
-152,2,20,0.0035346,0.013334,0.49459,0.010594,0.0053766,0.0075271,0.24675
-150,2,20,0.0038167,0.013468,0.4961,0.010724,0.0049284,0.007623,0.2483
-148,2,20,0.0041627,0.013613,0.49763,0.010906,0.0044229,0.0077504,0.2499
-146,2,20,0.0045667,0.013766,0.49919,0.011127,0.0038806,0.0079043,0.25155
-144,2,20,0.0050222,0.013928,0.50077,0.011374,0.0033208,0.0080774,0.25323
-142,2,20,0.0055216,0.014097,0.50237,0.011638,0.0027603,0.0082616,0.25495
-140,2,20,0.0060568,0.014271,0.50396,0.011911,0.0022134,0.0084485,0.25668
-138,2,20,0.0066193,0.01445,0.50555,0.012188,0.0016908,0.0086303,0.25841
-136,2,20,0.0072001,0.014632,0.50712,0.012466,0.0012003,0.0088003,0.26012
-134,2,20,0.0077897,0.014814,0.50865,0.012743,0.00074667,0.008954,0.26181
-132,2,20,0.0083788,0.014995,0.51014,0.013018,0.00033208,0.0090887,0.26346
-130,2,20,0.0089578,0.015172,0.51155,0.013292,-4.3117e-05,0.0092041,0.26505
-128,2,20,0.0095174,0.015344,0.5129,0.013566,-0.00038002,0.0093021,0.26656
-126,2,20,0.010048,0.015509,0.51415,0.013839,-0.00068067,0.0093871,0.26799
-124,2,20,0.010542,0.015665,0.5153,0.014111,-0.00094767,0.0094649,0.26932
-122,2,20,0.010989,0.015809,0.51635,0.014382,-0.0011839,0.0095423,0.27055
-120,2,20,0.011383,0.015941,0.51729,0.014648,-0.0013923,0.0096265,0.27166
-118,2,20,0.011717,0.016059,0.51811,0.014907,-0.0015758,0.0097241,0.27266
-116,2,20,0.011984,0.016162,0.51882,0.015155,-0.0017371,0.0098399,0.27354
-114,2,20,0.012178,0.016249,0.51943,0.015388,-0.0018785,0.0099767,0.2743
-112,2,20,0.012296,0.016321,0.51993,0.0156,-0.002002,0.010134,0.27495
-110,2,20,0.012334,0.016378,0.52034,0.015788,-0.0021088,0.01031,0.27549
-108,2,20,0.012289,0.01642,0.52068,0.015946,-0.0021995,0.010499,0.27594
-106,2,20,0.012161,0.016449,0.52095,0.016071,-0.0022734,0.010692,0.27629
-104,2,20,0.011949,0.016467,0.52117,0.016161,-0.0023287,0.01088,0.27658
-102,2,20,0.011654,0.016476,0.52135,0.016215,-0.0023622,0.011052,0.2768
-100,2,20,0.011279,0.016478,0.52151,0.016233,-0.0023696,0.011197,0.27698
-98,2,20,0.010826,0.016477,0.52167,0.016219,-0.0023455,0.011303,0.27714
-96,2,20,0.0103,0.016476,0.52184,0.016176,-0.0022837,0.011362,0.27729
-94,2,20,0.0097065,0.016477,0.52203,0.016112,-0.002178,0.011363,0.27745
-92,2,20,0.0090508,0.016485,0.52226,0.016034,-0.0020224,0.0113,0.27764
-90,2,20,0.0083405,0.016501,0.52252,0.015953,-0.0018119,0.01117,0.27786
-88,2,20,0.0075832,0.01653,0.52284,0.015877,-0.0015429,0.01097,0.27815
-86,2,20,0.0067874,0.016572,0.52321,0.015819,-0.0012144,0.010703,0.2785
-84,2,20,0.0059622,0.01663,0.52364,0.015788,-0.00082766,0.010374,0.27894
-82,2,20,0.005117,0.016705,0.52413,0.015793,-0.00038734,0.0099929,0.27945
-80,2,20,0.0042616,0.016797,0.52468,0.015844,9.8551e-05,0.0095721,0.28006
-78,2,20,0.003406,0.016906,0.52529,0.015943,0.00061839,0.009127,0.28076
-76,2,20,0.0025601,0.01703,0.52596,0.016093,0.001157,0.0086755,0.28155
-74,2,20,0.001734,0.017167,0.52668,0.016294,0.0016959,0.0082366,0.28243
-72,2,20,0.00093736,0.017315,0.52744,0.016539,0.0022138,0.0078298,0.28339
-70,2,20,0.00017961,0.017471,0.52825,0.016822,0.0026872,0.0074734,0.28442
-68,2,20,-0.00053029,0.017632,0.52909,0.017132,0.0030917,0.0071835,0.28551
-66,2,20,-0.001184,0.017794,0.52996,0.017459,0.0034022,0.0069722,0.28665
-64,2,20,-0.0017739,0.017953,0.53085,0.017789,0.0035947,0.0068467,0.28781
-62,2,20,-0.002293,0.018106,0.53176,0.01811,0.0036463,0.0068094,0.289
-60,2,20,-0.0027356,0.018249,0.53269,0.018413,0.0035369,0.0068578,0.2902
-58,2,20,-0.0030966,0.018381,0.53361,0.018687,0.003249,0.0069859,0.29138
-56,2,20,-0.0033721,0.018498,0.53454,0.018926,0.0027686,0.0071852,0.29254
-54,2,20,-0.0035595,0.018599,0.53546,0.019128,0.0020859,0.0074454,0.29367
-52,2,20,-0.0036571,0.018683,0.53637,0.019292,0.0011953,0.0077549,0.29477
-50,2,20,-0.0036647,0.018748,0.53726,0.019422,9.669e-05,0.0081009,0.29581
-48,2,20,-0.0035831,0.018795,0.53812,0.019522,-0.001204,0.008469,0.29681
-46,2,20,-0.0034144,0.018825,0.53896,0.019596,-0.0026943,0.0088436,0.29777
-44,2,20,-0.003162,0.018839,0.53977,0.019652,-0.0043543,0.009208,0.29869
-42,2,20,-0.0028304,0.018838,0.54056,0.019691,-0.0061571,0.0095449,0.29958
-40,2,20,-0.0024252,0.018824,0.54135,0.019715,-0.0080688,0.0098375,0.30045
-38,2,20,-0.0019533,0.018801,0.54215,0.019725,-0.01005,0.01007,0.30131
-36,2,20,-0.0014223,0.01877,0.54296,0.019718,-0.012056,0.010229,0.3022
-34,2,20,-0.00084084,0.018734,0.54383,0.019692,-0.01404,0.010304,0.30311
-32,2,20,-0.00021846,0.018696,0.54476,0.019643,-0.015954,0.010288,0.30409
-30,2,20,0.00043474,0.018658,0.54577,0.01957,-0.017751,0.010181,0.30514
-28,2,20,0.0011081,0.018621,0.5469,0.019471,-0.019388,0.0099856,0.3063
-26,2,20,0.0017904,0.018588,0.54815,0.019351,-0.020824,0.0097131,0.30758
-24,2,20,0.0024703,0.018558,0.54953,0.019212,-0.022028,0.0093799,0.309
-22,2,20,0.0031363,0.018531,0.55106,0.019065,-0.022972,0.0090081,0.31058
-20,2,20,0.0037769,0.018507,0.55274,0.018919,-0.023639,0.0086252,0.31233
-18,2,20,0.0043808,0.018485,0.55457,0.018787,-0.024016,0.0082614,0.31426
-16,2,20,0.004937,0.018461,0.55655,0.018681,-0.024102,0.0079477,0.31638
-14,2,20,0.0054351,0.018435,0.55866,0.018616,-0.023901,0.0077112,0.31868
-12,2,20,0.0058652,0.018404,0.56088,0.018605,-0.023423,0.0075718,0.32117
-10,2,20,0.0062184,0.018363,0.56321,0.018655,-0.022687,0.0075383,0.32382
-8,2,20,0.0064865,0.018312,0.56563,0.018776,-0.021714,0.0076076,0.32663
-6,2,20,0.0066626,0.018246,0.56811,0.01897,-0.020532,0.0077671,0.32958
-4,2,20,0.0067409,0.018164,0.57063,0.019237,-0.01917,0.007999,0.33265
-2,2,20,0.0067166,0.018064,0.57317,0.019571,-0.017658,0.0082845,0.3358
0,2,20,0.0065868,0.017944,0.5757,0.019966,-0.016027,0.0086077,0.33901
2,2,20,0.0063495,0.017803,0.57821,0.020411,-0.014307,0.0089569,0.34224
4,2,20,0.0060046,0.017643,0.58067,0.020894,-0.012527,0.0093248,0.34547
6,2,20,0.0055532,0.017465,0.58307,0.0214,-0.010711,0.0097074,0.34867
8,2,20,0.0049982,0.017269,0.58538,0.021916,-0.0088806,0.010103,0.3518
10,2,20,0.0043437,0.017059,0.5876,0.022428,-0.0070542,0.01051,0.35483
12,2,20,0.0035955,0.016837,0.58972,0.022923,-0.0052472,0.010925,0.35775
14,2,20,0.0027608,0.016609,0.59172,0.023388,-0.0034721,0.011345,0.36052
16,2,20,0.0018482,0.016377,0.59361,0.023814,-0.0017401,0.01176,0.36314
18,2,20,0.0008673,0.016147,0.59538,0.024191,-6.1417e-05,0.012163,0.36559
20,2,20,-0.00017092,0.015922,0.59704,0.024512,0.0015536,0.012543,0.36787
22,2,20,-0.0012546,0.015707,0.59859,0.024773,0.0030938,0.012888,0.36997
24,2,20,-0.002371,0.015504,0.60005,0.02497,0.0045471,0.01319,0.3719
26,2,20,-0.0035067,0.015317,0.60141,0.025103,0.0059,0.013439,0.37367
28,2,20,-0.004648,0.015145,0.6027,0.025176,0.007138,0.013633,0.37529
30,2,20,-0.0057807,0.014991,0.60392,0.025191,0.0082465,0.013772,0.37677
32,2,20,-0.0068906,0.014852,0.60509,0.025155,0.0092111,0.013859,0.37815
34,2,20,-0.0079638,0.014728,0.60621,0.025076,0.010019,0.013903,0.37944
36,2,20,-0.0089868,0.014614,0.60732,0.024961,0.010661,0.013919,0.38067
38,2,20,-0.0099464,0.014509,0.60841,0.024819,0.01113,0.013922,0.38187
40,2,20,-0.010831,0.014407,0.60952,0.024658,0.011424,0.013928,0.38306
42,2,20,-0.011629,0.014306,0.61064,0.024485,0.011547,0.013955,0.38427
44,2,20,-0.012331,0.014202,0.6118,0.024304,0.011508,0.014014,0.38553
46,2,20,-0.012929,0.014094,0.61302,0.024118,0.011319,0.014112,0.38685
48,2,20,-0.013417,0.01398,0.6143,0.023931,0.011,0.014249,0.38825
50,2,20,-0.01379,0.01386,0.61566,0.023743,0.010571,0.014421,0.38974
52,2,20,-0.014045,0.013738,0.6171,0.023555,0.010057,0.014615,0.39135
54,2,20,-0.014183,0.013618,0.61862,0.023366,0.0094814,0.014818,0.39307
56,2,20,-0.014207,0.013505,0.62023,0.023177,0.0088705,0.015013,0.3949
58,2,20,-0.01412,0.013408,0.62193,0.022991,0.0082476,0.015184,0.39684
60,2,20,-0.01393,0.013336,0.62369,0.022811,0.0076343,0.015318,0.39888
62,2,20,-0.013647,0.013298,0.62551,0.02264,0.0070491,0.015407,0.401
64,2,20,-0.013284,0.013306,0.62736,0.022484,0.0065068,0.015442,0.40319
66,2,20,-0.012856,0.013367,0.62923,0.022348,0.0060179,0.015422,0.40543
68,2,20,-0.01238,0.013488,0.6311,0.02224,0.0055886,0.015348,0.40768
70,2,20,-0.011877,0.013674,0.63293,0.022163,0.0052199,0.015225,0.40993
72,2,20,-0.011369,0.013923,0.6347,0.022122,0.0049082,0.015058,0.41214
74,2,20,-0.010881,0.014231,0.63639,0.022117,0.0046448,0.014855,0.41429
76,2,20,-0.01044,0.014592,0.63799,0.022149,0.0044161,0.014625,0.41635
78,2,20,-0.010074,0.014992,0.63947,0.022215,0.0042043,0.014376,0.4183
80,2,20,-0.0098137,0.01542,0.64082,0.022308,0.0039871,0.014117,0.42011
82,2,20,-0.0096902,0.015858,0.64204,0.022422,0.0037392,0.013854,0.42177
84,2,20,-0.009736,0.01629,0.64313,0.022549,0.0034328,0.013594,0.42327
86,2,20,-0.0099843,0.016701,0.64408,0.022682,0.0030387,0.013343,0.42462
88,2,20,-0.010469,0.017074,0.64492,0.022811,0.0025284,0.013107,0.42581
90,2,20,-0.011222,0.017397,0.64567,0.022933,0.0018753,0.012894,0.42688
92,2,20,-0.012279,0.017658,0.64634,0.023042,0.0010572,0.012715,0.42785
94,2,20,-0.013671,0.017849,0.64698,0.023137,5.8599e-05,0.012582,0.42876
96,2,20,-0.015429,0.017965,0.64763,0.023216,-0.0011271,0.012507,0.42967
98,2,20,-0.017584,0.018009,0.64835,0.02328,-0.002495,0.012503,0.43065
100,2,20,-0.020163,0.017987,0.64918,0.02333,-0.0040275,0.012582,0.43178
102,2,20,-0.023194,0.017915,0.65021,0.023366,-0.0056922,0.012747,0.43314
104,2,20,-0.026698,0.017816,0.6515,0.02339,-0.0074426,0.012993,0.43485
106,2,20,-0.030696,0.017725,0.65315,0.023404,-0.0092181,0.013305,0.43701
108,2,20,-0.035207,0.017686,0.65523,0.023409,-0.010947,0.013662,0.43973
110,2,20,-0.040244,0.017754,0.65783,0.023412,-0.012549,0.01403,0.44315
112,2,20,-0.045818,0.017991,0.66103,0.023424,-0.013942,0.014379,0.44738
114,2,20,-0.051934,0.018458,0.6649,0.023465,-0.015042,0.014676,0.45255
116,2,20,-0.058596,0.019211,0.6695,0.023564,-0.015777,0.014896,0.45879
118,2,20,-0.065801,0.020289,0.67488,0.02376,-0.016084,0.015022,0.46619
120,2,20,-0.073544,0.021711,0.68105,0.0241,-0.015914,0.015049,0.47486
122,2,20,-0.081814,0.023477,0.68802,0.024637,-0.015239,0.014985,0.4849
124,2,20,-0.090596,0.02557,0.69577,0.025416,-0.014047,0.014848,0.49638
126,2,20,-0.099871,0.027961,0.70429,0.026476,-0.012344,0.014664,0.50934
128,2,20,-0.10962,0.030614,0.71351,0.027835,-0.010154,0.014468,0.52382
130,2,20,-0.1198,0.033492,0.7234,0.029494,-0.0075131,0.014297,0.53983
132,2,20,-0.1304,0.036556,0.73388,0.031439,-0.004472,0.014189,0.55735
134,2,20,-0.14138,0.039767,0.74488,0.033638,-0.001091,0.014177,0.57635
136,2,20,-0.15269,0.043088,0.75634,0.036056,0.0025608,0.014286,0.59675
138,2,20,-0.16429,0.046483,0.76817,0.038651,0.0064084,0.014532,0.61846
140,2,20,-0.17615,0.049917,0.78029,0.041379,0.010373,0.014919,0.64138
142,2,20,-0.18821,0.053355,0.79262,0.044202,0.014374,0.015439,0.66537
144,2,20,-0.20042,0.056765,0.80508,0.047079,0.018332,0.016079,0.69026
146,2,20,-0.21273,0.060116,0.81758,0.049977,0.022172,0.016818,0.7159
148,2,20,-0.22509,0.063378,0.83006,0.052861,0.025822,0.01763,0.7421
150,2,20,-0.23745,0.066522,0.84244,0.055704,0.029219,0.018491,0.76867
152,2,20,-0.24976,0.069521,0.85466,0.058478,0.032308,0.019376,0.79541
154,2,20,-0.26195,0.072352,0.86664,0.061158,0.035043,0.020261,0.82213
156,2,20,-0.27398,0.074989,0.87834,0.063726,0.037389,0.021124,0.84864
158,2,20,-0.28579,0.077415,0.8897,0.066162,0.03932,0.021945,0.87474
160,2,20,-0.29734,0.079609,0.90068,0.068451,0.040822,0.02271,0.90026
162,2,20,-0.30858,0.081557,0.91125,0.070583,0.041887,0.023404,0.92503
164,2,20,-0.31946,0.083247,0.92136,0.072549,0.042519,0.024019,0.94891
166,2,20,-0.32994,0.084667,0.93099,0.074343,0.04273,0.02455,0.97175
168,2,20,-0.33997,0.085813,0.94012,0.075964,0.04254,0.024995,0.99346
170,2,20,-0.34954,0.08668,0.94872,0.077412,0.041976,0.025357,1.0139
172,2,20,-0.35859,0.087267,0.95678,0.078691,0.041072,0.025642,1.0331
174,2,20,-0.36711,0.087579,0.96429,0.079803,0.039869,0.025857,1.0509
176,2,20,-0.37507,0.087621,0.97124,0.080756,0.038413,0.026016,1.0672
178,2,20,-0.38245,0.087401,0.97765,0.081554,0.036756,0.026129,1.0822
180,2,20,-0.38924,0.086934,0.9835,0.082203,0.034953,0.026211,1.0957
182,2,20,-0.39544,0.086234,0.98882,0.082707,0.033065,0.026274,1.1077
184,2,20,-0.40104,0.085319,0.99363,0.083071,0.031152,0.026328,1.1184
186,2,20,-0.40603,0.08421,0.99794,0.083296,0.029275,0.026384,1.1277
188,2,20,-0.41043,0.08293,1.0018,0.083384,0.027493,0.026445,1.1357
190,2,20,-0.41426,0.081505,1.0052,0.083333,0.02586,0.026514,1.1424
192,2,20,-0.41751,0.07996,1.0082,0.083143,0.024422,0.026591,1.1478
194,2,20,-0.42023,0.078325,1.0108,0.082812,0.023218,0.026671,1.1521
196,2,20,-0.42243,0.076627,1.0131,0.082339,0.022275,0.026749,1.1553
198,2,20,-0.42414,0.074895,1.0151,0.081724,0.021606,0.026817,1.1574
200,2,20,-0.4254,0.073157,1.0168,0.080967,0.021211,0.026867,1.1585
202,2,20,-0.42624,0.071442,1.0183,0.080072,0.021078,0.02689,1.1587
204,2,20,-0.4267,0.069773,1.0195,0.079041,0.021178,0.026877,1.158
206,2,20,-0.42683,0.068173,1.0205,0.077882,0.021471,0.026818,1.1566
208,2,20,-0.42668,0.066663,1.0212,0.076602,0.021908,0.026704,1.1544
210,2,20,-0.42628,0.065257,1.0218,0.075211,0.022429,0.026523,1.1516
212,2,20,-0.42569,0.063967,1.0222,0.073718,0.02297,0.026265,1.1481
214,2,20,-0.42496,0.062801,1.0224,0.072136,0.023464,0.025921,1.1442
216,2,20,-0.42413,0.06176,1.0225,0.070479,0.02384,0.025484,1.1398
218,2,20,-0.42326,0.060843,1.0223,0.068758,0.024035,0.024947,1.135
220,2,20,-0.4224,0.060046,1.0221,0.06699,0.023988,0.024311,1.1299
222,2,20,-0.42159,0.059359,1.0217,0.065188,0.023647,0.02358,1.1246
224,2,20,-0.42089,0.058773,1.0212,0.063367,0.022969,0.022764,1.119
226,2,20,-0.42033,0.058275,1.0205,0.061541,0.021924,0.021884,1.1134
228,2,20,-0.41996,0.057854,1.0198,0.059726,0.020495,0.020963,1.1078
230,2,20,-0.41982,0.057497,1.019,0.057932,0.018679,0.020036,1.1021
232,2,20,-0.41995,0.057194,1.0181,0.056171,0.016487,0.01914,1.0966
234,2,20,-0.42038,0.056937,1.0173,0.054454,0.013942,0.018317,1.0911
236,2,20,-0.42114,0.056719,1.0164,0.052786,0.01108,0.017609,1.086
238,2,20,-0.42226,0.056535,1.0155,0.051175,0.0079495,0.017052,1.081
240,2,20,-0.42376,0.056383,1.0147,0.049624,0.0046035,0.016672,1.0764
242,2,20,-0.42565,0.056264,1.014,0.048135,0.001103,0.016483,1.0722
244,2,20,-0.42796,0.056178,1.0134,0.046713,-0.0024883,0.01648,1.0684
246,2,20,-0.43069,0.056131,1.0129,0.045359,-0.0061055,0.016648,1.065
248,2,20,-0.43384,0.056125,1.0126,0.044076,-0.0096851,0.016963,1.0622
250,2,20,-0.43741,0.056166,1.0124,0.042872,-0.013166,0.017393,1.0599
252,2,20,-0.44141,0.056259,1.0125,0.041751,-0.016492,0.017912,1.0583
254,2,20,-0.44582,0.056407,1.0128,0.040723,-0.019611,0.018493,1.0573
256,2,20,-0.45062,0.056613,1.0134,0.039798,-0.022476,0.019115,1.057
258,2,20,-0.45581,0.05688,1.0142,0.038986,-0.025048,0.019758,1.0575
260,2,20,-0.46136,0.057207,1.0153,0.038295,-0.027291,0.020408,1.0587
262,2,20,-0.46724,0.057591,1.0167,0.037733,-0.029173,0.021051,1.0608
264,2,20,-0.47343,0.05803,1.0185,0.037304,-0.03067,0.021672,1.0637
266,2,20,-0.47989,0.058516,1.0206,0.037005,-0.031762,0.022258,1.0676
268,2,20,-0.4866,0.059045,1.023,0.036833,-0.032431,0.022793,1.0723
270,2,20,-0.49352,0.059606,1.0258,0.036775,-0.032668,0.023265,1.078
272,2,20,-0.5006,0.060192,1.029,0.03682,-0.032468,0.023661,1.0846
274,2,20,-0.50781,0.060794,1.0325,0.03695,-0.031833,0.023969,1.0921
276,2,20,-0.51511,0.061403,1.0365,0.037149,-0.030772,0.024183,1.1005
278,2,20,-0.52246,0.06201,1.0408,0.037399,-0.029303,0.024302,1.1098
280,2,20,-0.52981,0.062609,1.0454,0.037687,-0.027453,0.02433,1.1199
282,2,20,-0.53713,0.063193,1.0504,0.038001,-0.025259,0.024278,1.1308
284,2,20,-0.54437,0.063757,1.0556,0.038333,-0.022765,0.024166,1.1423
286,2,20,-0.55149,0.064299,1.0611,0.038679,-0.020027,0.024022,1.1544
288,2,20,-0.55846,0.064817,1.0668,0.039039,-0.017105,0.023877,1.1669
290,2,20,-0.56524,0.065311,1.0725,0.039417,-0.014067,0.023767,1.1798
292,2,20,-0.57179,0.065783,1.0783,0.039817,-0.010985,0.023729,1.1929
294,2,20,-0.57809,0.066236,1.0841,0.040245,-0.0079305,0.023793,1.2061
296,2,20,-0.5841,0.066675,1.0898,0.040708,-0.0049767,0.023978,1.2192
298,2,20,-0.5898,0.067104,1.0954,0.041213,-0.0021916,0.024292,1.2321
300,2,20,-0.59517,0.06753,1.1007,0.041764,0.00036186,0.024724,1.2447
302,2,20,-0.60019,0.067959,1.1058,0.042364,0.0026291,0.025252,1.2568
304,2,20,-0.60484,0.068398,1.1105,0.043016,0.0045652,0.02584,1.2683
306,2,20,-0.60911,0.068851,1.1149,0.043717,0.0061372,0.026447,1.2792
308,2,20,-0.613,0.069325,1.1189,0.044467,0.0073248,0.027028,1.2894
310,2,20,-0.61651,0.069824,1.1225,0.045263,0.008122,0.02754,1.2988
312,2,20,-0.61964,0.07035,1.1256,0.0461,0.0085375,0.027947,1.3075
314,2,20,-0.62238,0.070907,1.1284,0.046975,0.0085944,0.02822,1.3153
316,2,20,-0.62476,0.071495,1.1309,0.047882,0.0083304,0.028341,1.3224
318,2,20,-0.62679,0.072112,1.1329,0.048816,0.0077961,0.028301,1.3288
320,2,20,-0.62849,0.072758,1.1347,0.049773,0.0070534,0.028104,1.3345
322,2,20,-0.62987,0.073429,1.1361,0.050746,0.0061738,0.027763,1.3397
324,2,20,-0.63097,0.07412,1.1374,0.051729,0.005235,0.0273,1.3445
326,2,20,-0.63181,0.074828,1.1385,0.052715,0.0043185,0.026743,1.349
328,2,20,-0.63242,0.075547,1.1396,0.053696,0.003506,0.026126,1.3534
330,2,20,-0.63285,0.076272,1.1406,0.054665,0.0028766,0.025487,1.3577
332,2,20,-0.63311,0.076998,1.1416,0.055613,0.0025038,0.024863,1.362
334,2,20,-0.63326,0.07772,1.1428,0.056531,0.0024522,0.024288,1.3667
336,2,20,-0.63333,0.078435,1.1441,0.05741,0.0027752,0.023789,1.3716
338,2,20,-0.63336,0.079139,1.1457,0.058244,0.0035128,0.023388,1.377
340,2,20,-0.63339,0.079831,1.1475,0.059027,0.0046905,0.023095,1.3829
342,2,20,-0.63346,0.080508,1.1496,0.059754,0.0063177,0.022909,1.3894
344,2,20,-0.63362,0.081172,1.152,0.060424,0.0083883,0.022823,1.3965
346,2,20,-0.6339,0.081824,1.1548,0.061037,0.010881,0.022818,1.4043
348,2,20,-0.63435,0.082466,1.1579,0.061599,0.013759,0.022876,1.4127
350,2,20,-0.63499,0.083101,1.1613,0.062117,0.016976,0.022975,1.4218
352,2,20,-0.63586,0.083734,1.1649,0.062602,0.020472,0.023097,1.4315
354,2,20,-0.637,0.084369,1.1689,0.06307,0.024181,0.023228,1.4419
356,2,20,-0.63843,0.085011,1.173,0.06354,0.02803,0.023359,1.4527
358,2,20,-0.64017,0.085666,1.1774,0.064031,0.031943,0.023491,1.4641
360,2,20,-0.64226,0.08634,1.1818,0.064566,0.035845,0.023627,1.476
362,2,20,-0.6447,0.087037,1.1864,0.065169,0.039661,0.023781,1.4882
364,2,20,-0.64751,0.087761,1.191,0.065862,0.04332,0.023971,1.5008
366,2,20,-0.6507,0.088518,1.1955,0.066665,0.046758,0.024221,1.5138
368,2,20,-0.65427,0.089309,1.2001,0.067595,0.04992,0.024559,1.527
370,2,20,-0.65822,0.090136,1.2046,0.068662,0.052763,0.025012,1.5405
372,2,20,-0.66255,0.091001,1.2089,0.069874,0.055255,0.025608,1.5543
374,2,20,-0.66724,0.091903,1.2132,0.071228,0.05738,0.02637,1.5684
376,2,20,-0.67229,0.09284,1.2175,0.072717,0.059136,0.027314,1.5827
378,2,20,-0.67767,0.09381,1.2216,0.074326,0.060537,0.028445,1.5973
380,2,20,-0.68335,0.094809,1.2257,0.076032,0.061614,0.02976,1.6122
382,2,20,-0.68931,0.095833,1.2298,0.077809,0.062411,0.031243,1.6273
384,2,20,-0.69551,0.096876,1.2338,0.079624,0.062984,0.032871,1.6428
386,2,20,-0.70193,0.097933,1.2379,0.081442,0.063402,0.034611,1.6584
388,2,20,-0.70851,0.098996,1.2421,0.083229,0.063734,0.036428,1.6744
390,2,20,-0.71521,0.10006,1.2463,0.084947,0.064055,0.038281,1.6904
392,2,20,-0.72199,0.10112,1.2507,0.086562,0.064434,0.040128,1.7066
394,2,20,-0.7288,0.10216,1.2552,0.088043,0.06493,0.041928,1.7229
396,2,20,-0.73559,0.10318,1.2599,0.089364,0.06559,0.043641,1.739
398,2,20,-0.7423,0.10418,1.2646,0.090503,0.066443,0.045229,1.755
400,2,20,-0.74889,0.10514,1.2695,0.091446,0.067499,0.046659,1.7706
402,2,20,-0.75529,0.10606,1.2745,0.092181,0.068748,0.047902,1.7857
404,2,20,-0.76146,0.10693,1.2794,0.092706,0.070161,0.048932,1.8002
406,2,20,-0.76734,0.10775,1.2843,0.093021,0.071693,0.049727,1.8138
408,2,20,-0.77289,0.10851,1.2891,0.09313,0.073284,0.050271,1.8265
410,2,20,-0.77804,0.1092,1.2937,0.093041,0.074867,0.050554,1.8381
412,2,20,-0.78275,0.10982,1.298,0.092763,0.07637,0.050567,1.8484
414,2,20,-0.78699,0.11036,1.3021,0.092308,0.077721,0.050311,1.8573
416,2,20,-0.7907,0.11082,1.3058,0.091686,0.078852,0.049791,1.8647
418,2,20,-0.79385,0.11119,1.309,0.090912,0.079703,0.049016,1.8706
420,2,20,-0.7964,0.11146,1.3118,0.089995,0.080223,0.048005,1.8747
422,2,20,-0.79832,0.11163,1.3141,0.08895,0.080376,0.046781,1.8773
424,2,20,-0.79959,0.11169,1.316,0.087788,0.080138,0.045375,1.8782
426,2,20,-0.80019,0.11164,1.3173,0.086521,0.079503,0.043822,1.8775
428,2,20,-0.8001,0.11148,1.3181,0.085162,0.078476,0.042161,1.8752
430,2,20,-0.79932,0.11119,1.3185,0.083721,0.077078,0.040438,1.8716
432,2,20,-0.79783,0.11078,1.3184,0.082214,0.075342,0.038696,1.8666
434,2,20,-0.79563,0.11025,1.3179,0.080651,0.073311,0.036981,1.8604
436,2,20,-0.79274,0.10958,1.317,0.079046,0.071038,0.035337,1.8532
438,2,20,-0.78917,0.10878,1.3158,0.077415,0.068579,0.033802,1.8451
440,2,20,-0.78493,0.10785,1.3143,0.075772,0.065998,0.032411,1.8364
442,2,20,-0.78004,0.1068,1.3125,0.074133,0.063355,0.031188,1.827
444,2,20,-0.77453,0.10562,1.3105,0.072515,0.060713,0.030151,1.8173
446,2,20,-0.76843,0.10431,1.3083,0.070937,0.058128,0.029307,1.8072
448,2,20,-0.76178,0.10289,1.3059,0.069417,0.055651,0.028656,1.797
450,2,20,-0.75462,0.10137,1.3034,0.067973,0.053326,0.028189,1.7868
452,2,20,-0.74699,0.099739,1.3008,0.066623,0.051186,0.027892,1.7765
454,2,20,-0.73893,0.098024,1.2981,0.065386,0.049255,0.027744,1.7663
456,2,20,-0.7305,0.096233,1.2952,0.064276,0.047546,0.027724,1.7562
458,2,20,-0.72175,0.094379,1.2923,0.063307,0.046059,0.02781,1.7461
460,2,20,-0.71272,0.092477,1.2892,0.062486,0.044786,0.027979,1.7362
462,2,20,-0.70348,0.090543,1.286,0.06182,0.043709,0.028208,1.7264
464,2,20,-0.69408,0.088594,1.2826,0.061309,0.042802,0.028478,1.7166
466,2,20,-0.68457,0.086645,1.2791,0.060948,0.042034,0.028771,1.7068
468,2,20,-0.67501,0.084714,1.2755,0.060726,0.041372,0.029071,1.6969
470,2,20,-0.66545,0.082816,1.2717,0.060632,0.040781,0.029368,1.6871
472,2,20,-0.65594,0.080968,1.2678,0.060645,0.04023,0.029653,1.6771
474,2,20,-0.64654,0.079182,1.2637,0.060746,0.039693,0.029921,1.667
476,2,20,-0.63729,0.077472,1.2595,0.060913,0.039149,0.030172,1.6568
478,2,20,-0.62824,0.075846,1.2552,0.061121,0.038583,0.030407,1.6464
480,2,20,-0.61943,0.074313,1.2508,0.06135,0.037992,0.030629,1.636
482,2,20,-0.6109,0.072876,1.2464,0.061581,0.037375,0.030844,1.6255
484,2,20,-0.60268,0.071537,1.2419,0.061795,0.036738,0.03106,1.6149
486,2,20,-0.59481,0.070296,1.2375,0.061981,0.036093,0.031281,1.6044
488,2,20,-0.58731,0.069148,1.2331,0.062131,0.035453,0.031514,1.594
490,2,20,-0.58021,0.068087,1.2289,0.062238,0.034832,0.031762,1.5837
492,2,20,-0.57351,0.067107,1.2247,0.062301,0.034245,0.032027,1.5737
494,2,20,-0.56725,0.066198,1.2207,0.062322,0.033704,0.032307,1.564
496,2,20,-0.56141,0.065352,1.2169,0.062301,0.03322,0.032596,1.5547
498,2,20,-0.55602,0.06456,1.2134,0.062242,0.032803,0.032888,1.5459
500,2,20,-0.55106,0.063814,1.21,0.062145,0.032459,0.033172,1.5376
502,2,20,-0.54654,0.063109,1.207,0.062012,0.032192,0.033433,1.5299
504,2,20,-0.54245,0.062439,1.2043,0.061841,0.032004,0.033659,1.5229
506,2,20,-0.53876,0.061805,1.2019,0.061629,0.031892,0.033832,1.5166
508,2,20,-0.53548,0.061208,1.1998,0.061373,0.031855,0.033938,1.5111
510,2,20,-0.53257,0.060651,1.1981,0.06107,0.031883,0.033962,1.5062
512,2,20,-0.53001,0.060143,1.1967,0.060719,0.031966,0.033888,1.5022
514,2,20,-0.52779,0.059693,1.1957,0.060321,0.032089,0.033707,1.4988
516,2,20,-0.52587,0.059314,1.195,0.059883,0.032232,0.033409,1.4963
518,2,20,-0.52421,0.059019,1.1947,0.059415,0.032375,0.03299,1.4944
520,2,20,-0.5228,0.058822,1.1946,0.058933,0.032494,0.032452,1.4932
522,2,20,-0.5216,0.058739,1.1948,0.058454,0.032568,0.0318,1.4926
524,2,20,-0.52058,0.058782,1.1953,0.058001,0.032577,0.031048,1.4925
526,2,20,-0.5197,0.058962,1.1958,0.057595,0.032508,0.03021,1.493
528,2,20,-0.51892,0.059287,1.1965,0.057253,0.032354,0.02931,1.494
530,2,20,-0.51823,0.059761,1.1973,0.056992,0.032116,0.028369,1.4953
532,2,20,-0.51759,0.060383,1.1981,0.056821,0.031803,0.027414,1.4969
534,2,20,-0.51696,0.061149,1.199,0.056745,0.031428,0.02647,1.4987
536,2,20,-0.51633,0.062048,1.1998,0.056762,0.031012,0.025561,1.5006
538,2,20,-0.51565,0.063067,1.2005,0.056864,0.030578,0.024706,1.5026
540,2,20,-0.51492,0.064187,1.2012,0.057038,0.030151,0.023923,1.5046
542,2,20,-0.5141,0.065389,1.2017,0.057269,0.029755,0.023223,1.5064
544,2,20,-0.51319,0.06665,1.2021,0.057538,0.029413,0.022615,1.508
546,2,20,-0.51215,0.067944,1.2024,0.057827,0.029145,0.022101,1.5092
548,2,20,-0.51099,0.069249,1.2025,0.058116,0.028968,0.021681,1.5101
550,2,20,-0.50969,0.070538,1.2023,0.058387,0.028891,0.021353,1.5104
552,2,20,-0.50824,0.07179,1.202,0.058626,0.028923,0.021112,1.5101
554,2,20,-0.50665,0.07298,1.2014,0.058817,0.029062,0.020954,1.5091
556,2,20,-0.5049,0.074088,1.2006,0.058951,0.029306,0.020876,1.5074
558,2,20,-0.50301,0.075095,1.1994,0.05902,0.029646,0.020873,1.5049
560,2,20,-0.50098,0.075985,1.1981,0.059019,0.030067,0.020941,1.5015
562,2,20,-0.49881,0.076742,1.1964,0.058947,0.030551,0.021076,1.4973
564,2,20,-0.49652,0.077356,1.1944,0.058806,0.03108,0.021271,1.4923
566,2,20,-0.49412,0.077816,1.1922,0.058601,0.03163,0.021517,1.4865
568,2,20,-0.49163,0.078116,1.1896,0.058339,0.032178,0.021804,1.4799
570,2,20,-0.48906,0.078251,1.1868,0.058032,0.032702,0.022117,1.4725
572,2,20,-0.48643,0.07822,1.1838,0.057692,0.033182,0.022442,1.4646
574,2,20,-0.48377,0.078023,1.1805,0.057334,0.0336,0.022762,1.4561
576,2,20,-0.48109,0.077664,1.1771,0.056973,0.033946,0.023058,1.4473
578,2,20,-0.47841,0.077147,1.1735,0.056628,0.034211,0.023313,1.4381
580,2,20,-0.47575,0.076481,1.1699,0.056315,0.034393,0.023508,1.4288
582,2,20,-0.47315,0.075675,1.1661,0.056048,0.034499,0.023627,1.4195
584,2,20,-0.47061,0.074741,1.1624,0.055842,0.034538,0.023654,1.4104
586,2,20,-0.46816,0.073694,1.1587,0.055706,0.034526,0.023576,1.4015
588,2,20,-0.46581,0.072547,1.1551,0.055648,0.034481,0.023384,1.393
590,2,20,-0.4636,0.071319,1.1516,0.055668,0.034427,0.023069,1.385
592,2,20,-0.46152,0.070027,1.1483,0.055762,0.034386,0.022629,1.3776
594,2,20,-0.4596,0.068692,1.1451,0.055924,0.034379,0.022068,1.3708
596,2,20,-0.45785,0.067333,1.1423,0.056139,0.034426,0.021391,1.3646
598,2,20,-0.45628,0.065973,1.1396,0.056391,0.034541,0.020614,1.3592
600,2,20,-0.4549,0.064632,1.1373,0.056663,0.034732,0.019754,1.3543
602,2,20,-0.4537,0.063332,1.1352,0.056935,0.034999,0.018836,1.3502
604,2,20,-0.45271,0.062094,1.1333,0.057187,0.035334,0.017889,1.3466
606,2,20,-0.4519,0.060937,1.1317,0.057403,0.035718,0.016948,1.3434
608,2,20,-0.45128,0.05988,1.1304,0.057567,0.036127,0.016046,1.3407
610,2,20,-0.45085,0.058938,1.1292,0.057667,0.036527,0.015218,1.3384
612,2,20,-0.4506,0.058125,1.1283,0.057696,0.036878,0.014495,1.3362
614,2,20,-0.45051,0.057449,1.1274,0.05765,0.037136,0.013902,1.3342
616,2,20,-0.45056,0.056918,1.1266,0.05753,0.037258,0.013455,1.3322
618,2,20,-0.45075,0.056532,1.1259,0.057341,0.037202,0.013159,1.3302
620,2,20,-0.45106,0.05629,1.1252,0.05709,0.036929,0.013011,1.3281
622,2,20,-0.45146,0.056186,1.1246,0.05679,0.036408,0.013,1.3259
624,2,20,-0.45194,0.056211,1.1238,0.056453,0.035619,0.013113,1.3235
626,2,20,-0.45246,0.056351,1.1231,0.056095,0.034549,0.013335,1.3211
628,2,20,-0.453,0.056593,1.1222,0.055731,0.033201,0.013652,1.3184
630,2,20,-0.45355,0.05692,1.1214,0.055379,0.031585,0.014051,1.3158
632,2,20,-0.45406,0.057314,1.1205,0.055055,0.029725,0.014521,1.313
634,2,20,-0.45452,0.057758,1.1195,0.054771,0.027652,0.015049,1.3104
636,2,20,-0.45489,0.058234,1.1186,0.054543,0.025405,0.015623,1.3078
638,2,20,-0.45515,0.058724,1.1177,0.054379,0.02303,0.016232,1.3054
640,2,20,-0.45528,0.059214,1.1168,0.05429,0.020574,0.016861,1.3032
642,2,20,-0.45524,0.059688,1.116,0.05428,0.018083,0.017499,1.3014
644,2,20,-0.45502,0.060134,1.1152,0.054354,0.015602,0.018136,1.2998
646,2,20,-0.45459,0.06054,1.1145,0.054513,0.013173,0.018763,1.2986
648,2,20,-0.45393,0.060897,1.1139,0.054755,0.010827,0.019373,1.2977
650,2,20,-0.45302,0.061197,1.1133,0.055075,0.0085913,0.019965,1.2971
652,2,20,-0.45185,0.061434,1.1128,0.055466,0.0064832,0.020537,1.2967
654,2,20,-0.4504,0.061604,1.1122,0.055919,0.0045114,0.021089,1.2965
656,2,20,-0.44867,0.061703,1.1116,0.05642,0.0026762,0.021623,1.2962
658,2,20,-0.44663,0.061731,1.111,0.056955,0.00097036,0.022143,1.2959
660,2,20,-0.44429,0.061687,1.1101,0.057508,-0.00061959,0.022649,1.2952
662,2,20,-0.44165,0.061572,1.1091,0.05806,-0.0021121,0.023144,1.2941
664,2,20,-0.4387,0.061389,1.1078,0.058593,-0.0035286,0.023629,1.2924
666,2,20,-0.43545,0.061141,1.1062,0.059089,-0.0048919,0.024104,1.2899
668,2,20,-0.4319,0.06083,1.1042,0.05953,-0.0062242,0.024569,1.2865
670,2,20,-0.42807,0.060462,1.1018,0.059899,-0.0075452,0.025024,1.2821
672,2,20,-0.42397,0.060042,1.0989,0.060183,-0.0088705,0.025465,1.2764
674,2,20,-0.4196,0.059573,1.0956,0.060369,-0.01021,0.025891,1.2695
676,2,20,-0.41499,0.059061,1.0917,0.06045,-0.011568,0.026297,1.2613
678,2,20,-0.41016,0.058511,1.0874,0.060418,-0.012941,0.026679,1.2518
680,2,20,-0.40513,0.057927,1.0826,0.060273,-0.014318,0.027028,1.2411
682,2,20,-0.39992,0.057315,1.0774,0.060016,-0.015681,0.027339,1.2292
684,2,20,-0.39455,0.056679,1.0717,0.059652,-0.017008,0.027602,1.2162
686,2,20,-0.38906,0.056022,1.0657,0.059193,-0.018268,0.027808,1.2023
688,2,20,-0.38347,0.055351,1.0594,0.058652,-0.019431,0.027947,1.1876
690,2,20,-0.37781,0.054667,1.0528,0.058048,-0.020464,0.028011,1.1724
692,2,20,-0.37211,0.053976,1.0461,0.057403,-0.021332,0.027993,1.157
694,2,20,-0.36639,0.053281,1.0394,0.056741,-0.022005,0.027891,1.1414
696,2,20,-0.36068,0.052587,1.0326,0.056091,-0.022454,0.027703,1.1261
698,2,20,-0.35501,0.051898,1.026,0.05548,-0.022658,0.027434,1.1111
700,2,20,-0.34941,0.051218,1.0196,0.054932,-0.022597,0.027091,1.0968
702,2,20,-0.3439,0.050554,1.0134,0.05447,-0.02226,0.026686,1.0834
704,2,20,-0.33851,0.049909,1.0076,0.054111,-0.02164,0.026234,1.071
706,2,20,-0.33325,0.049291,1.0023,0.053864,-0.020738,0.02575,1.0597
708,2,20,-0.32815,0.048705,0.99742,0.053727,-0.019559,0.025251,1.0497
710,2,20,-0.32323,0.048158,0.99312,0.053693,-0.018114,0.02475,1.0411
712,2,20,-0.3185,0.047656,0.98941,0.053744,-0.01642,0.024258,1.0338
714,2,20,-0.31397,0.047207,0.98633,0.053856,-0.014499,0.023781,1.028
716,2,20,-0.30966,0.046816,0.98389,0.054001,-0.012381,0.023321,1.0235
718,2,20,-0.30557,0.046487,0.9821,0.054153,-0.010103,0.022875,1.0202
720,2,20,-0.30171,0.046226,0.98093,0.054284,-0.0077082,0.022437,1.0182
722,2,20,-0.29807,0.046036,0.98036,0.054375,-0.0052485,0.022004,1.0173
724,2,20,-0.29467,0.045916,0.98033,0.054412,-0.00278,0.021572,1.0173
726,2,20,-0.29149,0.045868,0.98076,0.054389,-0.00036138,0.021142,1.0181
728,2,20,-0.28854,0.045887,0.9816,0.054308,0.0019495,0.020717,1.0196
730,2,20,-0.2858,0.04597,0.98274,0.054176,0.0041005,0.020307,1.0216
732,2,20,-0.28326,0.04611,0.98411,0.054005,0.0060488,0.019921,1.0239
734,2,20,-0.28091,0.0463,0.98561,0.053809,0.0077643,0.019572,1.0264
736,2,20,-0.27874,0.046529,0.98716,0.053606,0.0092319,0.019272,1.0291
738,2,20,-0.27672,0.046787,0.9887,0.053409,0.010452,0.019031,1.0317
740,2,20,-0.27485,0.047063,0.99014,0.053231,0.011439,0.018857,1.0342
742,2,20,-0.2731,0.047345,0.99145,0.053084,0.01222,0.018753,1.0365
744,2,20,-0.27145,0.047622,0.99258,0.052975,0.012832,0.01872,1.0385
746,2,20,-0.26989,0.047882,0.99349,0.052908,0.013318,0.01875,1.0402
748,2,20,-0.26838,0.048117,0.99415,0.052884,0.013722,0.018833,1.0415
750,2,20,-0.26692,0.048315,0.99456,0.052902,0.014087,0.018958,1.0423
752,2,20,-0.26548,0.048471,0.9947,0.052957,0.014452,0.019106,1.0427
754,2,20,-0.26404,0.048576,0.99456,0.053043,0.014847,0.019263,1.0426
756,2,20,-0.26257,0.048628,0.99414,0.053151,0.015293,0.01941,1.042
758,2,20,-0.26107,0.048622,0.99343,0.053271,0.0158,0.019529,1.0408
760,2,20,-0.25952,0.048558,0.99243,0.053392,0.016365,0.019605,1.0391
762,2,20,-0.25789,0.048436,0.99115,0.053504,0.016976,0.019622,1.0368
764,2,20,-0.25617,0.048258,0.98958,0.053593,0.017608,0.019568,1.0338
766,2,20,-0.25436,0.048028,0.98771,0.053649,0.018228,0.019432,1.0303
768,2,20,-0.25244,0.047751,0.98556,0.053661,0.018795,0.019208,1.026
770,2,20,-0.2504,0.047432,0.98312,0.053621,0.019266,0.018896,1.0211
772,2,20,-0.24824,0.04708,0.98038,0.053521,0.019595,0.018501,1.0156
774,2,20,-0.24596,0.0467,0.97736,0.053356,0.019738,0.018033,1.0093
776,2,20,-0.24355,0.046302,0.97406,0.053122,0.019655,0.017511,1.0024
778,2,20,-0.241,0.045892,0.97049,0.052819,0.019318,0.016962,0.99486
780,2,20,-0.23834,0.045477,0.96666,0.052448,0.018703,0.016419,0.98669
782,2,20,-0.23555,0.045064,0.96258,0.052012,0.017803,0.015921,0.97797
784,2,20,-0.23266,0.044657,0.9583,0.051518,0.016622,0.015509,0.96876
786,2,20,-0.22966,0.044261,0.95382,0.050972,0.015179,0.015224,0.95914
788,2,20,-0.22656,0.043878,0.9492,0.050386,0.013505,0.015094,0.94922
790,2,20,-0.22339,0.043509,0.94448,0.049769,0.011644,0.015135,0.9391
792,2,20,-0.22015,0.043154,0.9397,0.049135,0.0096503,0.01534,0.9289
794,2,20,-0.21686,0.042809,0.93491,0.048497,0.0075877,0.015687,0.91874
796,2,20,-0.21354,0.042472,0.93018,0.047867,0.005524,0.016135,0.90876
798,2,20,-0.2102,0.042139,0.92555,0.047259,0.0035295,0.016639,0.89908
800,2,20,-0.20685,0.041804,0.9211,0.046684,0.0016736,0.01715,0.88983
802,2,20,-0.20352,0.041463,0.91686,0.046152,2.0436e-05,0.017624,0.88111
804,2,20,-0.20023,0.041111,0.91291,0.045669,-0.0013738,0.018027,0.87302
806,2,20,-0.19698,0.040743,0.90927,0.045241,-0.0024641,0.018334,0.86566
808,2,20,-0.1938,0.040355,0.906,0.044871,-0.0032188,0.018532,0.85908
810,2,20,-0.19071,0.039946,0.90311,0.044559,-0.0036212,0.018619,0.85333
812,2,20,-0.18771,0.039514,0.90063,0.044302,-0.0036698,0.018601,0.84843
814,2,20,-0.18482,0.039059,0.89857,0.044095,-0.0033784,0.018493,0.84436
816,2,20,-0.18205,0.038584,0.89691,0.043929,-0.0027743,0.018311,0.84112
818,2,20,-0.17942,0.038092,0.89565,0.043794,-0.0018975,0.018075,0.83864
820,2,20,-0.17693,0.037588,0.89477,0.043675,-0.00079769,0.017798,0.83685
822,2,20,-0.17458,0.03708,0.89422,0.043558,0.00046706,0.017495,0.83568
824,2,20,-0.17239,0.036576,0.89397,0.043429,0.0018332,0.017169,0.83503
826,2,20,-0.17035,0.036084,0.89397,0.043274,0.0032337,0.016825,0.83477
828,2,20,-0.16848,0.035615,0.89417,0.043084,0.0046008,0.01646,0.83481
830,2,20,-0.16676,0.035176,0.8945,0.042852,0.0058681,0.016072,0.83502
832,2,20,-0.16519,0.034776,0.8949,0.042574,0.0069738,0.015658,0.83528
834,2,20,-0.16376,0.034424,0.89531,0.042253,0.0078634,0.015219,0.8355
836,2,20,-0.16248,0.034125,0.89567,0.041893,0.0084921,0.014759,0.83557
838,2,20,-0.16133,0.033882,0.89592,0.041504,0.0088275,0.014282,0.8354
840,2,20,-0.16031,0.033696,0.89601,0.041094,0.0088514,0.013801,0.83492
842,2,20,-0.15939,0.033565,0.8959,0.040674,0.0085606,0.013325,0.83407
844,2,20,-0.15856,0.033485,0.89555,0.040257,0.0079669,0.012867,0.83281
846,2,20,-0.15782,0.033449,0.89494,0.039852,0.0070968,0.012439,0.8311
848,2,20,-0.15714,0.033447,0.89405,0.039468,0.0059893,0.012049,0.82893
850,2,20,-0.1565,0.033469,0.89288,0.039113,0.0046935,0.011704,0.8263
852,2,20,-0.1559,0.033502,0.89142,0.038793,0.0032663,0.011404,0.82322
854,2,20,-0.15532,0.033535,0.88968,0.038513,0.0017682,0.011148,0.81971
856,2,20,-0.15473,0.033554,0.88767,0.038274,0.0002605,0.010931,0.81579
858,2,20,-0.15412,0.033547,0.8854,0.03808,-0.0011982,0.010746,0.81148
860,2,20,-0.15347,0.033505,0.88289,0.037929,-0.0025552,0.01059,0.80683
862,2,20,-0.15277,0.033417,0.88016,0.037822,-0.0037665,0.01046,0.80186
864,2,20,-0.152,0.033276,0.87721,0.037758,-0.0047986,0.010357,0.79659
866,2,20,-0.15115,0.033077,0.87408,0.037735,-0.0056304,0.010285,0.79106
868,2,20,-0.1502,0.032816,0.87075,0.037749,-0.0062534,0.01025,0.78529
870,2,20,-0.14914,0.032493,0.86726,0.037798,-0.0066721,0.010257,0.77929
872,2,20,-0.14796,0.03211,0.86361,0.037877,-0.0069034,0.010309,0.77307
874,2,20,-0.14666,0.031671,0.85979,0.037982,-0.0069749,0.010409,0.76666
876,2,20,-0.14523,0.031181,0.85584,0.038106,-0.0069235,0.010551,0.76004
878,2,20,-0.14366,0.030651,0.85174,0.038244,-0.0067929,0.010728,0.75324
880,2,20,-0.14194,0.03009,0.8475,0.038391,-0.0066316,0.01093,0.74626
882,2,20,-0.14009,0.029512,0.84314,0.03854,-0.0064899,0.011145,0.7391
884,2,20,-0.1381,0.02893,0.83866,0.038688,-0.006418,0.01136,0.73179
886,2,20,-0.13597,0.028359,0.83407,0.03883,-0.0064629,0.011565,0.72432
888,2,20,-0.1337,0.027815,0.82939,0.038963,-0.0066668,0.011751,0.71674
890,2,20,-0.13131,0.027311,0.82464,0.039084,-0.0070649,0.011909,0.70906
892,2,20,-0.1288,0.026862,0.81983,0.039191,-0.0076834,0.012036,0.70131
894,2,20,-0.12619,0.026479,0.815,0.039284,-0.0085386,0.012129,0.69355
896,2,20,-0.12348,0.026171,0.81017,0.039363,-0.0096358,0.012188,0.68581
898,2,20,-0.12069,0.025943,0.80536,0.039428,-0.010969,0.012214,0.67815
900,2,20,-0.11782,0.025797,0.80063,0.03948,-0.01252,0.012212,0.67062
902,2,20,-0.1149,0.02573,0.79599,0.039521,-0.014263,0.012186,0.66328
904,2,20,-0.11195,0.025736,0.7915,0.039552,-0.016162,0.012143,0.65619
906,2,20,-0.10896,0.025806,0.78717,0.039577,-0.018175,0.012091,0.6494
908,2,20,-0.10598,0.025926,0.78305,0.039599,-0.020254,0.012038,0.64296
910,2,20,-0.103,0.026083,0.77917,0.039621,-0.022353,0.011991,0.63693
912,2,20,-0.10004,0.026263,0.77554,0.039645,-0.024425,0.011957,0.63132
914,2,20,-0.097125,0.026449,0.77218,0.039676,-0.026425,0.011943,0.62618
916,2,20,-0.094267,0.026628,0.76912,0.039715,-0.028315,0.011952,0.62152
918,2,20,-0.091478,0.026786,0.76636,0.039762,-0.030061,0.011986,0.61734
920,2,20,-0.088774,0.026912,0.76389,0.039819,-0.031637,0.012044,0.61365
922,2,20,-0.086166,0.026995,0.76171,0.039884,-0.033026,0.012125,0.61042
924,2,20,-0.083666,0.027028,0.75981,0.039953,-0.034217,0.012225,0.60763
926,2,20,-0.081283,0.027004,0.75816,0.040024,-0.035207,0.012343,0.60525
928,2,20,-0.079026,0.026921,0.75675,0.040091,-0.036,0.012476,0.60321
930,2,20,-0.076902,0.026775,0.75555,0.04015,-0.036607,0.012624,0.60149
932,2,20,-0.074915,0.026568,0.75453,0.040195,-0.037042,0.012786,0.60002
934,2,20,-0.073069,0.026302,0.75366,0.040219,-0.037326,0.012963,0.59873
936,2,20,-0.071365,0.02598,0.7529,0.040217,-0.037484,0.013158,0.59759
938,2,20,-0.069804,0.025607,0.75222,0.040184,-0.03754,0.013374,0.59651
940,2,20,-0.068383,0.025192,0.75159,0.040115,-0.037523,0.013613,0.59547
942,2,20,-0.0671,0.024741,0.75099,0.040008,-0.037461,0.013878,0.59439
944,2,20,-0.065948,0.024263,0.75038,0.03986,-0.03738,0.014172,0.59325
946,2,20,-0.064922,0.023769,0.74974,0.03967,-0.037307,0.014495,0.59201
948,2,20,-0.064013,0.023268,0.74906,0.039439,-0.037262,0.014847,0.59064
950,2,20,-0.063213,0.02277,0.74831,0.039168,-0.037265,0.015224,0.58912
952,2,20,-0.06251,0.022286,0.7475,0.038859,-0.037327,0.01562,0.58744
954,2,20,-0.061893,0.021825,0.7466,0.038514,-0.037457,0.016025,0.5856
956,2,20,-0.06135,0.021395,0.74563,0.038137,-0.037658,0.016427,0.58359
958,2,20,-0.060869,0.021004,0.74457,0.037728,-0.037927,0.016816,0.58143
960,2,20,-0.060435,0.020657,0.74344,0.037292,-0.038257,0.017177,0.57913
962,2,20,-0.060036,0.020361,0.74224,0.036831,-0.038638,0.0175,0.57669
964,2,20,-0.059657,0.020116,0.74097,0.036347,-0.039055,0.017776,0.57414
966,2,20,-0.059285,0.019925,0.73964,0.035845,-0.039493,0.017998,0.57148
968,2,20,-0.058908,0.019785,0.73826,0.035327,-0.039935,0.018164,0.56874
970,2,20,-0.058511,0.019695,0.73683,0.034798,-0.040368,0.018275,0.56593
972,2,20,-0.058083,0.019652,0.73536,0.034263,-0.040779,0.018335,0.56306
974,2,20,-0.057613,0.01965,0.73383,0.033727,-0.041159,0.018352,0.56012
976,2,20,-0.05709,0.019685,0.73226,0.033197,-0.041503,0.018335,0.55714
978,2,20,-0.056505,0.019752,0.73063,0.032678,-0.04181,0.018292,0.55411
980,2,20,-0.05585,0.019846,0.72895,0.032175,-0.042083,0.018234,0.55104
982,2,20,-0.055118,0.019961,0.72721,0.031693,-0.042327,0.018169,0.54792
984,2,20,-0.054304,0.020093,0.7254,0.031236,-0.042551,0.018103,0.54475
986,2,20,-0.053404,0.020238,0.72354,0.030806,-0.042763,0.018044,0.54154
988,2,20,-0.052415,0.020392,0.7216,0.030403,-0.042971,0.017994,0.53828
990,2,20,-0.051337,0.020553,0.71961,0.030029,-0.043184,0.017956,0.53497
992,2,20,-0.050171,0.020719,0.71757,0.029682,-0.043406,0.017934,0.53164
994,2,20,-0.048919,0.020886,0.71547,0.029365,-0.043639,0.017929,0.52828
996,2,20,-0.047584,0.021053,0.71334,0.029079,-0.043885,0.017942,0.52492
998,2,20,-0.046172,0.021219,0.71118,0.02883,-0.044139,0.017975,0.52157
1000,2,20,-0.04469,0.021383,0.70901,0.028623,-0.044396,0.018028,0.51826
1002,2,20,-0.043144,0.021543,0.70684,0.028467,-0.044648,0.018102,0.51501
1004,2,20,-0.041545,0.021698,0.70468,0.028371,-0.044885,0.018196,0.51187
1006,2,20,-0.039903,0.021848,0.70256,0.028342,-0.045093,0.018304,0.50885
1008,2,20,-0.038227,0.021991,0.70049,0.028385,-0.045257,0.018421,0.50599
1010,2,20,-0.036531,0.022127,0.6985,0.028503,-0.045358,0.018538,0.50333
1012,2,20,-0.034827,0.022254,0.69661,0.028693,-0.045374,0.018644,0.50091
1014,2,20,-0.033126,0.022373,0.69485,0.028948,-0.045284,0.018726,0.49874
1016,2,20,-0.031444,0.022483,0.69325,0.029259,-0.045066,0.018771,0.49687
1018,2,20,-0.029792,0.022583,0.69183,0.02961,-0.044697,0.018769,0.49529
1020,2,20,-0.028184,0.022673,0.69062,0.029988,-0.044157,0.018712,0.49404
1022,2,20,-0.026634,0.022754,0.68962,0.030377,-0.043429,0.018594,0.49311
1024,2,20,-0.025153,0.022826,0.68886,0.03076,-0.042501,0.018415,0.49251
1026,2,20,-0.023754,0.022889,0.68834,0.031125,-0.041365,0.01818,0.49222
1028,2,20,-0.022449,0.022945,0.68806,0.031458,-0.040019,0.017894,0.49223
1030,2,20,-0.021247,0.022996,0.68801,0.031748,-0.038468,0.01757,0.49251
1032,2,20,-0.020159,0.023041,0.68818,0.031987,-0.036721,0.017218,0.49304
1034,2,20,-0.019193,0.023083,0.68856,0.032167,-0.034795,0.01685,0.49377
1036,2,20,-0.018356,0.023124,0.68911,0.032284,-0.032713,0.016477,0.49468
1038,2,20,-0.017655,0.023164,0.68981,0.032336,-0.030501,0.01611,0.49571
1040,2,20,-0.017094,0.023206,0.69063,0.032322,-0.028193,0.015757,0.49681
1042,2,20,-0.016676,0.023252,0.69152,0.032245,-0.025824,0.015424,0.49796
1044,2,20,-0.016404,0.023301,0.69247,0.032112,-0.023436,0.015119,0.4991
1046,2,20,-0.016278,0.023356,0.69342,0.031929,-0.021069,0.014847,0.5002
1048,2,20,-0.016295,0.023416,0.69435,0.031704,-0.018764,0.014615,0.50121
1050,2,20,-0.016455,0.023482,0.69522,0.03145,-0.016564,0.014428,0.50212
1052,2,20,-0.016753,0.023553,0.696,0.031176,-0.014505,0.014294,0.50289
1054,2,20,-0.017183,0.023628,0.69668,0.030892,-0.012622,0.014217,0.5035
1056,2,20,-0.017739,0.023707,0.69723,0.030611,-0.010945,0.014198,0.50394
1058,2,20,-0.018413,0.023788,0.69765,0.03034,-0.0094979,0.014236,0.5042
1060,2,20,-0.019195,0.023869,0.69792,0.030087,-0.0082996,0.014322,0.50429
1062,2,20,-0.020075,0.023949,0.69804,0.029859,-0.0073627,0.014445,0.5042
1064,2,20,-0.021043,0.024024,0.69802,0.029659,-0.0066938,0.014587,0.50394
1066,2,20,-0.022086,0.024093,0.69785,0.029491,-0.0062937,0.014728,0.50352
1068,2,20,-0.023192,0.024153,0.69756,0.029354,-0.0061578,0.014848,0.50296
1070,2,20,-0.024348,0.024202,0.69714,0.029249,-0.0062764,0.014925,0.50225
1072,2,20,-0.02554,0.024238,0.69661,0.029173,-0.0066357,0.014941,0.50143
1074,2,20,-0.026755,0.024259,0.69598,0.029123,-0.007218,0.014882,0.5005
1076,2,20,-0.02798,0.024264,0.69527,0.029094,-0.0080031,0.014739,0.49948
1078,2,20,-0.029199,0.024251,0.69448,0.029081,-0.0089687,0.014508,0.49837
1080,2,20,-0.030402,0.024219,0.69362,0.029079,-0.010092,0.014193,0.49718
1082,2,20,-0.031574,0.024168,0.69271,0.02908,-0.011348,0.013802,0.49592
1084,2,20,-0.032703,0.024096,0.69176,0.02908,-0.012715,0.013353,0.49459
1086,2,20,-0.033778,0.024004,0.69076,0.029069,-0.01417,0.012866,0.49321
1088,2,20,-0.034788,0.023892,0.68973,0.029043,-0.015692,0.01237,0.49175
1090,2,20,-0.035723,0.023759,0.68867,0.028994,-0.017262,0.011897,0.49024
1092,2,20,-0.036575,0.023608,0.68759,0.028917,-0.01886,0.011482,0.48867
1094,2,20,-0.037335,0.023439,0.68649,0.028808,-0.02047,0.011159,0.48704
1096,2,20,-0.037998,0.023251,0.68538,0.028664,-0.022074,0.010957,0.48535
1098,2,20,-0.038557,0.023048,0.68425,0.028483,-0.023656,0.010896,0.48362
1100,2,20,-0.03901,0.02283,0.68312,0.028266,-0.025198,0.010983,0.48183
1102,2,20,-0.039354,0.022598,0.68198,0.028015,-0.026683,0.011212,0.48001
1104,2,20,-0.039587,0.022353,0.68084,0.027733,-0.028094,0.011562,0.47816
1106,2,20,-0.039709,0.022097,0.6797,0.027427,-0.02941,0.012006,0.47629
1108,2,20,-0.039722,0.021832,0.67857,0.027103,-0.030614,0.012515,0.47442
1110,2,20,-0.039628,0.021558,0.67745,0.026769,-0.031686,0.013058,0.47256
1112,2,20,-0.039432,0.021278,0.67635,0.026432,-0.032608,0.01361,0.47073
1114,2,20,-0.039137,0.020992,0.67527,0.026101,-0.033363,0.014149,0.46893
1116,2,20,-0.038751,0.020703,0.67421,0.025783,-0.033936,0.014655,0.46719
1118,2,20,-0.038279,0.020412,0.67318,0.025485,-0.034317,0.015118,0.46551
1120,2,20,-0.03773,0.020121,0.67218,0.025214,-0.034498,0.015528,0.46391
1122,2,20,-0.037112,0.019832,0.67122,0.024973,-0.034475,0.01588,0.46238
1124,2,20,-0.036435,0.019546,0.67028,0.024767,-0.034252,0.016174,0.46094
1126,2,20,-0.035707,0.019266,0.66938,0.0246,-0.033836,0.016411,0.45957
1128,2,20,-0.034938,0.018995,0.6685,0.024474,-0.03324,0.016598,0.45828
1130,2,20,-0.034139,0.018733,0.66764,0.024392,-0.032483,0.016741,0.45704
1132,2,20,-0.033319,0.018485,0.66678,0.024356,-0.031589,0.016851,0.45586
1134,2,20,-0.032489,0.018252,0.66591,0.024368,-0.030584,0.016937,0.45472
1136,2,20,-0.031658,0.018037,0.66502,0.024429,-0.029501,0.01701,0.45359
1138,2,20,-0.030835,0.017842,0.66409,0.024539,-0.028369,0.01708,0.45245
1140,2,20,-0.030029,0.01767,0.6631,0.024698,-0.027223,0.017155,0.4513
1142,2,20,-0.029248,0.017523,0.66205,0.024906,-0.026093,0.01724,0.4501
1144,2,20,-0.0285,0.017402,0.66092,0.025159,-0.025008,0.017338,0.44885
1146,2,20,-0.027792,0.017309,0.65971,0.025454,-0.023994,0.017446,0.44752
1148,2,20,-0.027129,0.017245,0.6584,0.025784,-0.023072,0.017562,0.44612
1150,2,20,-0.026516,0.01721,0.65699,0.026144,-0.022257,0.017676,0.44463
1152,2,20,-0.025956,0.017205,0.6555,0.026527,-0.021558,0.017782,0.44305
1154,2,20,-0.025453,0.017229,0.65393,0.026925,-0.020981,0.017869,0.44139
1156,2,20,-0.025008,0.017281,0.65228,0.027332,-0.020524,0.017927,0.43967
1158,2,20,-0.024621,0.017359,0.65058,0.027742,-0.020182,0.017949,0.43788
1160,2,20,-0.024292,0.017462,0.64884,0.028149,-0.019945,0.017927,0.43605
1162,2,20,-0.024019,0.017587,0.64708,0.028547,-0.019799,0.017856,0.4342
1164,2,20,-0.0238,0.017732,0.64533,0.028933,-0.01973,0.017732,0.43236
1166,2,20,-0.023631,0.017894,0.64361,0.0293,-0.019721,0.017555,0.43054
1168,2,20,-0.023507,0.018071,0.64193,0.029646,-0.019753,0.017324,0.42878
1170,2,20,-0.023423,0.018259,0.64033,0.029964,-0.019811,0.017042,0.42708
1172,2,20,-0.023372,0.018456,0.63882,0.030251,-0.019877,0.016712,0.42548
1174,2,20,-0.023349,0.018659,0.63743,0.030499,-0.019936,0.016341,0.42399
1176,2,20,-0.023347,0.018867,0.63616,0.030704,-0.019977,0.015933,0.42261
1178,2,20,-0.023356,0.019077,0.63503,0.030859,-0.019991,0.015498,0.42136
1180,2,20,-0.02337,0.019286,0.63405,0.030958,-0.019972,0.015044,0.42022
1182,2,20,-0.023381,0.019493,0.63321,0.030998,-0.019918,0.014584,0.41921
1184,2,20,-0.02338,0.019698,0.63251,0.030972,-0.019832,0.014131,0.41829
1186,2,20,-0.02336,0.019898,0.63194,0.030877,-0.019722,0.013699,0.41746
1188,2,20,-0.023313,0.020092,0.63148,0.030712,-0.019597,0.013303,0.41669
1190,2,20,-0.023232,0.020281,0.63113,0.030474,-0.019474,0.01296,0.41596
1192,2,20,-0.023111,0.020463,0.63084,0.030166,-0.01937,0.012684,0.41525
1194,2,20,-0.022943,0.020639,0.6306,0.02979,-0.019307,0.012484,0.41451
1196,2,20,-0.022723,0.020807,0.63037,0.029351,-0.019307,0.012369,0.41374
1198,2,20,-0.022446,0.020968,0.63013,0.028856,-0.019392,0.012338,0.41289
1200,2,20,-0.022109,0.021123,0.62985,0.028314,-0.019584,0.012387,0.41194
1202,2,20,-0.021709,0.02127,0.6295,0.027738,-0.019902,0.012507,0.41089
1204,2,20,-0.021245,0.021412,0.62906,0.02714,-0.020363,0.012684,0.40971
1206,2,20,-0.020715,0.021548,0.6285,0.026538,-0.020976,0.012904,0.4084
1208,2,20,-0.020121,0.021678,0.62782,0.025947,-0.021746,0.013152,0.40695
1210,2,20,-0.019463,0.021803,0.627,0.025385,-0.022672,0.013414,0.40537
1212,2,20,-0.018745,0.021923,0.62604,0.024871,-0.023744,0.013679,0.40368
1214,2,20,-0.01797,0.02204,0.62494,0.02442,-0.024944,0.013938,0.40188
1216,2,20,-0.017142,0.022153,0.62372,0.024046,-0.02625,0.014184,0.40001
1218,2,20,-0.016267,0.022263,0.62238,0.023761,-0.027629,0.014413,0.39808
1220,2,20,-0.015351,0.022371,0.62095,0.023571,-0.029047,0.014623,0.39614
1222,2,20,-0.014402,0.022478,0.61946,0.023477,-0.030463,0.014812,0.3942
1224,2,20,-0.013427,0.022584,0.61793,0.023477,-0.031834,0.014978,0.39231
1226,2,20,-0.012435,0.022689,0.6164,0.023564,-0.033116,0.015121,0.3905
1228,2,20,-0.011435,0.022795,0.61489,0.023726,-0.034267,0.01524,0.38879
1230,2,20,-0.010435,0.022902,0.61345,0.023952,-0.035248,0.015333,0.38722
1232,2,20,-0.009445,0.023011,0.6121,0.024226,-0.036023,0.015397,0.38582
1234,2,20,-0.0084749,0.023123,0.61088,0.024535,-0.036563,0.015431,0.38461
1236,2,20,-0.0075338,0.023237,0.6098,0.024866,-0.036848,0.015431,0.3836
1238,2,20,-0.0066308,0.023354,0.60889,0.025207,-0.036862,0.015395,0.38282
1240,2,20,-0.0057749,0.023476,0.60816,0.025549,-0.0366,0.015319,0.38226
1242,2,20,-0.0049745,0.023601,0.60762,0.025885,-0.036064,0.015201,0.38194
1244,2,20,-0.0042375,0.023731,0.60729,0.026208,-0.035265,0.01504,0.38185
1246,2,20,-0.0035709,0.023864,0.60715,0.026514,-0.03422,0.014839,0.38199
1248,2,20,-0.0029814,0.024002,0.60721,0.026801,-0.032953,0.0146,0.38235
1250,2,20,-0.0024743,0.024144,0.60746,0.027068,-0.031493,0.014329,0.38293
1252,2,20,-0.0020542,0.024288,0.6079,0.027313,-0.029875,0.014037,0.38371
1254,2,20,-0.0017247,0.024435,0.6085,0.027539,-0.028136,0.013734,0.38468
1256,2,20,-0.0014883,0.024583,0.60925,0.027747,-0.026314,0.013437,0.38581
1258,2,20,-0.0013463,0.024731,0.61014,0.027938,-0.024449,0.013158,0.3871
1260,2,20,-0.001299,0.024879,0.61114,0.028115,-0.02258,0.012912,0.38852
1262,2,20,-0.0013454,0.025024,0.61225,0.028279,-0.020743,0.01271,0.39005
1264,2,20,-0.0014836,0.025164,0.61344,0.028434,-0.018969,0.012559,0.39167
1266,2,20,-0.0017104,0.025299,0.61469,0.02858,-0.017287,0.012459,0.39336
1268,2,20,-0.0020217,0.025427,0.61599,0.028718,-0.015717,0.012407,0.39511
1270,2,20,-0.0024122,0.025545,0.61731,0.028848,-0.014276,0.012395,0.39688
1272,2,20,-0.0028759,0.025652,0.61863,0.028971,-0.012971,0.012411,0.39865
1274,2,20,-0.0034058,0.025746,0.61995,0.029084,-0.011805,0.012444,0.40041
1276,2,20,-0.0039941,0.025825,0.62124,0.029186,-0.010773,0.012484,0.40212
1278,2,20,-0.0046325,0.025889,0.62248,0.029276,-0.0098649,0.012522,0.40377
1280,2,20,-0.0053121,0.025934,0.62366,0.02935,-0.0090667,0.012553,0.40533
1282,2,20,-0.0060236,0.025961,0.62477,0.029409,-0.0083609,0.012576,0.40677
1284,2,20,-0.0067573,0.025967,0.62578,0.029448,-0.0077283,0.012593,0.40807
1286,2,20,-0.0075034,0.025952,0.62668,0.029469,-0.0071488,0.012608,0.40922
1288,2,20,-0.0082521,0.025915,0.62745,0.02947,-0.0066026,0.012627,0.4102
1290,2,20,-0.0089937,0.025856,0.6281,0.029451,-0.0060711,0.012659,0.41099
1292,2,20,-0.0097187,0.025774,0.6286,0.029413,-0.0055376,0.01271,0.41158
1294,2,20,-0.010418,0.025669,0.62896,0.029356,-0.0049876,0.012785,0.41197
1296,2,20,-0.011082,0.025542,0.62917,0.029282,-0.004409,0.012886,0.41215
1298,2,20,-0.011704,0.025392,0.62924,0.029192,-0.0037918,0.013012,0.41213
1300,2,20,-0.012276,0.025221,0.62916,0.029087,-0.0031286,0.01316,0.41192
1302,2,20,-0.01279,0.025028,0.62896,0.028968,-0.002414,0.013322,0.41154
1304,2,20,-0.013242,0.024815,0.62865,0.028836,-0.0016443,0.013488,0.411
1306,2,20,-0.013626,0.024583,0.62825,0.028691,-0.00081779,0.013646,0.41034
1308,2,20,-0.013939,0.024333,0.62778,0.028536,6.5755e-05,0.013784,0.40957
1310,2,20,-0.014176,0.024066,0.62726,0.02837,0.0010049,0.01389,0.40874
1312,2,20,-0.014336,0.023784,0.62672,0.028194,0.0019965,0.013954,0.40788
1314,2,20,-0.014419,0.023488,0.62618,0.02801,0.0030357,0.013968,0.40701
1316,2,20,-0.014424,0.02318,0.62568,0.027818,0.0041154,0.013925,0.40618
1318,2,20,-0.014352,0.022861,0.62523,0.027619,0.0052264,0.013823,0.4054
1320,2,20,-0.014206,0.022533,0.62485,0.027415,0.0063569,0.013661,0.40472
1322,2,20,-0.013988,0.022198,0.62456,0.027207,0.0074923,0.013443,0.40415
1324,2,20,-0.013702,0.021857,0.62438,0.026996,0.0086155,0.013173,0.40369
1326,2,20,-0.013354,0.021514,0.62429,0.026782,0.0097063,0.01286,0.40337
1328,2,20,-0.012948,0.021169,0.62431,0.026566,0.010742,0.012513,0.40317
1330,2,20,-0.012491,0.020826,0.62442,0.026348,0.011697,0.012144,0.40308
1332,2,20,-0.011989,0.020486,0.62461,0.026129,0.012545,0.011766,0.4031
1334,2,20,-0.011449,0.020154,0.62486,0.025909,0.013256,0.011394,0.4032
1336,2,20,-0.01088,0.019831,0.62514,0.025688,0.013801,0.011042,0.40334
1338,2,20,-0.010289,0.019522,0.62544,0.025468,0.014152,0.010726,0.40349
1340,2,20,-0.0096827,0.019229,0.6257,0.02525,0.014281,0.010458,0.40362
1342,2,20,-0.0090705,0.018957,0.62591,0.025038,0.014162,0.010249,0.40368
1344,2,20,-0.0084599,0.01871,0.62603,0.024833,0.013774,0.010107,0.40363
1346,2,20,-0.0078584,0.018491,0.62602,0.024642,0.013101,0.010036,0.40344
1348,2,20,-0.0072737,0.018305,0.62586,0.024467,0.012131,0.010034,0.40308
1350,2,20,-0.0067126,0.018156,0.62552,0.024315,0.010862,0.010098,0.40251
1352,2,20,-0.0061819,0.018048,0.62499,0.024191,0.009295,0.010221,0.40173
1354,2,20,-0.0056877,0.017982,0.62425,0.024099,0.0074424,0.010394,0.40072
1356,2,20,-0.0052353,0.017963,0.6233,0.024043,0.0053223,0.010607,0.39949
1358,2,20,-0.0048297,0.017992,0.62215,0.024026,0.0029609,0.010852,0.39804
1360,2,20,-0.0044749,0.018069,0.62082,0.024051,0.00039131,0.011119,0.3964
1362,2,20,-0.0041744,0.018194,0.61932,0.024117,-0.0023469,0.011402,0.39461
1364,2,20,-0.0039308,0.018365,0.61769,0.024224,-0.0052086,0.011693,0.39269
1366,2,20,-0.003746,0.018581,0.61597,0.024368,-0.008144,0.011986,0.3907
1368,2,20,-0.003621,0.018838,0.6142,0.024545,-0.0111,0.012278,0.38869
1370,2,20,-0.0035562,0.019133,0.61243,0.02475,-0.014022,0.012564,0.38671
1372,2,20,-0.003551,0.019459,0.61072,0.024975,-0.016856,0.01284,0.38483
1374,2,20,-0.0036044,0.019812,0.60912,0.025215,-0.019548,0.013105,0.3831
1376,2,20,-0.0037145,0.020186,0.60766,0.025463,-0.022049,0.013357,0.38157
1378,2,20,-0.0038787,0.020575,0.6064,0.025712,-0.024317,0.013596,0.38028
1380,2,20,-0.0040941,0.020974,0.60537,0.025956,-0.026315,0.013823,0.37927
1382,2,20,-0.0043569,0.021377,0.6046,0.026191,-0.028014,0.014038,0.37857
1384,2,20,-0.0046632,0.021779,0.6041,0.026413,-0.029398,0.014242,0.37819
1386,2,20,-0.0050085,0.022173,0.60389,0.026617,-0.030458,0.014436,0.37814
1388,2,20,-0.0053881,0.022557,0.60396,0.026801,-0.031195,0.014622,0.37841
1390,2,20,-0.0057968,0.022925,0.60429,0.026961,-0.03162,0.014799,0.37897
1392,2,20,-0.0062296,0.023275,0.60486,0.027094,-0.031754,0.014968,0.3798
1394,2,20,-0.0066812,0.023602,0.60563,0.027197,-0.031622,0.01513,0.38084
1396,2,20,-0.0071463,0.023905,0.60657,0.027268,-0.031259,0.015284,0.38206
1398,2,20,-0.0076196,0.024182,0.60764,0.027306,-0.030703,0.015432,0.38339
1400,2,20,-0.008096,0.024431,0.60877,0.027308,-0.029996,0.015576,0.38477
1402,2,20,-0.0085707,0.024652,0.60992,0.027274,-0.029181,0.015716,0.38614
1404,2,20,-0.0090389,0.024845,0.61104,0.027205,-0.028302,0.015856,0.38743
1406,2,20,-0.0094962,0.025009,0.61208,0.027101,-0.027398,0.015997,0.38859
1408,2,20,-0.0099385,0.025147,0.613,0.026963,-0.026509,0.01614,0.38958
1410,2,20,-0.010362,0.025258,0.61375,0.026794,-0.025667,0.016285,0.39033
1412,2,20,-0.010764,0.025344,0.61432,0.026596,-0.024899,0.016429,0.39083
1414,2,20,-0.01114,0.025408,0.61468,0.026371,-0.024225,0.016571,0.39105
1416,2,20,-0.01149,0.025451,0.61483,0.026122,-0.023657,0.016705,0.39097
1418,2,20,-0.01181,0.025476,0.61475,0.025851,-0.0232,0.016826,0.39061
1420,2,20,-0.012099,0.025483,0.61446,0.025563,-0.022851,0.016929,0.38997
1422,2,20,-0.012357,0.025477,0.61397,0.025261,-0.022601,0.017007,0.38909
1424,2,20,-0.012581,0.025459,0.61332,0.02495,-0.022433,0.017055,0.38798
1426,2,20,-0.012773,0.025431,0.61252,0.024635,-0.022326,0.017072,0.38671
1428,2,20,-0.012932,0.025395,0.61162,0.024323,-0.022255,0.017053,0.38532
1430,2,20,-0.013058,0.025352,0.61065,0.02402,-0.022192,0.017001,0.38385
1432,2,20,-0.013153,0.025306,0.60965,0.023734,-0.022108,0.016916,0.38238
1434,2,20,-0.013217,0.025255,0.60868,0.02347,-0.021976,0.016803,0.38095
1436,2,20,-0.013253,0.025203,0.60775,0.023236,-0.021768,0.016666,0.37962
1438,2,20,-0.01326,0.025149,0.60692,0.023037,-0.021462,0.016513,0.37843
1440,2,20,-0.013242,0.025094,0.60621,0.022875,-0.02104,0.016348,0.37743
1442,2,20,-0.0132,0.025039,0.60565,0.022752,-0.020492,0.016178,0.37665
1444,2,20,-0.013135,0.024985,0.60526,0.022669,-0.019813,0.016007,0.37611
1446,2,20,-0.013051,0.02493,0.60506,0.022622,-0.019007,0.015839,0.37582
1448,2,20,-0.012948,0.024877,0.60504,0.022609,-0.018085,0.015673,0.37579
1450,2,20,-0.012829,0.024824,0.60522,0.022623,-0.017068,0.015511,0.37601
1452,2,20,-0.012695,0.024772,0.60557,0.02266,-0.015982,0.01535,0.37647
1454,2,20,-0.01255,0.024722,0.60609,0.022713,-0.014861,0.015189,0.37714
1456,2,20,-0.012393,0.024672,0.60675,0.022776,-0.013741,0.015026,0.378
1458,2,20,-0.012227,0.024625,0.60753,0.022845,-0.012663,0.014862,0.379
1460,2,20,-0.012054,0.024579,0.60839,0.022916,-0.011669,0.014698,0.38012
1462,2,20,-0.011874,0.024535,0.60932,0.022984,-0.010796,0.014539,0.38131
1464,2,20,-0.011689,0.024495,0.61027,0.023048,-0.010081,0.014391,0.38253
1466,2,20,-0.0115,0.024456,0.61123,0.023104,-0.0095523,0.01426,0.38374
1468,2,20,-0.011307,0.024421,0.61216,0.023151,-0.0092342,0.014153,0.38492
1470,2,20,-0.011112,0.024389,0.61304,0.023186,-0.0091416,0.014077,0.38604
1472,2,20,-0.010915,0.024361,0.61386,0.023208,-0.009282,0.014033,0.38706
1474,2,20,-0.010716,0.024335,0.61461,0.023217,-0.0096549,0.014019,0.38799
1476,2,20,-0.010516,0.024313,0.61528,0.023212,-0.010252,0.014031,0.3888
1478,2,20,-0.010316,0.024292,0.61586,0.023194,-0.01106,0.01406,0.3895
1480,2,20,-0.010114,0.024274,0.61636,0.023166,-0.012056,0.014094,0.3901
1482,2,20,-0.009912,0.024256,0.61678,0.02313,-0.013217,0.014124,0.39059
1484,2,20,-0.0097094,0.024239,0.61714,0.023091,-0.014513,0.014139,0.39099
1486,2,20,-0.0095066,0.02422,0.61744,0.023057,-0.015911,0.014134,0.39133
1488,2,20,-0.0093037,0.024199,0.61769,0.023036,-0.017378,0.014109,0.39162
1490,2,20,-0.0091009,0.024174,0.61789,0.023034,-0.018878,0.014066,0.39187
1492,2,20,-0.0088985,0.024145,0.61807,0.023061,-0.020376,0.014017,0.39212
1494,2,20,-0.0086967,0.024109,0.61823,0.023124,-0.021838,0.013974,0.39236
1496,2,20,-0.0084962,0.024066,0.61837,0.023227,-0.023231,0.013955,0.39263
1498,2,20,-0.0082975,0.024015,0.61849,0.023375,-0.024525,0.013979,0.39292
1500,2,20,-0.0081013,0.023955,0.61861,0.023568,-0.025692,0.014064,0.39324
1502,2,20,-0.0079083,0.023885,0.61873,0.023802,-0.026712,0.014225,0.39359
1504,2,20,-0.0077196,0.023806,0.61883,0.024072,-0.027566,0.014471,0.39397
1506,2,20,-0.0075362,0.023716,0.61893,0.02437,-0.028242,0.014803,0.39436
1508,2,20,-0.0073594,0.023617,0.61901,0.024687,-0.028735,0.015217,0.39476
1510,2,20,-0.0071904,0.023509,0.61907,0.025014,-0.029046,0.015702,0.39514
1512,2,20,-0.0070307,0.023394,0.6191,0.025341,-0.029179,0.016242,0.39549
1514,2,20,-0.0068819,0.023271,0.6191,0.025658,-0.029145,0.016816,0.39579
1516,2,20,-0.0067455,0.023144,0.61904,0.025957,-0.028961,0.017405,0.39601
1518,2,20,-0.0066231,0.023014,0.61893,0.026233,-0.028646,0.017987,0.39616
1520,2,20,-0.0065165,0.022882,0.61877,0.026481,-0.028219,0.018541,0.39619
1522,2,20,-0.0064272,0.022752,0.61853,0.026698,-0.027704,0.019049,0.39612
1524,2,20,-0.006357,0.022626,0.61822,0.026882,-0.027122,0.019494,0.39593
1526,2,20,-0.0063075,0.022505,0.61784,0.027035,-0.026493,0.019863,0.39562
1528,2,20,-0.00628,0.022393,0.6174,0.027158,-0.025834,0.020145,0.3952
1530,2,20,-0.0062761,0.022292,0.6169,0.027252,-0.025158,0.020334,0.39468
1532,2,20,-0.0062969,0.022204,0.61636,0.027319,-0.024478,0.020426,0.39408
1534,2,20,-0.0063436,0.022131,0.61579,0.027363,-0.023797,0.020423,0.39342
1536,2,20,-0.0064169,0.022075,0.61521,0.027385,-0.023119,0.02033,0.39274
1538,2,20,-0.0065175,0.022036,0.61466,0.027387,-0.022441,0.020155,0.39206
1540,2,20,-0.0066459,0.022017,0.61415,0.027371,-0.02176,0.019912,0.39142
1542,2,20,-0.0068021,0.022017,0.61372,0.027337,-0.02107,0.019617,0.39086
1544,2,20,-0.0069859,0.022038,0.6134,0.027284,-0.020361,0.019287,0.39041
1546,2,20,-0.0071969,0.022078,0.61322,0.027213,-0.019628,0.018941,0.39011
1548,2,20,-0.0074342,0.022137,0.6132,0.027122,-0.018862,0.0186,0.38999
1550,2,20,-0.0076969,0.022215,0.61337,0.02701,-0.018057,0.01828,0.39008
1552,2,20,-0.0079835,0.022309,0.61375,0.026876,-0.017208,0.017997,0.39041
1554,2,20,-0.0082923,0.022419,0.61434,0.02672,-0.016314,0.017761,0.39098
1556,2,20,-0.0086212,0.022542,0.61517,0.02654,-0.015375,0.01758,0.39181
1558,2,20,-0.008968,0.022676,0.61622,0.026336,-0.014395,0.017456,0.3929
1560,2,20,-0.00933,0.022819,0.61749,0.026111,-0.013379,0.017385,0.39424
1562,2,20,-0.0097045,0.022969,0.61896,0.025865,-0.012337,0.017361,0.39582
1564,2,20,-0.010088,0.023122,0.62062,0.025603,-0.011278,0.017374,0.39762
1566,2,20,-0.010478,0.023275,0.62243,0.025328,-0.010216,0.017414,0.3996
1568,2,20,-0.010871,0.023426,0.62436,0.025048,-0.0091626,0.017469,0.40174
1570,2,20,-0.011262,0.023572,0.62637,0.024768,-0.0081325,0.017529,0.404
1572,2,20,-0.011649,0.02371,0.62843,0.024496,-0.0071388,0.017585,0.40633
1574,2,20,-0.012028,0.023838,0.6305,0.024241,-0.0061941,0.017627,0.40869
1576,2,20,-0.012395,0.023951,0.63252,0.02401,-0.0053091,0.017649,0.41103
1578,2,20,-0.012746,0.024048,0.63446,0.02381,-0.0044927,0.017644,0.41331
1580,2,20,-0.013078,0.024126,0.63628,0.023647,-0.0037508,0.017607,0.41548
1582,2,20,-0.013387,0.024182,0.63796,0.023526,-0.0030869,0.017533,0.41751
1584,2,20,-0.013671,0.024214,0.63945,0.023448,-0.0025016,0.01742,0.41935
1586,2,20,-0.013924,0.02422,0.64074,0.023414,-0.0019928,0.017263,0.42096
1588,2,20,-0.014146,0.024199,0.6418,0.02342,-0.0015565,0.017062,0.42233
1590,2,20,-0.014333,0.024149,0.64262,0.023464,-0.0011868,0.016818,0.42342
1592,2,20,-0.014483,0.024068,0.64319,0.02354,-0.00087691,0.016531,0.42422
1594,2,20,-0.014594,0.023956,0.64351,0.023641,-0.00061971,0.016207,0.42472
1596,2,20,-0.014664,0.023812,0.64357,0.023761,-0.00040847,0.015851,0.4249
1598,2,20,-0.014691,0.023637,0.64337,0.02389,-0.00023755,0.015468,0.42477
1600,2,20,-0.014676,0.02343,0.64293,0.024023,-0.00010307,0.015068,0.42433
1602,2,20,-0.014618,0.023194,0.64226,0.024151,-3.3874e-06,0.014656,0.42358
1604,2,20,-0.014515,0.022928,0.64136,0.024267,6.0452e-05,0.014242,0.42253
1606,2,20,-0.01437,0.022635,0.64025,0.024365,8.4521e-05,0.013831,0.4212
1608,2,20,-0.014182,0.022318,0.63895,0.024439,6.198e-05,0.013429,0.41961
1610,2,20,-0.013952,0.021978,0.63748,0.024486,-1.6712e-05,0.013041,0.41777
1612,2,20,-0.013683,0.02162,0.63585,0.024501,-0.00016336,0.012673,0.41571
1614,2,20,-0.013375,0.021246,0.63408,0.024482,-0.00039136,0.012329,0.41344
1616,2,20,-0.013032,0.020861,0.63219,0.02443,-0.00071489,0.012016,0.411
1618,2,20,-0.012655,0.020468,0.6302,0.024345,-0.0011479,0.011742,0.40841
1620,2,20,-0.012247,0.020073,0.62813,0.024228,-0.0017033,0.01152,0.4057
1622,2,20,-0.011812,0.019679,0.626,0.024084,-0.0023915,0.011362,0.4029
1624,2,20,-0.011352,0.019292,0.62384,0.023916,-0.0032198,0.011282,0.40004
1626,2,20,-0.010871,0.018915,0.62165,0.023729,-0.0041914,0.011289,0.39715
1628,2,20,-0.010372,0.018555,0.61948,0.023528,-0.0053049,0.011392,0.39427
1630,2,20,-0.0098593,0.018214,0.61734,0.023319,-0.0065531,0.011587,0.39144
1632,2,20,-0.0093358,0.017896,0.61526,0.023107,-0.0079231,0.011866,0.38869
1634,2,20,-0.0088052,0.017605,0.61327,0.022895,-0.009396,0.012212,0.38605
1636,2,20,-0.0082711,0.017344,0.6114,0.022686,-0.010947,0.012602,0.38358
1638,2,20,-0.007737,0.017115,0.60968,0.022483,-0.012545,0.013009,0.38131
1640,2,20,-0.007206,0.016918,0.60815,0.022286,-0.014155,0.01341,0.37928
1642,2,20,-0.0066813,0.016755,0.60684,0.022094,-0.015738,0.013781,0.37752
1644,2,20,-0.0061658,0.016626,0.60577,0.021908,-0.017252,0.014102,0.37608
1646,2,20,-0.0056621,0.016529,0.60499,0.021727,-0.018655,0.01436,0.37498
1648,2,20,-0.0051726,0.016464,0.60451,0.021549,-0.019906,0.014545,0.37426
1650,2,20,-0.0046995,0.016429,0.60435,0.021376,-0.020967,0.014655,0.37392
1652,2,20,-0.0042444,0.016422,0.60453,0.021209,-0.021804,0.01469,0.374
1654,2,20,-0.003809,0.01644,0.60505,0.021049,-0.02239,0.014658,0.3745
1656,2,20,-0.0033942,0.016482,0.60591,0.020898,-0.022707,0.014565,0.37543
1658,2,20,-0.003001,0.016545,0.6071,0.02076,-0.022742,0.014425,0.37676
1660,2,20,-0.0026297,0.016628,0.60861,0.020638,-0.022495,0.014249,0.3785
1662,2,20,-0.0022806,0.016727,0.61041,0.020533,-0.021973,0.014049,0.38061
1664,2,20,-0.0019533,0.016843,0.61247,0.020448,-0.021192,0.013839,0.38307
1666,2,20,-0.0016474,0.016972,0.61476,0.020383,-0.020179,0.013628,0.38583
1668,2,20,-0.0013621,0.017114,0.61724,0.020338,-0.018965,0.013426,0.38884
1670,2,20,-0.0010964,0.017268,0.61986,0.020312,-0.017592,0.013242,0.39206
1672,2,20,-0.00084889,0.017433,0.62257,0.020304,-0.016104,0.013081,0.39542
1674,2,20,-0.0006182,0.017608,0.62532,0.02031,-0.014549,0.012951,0.39886
1676,2,20,-0.00040262,0.017793,0.62807,0.020327,-0.012978,0.012855,0.40232
1678,2,20,-0.00020033,0.017986,0.63077,0.02035,-0.01144,0.0128,0.40574
1680,2,20,-9.4421e-06,0.018187,0.63337,0.020377,-0.0099815,0.01279,0.40904
1682,2,20,0.00017202,0.018395,0.63583,0.020401,-0.0086466,0.012829,0.41218
1684,2,20,0.00034604,0.018608,0.63811,0.020418,-0.0074725,0.012923,0.4151
1686,2,20,0.0005146,0.018826,0.64018,0.020423,-0.0064897,0.013072,0.41775
1688,2,20,0.00067961,0.019046,0.64201,0.020413,-0.0057213,0.013279,0.42009
1690,2,20,0.00084289,0.019267,0.64358,0.020383,-0.0051816,0.013542,0.4221
1692,2,20,0.0010061,0.019488,0.64489,0.020331,-0.0048771,0.013856,0.42373
1694,2,20,0.0011709,0.019705,0.64591,0.020254,-0.0048059,0.014214,0.42499
1696,2,20,0.0013384,0.019918,0.64665,0.020154,-0.0049588,0.014607,0.42587
1698,2,20,0.0015099,0.020124,0.64711,0.02003,-0.0053202,0.015025,0.42638
1700,2,20,0.0016862,0.02032,0.6473,0.019888,-0.0058689,0.015456,0.42651
1702,2,20,0.0018679,0.020504,0.64723,0.019733,-0.0065795,0.015889,0.4263
1704,2,20,0.0020553,0.020676,0.64692,0.019573,-0.0074233,0.016313,0.42578
1706,2,20,0.0022483,0.020832,0.64637,0.019418,-0.0083697,0.016719,0.42496
1708,2,20,0.0024467,0.020971,0.64563,0.01928,-0.0093869,0.017099,0.4239
1710,2,20,0.0026498,0.021091,0.64469,0.019172,-0.010443,0.017444,0.42261
1712,2,20,0.0028567,0.021193,0.6436,0.019106,-0.011506,0.017752,0.42115
1714,2,20,0.0030662,0.021273,0.64235,0.019093,-0.012547,0.018017,0.41955
1716,2,20,0.0032766,0.021333,0.64099,0.019144,-0.013536,0.018236,0.41783
1718,2,20,0.0034863,0.021372,0.63953,0.019263,-0.014447,0.018408,0.41604
1720,2,20,0.0036931,0.021391,0.63798,0.019451,-0.015258,0.018531,0.41421
1722,2,20,0.0038946,0.021389,0.63637,0.019708,-0.015947,0.018604,0.41234
1724,2,20,0.0040883,0.021368,0.63471,0.020024,-0.016498,0.018625,0.41048
1726,2,20,0.0042715,0.021329,0.63303,0.020389,-0.016898,0.018592,0.40862
1728,2,20,0.0044414,0.021273,0.63133,0.020788,-0.017141,0.018503,0.40679
1730,2,20,0.0045949,0.021203,0.62963,0.021205,-0.017222,0.018355,0.40498
1732,2,20,0.0047289,0.02112,0.62795,0.021624,-0.017144,0.018145,0.40321
1734,2,20,0.0048403,0.021026,0.62629,0.022028,-0.016913,0.01787,0.40146
1736,2,20,0.004926,0.020925,0.62467,0.022402,-0.016542,0.017529,0.39975
1738,2,20,0.004983,0.020817,0.62309,0.022735,-0.016047,0.017118,0.39806
1740,2,20,0.0050083,0.020705,0.62156,0.023015,-0.015448,0.01664,0.3964
1742,2,20,0.0049989,0.020592,0.62008,0.023238,-0.014771,0.016095,0.39476
1744,2,20,0.0049521,0.02048,0.61867,0.0234,-0.01404,0.015489,0.39315
1746,2,20,0.0048655,0.020371,0.61732,0.023502,-0.013283,0.014829,0.39157
1748,2,20,0.0047367,0.020266,0.61603,0.023547,-0.012526,0.014126,0.39003
1750,2,20,0.0045637,0.020167,0.61481,0.023543,-0.011796,0.013396,0.38853
1752,2,20,0.0043448,0.020075,0.61367,0.023498,-0.011113,0.01266,0.38708
1754,2,20,0.0040785,0.019991,0.61261,0.023421,-0.010496,0.011943,0.38571
1756,2,20,0.0037638,0.019917,0.61163,0.023323,-0.0099586,0.011275,0.38442
1758,2,20,0.0033999,0.019851,0.61074,0.023212,-0.009509,0.010691,0.38324
1760,2,20,0.0029865,0.019795,0.60996,0.023097,-0.0091501,0.010226,0.38219
1762,2,20,0.0025236,0.019748,0.6093,0.022984,-0.0088802,0.0099118,0.38129
1764,2,20,0.0020116,0.019709,0.60878,0.022878,-0.0086934,0.009772,0.38056
1766,2,20,0.0014513,0.019679,0.60841,0.022778,-0.0085807,0.0098141,0.38002
1768,2,20,0.00084398,0.019657,0.60821,0.022685,-0.0085307,0.010029,0.3797
1770,2,20,0.00019114,0.019642,0.6082,0.022595,-0.0085314,0.010393,0.3796
1772,2,20,-0.00050527,0.019634,0.60838,0.022504,-0.0085705,0.010873,0.37975
1774,2,20,-0.001243,0.019632,0.60877,0.022407,-0.0086367,0.011435,0.38014
1776,2,20,-0.0020193,0.019636,0.60938,0.022299,-0.0087197,0.012047,0.38079
1778,2,20,-0.0028314,0.019644,0.6102,0.022174,-0.0088109,0.01268,0.38169
1780,2,20,-0.0036761,0.019658,0.61124,0.022028,-0.0089032,0.013311,0.38284
1782,2,20,-0.0045498,0.019676,0.61249,0.021856,-0.0089908,0.013925,0.38421
1784,2,20,-0.005449,0.019698,0.61392,0.021655,-0.0090692,0.014509,0.38581
1786,2,20,-0.0063697,0.019725,0.61552,0.021424,-0.0091352,0.015054,0.38759
1788,2,20,-0.007308,0.019755,0.61727,0.02116,-0.0091865,0.015557,0.38953
1790,2,20,-0.0082598,0.019789,0.61913,0.020865,-0.0092223,0.016015,0.3916
1792,2,20,-0.0092209,0.019826,0.62108,0.02054,-0.0092425,0.016429,0.39376
1794,2,20,-0.010187,0.019867,0.62307,0.020187,-0.0092485,0.016799,0.39596
1796,2,20,-0.011154,0.019911,0.62507,0.019812,-0.0092426,0.017127,0.39817
1798,2,20,-0.012118,0.019957,0.62704,0.019419,-0.0092278,0.017417,0.40034
1800,2,20,-0.013075,0.020004,0.62893,0.019013,-0.009208,0.017668,0.40242
1802,2,20,-0.01402,0.020053,0.6307,0.018602,-0.0091871,0.017884,0.40436
1804,2,20,-0.01495,0.020101,0.63232,0.018193,-0.0091687,0.018065,0.40612
1806,2,20,-0.015862,0.020148,0.63376,0.017792,-0.0091562,0.01821,0.40767
1808,2,20,-0.016751,0.020192,0.63498,0.017407,-0.0091519,0.018321,0.40895
1810,2,20,-0.017616,0.020233,0.63595,0.017047,-0.0091571,0.018397,0.40995
1812,2,20,-0.018453,0.020269,0.63665,0.016718,-0.0091719,0.018437,0.41063
1814,2,20,-0.019259,0.020298,0.63706,0.016429,-0.009195,0.018442,0.41097
1816,2,20,-0.020032,0.02032,0.63718,0.016187,-0.0092242,0.018412,0.41097
1818,2,20,-0.02077,0.020333,0.63699,0.015998,-0.0092561,0.018345,0.41062
1820,2,20,-0.021472,0.020337,0.6365,0.015869,-0.0092867,0.018242,0.40992
1822,2,20,-0.022137,0.020331,0.63572,0.015804,-0.0093117,0.018103,0.40889
1824,2,20,-0.022763,0.020314,0.63467,0.015806,-0.0093263,0.017927,0.40755
1826,2,20,-0.023349,0.020287,0.63336,0.015877,-0.0093261,0.017714,0.40594
1828,2,20,-0.023897,0.020249,0.63184,0.016018,-0.0093069,0.017464,0.40409
1830,2,20,-0.024405,0.020202,0.63013,0.016226,-0.0092651,0.017177,0.40206
1832,2,20,-0.024873,0.020147,0.62827,0.0165,-0.0091978,0.016853,0.3999
1834,2,20,-0.025304,0.020084,0.62632,0.016835,-0.0091026,0.016493,0.39766
1836,2,20,-0.025697,0.020016,0.62432,0.017225,-0.0089778,0.016097,0.39541
1838,2,20,-0.026054,0.019945,0.62232,0.017664,-0.0088223,0.01567,0.39321
1840,2,20,-0.026376,0.019872,0.62037,0.018144,-0.0086352,0.015213,0.39111
1842,2,20,-0.026665,0.019801,0.61853,0.018658,-0.008416,0.014731,0.38919
1844,2,20,-0.026922,0.019733,0.61684,0.019197,-0.0081644,0.014232,0.3875
1846,2,20,-0.027151,0.019672,0.61535,0.019752,-0.00788,0.013721,0.38607
1848,2,20,-0.027352,0.019619,0.6141,0.020314,-0.0075627,0.01321,0.38496
1850,2,20,-0.027528,0.019576,0.61311,0.020874,-0.0072125,0.01271,0.38418
1852,2,20,-0.027681,0.019546,0.6124,0.021424,-0.0068295,0.012233,0.38375
1854,2,20,-0.027814,0.019529,0.61199,0.021956,-0.0064145,0.011793,0.38369
1856,2,20,-0.027929,0.019526,0.61187,0.022462,-0.0059689,0.011402,0.38397
1858,2,20,-0.028028,0.019538,0.61204,0.022936,-0.0054948,0.011071,0.38458
1860,2,20,-0.028114,0.019563,0.61246,0.023374,-0.0049955,0.01081,0.38549
1862,2,20,-0.028189,0.019602,0.61311,0.023772,-0.0044753,0.010623,0.38664
1864,2,20,-0.028256,0.019652,0.61394,0.024126,-0.0039395,0.010512,0.38798
1866,2,20,-0.028315,0.019711,0.6149,0.024435,-0.0033943,0.010473,0.38944
1868,2,20,-0.028369,0.019778,0.61593,0.024699,-0.0028468,0.0105,0.39096
1870,2,20,-0.028421,0.019848,0.61697,0.024917,-0.0023044,0.010582,0.39245
1872,2,20,-0.028471,0.01992,0.61797,0.025092,-0.0017748,0.010709,0.39385
1874,2,20,-0.028521,0.01999,0.61885,0.025226,-0.0012657,0.010871,0.39507
1876,2,20,-0.028573,0.020054,0.61956,0.025319,-0.00078422,0.011056,0.39604
1878,2,20,-0.028628,0.020109,0.62006,0.025376,-0.00033694,0.011255,0.3967
1880,2,20,-0.028686,0.020153,0.62028,0.025399,7.0359e-05,0.011458,0.397
1882,2,20,-0.028749,0.020183,0.6202,0.025391,0.00043281,0.011659,0.3969
1884,2,20,-0.028817,0.020196,0.61979,0.025355,0.00074657,0.011851,0.39635
1886,2,20,-0.02889,0.020191,0.61903,0.025293,0.0010088,0.012027,0.39536
1888,2,20,-0.02897,0.020165,0.61793,0.02521,0.0012176,0.012183,0.39391
1890,2,20,-0.029056,0.020117,0.61648,0.025107,0.0013722,0.012315,0.39203
1892,2,20,-0.029148,0.020047,0.61472,0.024987,0.0014727,0.012421,0.38975
1894,2,20,-0.029246,0.019955,0.61267,0.024854,0.0015199,0.012499,0.38711
1896,2,20,-0.02935,0.019841,0.61039,0.024709,0.0015155,0.012548,0.38417
1898,2,20,-0.02946,0.019705,0.60791,0.024555,0.0014621,0.01257,0.38101
1900,2,20,-0.029574,0.019549,0.6053,0.024396,0.0013627,0.012567,0.3777
1902,2,20,-0.029693,0.019374,0.60264,0.024235,0.0012209,0.012544,0.37433
1904,2,20,-0.029816,0.019183,0.59998,0.024073,0.0010408,0.012506,0.37099
1906,2,20,-0.029942,0.018976,0.59741,0.023916,0.00082681,0.01246,0.36776
1908,2,20,-0.03007,0.018757,0.59499,0.023765,0.00058361,0.012412,0.36474
1910,2,20,-0.0302,0.018528,0.5928,0.023623,0.00031599,0.012372,0.36202
1912,2,20,-0.030331,0.018293,0.5909,0.023494,2.8758e-05,0.012347,0.35965
1914,2,20,-0.030463,0.018053,0.58935,0.023382,-0.00027334,0.012345,0.35772
1916,2,20,-0.030594,0.017812,0.5882,0.023287,-0.00058574,0.01237,0.35628
1918,2,20,-0.030723,0.017572,0.58748,0.023212,-0.00090408,0.012429,0.35537
1920,2,20,-0.030851,0.017336,0.58723,0.02316,-0.0012243,0.012521,0.35503
1922,2,20,-0.030976,0.017106,0.58745,0.023131,-0.0015427,0.012648,0.35526
1924,2,20,-0.031099,0.016885,0.58815,0.023125,-0.001856,0.012807,0.35608
1926,2,20,-0.031217,0.016675,0.58931,0.023143,-0.002161,0.012993,0.35746
1928,2,20,-0.031332,0.016476,0.59092,0.023183,-0.0024554,0.013203,0.3594
1930,2,20,-0.031442,0.016291,0.59294,0.023245,-0.0027369,0.013429,0.36184
1932,2,20,-0.031547,0.01612,0.59533,0.023326,-0.0030037,0.013666,0.36476
1934,2,20,-0.031647,0.015963,0.59805,0.023424,-0.0032545,0.013908,0.36809
1936,2,20,-0.031741,0.015822,0.60105,0.023536,-0.0034883,0.014151,0.37178
1938,2,20,-0.03183,0.015695,0.60426,0.023661,-0.0037045,0.014388,0.37577
1940,2,20,-0.031914,0.015582,0.60764,0.023796,-0.0039028,0.014617,0.37999
1942,2,20,-0.031992,0.015483,0.61113,0.023936,-0.0040831,0.014834,0.38437
1944,2,20,-0.032064,0.015397,0.61468,0.024082,-0.0042458,0.015038,0.38885
1946,2,20,-0.032131,0.015323,0.61824,0.024229,-0.0043913,0.015228,0.39338
1948,2,20,-0.032192,0.01526,0.62177,0.024376,-0.0045203,0.015401,0.39788
1950,2,20,-0.032248,0.015207,0.62521,0.02452,-0.0046336,0.015559,0.40232
1952,2,20,-0.032299,0.015162,0.62855,0.024662,-0.0047321,0.015702,0.40663
1954,2,20,-0.032345,0.015125,0.63175,0.024798,-0.0048169,0.015829,0.41079
1956,2,20,-0.032386,0.015094,0.63478,0.024928,-0.004889,0.015942,0.41475
1958,2,20,-0.032423,0.015069,0.63763,0.025051,-0.0049496,0.016042,0.4185
1960,2,20,-0.032456,0.015049,0.64029,0.025166,-0.0049996,0.016129,0.42201
1962,2,20,-0.032486,0.015032,0.64275,0.025274,-0.0050403,0.016205,0.42526
1964,2,20,-0.032511,0.015019,0.645,0.025373,-0.0050727,0.016271,0.42825
1966,2,20,-0.032534,0.015008,0.64704,0.025465,-0.0050979,0.016327,0.43099
1968,2,20,-0.032553,0.014999,0.64889,0.025548,-0.0051168,0.016375,0.43346
1970,2,20,-0.03257,0.014991,0.65054,0.025623,-0.0051303,0.016416,0.43568
1972,2,20,-0.032585,0.014985,0.652,0.02569,-0.0051392,0.01645,0.43765
1974,2,20,-0.032597,0.01498,0.6533,0.025751,-0.0051445,0.016479,0.43939
1976,2,20,-0.032608,0.014976,0.65443,0.025804,-0.0051467,0.016503,0.44092
1978,2,20,-0.032616,0.014973,0.65541,0.025851,-0.0051466,0.016523,0.44225
1980,2,20,-0.032624,0.014969,0.65625,0.025892,-0.0051446,0.016539,0.4434
1982,2,20,-0.03263,0.014967,0.65697,0.025928,-0.0051413,0.016552,0.44438
1984,2,20,-0.032635,0.014964,0.65758,0.025959,-0.0051371,0.016563,0.44522
1986,2,20,-0.032639,0.014962,0.65809,0.025985,-0.0051323,0.016571,0.44592
1988,2,20,-0.032642,0.01496,0.65852,0.026007,-0.0051272,0.016578,0.44651
1990,2,20,-0.032645,0.014958,0.65888,0.026026,-0.005122,0.016583,0.44699
1992,2,20,-0.032647,0.014957,0.65917,0.026042,-0.005117,0.016587,0.44739
1994,2,20,-0.032649,0.014955,0.65941,0.026055,-0.0051122,0.01659,0.44772
1996,2,20,-0.03265,0.014954,0.6596,0.026066,-0.0051078,0.016593,0.44798
1998,2,20,-0.032651,0.014953,0.65975,0.026075,-0.0051037,0.016595,0.44819
-500,3,20,-0.028312,0.026338,1.1524,0.036131,-0.023215,0.02762,1.3529
-498,3,20,-0.025047,0.024652,1.0722,0.033418,-0.022103,0.025599,1.1707
-496,3,20,-0.021786,0.02306,0.99485,0.03077,-0.020739,0.023602,1.0077
-494,3,20,-0.018549,0.021584,0.92139,0.028217,-0.019089,0.021639,0.86408
-492,3,20,-0.015356,0.020244,0.85269,0.025797,-0.017117,0.019726,0.73973
-490,3,20,-0.012225,0.019058,0.78968,0.023558,-0.014797,0.017881,0.63414
-488,3,20,-0.0091751,0.018041,0.73324,0.021559,-0.012122,0.01613,0.54647
-486,3,20,-0.0062251,0.017203,0.68415,0.019872,-0.0091111,0.014511,0.47556
-484,3,20,-0.0033922,0.016545,0.643,0.018566,-0.0058235,0.013076,0.42
-482,3,20,-0.00069289,0.016061,0.61013,0.017688,-0.0023612,0.011882,0.3782
-480,3,20,0.0018573,0.015737,0.58547,0.017238,0.0011392,0.01098,0.34842
-478,3,20,0.0042441,0.01555,0.56857,0.017156,0.004526,0.010392,0.32887
-476,3,20,0.0064545,0.015474,0.55858,0.01734,0.0076584,0.010096,0.31772
-474,3,20,0.0084768,0.01548,0.55432,0.017679,0.010428,0.010038,0.31321
-472,3,20,0.010301,0.01554,0.55447,0.018083,0.01277,0.010145,0.31365
-470,3,20,0.011918,0.015629,0.55767,0.018489,0.014659,0.010352,0.31749
-468,3,20,0.013322,0.015725,0.56267,0.01886,0.016103,0.010604,0.32335
-466,3,20,0.014507,0.015811,0.56838,0.019179,0.017128,0.010861,0.33004
-464,3,20,0.015471,0.015873,0.57394,0.019437,0.017773,0.011097,0.33659
-462,3,20,0.01621,0.015902,0.5787,0.019632,0.018076,0.011294,0.34222
-460,3,20,0.016726,0.015894,0.58221,0.019765,0.018073,0.011446,0.34639
-458,3,20,0.017021,0.015845,0.58419,0.019842,0.0178,0.011552,0.34876
-456,3,20,0.017098,0.015758,0.58452,0.019869,0.017285,0.011617,0.34917
-454,3,20,0.016963,0.015636,0.58322,0.019853,0.016556,0.011652,0.34764
-452,3,20,0.016622,0.015484,0.5804,0.019804,0.015635,0.011666,0.34431
-450,3,20,0.016084,0.015311,0.57624,0.019733,0.014545,0.011675,0.33946
-448,3,20,0.01536,0.015124,0.57103,0.019649,0.01331,0.011688,0.33341
-446,3,20,0.014461,0.014933,0.56505,0.019563,0.011953,0.011717,0.32656
-444,3,20,0.013398,0.014748,0.55866,0.019483,0.010502,0.011765,0.31931
-442,3,20,0.012187,0.014578,0.55218,0.019414,0.0089861,0.011834,0.31206
-440,3,20,0.010841,0.014433,0.54595,0.019361,0.0074385,0.011916,0.30518
-438,3,20,0.0093767,0.01432,0.54027,0.019322,0.0058953,0.011999,0.29899
-436,3,20,0.0078098,0.014244,0.5354,0.019293,0.004394,0.012068,0.29372
-434,3,20,0.0061573,0.014209,0.53153,0.019269,0.0029717,0.012105,0.28958
-432,3,20,0.0044362,0.014217,0.52878,0.019241,0.0016626,0.012094,0.28664
-430,3,20,0.0026638,0.014267,0.5272,0.019201,0.00049505,0.012021,0.28495
-428,3,20,0.00085765,0.014354,0.52677,0.019143,-0.00051037,0.011878,0.28444
-426,3,20,-0.00096506,0.014475,0.52737,0.01906,-0.0013429,0.011662,0.28502
-424,3,20,-0.0027873,0.014624,0.52886,0.018953,-0.0020018,0.011379,0.28652
-422,3,20,-0.0045924,0.014792,0.53104,0.018821,-0.0024959,0.011037,0.28874
-420,3,20,-0.0063645,0.014974,0.53369,0.018669,-0.0028417,0.010652,0.29144
-418,3,20,-0.008088,0.015162,0.53656,0.018502,-0.0030609,0.010242,0.2944
-416,3,20,-0.0097485,0.015349,0.53945,0.018327,-0.003178,0.0098271,0.29739
-414,3,20,-0.011333,0.015529,0.54214,0.018151,-0.0032181,0.0094268,0.30018
-412,3,20,-0.012827,0.015699,0.54446,0.017978,-0.0032045,0.0090609,0.30257
-410,3,20,-0.014222,0.015853,0.54626,0.017815,-0.0031578,0.0087474,0.30443
-408,3,20,-0.015505,0.01599,0.54744,0.017663,-0.0030943,0.0085015,0.30562
-406,3,20,-0.016669,0.016107,0.54794,0.017525,-0.0030264,0.0083349,0.30607
-404,3,20,-0.017706,0.016204,0.54773,0.017401,-0.0029612,0.0082554,0.30576
-402,3,20,-0.01861,0.016281,0.54682,0.017291,-0.0029016,0.0082663,0.30469
-400,3,20,-0.019375,0.016339,0.54525,0.017194,-0.002846,0.0083659,0.30292
-398,3,20,-0.019999,0.01638,0.5431,0.017109,-0.0027885,0.0085489,0.30051
-396,3,20,-0.020479,0.016404,0.54044,0.017035,-0.0027203,0.0088059,0.29759
-394,3,20,-0.020816,0.016415,0.5374,0.016972,-0.00263,0.0091254,0.29427
-392,3,20,-0.021009,0.016415,0.53408,0.016923,-0.0025045,0.0094937,0.29068
-390,3,20,-0.021061,0.016405,0.5306,0.01689,-0.0023305,0.0098959,0.28696
-388,3,20,-0.020974,0.016387,0.52708,0.016876,-0.0020956,0.010316,0.28322
-386,3,20,-0.020755,0.016363,0.52362,0.016884,-0.0017889,0.010739,0.27959
-384,3,20,-0.020408,0.016334,0.52031,0.01692,-0.0014027,0.011147,0.27616
-382,3,20,-0.019939,0.016299,0.51723,0.016986,-0.00093235,0.011527,0.27301
-380,3,20,-0.019357,0.016258,0.51443,0.017085,-0.00037736,0.011862,0.27019
-378,3,20,-0.018669,0.016211,0.51194,0.017218,0.00025913,0.012141,0.26772
-376,3,20,-0.017884,0.016155,0.50977,0.017383,0.00097047,0.012353,0.26561
-374,3,20,-0.017013,0.01609,0.50791,0.017576,0.001747,0.012491,0.26384
-372,3,20,-0.016064,0.016012,0.50634,0.017793,0.0025767,0.012552,0.26239
-370,3,20,-0.015049,0.015919,0.50501,0.018027,0.0034459,0.012534,0.26121
-368,3,20,-0.013978,0.015809,0.50387,0.018268,0.0043397,0.012442,0.26023
-366,3,20,-0.012862,0.015679,0.50288,0.018509,0.0052429,0.012282,0.2594
-364,3,20,-0.01171,0.015527,0.50198,0.018739,0.00614,0.012063,0.25866
-362,3,20,-0.010535,0.015351,0.50111,0.018951,0.0070154,0.011796,0.25794
-360,3,20,-0.0093459,0.01515,0.50023,0.019134,0.0078543,0.011493,0.25719
-358,3,20,-0.0081529,0.014923,0.49931,0.019282,0.0086418,0.011167,0.25638
-356,3,20,-0.0069655,0.01467,0.49832,0.019386,0.0093639,0.010828,0.25546
-354,3,20,-0.0057928,0.014391,0.49724,0.019441,0.010007,0.010487,0.25442
-352,3,20,-0.0046432,0.014088,0.49606,0.019441,0.010558,0.010154,0.25326
-350,3,20,-0.0035246,0.013763,0.49481,0.019385,0.011006,0.0098354,0.25198
-348,3,20,-0.0024439,0.013419,0.49349,0.01927,0.011338,0.0095367,0.25059
-346,3,20,-0.0014075,0.01306,0.49212,0.019098,0.011547,0.0092617,0.24911
-344,3,20,-0.00042072,0.012689,0.49074,0.018871,0.011625,0.0090125,0.24759
-342,3,20,0.00051169,0.012313,0.48937,0.018594,0.011567,0.0087902,0.24605
-340,3,20,0.001386,0.011937,0.48805,0.018272,0.011371,0.0085954,0.24453
-338,3,20,0.0021993,0.011567,0.4868,0.017914,0.011037,0.0084285,0.24307
-336,3,20,0.0029495,0.011209,0.48565,0.01753,0.01057,0.0082901,0.24169
-334,3,20,0.0036355,0.01087,0.48462,0.017129,0.009978,0.0081813,0.24043
-332,3,20,0.004257,0.010556,0.48372,0.016725,0.0092729,0.0081037,0.2393
-330,3,20,0.0048143,0.010273,0.48297,0.016329,0.0084697,0.0080591,0.23832
-328,3,20,0.0053087,0.010025,0.48235,0.015954,0.0075871,0.0080492,0.2375
-326,3,20,0.0057421,0.0098165,0.48187,0.015614,0.0066459,0.0080754,0.23683
-324,3,20,0.0061171,0.009649,0.4815,0.015318,0.0056691,0.0081381,0.2363
-322,3,20,0.006437,0.0095236,0.48124,0.015076,0.0046806,0.0082365,0.23591
-320,3,20,0.0067055,0.0094394,0.48106,0.014895,0.0037038,0.0083684,0.23564
-318,3,20,0.0069268,0.0093943,0.48094,0.014779,0.0027612,0.0085304,0.23546
-316,3,20,0.0071055,0.0093849,0.48086,0.014729,0.0018732,0.0087177,0.23535
-314,3,20,0.0072466,0.0094072,0.4808,0.014741,0.001057,0.0089245,0.2353
-312,3,20,0.0073553,0.0094568,0.48073,0.01481,0.00032623,0.0091446,0.23527
-310,3,20,0.007437,0.0095292,0.48066,0.014927,-0.00030948,0.0093712,0.23527
-308,3,20,0.0074973,0.0096206,0.48056,0.015084,-0.00084498,0.0095981,0.23526
-306,3,20,0.0075416,0.0097277,0.48043,0.015269,-0.0012795,0.009819,0.23524
-304,3,20,0.0075754,0.009848,0.48027,0.015471,-0.0016168,0.010028,0.23521
-302,3,20,0.0076041,0.0099802,0.48008,0.01568,-0.0018645,0.010222,0.23515
-300,3,20,0.0076329,0.010124,0.47987,0.015887,-0.0020346,0.010396,0.23507
-298,3,20,0.0076668,0.010279,0.47965,0.016084,-0.0021421,0.010549,0.23498
-296,3,20,0.0077104,0.010448,0.47942,0.016264,-0.0022052,0.010679,0.23487
-294,3,20,0.007768,0.010631,0.47919,0.016423,-0.0022446,0.010787,0.23475
-292,3,20,0.0078435,0.010831,0.47897,0.016559,-0.002282,0.010875,0.23462
-290,3,20,0.0079405,0.011051,0.47877,0.01667,-0.0023405,0.010945,0.2345
-288,3,20,0.0080618,0.011293,0.47858,0.016756,-0.0024424,0.011,0.23437
-286,3,20,0.0082101,0.011558,0.47841,0.016821,-0.0026093,0.011045,0.23425
-284,3,20,0.0083872,0.011849,0.47824,0.016865,-0.0028605,0.011083,0.23412
-282,3,20,0.0085947,0.012164,0.47808,0.016891,-0.0032127,0.011114,0.23398
-280,3,20,0.0088334,0.012505,0.4779,0.016903,-0.003679,0.01114,0.23382
-278,3,20,0.0091038,0.01287,0.4777,0.016903,-0.0042683,0.01116,0.23363
-276,3,20,0.0094056,0.013257,0.47746,0.016892,-0.0049853,0.011171,0.23339
-274,3,20,0.0097381,0.013662,0.47716,0.016871,-0.0058302,0.011169,0.23309
-272,3,20,0.0101,0.014083,0.47678,0.016841,-0.0067984,0.011149,0.23271
-270,3,20,0.01049,0.014514,0.47632,0.0168,-0.0078809,0.011107,0.23225
-268,3,20,0.010905,0.014952,0.47576,0.016748,-0.0090648,0.011037,0.23168
-266,3,20,0.011344,0.015391,0.4751,0.016682,-0.010333,0.010938,0.23101
-264,3,20,0.011802,0.015825,0.47432,0.016602,-0.011666,0.010808,0.23021
-262,3,20,0.012277,0.01625,0.47343,0.016505,-0.01304,0.010649,0.22931
-260,3,20,0.012765,0.016662,0.47243,0.016391,-0.014432,0.010464,0.22829
-258,3,20,0.013263,0.017054,0.47133,0.016259,-0.015815,0.010259,0.22717
-256,3,20,0.013765,0.017422,0.47015,0.016111,-0.017162,0.010041,0.22597
-254,3,20,0.014268,0.017763,0.4689,0.015949,-0.018446,0.0098188,0.2247
-252,3,20,0.014768,0.018073,0.46762,0.015775,-0.01964,0.0096018,0.22339
-250,3,20,0.015259,0.018349,0.46632,0.015594,-0.020719,0.0093992,0.22207
-248,3,20,0.015737,0.018587,0.46504,0.015409,-0.021658,0.0092198,0.22077
-246,3,20,0.016199,0.018787,0.46381,0.015226,-0.022436,0.0090709,0.21952
-244,3,20,0.016639,0.018947,0.46266,0.015051,-0.023035,0.0089584,0.21836
-242,3,20,0.017054,0.019066,0.46162,0.014889,-0.023438,0.0088867,0.21731
-240,3,20,0.01744,0.019144,0.46073,0.014747,-0.023636,0.0088581,0.21641
-238,3,20,0.017792,0.01918,0.46001,0.014631,-0.023622,0.0088735,0.21568
-236,3,20,0.018107,0.019177,0.45948,0.014545,-0.023396,0.0089323,0.21514
-234,3,20,0.018383,0.019136,0.45916,0.014494,-0.022962,0.009032,0.21482
-232,3,20,0.018616,0.019058,0.45905,0.014481,-0.02233,0.0091689,0.21472
-230,3,20,0.018804,0.018947,0.45918,0.014508,-0.021512,0.0093374,0.21484
-228,3,20,0.018944,0.018804,0.45952,0.014573,-0.020528,0.0095305,0.21519
-226,3,20,0.019036,0.018634,0.46007,0.014674,-0.019396,0.0097396,0.21576
-224,3,20,0.019079,0.01844,0.46083,0.014806,-0.018141,0.0099549,0.21653
-222,3,20,0.019071,0.018226,0.46177,0.01496,-0.016785,0.010166,0.21748
-220,3,20,0.019012,0.017997,0.46286,0.01513,-0.015354,0.010361,0.21859
-218,3,20,0.018902,0.017755,0.46409,0.015305,-0.013872,0.01053,0.21983
-216,3,20,0.018743,0.017506,0.46542,0.015475,-0.012362,0.010662,0.22117
-214,3,20,0.018536,0.017253,0.46682,0.015632,-0.010847,0.010748,0.22257
-212,3,20,0.018281,0.017001,0.46827,0.015769,-0.0093484,0.010779,0.224
-210,3,20,0.017982,0.016752,0.46972,0.015879,-0.0078857,0.01075,0.22542
-208,3,20,0.017641,0.016511,0.47114,0.015958,-0.0064777,0.010656,0.22681
-206,3,20,0.017261,0.01628,0.47251,0.016005,-0.0051414,0.010497,0.22814
-204,3,20,0.016844,0.016061,0.4738,0.016021,-0.0038923,0.010273,0.22937
-202,3,20,0.016395,0.015856,0.47499,0.016007,-0.0027444,0.0099882,0.23048
-200,3,20,0.015918,0.015665,0.47605,0.015969,-0.0017094,0.0096506,0.23147
-198,3,20,0.015416,0.015489,0.47696,0.015913,-0.0007973,0.0092697,0.2323
-196,3,20,0.014895,0.015327,0.47772,0.015846,-1.5272e-05,0.0088585,0.23299
-194,3,20,0.014358,0.015179,0.47832,0.015776,0.00063193,0.0084329,0.23352
-192,3,20,0.013811,0.015042,0.47876,0.015709,0.0011424,0.0080114,0.2339
-190,3,20,0.013258,0.014914,0.47904,0.015651,0.001517,0.0076148,0.23414
-188,3,20,0.012704,0.014794,0.47918,0.015608,0.0017594,0.0072658,0.23424
-186,3,20,0.012154,0.014678,0.47919,0.015583,0.0018759,0.0069868,0.23423
-184,3,20,0.011613,0.014564,0.47909,0.015576,0.0018755,0.0067974,0.23414
-182,3,20,0.011086,0.014448,0.47891,0.015587,0.0017689,0.0067114,0.23397
-180,3,20,0.010576,0.014329,0.47867,0.015612,0.001569,0.0067335,0.23376
-178,3,20,0.010089,0.014205,0.47841,0.015644,0.0012902,0.0068584,0.23353
-176,3,20,0.0096279,0.014073,0.47817,0.015677,0.00094794,0.0070719,0.23331
-174,3,20,0.0091975,0.013933,0.47797,0.015701,0.00055815,0.0073544,0.23314
-172,3,20,0.008801,0.013783,0.47785,0.015709,0.00013689,0.0076837,0.23303
-170,3,20,0.0084415,0.013625,0.47785,0.015693,-0.00030046,0.0080392,0.23302
-168,3,20,0.0081218,0.013459,0.47799,0.015647,-0.00073974,0.0084024,0.23312
-166,3,20,0.0078443,0.013287,0.47829,0.015569,-0.0011685,0.008759,0.23337
-164,3,20,0.0076108,0.013112,0.47879,0.015459,-0.0015764,0.009098,0.23378
-162,3,20,0.0074228,0.012937,0.47948,0.015321,-0.0019548,0.0094118,0.23436
-160,3,20,0.0072813,0.012767,0.48038,0.015163,-0.0022969,0.0096955,0.23513
-158,3,20,0.0071866,0.012608,0.48149,0.014995,-0.002597,0.0099466,0.23611
-156,3,20,0.0071387,0.012464,0.48281,0.014828,-0.0028499,0.010164,0.23728
-154,3,20,0.0071371,0.012342,0.48432,0.014676,-0.0030502,0.010349,0.23866
-152,3,20,0.0071806,0.01225,0.48602,0.014547,-0.0031922,0.010502,0.24024
-150,3,20,0.0072676,0.012193,0.4879,0.014452,-0.0032697,0.010625,0.24201
-148,3,20,0.007396,0.012178,0.48993,0.014394,-0.0032757,0.010721,0.24397
-146,3,20,0.0075632,0.012209,0.49211,0.014376,-0.0032035,0.010791,0.2461
-144,3,20,0.007766,0.012291,0.49441,0.014393,-0.0030468,0.010837,0.24837
-142,3,20,0.0080009,0.012425,0.49681,0.014441,-0.0028003,0.01086,0.25078
-140,3,20,0.0082641,0.012612,0.49929,0.014508,-0.0024606,0.010858,0.25329
-138,3,20,0.008551,0.012851,0.50184,0.014584,-0.0020268,0.010832,0.25588
-136,3,20,0.0088571,0.013138,0.50442,0.014659,-0.001501,0.010779,0.25852
-134,3,20,0.0091772,0.013469,0.50702,0.01472,-0.00088814,0.010698,0.26119
-132,3,20,0.0095061,0.013838,0.50961,0.014761,-0.0001968,0.010586,0.26384
-130,3,20,0.0098383,0.014239,0.51216,0.014774,0.00056142,0.010441,0.26645
-128,3,20,0.010168,0.014664,0.51465,0.014756,0.0013719,0.010264,0.269
-126,3,20,0.010489,0.015107,0.51705,0.014707,0.0022176,0.010053,0.27145
-124,3,20,0.010797,0.015559,0.51933,0.014629,0.0030792,0.0098104,0.27377
-122,3,20,0.011084,0.016014,0.52147,0.014527,0.0039359,0.0095365,0.27594
-120,3,20,0.011345,0.016465,0.52345,0.014409,0.004766,0.0092345,0.27794
-118,3,20,0.011574,0.016906,0.52524,0.014283,0.0055474,0.0089076,0.27975
-116,3,20,0.011765,0.01733,0.52682,0.01416,0.0062588,0.0085602,0.28135
-114,3,20,0.011914,0.017735,0.52819,0.014049,0.0068801,0.0081973,0.28273
-112,3,20,0.012014,0.018113,0.52933,0.01396,0.0073939,0.007825,0.28389
-110,3,20,0.012062,0.018463,0.53024,0.013899,0.0077859,0.0074508,0.28482
-108,3,20,0.012051,0.018781,0.53092,0.013872,0.0080464,0.0070838,0.28554
-106,3,20,0.011979,0.019065,0.53139,0.013881,0.0081708,0.0067349,0.28604
-104,3,20,0.011842,0.019312,0.53166,0.013924,0.0081603,0.0064168,0.28634
-102,3,20,0.011636,0.019521,0.53173,0.013997,0.0080225,0.0061437,0.28646
-100,3,20,0.011359,0.019693,0.53165,0.014096,0.0077711,0.0059301,0.28643
-98,3,20,0.01101,0.019826,0.53144,0.014211,0.0074256,0.0057881,0.28627
-96,3,20,0.010585,0.019921,0.53114,0.014338,0.0070106,0.0057259,0.28601
-94,3,20,0.010086,0.019978,0.53076,0.014468,0.0065542,0.0057453,0.28569
-92,3,20,0.0095116,0.019999,0.53037,0.014599,0.0060873,0.0058419,0.28534
-90,3,20,0.0088627,0.019985,0.52998,0.014728,0.0056411,0.0060064,0.285
-88,3,20,0.0081409,0.019938,0.52963,0.014858,0.0052462,0.0062273,0.2847
-86,3,20,0.007348,0.019859,0.52936,0.014994,0.0049307,0.0064937,0.28449
-84,3,20,0.006487,0.01975,0.52919,0.015144,0.0047187,0.006797,0.2844
-82,3,20,0.0055614,0.019613,0.52915,0.015318,0.0046298,0.007132,0.28446
-80,3,20,0.0045754,0.01945,0.52926,0.015528,0.0046777,0.0074961,0.2847
-78,3,20,0.0035337,0.019264,0.52955,0.015783,0.00487,0.0078888,0.28515
-76,3,20,0.0024421,0.019056,0.53001,0.016093,0.0052078,0.0083103,0.28583
-74,3,20,0.0013065,0.018828,0.53067,0.016462,0.005686,0.0087608,0.28676
-72,3,20,0.0001336,0.018583,0.53152,0.016892,0.0062936,0.0092397,0.28794
-70,3,20,-0.0010693,0.018322,0.53257,0.017381,0.0070136,0.009745,0.28937
-68,3,20,-0.0022946,0.018048,0.53382,0.017921,0.0078247,0.010274,0.29107
-66,3,20,-0.0035343,0.017762,0.53526,0.018504,0.0087011,0.010822,0.293
-64,3,20,-0.0047799,0.017468,0.53687,0.019119,0.009614,0.011384,0.29517
-62,3,20,-0.0060228,0.017167,0.53865,0.019752,0.010533,0.011956,0.29756
-60,3,20,-0.0072541,0.016863,0.54057,0.020393,0.011425,0.012531,0.30012
-58,3,20,-0.0084648,0.016558,0.54263,0.021028,0.012261,0.013105,0.30284
-56,3,20,-0.0096461,0.016257,0.54478,0.021646,0.013008,0.013671,0.30569
-54,3,20,-0.010789,0.015963,0.54702,0.022236,0.013641,0.014223,0.30862
-52,3,20,-0.011885,0.015679,0.54931,0.02279,0.014136,0.014754,0.31161
-50,3,20,-0.012925,0.015412,0.55163,0.023298,0.014472,0.015258,0.31461
-48,3,20,-0.013901,0.015164,0.55396,0.023754,0.014638,0.015726,0.31759
-46,3,20,-0.014805,0.014942,0.55627,0.024151,0.014623,0.016153,0.32052
-44,3,20,-0.01563,0.014749,0.55855,0.024486,0.014426,0.016531,0.32337
-42,3,20,-0.01637,0.01459,0.56077,0.024754,0.014049,0.016854,0.32611
-40,3,20,-0.017017,0.014469,0.56292,0.024956,0.013501,0.017118,0.32871
-38,3,20,-0.017568,0.014388,0.56499,0.025091,0.012794,0.017317,0.33117
-36,3,20,-0.018017,0.01435,0.56696,0.025162,0.011946,0.01745,0.33348
-34,3,20,-0.018361,0.014355,0.56884,0.025173,0.010977,0.017516,0.33562
-32,3,20,-0.018597,0.014402,0.57062,0.025131,0.009912,0.017516,0.33761
-30,3,20,-0.018724,0.014489,0.5723,0.025043,0.0087767,0.017454,0.33944
-28,3,20,-0.01874,0.014613,0.57388,0.024918,0.0075998,0.017334,0.34114
-26,3,20,-0.018646,0.01477,0.57538,0.024768,0.0064107,0.017166,0.34272
-24,3,20,-0.018443,0.014953,0.5768,0.024603,0.0052391,0.016959,0.3442
-22,3,20,-0.018133,0.015157,0.57815,0.024436,0.0041143,0.016728,0.3456
-20,3,20,-0.017721,0.015376,0.57945,0.02428,0.0030645,0.016486,0.34696
-18,3,20,-0.01721,0.015602,0.58071,0.024145,0.0021154,0.01625,0.3483
-16,3,20,-0.016606,0.01583,0.58194,0.024044,0.0012901,0.016035,0.34964
-14,3,20,-0.015915,0.016053,0.58316,0.023985,0.0006085,0.015856,0.35101
-12,3,20,-0.015144,0.016266,0.58439,0.023975,8.6282e-05,0.015726,0.35244
-10,3,20,-0.014301,0.016465,0.58564,0.024019,-0.00026482,0.015655,0.35393
-8,3,20,-0.013396,0.016645,0.58691,0.024118,-0.00043735,0.015646,0.35551
-6,3,20,-0.012438,0.016804,0.58821,0.024268,-0.00042807,0.015701,0.35718
-4,3,20,-0.011437,0.016939,0.58956,0.024464,-0.00023776,0.015814,0.35895
-2,3,20,-0.010402,0.017049,0.59096,0.024696,0.00012911,0.015978,0.36082
0,3,20,-0.0093462,0.017135,0.59239,0.024953,0.00066461,0.016179,0.36276
2,3,20,-0.0082792,0.017198,0.59388,0.025223,0.0013577,0.016404,0.36478
4,3,20,-0.0072126,0.017239,0.59539,0.025492,0.0021946,0.016639,0.36684
6,3,20,-0.0061576,0.017261,0.59694,0.025747,0.0031583,0.016867,0.36893
8,3,20,-0.0051251,0.017267,0.59849,0.025978,0.0042292,0.017076,0.37101
10,3,20,-0.0041259,0.017261,0.60004,0.026175,0.0053847,0.017252,0.37307
12,3,20,-0.0031705,0.017248,0.60156,0.026332,0.0065988,0.017387,0.37505
14,3,20,-0.0022686,0.017231,0.60303,0.026447,0.0078428,0.017471,0.37694
16,3,20,-0.0014295,0.017215,0.60443,0.026519,0.0090844,0.017502,0.3787
18,3,20,-0.0006618,0.017203,0.60573,0.026552,0.010289,0.017476,0.3803
20,3,20,2.6935e-05,0.017199,0.60691,0.026551,0.011422,0.017397,0.38173
22,3,20,0.0006299,0.017205,0.60794,0.026523,0.012444,0.017267,0.38296
24,3,20,0.0011413,0.017222,0.60882,0.026477,0.013321,0.017092,0.38398
26,3,20,0.0015565,0.01725,0.60953,0.026422,0.014019,0.01688,0.38479
28,3,20,0.0018718,0.017288,0.61007,0.026364,0.014508,0.016638,0.38539
30,3,20,0.0020846,0.017334,0.61044,0.026312,0.014764,0.016375,0.38579
32,3,20,0.0021938,0.017386,0.61064,0.026271,0.014771,0.016098,0.386
34,3,20,0.002199,0.017437,0.61071,0.026243,0.014519,0.015814,0.38606
36,3,20,0.0021012,0.017485,0.61067,0.02623,0.014011,0.015528,0.38599
38,3,20,0.0019024,0.017523,0.61054,0.026232,0.013255,0.015244,0.38583
40,3,20,0.0016055,0.017547,0.61036,0.026246,0.012271,0.014965,0.38563
42,3,20,0.0012146,0.017551,0.61018,0.026269,0.011083,0.014692,0.38543
44,3,20,0.00073449,0.01753,0.61002,0.0263,0.0097261,0.014427,0.38527
46,3,20,0.00017069,0.01748,0.60994,0.026335,0.008238,0.014169,0.3852
48,3,20,-0.00047057,0.017399,0.60996,0.026374,0.0066604,0.01392,0.38527
50,3,20,-0.0011826,0.017283,0.61012,0.026417,0.0050373,0.01368,0.38551
52,3,20,-0.0019585,0.017133,0.61045,0.026464,0.0034125,0.01345,0.38596
54,3,20,-0.0027909,0.016948,0.61097,0.026516,0.0018289,0.013232,0.38664
56,3,20,-0.0036728,0.01673,0.61169,0.026576,0.00032682,0.013026,0.38758
58,3,20,-0.0045971,0.016483,0.61262,0.026644,-0.0010571,0.012835,0.38879
60,3,20,-0.0055571,0.016212,0.61377,0.026721,-0.002291,0.012658,0.39027
62,3,20,-0.0065467,0.015922,0.61511,0.026807,-0.0033484,0.012496,0.39202
64,3,20,-0.0075605,0.015622,0.61665,0.026901,-0.0042093,0.012347,0.394
66,3,20,-0.0085938,0.015319,0.61836,0.027,-0.0048607,0.012209,0.39621
68,3,20,-0.0096433,0.015024,0.62021,0.0271,-0.005297,0.012082,0.39862
70,3,20,-0.010706,0.014744,0.62219,0.027197,-0.0055199,0.011963,0.40117
72,3,20,-0.011783,0.014488,0.62425,0.027288,-0.0055389,0.011852,0.40384
74,3,20,-0.012872,0.014264,0.62638,0.027367,-0.0053706,0.011749,0.40658
76,3,20,-0.013977,0.014076,0.62853,0.02743,-0.0050386,0.011654,0.40935
78,3,20,-0.0151,0.013929,0.63069,0.027473,-0.004572,0.011569,0.41211
80,3,20,-0.016249,0.013822,0.63283,0.027494,-0.0040047,0.011497,0.41483
82,3,20,-0.017429,0.013752,0.63493,0.02749,-0.0033739,0.011442,0.41749
84,3,20,-0.018651,0.013712,0.63697,0.027461,-0.0027183,0.01141,0.42006
86,3,20,-0.019924,0.013695,0.63897,0.027408,-0.0020763,0.011407,0.42255
88,3,20,-0.021261,0.01369,0.64091,0.027332,-0.0014838,0.01144,0.42496
90,3,20,-0.022677,0.013685,0.64282,0.027237,-0.00097196,0.011516,0.42731
92,3,20,-0.024188,0.01367,0.64472,0.027126,-0.00056562,0.011643,0.42964
94,3,20,-0.02581,0.013634,0.64664,0.027005,-0.00028099,0.011826,0.432
96,3,20,-0.027562,0.013569,0.64864,0.026879,-0.00012441,0.012068,0.43446
98,3,20,-0.029465,0.013471,0.65075,0.026756,-9.1373e-05,0.012369,0.43708
100,3,20,-0.031537,0.013339,0.65304,0.026644,-0.00016621,0.012725,0.43995
102,3,20,-0.033801,0.013181,0.65558,0.026552,-0.00032253,0.013128,0.44318
104,3,20,-0.036279,0.013008,0.65842,0.026492,-0.00052438,0.013568,0.44685
106,3,20,-0.038991,0.012844,0.66164,0.026475,-0.00072817,0.014029,0.45108
108,3,20,-0.041959,0.012721,0.66529,0.02652,-0.00088517,0.014498,0.45597
110,3,20,-0.045205,0.012682,0.66943,0.026646,-0.00094457,0.01496,0.46163
112,3,20,-0.048748,0.012777,0.67411,0.026876,-0.00085661,0.015402,0.46815
114,3,20,-0.052608,0.013062,0.67937,0.027237,-0.00057578,0.015818,0.47564
116,3,20,-0.056803,0.013586,0.68522,0.027757,-6.3571e-05,0.016204,0.48416
118,3,20,-0.061348,0.014389,0.69167,0.028465,0.00070944,0.016564,0.49381
120,3,20,-0.066257,0.01549,0.69873,0.029386,0.0017621,0.016906,0.50463
122,3,20,-0.071542,0.016891,0.70636,0.030538,0.0031023,0.017241,0.51666
124,3,20,-0.077211,0.018578,0.71455,0.031933,0.0047267,0.017584,0.52995
126,3,20,-0.083271,0.020527,0.72325,0.033572,0.0066216,0.017949,0.54451
128,3,20,-0.089724,0.02271,0.73243,0.035448,0.0087637,0.018346,0.56033
130,3,20,-0.096569,0.025097,0.74203,0.037547,0.011121,0.018782,0.57739
132,3,20,-0.1038,0.027658,0.752,0.039849,0.013656,0.019259,0.59568
134,3,20,-0.11142,0.030363,0.7623,0.042331,0.016324,0.019776,0.61514
136,3,20,-0.1194,0.033184,0.77285,0.044967,0.019077,0.020326,0.63572
138,3,20,-0.12774,0.036092,0.78362,0.047734,0.021866,0.020901,0.65736
140,3,20,-0.13641,0.039062,0.79456,0.050604,0.024641,0.021494,0.67997
142,3,20,-0.14539,0.042066,0.8056,0.053555,0.027356,0.022097,0.70349
144,3,20,-0.15466,0.045079,0.81671,0.056562,0.029967,0.022706,0.7278
146,3,20,-0.16417,0.048077,0.82785,0.059603,0.032435,0.02332,0.75283
148,3,20,-0.17391,0.051034,0.83897,0.062657,0.03473,0.02394,0.77847
150,3,20,-0.18383,0.053929,0.85005,0.0657,0.036828,0.024571,0.80461
152,3,20,-0.19389,0.056738,0.86106,0.068712,0.038715,0.025217,0.83114
154,3,20,-0.20405,0.059439,0.87198,0.071671,0.040384,0.025887,0.85795
156,3,20,-0.21427,0.062014,0.88279,0.074556,0.041836,0.026584,0.88492
158,3,20,-0.22448,0.064444,0.89346,0.077347,0.043079,0.027311,0.91194
160,3,20,-0.23466,0.06671,0.90399,0.080022,0.04413,0.028068,0.93887
162,3,20,-0.24474,0.068798,0.91437,0.082563,0.045007,0.028852,0.96559
164,3,20,-0.25468,0.070695,0.92458,0.084953,0.045735,0.029653,0.99196
166,3,20,-0.26443,0.072389,0.9346,0.087174,0.04634,0.030462,1.0179
168,3,20,-0.27393,0.07387,0.94442,0.089211,0.046847,0.031264,1.0431
170,3,20,-0.28313,0.075131,0.95402,0.091053,0.047284,0.032044,1.0677
172,3,20,-0.292,0.076169,0.96338,0.092689,0.047676,0.032786,1.0913
174,3,20,-0.30048,0.076979,0.97247,0.09411,0.048047,0.033474,1.114
176,3,20,-0.30854,0.077561,0.98125,0.095312,0.048417,0.034095,1.1355
178,3,20,-0.31612,0.077919,0.98969,0.096292,0.048804,0.034634,1.1557
180,3,20,-0.3232,0.078057,0.99777,0.097047,0.049224,0.035082,1.1745
182,3,20,-0.32974,0.077981,1.0054,0.09758,0.04969,0.03543,1.1918
184,3,20,-0.33572,0.077701,1.0127,0.097892,0.050212,0.035671,1.2076
186,3,20,-0.3411,0.077227,1.0195,0.097988,0.050799,0.035801,1.2217
188,3,20,-0.34588,0.076572,1.0258,0.097873,0.051456,0.035817,1.2342
190,3,20,-0.35005,0.075751,1.0315,0.097554,0.052189,0.035719,1.2449
192,3,20,-0.35358,0.074781,1.0368,0.097038,0.053,0.035506,1.2538
194,3,20,-0.35649,0.073678,1.0415,0.096332,0.053886,0.035181,1.2611
196,3,20,-0.35878,0.072461,1.0457,0.095445,0.054843,0.034747,1.2666
198,3,20,-0.36046,0.071149,1.0494,0.094386,0.055864,0.03421,1.2705
200,3,20,-0.36155,0.06976,1.0525,0.093166,0.056935,0.033576,1.2728
202,3,20,-0.36207,0.068315,1.0552,0.091797,0.058037,0.032853,1.2736
204,3,20,-0.36204,0.066832,1.0574,0.090291,0.059145,0.032052,1.2731
206,3,20,-0.36152,0.06533,1.0592,0.088663,0.060231,0.031186,1.2713
208,3,20,-0.36052,0.063824,1.0606,0.086928,0.061257,0.030268,1.2684
210,3,20,-0.3591,0.062332,1.0616,0.085103,0.062183,0.029314,1.2645
212,3,20,-0.35732,0.060868,1.0622,0.083207,0.062967,0.028341,1.2598
214,3,20,-0.35521,0.059443,1.0625,0.081256,0.06356,0.027365,1.2544
216,3,20,-0.35284,0.058069,1.0625,0.07927,0.063917,0.026403,1.2484
218,3,20,-0.35028,0.056754,1.0623,0.077265,0.063993,0.02547,1.2419
220,3,20,-0.34757,0.055505,1.0618,0.075259,0.063746,0.024581,1.2351
222,3,20,-0.34479,0.054327,1.0612,0.073265,0.063138,0.023746,1.2281
224,3,20,-0.342,0.053225,1.0603,0.071298,0.06214,0.022976,1.2209
226,3,20,-0.33927,0.0522,1.0593,0.069368,0.060728,0.022279,1.2136
228,3,20,-0.33666,0.051256,1.0582,0.067485,0.058887,0.021659,1.2063
230,3,20,-0.33424,0.050394,1.0569,0.065655,0.056613,0.021119,1.199
232,3,20,-0.33207,0.049616,1.0556,0.063884,0.053907,0.020659,1.1917
234,3,20,-0.33021,0.048924,1.0541,0.062178,0.050782,0.020279,1.1846
236,3,20,-0.32872,0.048322,1.0525,0.060539,0.047258,0.019974,1.1775
238,3,20,-0.32765,0.047815,1.0509,0.058972,0.043363,0.019738,1.1705
240,3,20,-0.32706,0.047406,1.0492,0.057479,0.039136,0.019563,1.1637
242,3,20,-0.32698,0.047102,1.0475,0.056062,0.03462,0.01944,1.157
244,3,20,-0.32746,0.046909,1.0457,0.054722,0.029868,0.019357,1.1504
246,3,20,-0.32854,0.046832,1.0439,0.053459,0.024937,0.019304,1.1441
248,3,20,-0.33023,0.046877,1.0421,0.052274,0.019893,0.01927,1.138
250,3,20,-0.33256,0.047049,1.0404,0.051165,0.014804,0.019246,1.1322
252,3,20,-0.33555,0.04735,1.0387,0.050131,0.0097455,0.019225,1.1267
254,3,20,-0.3392,0.047779,1.0372,0.04917,0.0047915,0.019203,1.1217
256,3,20,-0.34352,0.048336,1.0359,0.048281,1.9101e-05,0.019181,1.1173
258,3,20,-0.34849,0.049015,1.0347,0.047461,-0.0044963,0.019161,1.1135
260,3,20,-0.35411,0.049808,1.0339,0.046711,-0.0086817,0.019151,1.1104
262,3,20,-0.36036,0.050705,1.0334,0.046031,-0.012469,0.019159,1.1082
264,3,20,-0.3672,0.051694,1.0333,0.04542,-0.015795,0.019196,1.107
266,3,20,-0.3746,0.052761,1.0337,0.044883,-0.018605,0.019273,1.1068
268,3,20,-0.38253,0.05389,1.0346,0.04442,-0.020855,0.019401,1.1078
270,3,20,-0.39095,0.055065,1.036,0.044036,-0.02251,0.019588,1.11
272,3,20,-0.39979,0.056269,1.0379,0.043732,-0.023546,0.019838,1.1136
274,3,20,-0.40901,0.057487,1.0404,0.043512,-0.023954,0.020151,1.1184
276,3,20,-0.41855,0.058703,1.0435,0.043377,-0.023735,0.020525,1.1247
278,3,20,-0.42835,0.059902,1.0472,0.043325,-0.022906,0.020951,1.1322
280,3,20,-0.43835,0.061073,1.0514,0.043357,-0.021495,0.021418,1.1411
282,3,20,-0.44847,0.062203,1.0561,0.043467,-0.019543,0.021913,1.1513
284,3,20,-0.45866,0.063283,1.0613,0.043648,-0.017101,0.022421,1.1625
286,3,20,-0.46884,0.064305,1.0669,0.043893,-0.01423,0.022927,1.1749
288,3,20,-0.47896,0.065265,1.0729,0.044192,-0.011,0.023418,1.1881
290,3,20,-0.48894,0.066159,1.0791,0.044534,-0.0074875,0.02388,1.2021
292,3,20,-0.49872,0.066985,1.0855,0.044907,-0.0037722,0.024302,1.2167
294,3,20,-0.50824,0.067744,1.0921,0.0453,6.3177e-05,0.024677,1.2317
296,3,20,-0.51745,0.068438,1.0987,0.045704,0.0039358,0.024997,1.2469
298,3,20,-0.52628,0.06907,1.1053,0.046109,0.0077653,0.025258,1.2621
300,3,20,-0.5347,0.069647,1.1118,0.046508,0.011476,0.025457,1.2772
302,3,20,-0.54266,0.070174,1.1181,0.046894,0.014997,0.025594,1.292
304,3,20,-0.55011,0.070658,1.1242,0.047263,0.01827,0.025669,1.3063
306,3,20,-0.55704,0.071107,1.13,0.04761,0.021244,0.025683,1.3199
308,3,20,-0.5634,0.071528,1.1354,0.047934,0.02388,0.025639,1.3328
310,3,20,-0.56919,0.07193,1.1405,0.048235,0.026155,0.02554,1.3449
312,3,20,-0.57438,0.072319,1.1452,0.048511,0.028059,0.02539,1.3561
314,3,20,-0.57898,0.072703,1.1494,0.048764,0.029593,0.025192,1.3664
316,3,20,-0.58298,0.073088,1.1533,0.048995,0.030777,0.024953,1.3757
318,3,20,-0.58639,0.073477,1.1568,0.049209,0.031639,0.024676,1.3841
320,3,20,-0.58922,0.073876,1.1598,0.049408,0.032221,0.02437,1.3916
322,3,20,-0.5915,0.074286,1.1625,0.049595,0.032574,0.024041,1.3982
324,3,20,-0.59325,0.07471,1.1649,0.049775,0.032755,0.023697,1.4041
326,3,20,-0.5945,0.075146,1.167,0.049951,0.032826,0.02335,1.4094
328,3,20,-0.5953,0.075596,1.1689,0.050128,0.032849,0.023011,1.4141
330,3,20,-0.59568,0.076057,1.1706,0.050306,0.032888,0.022691,1.4183
332,3,20,-0.59568,0.076527,1.1721,0.05049,0.033003,0.022405,1.4223
334,3,20,-0.59537,0.077004,1.1736,0.050682,0.033248,0.022162,1.4261
336,3,20,-0.59478,0.077486,1.175,0.050883,0.033669,0.021971,1.4298
338,3,20,-0.59398,0.077971,1.1765,0.051095,0.034307,0.021836,1.4336
340,3,20,-0.59303,0.078456,1.178,0.051322,0.035191,0.021755,1.4377
342,3,20,-0.59197,0.07894,1.1796,0.051567,0.036341,0.021719,1.442
344,3,20,-0.59088,0.079423,1.1814,0.051833,0.037765,0.021713,1.4467
346,3,20,-0.5898,0.079903,1.1834,0.052128,0.039466,0.02172,1.452
348,3,20,-0.58879,0.080383,1.1855,0.052458,0.041433,0.021716,1.4578
350,3,20,-0.5879,0.080863,1.1879,0.052833,0.043651,0.021679,1.4642
352,3,20,-0.58719,0.081346,1.1906,0.053265,0.046094,0.021586,1.4713
354,3,20,-0.5867,0.081834,1.1934,0.053769,0.048731,0.02142,1.4792
356,3,20,-0.58648,0.08233,1.1965,0.05436,0.051524,0.02117,1.4879
358,3,20,-0.58657,0.082838,1.1999,0.055059,0.054429,0.02083,1.4973
360,3,20,-0.587,0.083362,1.2034,0.055885,0.057399,0.02041,1.5075
362,3,20,-0.58781,0.083905,1.2071,0.056858,0.060381,0.019933,1.5185
364,3,20,-0.589,0.084469,1.211,0.057997,0.063322,0.019437,1.5304
366,3,20,-0.59062,0.085058,1.215,0.059316,0.066168,0.018984,1.543
368,3,20,-0.59266,0.085674,1.219,0.060824,0.068867,0.018654,1.5563
370,3,20,-0.59513,0.086316,1.2232,0.062523,0.071373,0.018541,1.5704
372,3,20,-0.59804,0.086985,1.2273,0.064406,0.073646,0.018741,1.5852
374,3,20,-0.60137,0.087681,1.2315,0.06646,0.075657,0.019334,1.6006
376,3,20,-0.60511,0.0884,1.2357,0.068663,0.077387,0.020361,1.6166
378,3,20,-0.60925,0.089139,1.2399,0.070986,0.07883,0.021822,1.6331
380,3,20,-0.61376,0.089896,1.2441,0.073397,0.079992,0.023676,1.6501
382,3,20,-0.61861,0.090663,1.2482,0.07586,0.080894,0.025856,1.6674
384,3,20,-0.62377,0.091437,1.2524,0.078335,0.081566,0.028284,1.6851
386,3,20,-0.62919,0.09221,1.2566,0.080784,0.08205,0.03088,1.7029
388,3,20,-0.63484,0.092977,1.2607,0.083171,0.082391,0.033567,1.7209
390,3,20,-0.64066,0.09373,1.2649,0.085459,0.082641,0.036275,1.7388
392,3,20,-0.6466,0.094464,1.2691,0.087616,0.08285,0.038939,1.7565
394,3,20,-0.65262,0.095171,1.2734,0.089612,0.083068,0.041501,1.774
396,3,20,-0.65866,0.095844,1.2776,0.091423,0.083332,0.043908,1.7911
398,3,20,-0.66465,0.09648,1.2819,0.093028,0.083675,0.046117,1.8076
400,3,20,-0.67055,0.097071,1.2861,0.094411,0.084113,0.048087,1.8235
402,3,20,-0.6763,0.097613,1.2904,0.095562,0.084651,0.049788,1.8385
404,3,20,-0.68184,0.098103,1.2945,0.096476,0.085279,0.051195,1.8526
406,3,20,-0.68711,0.098535,1.2986,0.09715,0.085971,0.052292,1.8656
408,3,20,-0.69206,0.098907,1.3025,0.097589,0.08669,0.053069,1.8774
410,3,20,-0.69665,0.099217,1.3062,0.097802,0.087388,0.053524,1.8879
412,3,20,-0.70081,0.099461,1.3097,0.0978,0.088008,0.053666,1.897
414,3,20,-0.70451,0.099638,1.3129,0.097598,0.08849,0.053507,1.9046
416,3,20,-0.70771,0.099747,1.3157,0.097214,0.088771,0.053071,1.9106
418,3,20,-0.71037,0.099785,1.3181,0.096668,0.088792,0.052386,1.915
420,3,20,-0.71246,0.099751,1.3201,0.095978,0.088501,0.05149,1.9177
422,3,20,-0.71395,0.099644,1.3216,0.095165,0.087852,0.050425,1.9187
424,3,20,-0.71481,0.099462,1.3226,0.094247,0.086813,0.049238,1.9181
426,3,20,-0.71504,0.099205,1.3231,0.093243,0.085362,0.047983,1.9159
428,3,20,-0.71462,0.09887,1.3231,0.092167,0.083495,0.046714,1.9121
430,3,20,-0.71354,0.098455,1.3226,0.091033,0.081219,0.045485,1.9068
432,3,20,-0.7118,0.09796,1.3216,0.089851,0.078557,0.044347,1.9
434,3,20,-0.70941,0.097383,1.3201,0.088629,0.075547,0.043345,1.892
436,3,20,-0.70639,0.096721,1.3182,0.087371,0.072235,0.042515,1.8827
438,3,20,-0.70274,0.095974,1.3159,0.08608,0.068682,0.041879,1.8723
440,3,20,-0.69848,0.09514,1.3132,0.084757,0.064955,0.041447,1.861
442,3,20,-0.69364,0.094219,1.3102,0.083402,0.061128,0.041214,1.8489
444,3,20,-0.68826,0.093211,1.307,0.082013,0.057277,0.041161,1.8362
446,3,20,-0.68235,0.092114,1.3036,0.08059,0.053482,0.041262,1.8229
448,3,20,-0.67597,0.090932,1.3001,0.079132,0.049819,0.041482,1.8093
450,3,20,-0.66915,0.089665,1.2965,0.077641,0.046358,0.041782,1.7954
452,3,20,-0.66193,0.088317,1.2928,0.07612,0.043164,0.042124,1.7814
454,3,20,-0.65437,0.086891,1.2891,0.074576,0.040292,0.042472,1.7675
456,3,20,-0.64649,0.085393,1.2855,0.073015,0.037787,0.042793,1.7538
458,3,20,-0.63837,0.083829,1.2819,0.07145,0.03568,0.043057,1.7403
460,3,20,-0.63003,0.082206,1.2784,0.069893,0.033989,0.04324,1.7271
462,3,20,-0.62154,0.080533,1.275,0.068359,0.032721,0.043318,1.7144
464,3,20,-0.61295,0.078819,1.2717,0.066863,0.031871,0.043276,1.7022
466,3,20,-0.60429,0.077076,1.2685,0.065422,0.031423,0.043099,1.6905
468,3,20,-0.59562,0.075316,1.2655,0.064051,0.031354,0.042776,1.6794
470,3,20,-0.58699,0.07355,1.2625,0.062765,0.031632,0.042301,1.6689
472,3,20,-0.57844,0.071793,1.2597,0.061574,0.032224,0.041674,1.659
474,3,20,-0.57,0.070057,1.2571,0.06049,0.033091,0.040898,1.6498
476,3,20,-0.56173,0.068357,1.2545,0.059518,0.034197,0.039982,1.6411
478,3,20,-0.55365,0.066706,1.2521,0.058663,0.035503,0.038945,1.6331
480,3,20,-0.54581,0.065116,1.2498,0.057927,0.036975,0.03781,1.6257
482,3,20,-0.53822,0.0636,1.2476,0.057309,0.038577,0.036609,1.6188
484,3,20,-0.53092,0.062168,1.2455,0.056808,0.040276,0.035379,1.6125
486,3,20,-0.52393,0.06083,1.2435,0.05642,0.042043,0.034165,1.6067
488,3,20,-0.51727,0.059591,1.2415,0.056141,0.043846,0.033013,1.6013
490,3,20,-0.51095,0.058458,1.2397,0.055964,0.045658,0.031969,1.5964
492,3,20,-0.50498,0.057432,1.2379,0.055882,0.047453,0.031077,1.5918
494,3,20,-0.49938,0.056515,1.2362,0.055887,0.049204,0.030371,1.5876
496,3,20,-0.49413,0.055703,1.2346,0.055969,0.050887,0.029873,1.5838
498,3,20,-0.48925,0.054994,1.233,0.056115,0.052479,0.029588,1.5802
500,3,20,-0.48473,0.054381,1.2315,0.056312,0.053959,0.029508,1.577
502,3,20,-0.48057,0.053859,1.2301,0.056548,0.055306,0.029611,1.574
504,3,20,-0.47674,0.053419,1.2288,0.056808,0.056505,0.029866,1.5712
506,3,20,-0.47324,0.053054,1.2275,0.057078,0.057537,0.030236,1.5687
508,3,20,-0.47006,0.052756,1.2263,0.057345,0.058391,0.030684,1.5663
510,3,20,-0.46717,0.052518,1.2252,0.057599,0.059053,0.031176,1.5642
512,3,20,-0.46455,0.052334,1.2243,0.057832,0.059515,0.031684,1.5624
514,3,20,-0.46218,0.052199,1.2234,0.058039,0.059769,0.032181,1.5607
516,3,20,-0.46005,0.052111,1.2226,0.058217,0.059812,0.032649,1.5592
518,3,20,-0.45811,0.052066,1.222,0.058366,0.059641,0.033071,1.5579
520,3,20,-0.45635,0.052065,1.2214,0.05849,0.059261,0.033436,1.5568
522,3,20,-0.45475,0.052108,1.221,0.058592,0.058681,0.033737,1.556
524,3,20,-0.45326,0.052197,1.2206,0.05868,0.057915,0.03397,1.5553
526,3,20,-0.45188,0.052334,1.2203,0.058757,0.056984,0.034135,1.5547
528,3,20,-0.45057,0.052521,1.2201,0.058831,0.055914,0.034235,1.5544
530,3,20,-0.44932,0.052763,1.2199,0.058903,0.054738,0.034276,1.5542
532,3,20,-0.44808,0.053061,1.2198,0.058976,0.053494,0.034262,1.5541
534,3,20,-0.44685,0.053415,1.2198,0.05905,0.052221,0.0342,1.5541
536,3,20,-0.44561,0.053827,1.2197,0.059122,0.050962,0.034091,1.5541
538,3,20,-0.44433,0.054295,1.2197,0.059188,0.049761,0.033937,1.5542
540,3,20,-0.443,0.054816,1.2197,0.05924,0.048658,0.033731,1.5543
542,3,20,-0.4416,0.055385,1.2196,0.059272,0.047694,0.033466,1.5543
544,3,20,-0.44012,0.055995,1.2196,0.059275,0.046903,0.03313,1.5542
546,3,20,-0.43855,0.056638,1.2195,0.059244,0.046317,0.032712,1.554
548,3,20,-0.43689,0.057305,1.2194,0.059171,0.045958,0.0322,1.5536
550,3,20,-0.43513,0.057982,1.2193,0.059054,0.045844,0.031585,1.5529
552,3,20,-0.43326,0.05866,1.219,0.058894,0.045983,0.030867,1.552
554,3,20,-0.43129,0.059324,1.2187,0.058693,0.046376,0.030051,1.5507
556,3,20,-0.42922,0.059961,1.2183,0.058456,0.047016,0.029152,1.5491
558,3,20,-0.42706,0.060559,1.2177,0.058191,0.047888,0.028195,1.5471
560,3,20,-0.42481,0.061105,1.217,0.057908,0.048973,0.027213,1.5447
562,3,20,-0.42248,0.061587,1.2161,0.057614,0.050245,0.026248,1.5419
564,3,20,-0.42009,0.061993,1.215,0.057318,0.051675,0.025347,1.5387
566,3,20,-0.41764,0.062314,1.2138,0.057028,0.05323,0.024557,1.535
568,3,20,-0.41515,0.062542,1.2123,0.056747,0.054878,0.023923,1.5309
570,3,20,-0.41264,0.06267,1.2107,0.056478,0.056584,0.02348,1.5264
572,3,20,-0.41013,0.062694,1.2089,0.056222,0.058316,0.023249,1.5215
574,3,20,-0.40763,0.062609,1.207,0.055979,0.060038,0.023231,1.5163
576,3,20,-0.40515,0.062416,1.2049,0.055749,0.061721,0.023411,1.5108
578,3,20,-0.40273,0.062116,1.2027,0.055529,0.063334,0.023758,1.505
580,3,20,-0.40037,0.061713,1.2003,0.055321,0.064848,0.024232,1.4989
582,3,20,-0.39811,0.061212,1.1979,0.055125,0.066239,0.024787,1.4926
584,3,20,-0.39594,0.060621,1.1953,0.054945,0.067484,0.025378,1.4862
586,3,20,-0.3939,0.05995,1.1927,0.054783,0.068562,0.025965,1.4796
588,3,20,-0.39199,0.059211,1.19,0.054643,0.069456,0.026511,1.4729
590,3,20,-0.39023,0.058418,1.1873,0.054531,0.070151,0.026988,1.4662
592,3,20,-0.38864,0.057586,1.1845,0.054449,0.070636,0.027376,1.4594
594,3,20,-0.38722,0.056733,1.1817,0.054403,0.070901,0.027661,1.4526
596,3,20,-0.38599,0.055875,1.1788,0.054395,0.070937,0.027837,1.4457
598,3,20,-0.38495,0.055031,1.1758,0.054427,0.070737,0.027903,1.4388
600,3,20,-0.3841,0.054219,1.1728,0.054499,0.070295,0.027863,1.4319
602,3,20,-0.38345,0.053458,1.1698,0.054609,0.069608,0.027726,1.425
604,3,20,-0.383,0.052764,1.1667,0.054755,0.06867,0.027506,1.4181
606,3,20,-0.38274,0.052153,1.1635,0.05493,0.06748,0.027216,1.4111
608,3,20,-0.38266,0.051636,1.1603,0.055126,0.066035,0.026871,1.404
610,3,20,-0.38277,0.051223,1.1571,0.055335,0.064336,0.026488,1.3969
612,3,20,-0.38304,0.050922,1.1538,0.055545,0.062387,0.026082,1.3898
614,3,20,-0.38347,0.050734,1.1505,0.055746,0.060193,0.025667,1.3826
616,3,20,-0.38403,0.050658,1.1471,0.055926,0.057761,0.025256,1.3754
618,3,20,-0.38472,0.05069,1.1438,0.056075,0.055105,0.024862,1.3681
620,3,20,-0.3855,0.050822,1.1406,0.056186,0.05224,0.024497,1.3609
622,3,20,-0.38637,0.051043,1.1373,0.056253,0.049185,0.024174,1.3536
624,3,20,-0.38728,0.05134,1.1342,0.056275,0.045962,0.023907,1.3465
626,3,20,-0.38823,0.051698,1.1311,0.056253,0.0426,0.023711,1.3395
628,3,20,-0.38917,0.052103,1.1282,0.056192,0.039128,0.0236,1.3328
630,3,20,-0.39009,0.052538,1.1254,0.0561,0.035579,0.023589,1.3263
632,3,20,-0.39095,0.052989,1.1227,0.055988,0.03199,0.023689,1.3201
634,3,20,-0.39173,0.05344,1.1203,0.055868,0.028399,0.023906,1.3143
636,3,20,-0.3924,0.053878,1.118,0.05575,0.024849,0.024241,1.3091
638,3,20,-0.39293,0.054291,1.116,0.055647,0.021383,0.024687,1.3044
640,3,20,-0.39329,0.054668,1.1143,0.055568,0.018045,0.025228,1.3003
642,3,20,-0.39346,0.054999,1.1128,0.055518,0.014882,0.025845,1.2968
644,3,20,-0.39342,0.055277,1.1115,0.055502,0.011938,0.026511,1.2941
646,3,20,-0.39313,0.055495,1.1106,0.055518,0.009257,0.027199,1.292
648,3,20,-0.39258,0.055648,1.1099,0.055564,0.0068777,0.027881,1.2906
650,3,20,-0.39175,0.055733,1.1096,0.055631,0.0048352,0.028532,1.2899
652,3,20,-0.39062,0.055748,1.1095,0.05571,0.0031578,0.029129,1.2899
654,3,20,-0.38918,0.05569,1.1096,0.055791,0.0018656,0.029656,1.2903
656,3,20,-0.38741,0.055559,1.1099,0.055862,0.00096956,0.030101,1.2913
658,3,20,-0.38532,0.055357,1.1105,0.055913,0.00047079,0.030457,1.2925
660,3,20,-0.38288,0.055083,1.1111,0.055932,0.00036009,0.030724,1.294
662,3,20,-0.38011,0.05474,1.1118,0.055913,0.00061833,0.030904,1.2955
664,3,20,-0.377,0.054329,1.1125,0.05585,0.0012172,0.031004,1.297
666,3,20,-0.37356,0.053853,1.1132,0.055737,0.0021206,0.031034,1.2982
668,3,20,-0.36979,0.053315,1.1137,0.055574,0.0032861,0.031005,1.299
670,3,20,-0.36571,0.052717,1.114,0.055361,0.0046673,0.030929,1.2992
672,3,20,-0.36132,0.052065,1.114,0.055101,0.0062156,0.030817,1.2987
674,3,20,-0.35666,0.051361,1.1137,0.054797,0.0078822,0.030679,1.2973
676,3,20,-0.35173,0.05061,1.1129,0.054455,0.0096205,0.030521,1.295
678,3,20,-0.34655,0.049817,1.1118,0.054078,0.011388,0.030348,1.2916
680,3,20,-0.34116,0.048988,1.1101,0.053674,0.013147,0.030159,1.287
682,3,20,-0.33558,0.048129,1.1079,0.053248,0.014865,0.029952,1.2814
684,3,20,-0.32983,0.047246,1.1052,0.052805,0.01652,0.029718,1.2745
686,3,20,-0.32395,0.046347,1.102,0.052349,0.018093,0.029446,1.2666
688,3,20,-0.31797,0.045441,1.0984,0.051886,0.019573,0.02912,1.2576
690,3,20,-0.31191,0.044538,1.0942,0.05142,0.020956,0.028726,1.2476
692,3,20,-0.30581,0.043648,1.0897,0.050956,0.02224,0.028247,1.2367
694,3,20,-0.29971,0.042782,1.0848,0.050503,0.023428,0.02767,1.2252
696,3,20,-0.29362,0.041951,1.0796,0.050069,0.024524,0.026987,1.2132
698,3,20,-0.28759,0.041168,1.0742,0.049664,0.02553,0.026196,1.2007
700,3,20,-0.28164,0.040445,1.0686,0.049304,0.026449,0.025303,1.1881
702,3,20,-0.2758,0.039795,1.063,0.049002,0.02728,0.024323,1.1755
704,3,20,-0.27009,0.039227,1.0573,0.048773,0.028021,0.023282,1.1631
706,3,20,-0.26454,0.038752,1.0517,0.048629,0.028668,0.022211,1.151
708,3,20,-0.25918,0.038378,1.0462,0.04858,0.029213,0.021149,1.1394
710,3,20,-0.25402,0.038109,1.0409,0.048628,0.02965,0.020139,1.1284
712,3,20,-0.24907,0.037949,1.0358,0.04877,0.029971,0.019219,1.1181
714,3,20,-0.24436,0.037897,1.031,0.048993,0.030166,0.018421,1.1086
716,3,20,-0.2399,0.03795,1.0265,0.04928,0.030226,0.017764,1.0998
718,3,20,-0.23568,0.038101,1.0223,0.049608,0.030141,0.017249,1.0919
720,3,20,-0.23172,0.03834,1.0185,0.049952,0.029896,0.016861,1.0848
722,3,20,-0.22802,0.038657,1.0151,0.050284,0.029477,0.016571,1.0784
724,3,20,-0.22458,0.039037,1.012,0.050581,0.028864,0.016344,1.0727
726,3,20,-0.22139,0.039466,1.0092,0.050822,0.02804,0.016141,1.0675
728,3,20,-0.21845,0.039929,1.0066,0.050991,0.026981,0.015931,1.0627
730,3,20,-0.21574,0.040412,1.0043,0.051076,0.02567,0.015692,1.0582
732,3,20,-0.21325,0.040898,1.0022,0.051073,0.024091,0.015413,1.0539
734,3,20,-0.21098,0.041376,1.0001,0.050979,0.022234,0.015092,1.0495
736,3,20,-0.20889,0.041831,0.99803,0.050798,0.020099,0.014739,1.0451
738,3,20,-0.20698,0.042252,0.99594,0.050535,0.017693,0.014369,1.0404
740,3,20,-0.20522,0.04263,0.99374,0.050197,0.015037,0.014002,1.0354
742,3,20,-0.20359,0.042956,0.99139,0.049791,0.012161,0.013658,1.03
744,3,20,-0.20207,0.043224,0.98885,0.049326,0.0091057,0.013356,1.0241
746,3,20,-0.20063,0.043428,0.98609,0.048809,0.0059201,0.013108,1.0176
748,3,20,-0.19925,0.043564,0.98309,0.048247,0.0026604,0.012923,1.0107
750,3,20,-0.19791,0.043632,0.97986,0.047648,-0.00061281,0.012805,1.0033
752,3,20,-0.19659,0.043629,0.97641,0.047019,-0.0038376,0.01275,0.99539
754,3,20,-0.19525,0.043558,0.97276,0.046366,-0.0069531,0.012758,0.98711
756,3,20,-0.19389,0.043419,0.96894,0.045696,-0.0099023,0.012825,0.97853
758,3,20,-0.19247,0.043216,0.965,0.045018,-0.012634,0.012953,0.96973
760,3,20,-0.19099,0.042952,0.96096,0.044341,-0.015106,0.013142,0.96081
762,3,20,-0.18942,0.042632,0.95689,0.043672,-0.017285,0.013399,0.95187
764,3,20,-0.18775,0.042261,0.95282,0.04302,-0.019148,0.013726,0.94303
766,3,20,-0.18596,0.041844,0.9488,0.042395,-0.020683,0.014126,0.93438
768,3,20,-0.18406,0.041387,0.94488,0.041804,-0.021889,0.014597,0.926
770,3,20,-0.18202,0.040896,0.94108,0.041252,-0.022774,0.015134,0.91796
772,3,20,-0.17984,0.040377,0.93743,0.040742,-0.023357,0.015726,0.91032
774,3,20,-0.17753,0.039834,0.93396,0.040276,-0.023663,0.01636,0.90311
776,3,20,-0.17507,0.039274,0.93068,0.039853,-0.023724,0.017021,0.89635
778,3,20,-0.17247,0.038701,0.92759,0.039471,-0.023578,0.017692,0.89003
780,3,20,-0.16975,0.038119,0.92469,0.039124,-0.023266,0.018358,0.88413
782,3,20,-0.16689,0.037532,0.92195,0.03881,-0.022833,0.019004,0.87861
784,3,20,-0.16392,0.036943,0.91935,0.038524,-0.022322,0.019621,0.87341
786,3,20,-0.16084,0.036356,0.91687,0.038264,-0.021778,0.020197,0.86846
788,3,20,-0.15767,0.035772,0.91446,0.038026,-0.021242,0.020724,0.86371
790,3,20,-0.15442,0.035194,0.91208,0.037813,-0.020752,0.021199,0.85906
792,3,20,-0.15111,0.034624,0.9097,0.037625,-0.020342,0.021614,0.85446
794,3,20,-0.14776,0.034061,0.90728,0.037466,-0.020042,0.021968,0.84983
796,3,20,-0.14438,0.033509,0.90478,0.037341,-0.019872,0.022257,0.84512
798,3,20,-0.14099,0.032967,0.90218,0.037254,-0.019848,0.022477,0.84029
800,3,20,-0.13761,0.032437,0.89944,0.037209,-0.019978,0.022625,0.8353
802,3,20,-0.13427,0.031921,0.89658,0.03721,-0.020265,0.022698,0.83016
804,3,20,-0.13098,0.031419,0.89358,0.037258,-0.020704,0.022695,0.82485
806,3,20,-0.12775,0.030932,0.89045,0.037354,-0.021283,0.022615,0.81942
808,3,20,-0.12462,0.030462,0.88723,0.037496,-0.021987,0.02246,0.81389
810,3,20,-0.12158,0.030011,0.88394,0.03768,-0.022795,0.022236,0.80832
812,3,20,-0.11867,0.02958,0.88062,0.0379,-0.023684,0.021952,0.80278
814,3,20,-0.11589,0.02917,0.87732,0.03815,-0.024625,0.021619,0.79734
816,3,20,-0.11326,0.028783,0.87409,0.038421,-0.025592,0.021254,0.79209
818,3,20,-0.11078,0.028419,0.871,0.038704,-0.026556,0.020873,0.7871
820,3,20,-0.10847,0.02808,0.86808,0.03899,-0.027486,0.020493,0.78245
822,3,20,-0.10633,0.027766,0.8654,0.039268,-0.028358,0.020131,0.77821
824,3,20,-0.10437,0.027477,0.86299,0.039529,-0.029147,0.019797,0.77445
826,3,20,-0.10259,0.027212,0.86091,0.039765,-0.029834,0.0195,0.77121
828,3,20,-0.10099,0.026971,0.85916,0.039968,-0.030403,0.019241,0.76852
830,3,20,-0.099561,0.026752,0.85778,0.040133,-0.030847,0.019018,0.76639
832,3,20,-0.09831,0.026554,0.85676,0.040256,-0.031161,0.018823,0.76484
834,3,20,-0.097227,0.026373,0.8561,0.040336,-0.031349,0.018648,0.76382
836,3,20,-0.096303,0.026208,0.85576,0.040374,-0.031417,0.018486,0.7633
838,3,20,-0.09553,0.026056,0.85571,0.040372,-0.031377,0.018327,0.76322
840,3,20,-0.094896,0.025914,0.85592,0.040335,-0.031243,0.018166,0.7635
842,3,20,-0.094387,0.025779,0.85631,0.040266,-0.031029,0.017999,0.76407
844,3,20,-0.09399,0.025648,0.85684,0.040172,-0.030748,0.017825,0.76483
846,3,20,-0.09369,0.02552,0.85743,0.040057,-0.030414,0.017644,0.76568
848,3,20,-0.09347,0.025391,0.85803,0.039927,-0.030035,0.017453,0.7665
850,3,20,-0.093314,0.025259,0.85857,0.039785,-0.029619,0.017254,0.76721
852,3,20,-0.093206,0.025124,0.85899,0.039635,-0.029167,0.017045,0.7677
854,3,20,-0.093126,0.024983,0.85923,0.03948,-0.028682,0.016824,0.76789
856,3,20,-0.09306,0.024835,0.85925,0.039323,-0.028161,0.016588,0.76768
858,3,20,-0.092989,0.02468,0.859,0.039165,-0.027601,0.016335,0.76702
860,3,20,-0.092898,0.024518,0.85845,0.039009,-0.027,0.016064,0.76584
862,3,20,-0.092771,0.024347,0.85757,0.038857,-0.026353,0.015775,0.76412
864,3,20,-0.092593,0.024169,0.85635,0.038709,-0.025661,0.015471,0.76181
866,3,20,-0.09235,0.023982,0.85478,0.038568,-0.024924,0.01516,0.75892
868,3,20,-0.092031,0.023787,0.85286,0.038434,-0.024146,0.01485,0.75544
870,3,20,-0.091624,0.023584,0.8506,0.038309,-0.023335,0.014554,0.7514
872,3,20,-0.09112,0.023373,0.84801,0.038193,-0.022503,0.014289,0.74683
874,3,20,-0.09051,0.023154,0.84511,0.038089,-0.021664,0.014069,0.74177
876,3,20,-0.089789,0.022926,0.84192,0.037996,-0.020836,0.013909,0.73627
878,3,20,-0.088952,0.022689,0.83849,0.037917,-0.020039,0.013819,0.73038
880,3,20,-0.087995,0.022442,0.83484,0.037851,-0.019295,0.013801,0.72417
882,3,20,-0.086918,0.022186,0.831,0.037799,-0.018627,0.01385,0.71771
884,3,20,-0.085722,0.021919,0.82702,0.037761,-0.018057,0.013956,0.71105
886,3,20,-0.084407,0.021641,0.82293,0.037736,-0.017607,0.014099,0.70427
888,3,20,-0.082977,0.021352,0.81876,0.037723,-0.017296,0.014257,0.69741
890,3,20,-0.081438,0.021053,0.81457,0.037721,-0.01714,0.014406,0.69055
892,3,20,-0.079796,0.020742,0.81037,0.037728,-0.017153,0.014525,0.68374
894,3,20,-0.078058,0.020421,0.8062,0.037741,-0.017343,0.014594,0.67702
896,3,20,-0.076232,0.020092,0.80209,0.037757,-0.017714,0.014603,0.67043
898,3,20,-0.074329,0.019756,0.79807,0.037776,-0.018263,0.014546,0.66403
900,3,20,-0.072358,0.019415,0.79416,0.037794,-0.018984,0.014427,0.65784
902,3,20,-0.07033,0.019072,0.79039,0.037809,-0.019864,0.014254,0.65188
904,3,20,-0.068256,0.018732,0.78678,0.03782,-0.020884,0.014044,0.64619
906,3,20,-0.066147,0.018397,0.78333,0.037827,-0.022022,0.013817,0.64079
908,3,20,-0.064016,0.018074,0.78005,0.037828,-0.023252,0.013596,0.63567
910,3,20,-0.061872,0.017765,0.77697,0.037823,-0.024547,0.013401,0.63087
912,3,20,-0.059728,0.017477,0.77409,0.037813,-0.025877,0.013252,0.62638
914,3,20,-0.057595,0.017214,0.7714,0.037799,-0.027213,0.013159,0.6222
916,3,20,-0.055482,0.01698,0.76891,0.037781,-0.028529,0.013128,0.61834
918,3,20,-0.053399,0.01678,0.76662,0.03776,-0.029798,0.013153,0.6148
920,3,20,-0.051355,0.016616,0.76453,0.037737,-0.030997,0.013224,0.61156
922,3,20,-0.049358,0.01649,0.76263,0.037712,-0.032106,0.013327,0.60862
924,3,20,-0.047415,0.016402,0.76091,0.037686,-0.033108,0.013445,0.60597
926,3,20,-0.045533,0.016352,0.75938,0.037658,-0.03399,0.013563,0.6036
928,3,20,-0.043716,0.016335,0.75801,0.03763,-0.034741,0.013668,0.60149
930,3,20,-0.041969,0.01635,0.75681,0.0376,-0.035354,0.01375,0.59962
932,3,20,-0.040295,0.01639,0.75575,0.037567,-0.035827,0.013805,0.59797
934,3,20,-0.038695,0.01645,0.75483,0.037531,-0.036159,0.01383,0.59652
936,3,20,-0.037172,0.016524,0.75403,0.037491,-0.036355,0.013827,0.59526
938,3,20,-0.035725,0.016604,0.75334,0.037446,-0.036422,0.013801,0.59416
940,3,20,-0.034353,0.016684,0.75275,0.037396,-0.036368,0.013758,0.5932
942,3,20,-0.033055,0.016757,0.75224,0.037339,-0.036205,0.013708,0.59236
944,3,20,-0.031828,0.016818,0.75181,0.037274,-0.035945,0.013658,0.59162
946,3,20,-0.03067,0.016862,0.75145,0.037199,-0.0356,0.013618,0.59097
948,3,20,-0.029578,0.016884,0.75114,0.037112,-0.035181,0.013594,0.59038
950,3,20,-0.028546,0.016883,0.75088,0.037012,-0.034697,0.013592,0.58985
952,3,20,-0.027571,0.016856,0.75067,0.036895,-0.034155,0.013612,0.58937
954,3,20,-0.026648,0.016803,0.7505,0.036759,-0.033561,0.013653,0.58892
956,3,20,-0.025772,0.016726,0.75037,0.036601,-0.032917,0.013713,0.5885
958,3,20,-0.024939,0.016627,0.75028,0.036419,-0.032223,0.013786,0.58811
960,3,20,-0.024144,0.016509,0.75022,0.036211,-0.031478,0.013866,0.58774
962,3,20,-0.023382,0.016379,0.7502,0.035979,-0.030679,0.013947,0.58739
964,3,20,-0.02265,0.016243,0.7502,0.035724,-0.029824,0.014026,0.58705
966,3,20,-0.021942,0.016109,0.75023,0.035449,-0.02891,0.014101,0.58671
968,3,20,-0.021255,0.015984,0.75026,0.035159,-0.027936,0.014172,0.58638
970,3,20,-0.020587,0.015877,0.7503,0.034859,-0.026904,0.014241,0.58604
972,3,20,-0.019935,0.015797,0.75032,0.034558,-0.025818,0.014311,0.58567
974,3,20,-0.019296,0.015752,0.75031,0.034262,-0.024687,0.014385,0.58526
976,3,20,-0.018669,0.015749,0.75024,0.03398,-0.023524,0.014467,0.5848
978,3,20,-0.018054,0.015794,0.7501,0.033719,-0.022347,0.014558,0.58425
980,3,20,-0.01745,0.015889,0.74986,0.033484,-0.021178,0.014658,0.58359
982,3,20,-0.016856,0.016036,0.74949,0.033281,-0.020043,0.014765,0.58279
984,3,20,-0.016275,0.016234,0.74899,0.033112,-0.01897,0.014876,0.58181
986,3,20,-0.015708,0.016479,0.74831,0.032978,-0.01799,0.014987,0.58063
988,3,20,-0.015155,0.016765,0.74744,0.032877,-0.017133,0.015094,0.57921
990,3,20,-0.014621,0.017085,0.74637,0.032808,-0.01643,0.015195,0.57751
992,3,20,-0.014106,0.017431,0.74506,0.032767,-0.015907,0.015287,0.57552
994,3,20,-0.013615,0.017794,0.74352,0.032749,-0.015588,0.015372,0.57321
996,3,20,-0.013151,0.018163,0.74173,0.032749,-0.015491,0.015453,0.57055
998,3,20,-0.012716,0.018529,0.73969,0.032762,-0.015628,0.015535,0.56754
1000,3,20,-0.012316,0.018883,0.7374,0.032782,-0.016006,0.015622,0.56418
1002,3,20,-0.011952,0.019217,0.73486,0.032804,-0.016623,0.01572,0.56047
1004,3,20,-0.01163,0.019522,0.73209,0.032824,-0.01747,0.015834,0.55643
1006,3,20,-0.011351,0.019793,0.72912,0.032838,-0.018533,0.015964,0.5521
1008,3,20,-0.01112,0.020023,0.72596,0.032841,-0.019787,0.016112,0.54751
1010,3,20,-0.010939,0.020209,0.72265,0.032829,-0.021204,0.016273,0.5427
1012,3,20,-0.010811,0.020348,0.71924,0.032797,-0.022745,0.016441,0.53774
1014,3,20,-0.010738,0.020437,0.71577,0.032742,-0.024367,0.016609,0.5327
1016,3,20,-0.010722,0.020476,0.7123,0.032658,-0.026021,0.016765,0.52763
1018,3,20,-0.010764,0.020466,0.70888,0.032541,-0.027654,0.0169,0.52263
1020,3,20,-0.010864,0.020408,0.70556,0.032388,-0.02921,0.017,0.51775
1022,3,20,-0.011024,0.020305,0.70242,0.032195,-0.030632,0.017058,0.51309
1024,3,20,-0.011242,0.020162,0.6995,0.03196,-0.031864,0.017065,0.5087
1026,3,20,-0.011518,0.019982,0.69685,0.031681,-0.032852,0.017017,0.50467
1028,3,20,-0.011849,0.019772,0.69453,0.031358,-0.033551,0.016914,0.50105
1030,3,20,-0.012235,0.019538,0.69256,0.030995,-0.03392,0.01676,0.49789
1032,3,20,-0.012672,0.019286,0.69098,0.030597,-0.03393,0.016563,0.49523
1034,3,20,-0.013156,0.019023,0.68979,0.03017,-0.033561,0.016336,0.49311
1036,3,20,-0.013685,0.018756,0.68902,0.029724,-0.032808,0.016098,0.49153
1038,3,20,-0.014254,0.018491,0.68864,0.029272,-0.031675,0.015868,0.4905
1040,3,20,-0.014859,0.018234,0.68864,0.028826,-0.030183,0.015668,0.49001
1042,3,20,-0.015494,0.017991,0.68899,0.028401,-0.02836,0.015521,0.49003
1044,3,20,-0.016155,0.017765,0.68966,0.028012,-0.026247,0.015445,0.49053
1046,3,20,-0.016836,0.017559,0.69059,0.02767,-0.023893,0.015454,0.49147
1048,3,20,-0.017531,0.017374,0.69176,0.027387,-0.021352,0.015555,0.49278
1050,3,20,-0.018235,0.017212,0.6931,0.027172,-0.018682,0.015749,0.49441
1052,3,20,-0.018941,0.01707,0.69456,0.027026,-0.015945,0.016026,0.49629
1054,3,20,-0.019645,0.016947,0.6961,0.026952,-0.013201,0.016374,0.49836
1056,3,20,-0.020341,0.016839,0.69767,0.026945,-0.010508,0.016772,0.50054
1058,3,20,-0.021022,0.016742,0.69923,0.026998,-0.0079206,0.017197,0.50277
1060,3,20,-0.021685,0.016653,0.70073,0.027101,-0.0054887,0.017627,0.50498
1062,3,20,-0.022323,0.016565,0.70215,0.027245,-0.0032558,0.018037,0.50712
1064,3,20,-0.022934,0.016476,0.70345,0.027418,-0.001258,0.018406,0.50913
1066,3,20,-0.023511,0.016382,0.70462,0.027609,0.00047633,0.018716,0.51097
1068,3,20,-0.024051,0.016279,0.70564,0.027806,0.0019272,0.018949,0.51262
1070,3,20,-0.024552,0.016167,0.7065,0.028002,0.0030834,0.019095,0.51404
1072,3,20,-0.025009,0.016045,0.70719,0.028188,0.0039416,0.019147,0.51521
1074,3,20,-0.025422,0.015912,0.70771,0.028359,0.0045069,0.019104,0.51613
1076,3,20,-0.025787,0.015772,0.70806,0.02851,0.0047908,0.018968,0.51679
1078,3,20,-0.026104,0.015628,0.70826,0.02864,0.0048109,0.018749,0.51721
1080,3,20,-0.026371,0.015485,0.7083,0.028746,0.0045892,0.018459,0.5174
1082,3,20,-0.026589,0.015349,0.70821,0.028831,0.0041506,0.018117,0.51736
1084,3,20,-0.026758,0.015227,0.70799,0.028894,0.0035218,0.017743,0.51712
1086,3,20,-0.026878,0.015126,0.70766,0.028938,0.0027297,0.017362,0.51669
1088,3,20,-0.02695,0.015056,0.70722,0.028967,0.0018005,0.016995,0.51611
1090,3,20,-0.026977,0.015024,0.70669,0.028983,0.0007589,0.016665,0.51538
1092,3,20,-0.02696,0.015038,0.70608,0.028989,-0.00037237,0.01639,0.51452
1094,3,20,-0.026901,0.015104,0.70539,0.028988,-0.0015727,0.016181,0.51354
1096,3,20,-0.026803,0.015227,0.70463,0.028982,-0.0028237,0.016044,0.51246
1098,3,20,-0.026668,0.015409,0.7038,0.028972,-0.0041086,0.015978,0.51128
1100,3,20,-0.026501,0.015651,0.7029,0.028957,-0.0054125,0.015975,0.51001
1102,3,20,-0.026304,0.015951,0.70194,0.028937,-0.0067216,0.016023,0.50863
1104,3,20,-0.02608,0.016305,0.70091,0.02891,-0.0080236,0.016106,0.50716
1106,3,20,-0.025832,0.016708,0.69981,0.028872,-0.0093068,0.016209,0.50557
1108,3,20,-0.025565,0.017151,0.69863,0.028822,-0.010561,0.016319,0.50386
1110,3,20,-0.025281,0.017628,0.69736,0.028756,-0.011778,0.016422,0.50203
1112,3,20,-0.024984,0.018129,0.69601,0.028672,-0.01295,0.016509,0.50005
1114,3,20,-0.024676,0.018645,0.69456,0.028568,-0.014072,0.016575,0.49792
1116,3,20,-0.02436,0.019168,0.69301,0.028443,-0.01514,0.016615,0.49563
1118,3,20,-0.024038,0.01969,0.69134,0.028299,-0.016154,0.01663,0.49317
1120,3,20,-0.023714,0.020203,0.68957,0.028136,-0.017114,0.01662,0.49054
1122,3,20,-0.023389,0.0207,0.68767,0.027957,-0.018023,0.016588,0.48774
1124,3,20,-0.023064,0.021174,0.68565,0.027767,-0.018884,0.016537,0.48477
1126,3,20,-0.02274,0.021621,0.68351,0.027572,-0.019705,0.016472,0.48163
1128,3,20,-0.022419,0.022035,0.68125,0.027377,-0.020489,0.016396,0.47834
1130,3,20,-0.022101,0.022413,0.67888,0.027188,-0.021245,0.016313,0.47492
1132,3,20,-0.021786,0.022752,0.67639,0.027013,-0.021977,0.016226,0.47137
1134,3,20,-0.021474,0.02305,0.6738,0.026859,-0.022693,0.016138,0.46771
1136,3,20,-0.021163,0.023305,0.67112,0.026732,-0.023396,0.016053,0.46398
1138,3,20,-0.020853,0.023517,0.66837,0.026638,-0.02409,0.015972,0.46019
1140,3,20,-0.020542,0.023685,0.66555,0.026581,-0.024778,0.015898,0.45638
1142,3,20,-0.020229,0.023809,0.66269,0.026565,-0.02546,0.015833,0.45256
1144,3,20,-0.01991,0.02389,0.6598,0.026591,-0.026134,0.015779,0.44877
1146,3,20,-0.019584,0.02393,0.6569,0.026658,-0.026797,0.015736,0.44502
1148,3,20,-0.019249,0.023929,0.65403,0.026765,-0.027442,0.015708,0.44136
1150,3,20,-0.0189,0.023889,0.65119,0.026908,-0.028062,0.015695,0.4378
1152,3,20,-0.018536,0.023813,0.64841,0.027081,-0.028647,0.015698,0.43437
1154,3,20,-0.018153,0.023701,0.64572,0.027279,-0.029187,0.015719,0.43109
1156,3,20,-0.017748,0.023557,0.64314,0.027495,-0.029669,0.01576,0.42799
1158,3,20,-0.017317,0.023382,0.64068,0.027724,-0.030081,0.015823,0.42508
1160,3,20,-0.016858,0.023179,0.63837,0.027958,-0.030412,0.01591,0.42237
1162,3,20,-0.016367,0.022949,0.63623,0.028194,-0.030651,0.016023,0.4199
1164,3,20,-0.015842,0.022697,0.63428,0.028428,-0.030787,0.016162,0.41766
1166,3,20,-0.01528,0.022423,0.63251,0.028657,-0.030814,0.016326,0.41568
1168,3,20,-0.014678,0.022132,0.63096,0.028879,-0.030726,0.01651,0.41396
1170,3,20,-0.014034,0.021824,0.62962,0.029096,-0.030518,0.016707,0.41251
1172,3,20,-0.013347,0.021504,0.62851,0.029306,-0.030192,0.01691,0.41134
1174,3,20,-0.012615,0.021175,0.62762,0.029512,-0.029746,0.017105,0.41045
1176,3,20,-0.011836,0.02084,0.62695,0.029717,-0.029184,0.01728,0.40985
1178,3,20,-0.011011,0.020503,0.62651,0.029922,-0.028511,0.017419,0.40953
1180,3,20,-0.010139,0.020168,0.62629,0.030129,-0.02773,0.017507,0.40948
1182,3,20,-0.0092213,0.019838,0.62627,0.03034,-0.02685,0.017529,0.40971
1184,3,20,-0.0082578,0.019519,0.62646,0.030557,-0.025877,0.017471,0.41019
1186,3,20,-0.0072504,0.019214,0.62684,0.03078,-0.024821,0.017323,0.41093
1188,3,20,-0.0062012,0.018929,0.62739,0.031009,-0.023691,0.017077,0.41189
1190,3,20,-0.0051126,0.018666,0.6281,0.031245,-0.022501,0.01673,0.41306
1192,3,20,-0.0039879,0.018432,0.62894,0.031488,-0.021265,0.016285,0.41441
1194,3,20,-0.0028307,0.018228,0.6299,0.031738,-0.019999,0.015748,0.41592
1196,3,20,-0.0016451,0.018059,0.63096,0.031995,-0.018722,0.015134,0.41755
1198,3,20,-0.00043584,0.017925,0.63207,0.032259,-0.017454,0.014466,0.41928
1200,3,20,0.00079212,0.01783,0.63322,0.032531,-0.016214,0.01377,0.42108
1202,3,20,0.0020332,0.017771,0.63438,0.032812,-0.015025,0.013084,0.42289
1204,3,20,0.0032815,0.01775,0.63552,0.0331,-0.013906,0.012448,0.4247
1206,3,20,0.0045308,0.017763,0.6366,0.033396,-0.012875,0.011907,0.42646
1208,3,20,0.0057746,0.017807,0.63762,0.033698,-0.011948,0.011502,0.42813
1210,3,20,0.0070062,0.017879,0.63854,0.034003,-0.011136,0.011266,0.4297
1212,3,20,0.0082186,0.017973,0.63934,0.034309,-0.010446,0.011214,0.43112
1214,3,20,0.009405,0.018085,0.64001,0.034609,-0.009881,0.011338,0.43237
1216,3,20,0.010558,0.018208,0.64053,0.034901,-0.0094384,0.011613,0.43342
1218,3,20,0.011671,0.018337,0.6409,0.035177,-0.0091121,0.011998,0.43426
1220,3,20,0.012737,0.018467,0.64111,0.035434,-0.0088915,0.012448,0.43488
1222,3,20,0.013749,0.018592,0.64116,0.035665,-0.0087636,0.012919,0.43525
1224,3,20,0.0147,0.018708,0.64105,0.035866,-0.008713,0.013371,0.43539
1226,3,20,0.015585,0.018809,0.64079,0.036034,-0.0087236,0.013773,0.43528
1228,3,20,0.016397,0.018894,0.64038,0.036166,-0.0087791,0.014103,0.43494
1230,3,20,0.017131,0.018958,0.63984,0.036262,-0.0088645,0.014346,0.43437
1232,3,20,0.017782,0.019,0.63916,0.036322,-0.008966,0.014495,0.43359
1234,3,20,0.018346,0.019018,0.63837,0.036349,-0.0090724,0.01455,0.43262
1236,3,20,0.018818,0.019013,0.63747,0.036344,-0.0091749,0.014518,0.43147
1238,3,20,0.019196,0.018984,0.63648,0.036312,-0.0092677,0.01441,0.43016
1240,3,20,0.019477,0.018933,0.63541,0.036257,-0.0093478,0.014243,0.42872
1242,3,20,0.019659,0.018862,0.63427,0.036184,-0.0094152,0.014039,0.42718
1244,3,20,0.019742,0.018773,0.63308,0.036096,-0.0094731,0.01382,0.42554
1246,3,20,0.019724,0.018669,0.63184,0.035997,-0.0095273,0.013612,0.42384
1248,3,20,0.019607,0.018554,0.63058,0.035892,-0.0095867,0.013441,0.4221
1250,3,20,0.019391,0.018431,0.62929,0.035784,-0.0096628,0.013333,0.42034
1252,3,20,0.01908,0.018304,0.628,0.035676,-0.0097699,0.013309,0.41857
1254,3,20,0.018675,0.018177,0.62671,0.035571,-0.0099242,0.013385,0.4168
1256,3,20,0.018182,0.018054,0.62542,0.035472,-0.010144,0.013569,0.41506
1258,3,20,0.017603,0.017937,0.62414,0.035381,-0.010447,0.013863,0.41333
1260,3,20,0.016945,0.01783,0.62287,0.0353,-0.010852,0.014257,0.41165
1262,3,20,0.016214,0.017736,0.62162,0.035231,-0.011376,0.014734,0.40999
1264,3,20,0.015416,0.017654,0.62038,0.035176,-0.012032,0.015273,0.40838
1266,3,20,0.014558,0.017588,0.61915,0.035131,-0.012829,0.01585,0.4068
1268,3,20,0.013649,0.017536,0.61794,0.035097,-0.013768,0.016438,0.40525
1270,3,20,0.012697,0.017499,0.61674,0.035069,-0.014845,0.017014,0.40373
1272,3,20,0.01171,0.017476,0.61556,0.03504,-0.016049,0.017554,0.40224
1274,3,20,0.010698,0.017464,0.6144,0.035005,-0.017359,0.018043,0.40077
1276,3,20,0.0096709,0.017463,0.61326,0.034954,-0.018748,0.018465,0.39931
1278,3,20,0.0086379,0.01747,0.61216,0.03488,-0.020184,0.018811,0.39786
1280,3,20,0.007609,0.017483,0.6111,0.034771,-0.021628,0.019076,0.39642
1282,3,20,0.0065944,0.0175,0.61009,0.034621,-0.02304,0.01926,0.39498
1284,3,20,0.0056039,0.017518,0.60912,0.034422,-0.024379,0.019363,0.39355
1286,3,20,0.0046476,0.017536,0.60822,0.034168,-0.025605,0.019392,0.39211
1288,3,20,0.0037351,0.017552,0.60737,0.033857,-0.026681,0.019354,0.39068
1290,3,20,0.0028758,0.017566,0.60659,0.033489,-0.027577,0.019257,0.38926
1292,3,20,0.002079,0.017576,0.60587,0.033066,-0.028269,0.019111,0.38785
1294,3,20,0.0013534,0.017582,0.60521,0.032596,-0.028737,0.018925,0.38647
1296,3,20,0.00070695,0.017584,0.60461,0.032085,-0.028973,0.018709,0.38511
1298,3,20,0.00014746,0.017583,0.60406,0.031547,-0.028973,0.018469,0.38379
1300,3,20,-0.00031815,0.01758,0.60355,0.030992,-0.028739,0.018211,0.38253
1302,3,20,-0.00068361,0.017575,0.6031,0.030434,-0.028281,0.017941,0.38132
1304,3,20,-0.00094342,0.017569,0.60269,0.029887,-0.027612,0.017659,0.3802
1306,3,20,-0.0010929,0.017564,0.60232,0.029364,-0.02675,0.017369,0.37917
1308,3,20,-0.0011282,0.01756,0.602,0.028877,-0.025713,0.01707,0.37824
1310,3,20,-0.0010465,0.017558,0.60172,0.028436,-0.024526,0.016765,0.37744
1312,3,20,-0.00084574,0.017559,0.60151,0.028049,-0.023212,0.016456,0.37676
1314,3,20,-0.0005249,0.017563,0.60135,0.027723,-0.021796,0.016147,0.37622
1316,3,20,-8.3932e-05,0.017571,0.60126,0.027459,-0.020302,0.015843,0.37584
1318,3,20,0.00047624,0.017581,0.60125,0.027258,-0.018755,0.01555,0.37562
1320,3,20,0.0011537,0.017594,0.60132,0.027117,-0.017178,0.015274,0.37555
1322,3,20,0.0019456,0.017607,0.60148,0.02703,-0.015595,0.015022,0.37566
1324,3,20,0.0028482,0.017621,0.60173,0.026989,-0.014027,0.014796,0.37592
1326,3,20,0.0038566,0.017632,0.60209,0.026984,-0.012493,0.014597,0.37635
1328,3,20,0.0049652,0.01764,0.60255,0.027003,-0.011012,0.014421,0.37692
1330,3,20,0.0061676,0.017643,0.60312,0.027037,-0.0096019,0.014262,0.37764
1332,3,20,0.0074565,0.017639,0.60378,0.027076,-0.0082795,0.014111,0.37848
1334,3,20,0.0088238,0.017626,0.60454,0.02711,-0.0070604,0.013956,0.37943
1336,3,20,0.010261,0.017603,0.60538,0.027133,-0.0059598,0.013787,0.38047
1338,3,20,0.011758,0.017569,0.60629,0.027141,-0.0049917,0.013592,0.38159
1340,3,20,0.013306,0.017523,0.60725,0.027133,-0.0041689,0.013363,0.38274
1342,3,20,0.014895,0.017465,0.60825,0.027108,-0.0035025,0.013094,0.38393
1344,3,20,0.016512,0.017394,0.60925,0.02707,-0.0030016,0.012784,0.38511
1346,3,20,0.018149,0.017311,0.61025,0.027023,-0.0026725,0.012438,0.38628
1348,3,20,0.019792,0.017216,0.61121,0.026972,-0.0025186,0.012064,0.3874
1350,3,20,0.021432,0.017112,0.61212,0.026923,-0.0025401,0.011678,0.38846
1352,3,20,0.023056,0.016999,0.61296,0.026883,-0.0027335,0.0113,0.38945
1354,3,20,0.024653,0.01688,0.61372,0.026857,-0.0030917,0.010954,0.39035
1356,3,20,0.026213,0.016758,0.61438,0.02685,-0.0036044,0.010666,0.39115
1358,3,20,0.027724,0.016634,0.61493,0.026866,-0.0042577,0.010463,0.39186
1360,3,20,0.029176,0.016513,0.61539,0.026906,-0.0050349,0.010365,0.39246
1362,3,20,0.030559,0.016396,0.61575,0.026971,-0.0059166,0.010387,0.39297
1364,3,20,0.031863,0.016287,0.61602,0.027058,-0.0068812,0.010529,0.39339
1366,3,20,0.033079,0.016188,0.61621,0.027164,-0.0079054,0.010785,0.39373
1368,3,20,0.034199,0.016103,0.61634,0.027284,-0.0089644,0.011135,0.39401
1370,3,20,0.035215,0.016034,0.61642,0.027411,-0.010033,0.011557,0.39426
1372,3,20,0.036121,0.015982,0.61649,0.02754,-0.011085,0.012025,0.39448
1374,3,20,0.03691,0.01595,0.61657,0.027663,-0.012096,0.012514,0.39469
1376,3,20,0.037577,0.015938,0.61667,0.027773,-0.013042,0.013005,0.39493
1378,3,20,0.038119,0.015948,0.61681,0.027865,-0.0139,0.013479,0.39521
1380,3,20,0.038531,0.015979,0.61703,0.027932,-0.014653,0.013923,0.39555
1382,3,20,0.038812,0.016031,0.61733,0.027973,-0.015283,0.01433,0.39596
1384,3,20,0.038961,0.016103,0.61772,0.027984,-0.01578,0.014694,0.39646
1386,3,20,0.038976,0.016195,0.61821,0.027966,-0.016136,0.015016,0.39704
1388,3,20,0.03886,0.016304,0.6188,0.027921,-0.016348,0.015299,0.39773
1390,3,20,0.038614,0.016429,0.61949,0.027852,-0.016418,0.015546,0.3985
1392,3,20,0.038241,0.016568,0.62026,0.027763,-0.01635,0.015763,0.39937
1394,3,20,0.037745,0.016718,0.6211,0.027659,-0.016153,0.015958,0.4003
1396,3,20,0.037129,0.016879,0.62199,0.027543,-0.015839,0.016136,0.40129
1398,3,20,0.036401,0.017047,0.62292,0.02742,-0.01542,0.016303,0.40231
1400,3,20,0.035566,0.01722,0.62385,0.027292,-0.014912,0.016461,0.40334
1402,3,20,0.034631,0.017396,0.62477,0.027162,-0.014331,0.016612,0.40436
1404,3,20,0.033605,0.017574,0.62565,0.027029,-0.013691,0.016755,0.40532
1406,3,20,0.032496,0.017751,0.62647,0.026893,-0.013011,0.01689,0.4062
1408,3,20,0.031314,0.017924,0.6272,0.02675,-0.012306,0.017011,0.40698
1410,3,20,0.030067,0.018093,0.62783,0.0266,-0.011592,0.017116,0.40761
1412,3,20,0.028767,0.018255,0.62834,0.026439,-0.010885,0.017198,0.40809
1414,3,20,0.027423,0.018408,0.62871,0.026265,-0.010201,0.017253,0.40838
1416,3,20,0.026047,0.018551,0.62893,0.026077,-0.009552,0.017276,0.40847
1418,3,20,0.024649,0.018682,0.629,0.025875,-0.0089518,0.017264,0.40836
1420,3,20,0.02324,0.0188,0.6289,0.025661,-0.0084109,0.017214,0.40802
1422,3,20,0.021831,0.018902,0.62864,0.025436,-0.0079376,0.017125,0.40748
1424,3,20,0.020434,0.018988,0.62821,0.025207,-0.0075377,0.016997,0.40672
1426,3,20,0.019058,0.019056,0.62763,0.024977,-0.0072144,0.016832,0.40577
1428,3,20,0.017713,0.019105,0.6269,0.024754,-0.0069673,0.016635,0.40465
1430,3,20,0.016411,0.019134,0.62605,0.024544,-0.0067934,0.01641,0.40338
1432,3,20,0.01516,0.019143,0.62508,0.024356,-0.0066863,0.016166,0.40199
1434,3,20,0.013969,0.01913,0.62401,0.024196,-0.0066373,0.015912,0.40052
1436,3,20,0.012846,0.019097,0.62289,0.024069,-0.0066353,0.015657,0.39899
1438,3,20,0.0118,0.019043,0.62171,0.023981,-0.0066677,0.015413,0.39745
1440,3,20,0.010837,0.018968,0.62053,0.023934,-0.0067211,0.01519,0.39594
1442,3,20,0.0099623,0.018873,0.61936,0.023927,-0.006782,0.014996,0.39449
1444,3,20,0.009182,0.01876,0.61824,0.023961,-0.0068377,0.01484,0.39313
1446,3,20,0.0085002,0.01863,0.61719,0.024028,-0.0068774,0.014725,0.39189
1448,3,20,0.0079202,0.018486,0.61624,0.024125,-0.0068925,0.014654,0.3908
1450,3,20,0.0074442,0.018328,0.61541,0.02424,-0.0068776,0.014624,0.38989
1452,3,20,0.0070736,0.018161,0.61472,0.024367,-0.0068311,0.014633,0.38916
1454,3,20,0.0068089,0.017987,0.61419,0.024493,-0.0067552,0.014674,0.38863
1456,3,20,0.0066492,0.017809,0.61383,0.02461,-0.0066566,0.01474,0.3883
1458,3,20,0.0065931,0.017631,0.61364,0.024708,-0.0065457,0.014824,0.38816
1460,3,20,0.0066378,0.017456,0.61362,0.02478,-0.006437,0.01492,0.3882
1462,3,20,0.0067797,0.017288,0.61377,0.02482,-0.0063479,0.015022,0.38841
1464,3,20,0.0070143,0.01713,0.61405,0.024825,-0.0062986,0.015127,0.38877
1466,3,20,0.0073363,0.016986,0.61447,0.024793,-0.0063112,0.015232,0.38925
1468,3,20,0.0077393,0.016858,0.61498,0.024726,-0.0064086,0.015336,0.38982
1470,3,20,0.0082163,0.016751,0.61557,0.024626,-0.0066138,0.01544,0.39045
1472,3,20,0.0087597,0.016665,0.6162,0.024498,-0.0069489,0.015543,0.3911
1474,3,20,0.0093611,0.016603,0.61683,0.024349,-0.0074341,0.015646,0.39175
1476,3,20,0.010011,0.016566,0.61744,0.024185,-0.008087,0.015752,0.39235
1478,3,20,0.010701,0.016555,0.618,0.024014,-0.0089212,0.015859,0.39288
1480,3,20,0.011421,0.016569,0.61847,0.02384,-0.0099457,0.015968,0.3933
1482,3,20,0.012161,0.016609,0.61884,0.023671,-0.011164,0.016079,0.39361
1484,3,20,0.01291,0.016673,0.61908,0.023512,-0.012573,0.016191,0.39376
1486,3,20,0.013659,0.01676,0.61918,0.023366,-0.014164,0.016304,0.39376
1488,3,20,0.014396,0.016868,0.61914,0.023235,-0.015921,0.016418,0.39359
1490,3,20,0.015111,0.016995,0.61895,0.023122,-0.017821,0.016532,0.39326
1492,3,20,0.015796,0.017139,0.61861,0.023027,-0.019835,0.016647,0.39275
1494,3,20,0.016439,0.017298,0.61814,0.022949,-0.021929,0.016764,0.3921
1496,3,20,0.017031,0.017469,0.61753,0.022889,-0.024062,0.016884,0.3913
1498,3,20,0.017564,0.017651,0.61683,0.022844,-0.026193,0.017007,0.39039
1500,3,20,0.01803,0.017841,0.61603,0.022812,-0.028275,0.017136,0.38938
1502,3,20,0.018421,0.018037,0.61518,0.022794,-0.030265,0.01727,0.38831
1504,3,20,0.01873,0.018237,0.61428,0.022785,-0.032117,0.017409,0.38721
1506,3,20,0.018951,0.018441,0.61338,0.022787,-0.033789,0.017552,0.38611
1508,3,20,0.019079,0.018646,0.6125,0.022797,-0.035244,0.017697,0.38503
1510,3,20,0.019111,0.018852,0.61167,0.022817,-0.03645,0.017841,0.38403
1512,3,20,0.019043,0.019056,0.6109,0.022845,-0.037378,0.01798,0.38312
1514,3,20,0.018874,0.019259,0.61023,0.022884,-0.038011,0.018113,0.38233
1516,3,20,0.018602,0.019459,0.60967,0.022933,-0.038337,0.018234,0.38169
1518,3,20,0.018229,0.019656,0.60923,0.022996,-0.03835,0.01834,0.38121
1520,3,20,0.017754,0.019847,0.60893,0.023072,-0.038055,0.018428,0.38091
1522,3,20,0.017181,0.020033,0.60877,0.023164,-0.037462,0.018496,0.3808
1524,3,20,0.016514,0.020213,0.60875,0.023273,-0.036589,0.01854,0.38087
1526,3,20,0.015756,0.020385,0.60888,0.023397,-0.035459,0.018558,0.38113
1528,3,20,0.014914,0.020549,0.60913,0.023537,-0.034102,0.018548,0.38157
1530,3,20,0.013995,0.020703,0.60951,0.023692,-0.032552,0.018509,0.38216
1532,3,20,0.013006,0.020847,0.60999,0.023858,-0.030845,0.018438,0.3829
1534,3,20,0.011955,0.020979,0.61056,0.024033,-0.029021,0.018335,0.38376
1536,3,20,0.010853,0.021098,0.61121,0.024212,-0.027124,0.018198,0.38471
1538,3,20,0.0097076,0.021203,0.6119,0.02439,-0.025194,0.018027,0.38573
1540,3,20,0.0085309,0.021292,0.61264,0.024562,-0.023275,0.017823,0.38679
1542,3,20,0.0073335,0.021366,0.61339,0.024722,-0.021408,0.017586,0.38785
1544,3,20,0.0061269,0.021422,0.61413,0.024863,-0.019632,0.017321,0.38891
1546,3,20,0.0049227,0.02146,0.61487,0.024982,-0.017983,0.017033,0.38992
1548,3,20,0.0037326,0.021479,0.61557,0.025072,-0.016494,0.016727,0.39087
1550,3,20,0.0025685,0.021478,0.61623,0.02513,-0.015192,0.016412,0.39174
1552,3,20,0.0014422,0.021456,0.61685,0.025154,-0.014101,0.016099,0.39253
1554,3,20,0.00036492,0.021414,0.61742,0.025143,-0.013236,0.015799,0.39322
1556,3,20,-0.00065206,0.021349,0.61793,0.025096,-0.012608,0.015525,0.39381
1558,3,20,-0.0015982,0.021263,0.61839,0.025015,-0.012219,0.01529,0.3943
1560,3,20,-0.0024634,0.021155,0.6188,0.024902,-0.012067,0.015104,0.39469
1562,3,20,-0.0032385,0.021025,0.61916,0.024761,-0.012139,0.014978,0.395
1564,3,20,-0.0039149,0.020874,0.61948,0.024594,-0.012419,0.014917,0.39524
1566,3,20,-0.0044851,0.020702,0.61976,0.024406,-0.012883,0.014923,0.39542
1568,3,20,-0.0049424,0.02051,0.62002,0.024198,-0.013501,0.014993,0.39555
1570,3,20,-0.0052815,0.020299,0.62026,0.023973,-0.014242,0.015118,0.39565
1572,3,20,-0.0054978,0.020071,0.6205,0.023732,-0.015071,0.015287,0.39572
1574,3,20,-0.0055884,0.019826,0.62074,0.023477,-0.01595,0.015486,0.39579
1576,3,20,-0.0055513,0.019568,0.62098,0.023206,-0.016845,0.015699,0.39585
1578,3,20,-0.0053858,0.019297,0.62123,0.02292,-0.017722,0.015912,0.39591
1580,3,20,-0.0050927,0.019017,0.62148,0.022617,-0.018551,0.016109,0.39596
1582,3,20,-0.0046738,0.018731,0.62174,0.022297,-0.019308,0.01628,0.396
1584,3,20,-0.0041323,0.01844,0.62198,0.021961,-0.019974,0.016417,0.39602
1586,3,20,-0.0034728,0.01815,0.6222,0.02161,-0.020536,0.016513,0.396
1588,3,20,-0.0027007,0.017863,0.62237,0.021245,-0.020988,0.016566,0.39592
1590,3,20,-0.001823,0.017584,0.62248,0.020869,-0.021331,0.016579,0.39575
1592,3,20,-0.00084732,0.017315,0.62249,0.020486,-0.021574,0.016552,0.39547
1594,3,20,0.0002174,0.017062,0.6224,0.020099,-0.021727,0.016492,0.39506
1596,3,20,0.0013615,0.016828,0.62216,0.019713,-0.021811,0.016405,0.39447
1598,3,20,0.0025744,0.016617,0.62176,0.019332,-0.021845,0.016295,0.39369
1600,3,20,0.0038451,0.016431,0.62118,0.01896,-0.021856,0.016171,0.39269
1602,3,20,0.0051619,0.016275,0.62039,0.0186,-0.02187,0.016037,0.39146
1604,3,20,0.0065126,0.016149,0.61938,0.018258,-0.021915,0.015897,0.38997
1606,3,20,0.0078848,0.016056,0.61815,0.017937,-0.022019,0.015756,0.38822
1608,3,20,0.0092662,0.015995,0.61668,0.017641,-0.022208,0.015616,0.38621
1610,3,20,0.010644,0.015966,0.61499,0.017373,-0.022505,0.015477,0.38395
1612,3,20,0.012006,0.015969,0.61308,0.017139,-0.022932,0.01534,0.38145
1614,3,20,0.01334,0.016,0.61097,0.016941,-0.023503,0.015205,0.37873
1616,3,20,0.014635,0.016057,0.60868,0.016783,-0.024227,0.015073,0.37584
1618,3,20,0.015879,0.016135,0.60624,0.016668,-0.025107,0.014942,0.37281
1620,3,20,0.017061,0.016232,0.6037,0.016596,-0.026137,0.014815,0.36969
1622,3,20,0.018173,0.016342,0.60109,0.016567,-0.027305,0.014694,0.36653
1624,3,20,0.019205,0.016462,0.59847,0.01658,-0.02859,0.014579,0.36339
1626,3,20,0.02015,0.016585,0.59588,0.01663,-0.029964,0.014475,0.36033
1628,3,20,0.021001,0.016709,0.59339,0.016713,-0.031396,0.014381,0.35742
1630,3,20,0.021751,0.016829,0.59104,0.016822,-0.032846,0.014298,0.35471
1632,3,20,0.022398,0.016942,0.58891,0.01695,-0.034275,0.014226,0.35227
1634,3,20,0.022937,0.017044,0.58702,0.017091,-0.035639,0.01416,0.35015
1636,3,20,0.023367,0.017134,0.58544,0.017238,-0.036898,0.014097,0.34839
1638,3,20,0.023687,0.017209,0.58421,0.017386,-0.038012,0.014031,0.34705
1640,3,20,0.023897,0.017268,0.58336,0.017532,-0.038948,0.013957,0.34614
1642,3,20,0.024,0.017311,0.5829,0.017674,-0.039675,0.01387,0.34571
1644,3,20,0.023998,0.017338,0.58286,0.017812,-0.04017,0.013768,0.34575
1646,3,20,0.023895,0.017349,0.58323,0.017946,-0.04042,0.01365,0.34627
1648,3,20,0.023696,0.017345,0.584,0.01808,-0.040416,0.01352,0.34727
1650,3,20,0.023408,0.017329,0.58516,0.018217,-0.04016,0.013383,0.34872
1652,3,20,0.023038,0.017302,0.58668,0.018361,-0.039659,0.013247,0.35059
1654,3,20,0.022593,0.017266,0.58851,0.018515,-0.038931,0.013122,0.35286
1656,3,20,0.022081,0.017224,0.59062,0.018683,-0.037997,0.013019,0.35546
1658,3,20,0.021512,0.017178,0.59296,0.018866,-0.036885,0.012949,0.35836
1660,3,20,0.020894,0.017131,0.59548,0.019066,-0.035628,0.01292,0.3615
1662,3,20,0.020238,0.017083,0.59812,0.019282,-0.034263,0.012939,0.36481
1664,3,20,0.019554,0.017038,0.60084,0.019511,-0.032828,0.013007,0.36824
1666,3,20,0.01885,0.016996,0.60358,0.019751,-0.031361,0.013123,0.37172
1668,3,20,0.018137,0.016957,0.6063,0.019997,-0.029902,0.013281,0.3752
1670,3,20,0.017424,0.016924,0.60896,0.020242,-0.028489,0.01347,0.37862
1672,3,20,0.016719,0.016895,0.61151,0.020479,-0.027155,0.01368,0.38192
1674,3,20,0.016033,0.016869,0.61394,0.0207,-0.025933,0.013898,0.38506
1676,3,20,0.015371,0.016846,0.6162,0.020897,-0.02485,0.014111,0.388
1678,3,20,0.014742,0.016824,0.61828,0.021062,-0.023926,0.014307,0.3907
1680,3,20,0.014151,0.016802,0.62017,0.021186,-0.023178,0.014478,0.39314
1682,3,20,0.013605,0.016778,0.62186,0.021263,-0.022615,0.014615,0.3953
1684,3,20,0.013108,0.01675,0.62334,0.021287,-0.022242,0.014716,0.39716
1686,3,20,0.012662,0.016717,0.62461,0.021253,-0.022057,0.01478,0.39872
1688,3,20,0.012271,0.016677,0.62568,0.021159,-0.022052,0.014809,0.39998
1690,3,20,0.011937,0.016629,0.62655,0.021005,-0.022215,0.014808,0.40095
1692,3,20,0.011658,0.016573,0.62723,0.020793,-0.02253,0.014786,0.40164
1694,3,20,0.011436,0.016508,0.62774,0.020532,-0.02298,0.014753,0.40206
1696,3,20,0.011267,0.016435,0.62807,0.020228,-0.023542,0.014721,0.40224
1698,3,20,0.011151,0.016355,0.62823,0.019896,-0.024196,0.014703,0.4022
1700,3,20,0.011082,0.016268,0.62825,0.01955,-0.024919,0.01471,0.40196
1702,3,20,0.011056,0.016178,0.62812,0.019209,-0.025688,0.014753,0.40155
1704,3,20,0.011069,0.016086,0.62786,0.018893,-0.026481,0.014838,0.40099
1706,3,20,0.011115,0.015995,0.62747,0.018619,-0.027275,0.01497,0.4003
1708,3,20,0.011186,0.015908,0.62697,0.018408,-0.028048,0.015149,0.39952
1710,3,20,0.011277,0.015828,0.62636,0.018272,-0.028778,0.01537,0.39867
1712,3,20,0.01138,0.015758,0.62566,0.018224,-0.029443,0.015627,0.39776
1714,3,20,0.011488,0.015701,0.62488,0.018266,-0.030022,0.015911,0.39681
1716,3,20,0.011592,0.015659,0.62404,0.018397,-0.030491,0.016211,0.39585
1718,3,20,0.011686,0.015635,0.62314,0.018609,-0.030829,0.016515,0.39489
1720,3,20,0.011762,0.01563,0.62222,0.018889,-0.031016,0.016814,0.39394
1722,3,20,0.011813,0.015644,0.62128,0.01922,-0.031033,0.017098,0.39301
1724,3,20,0.011831,0.015677,0.62035,0.019586,-0.030863,0.017358,0.39212
1726,3,20,0.011811,0.015729,0.61944,0.019969,-0.030492,0.017588,0.39128
1728,3,20,0.011747,0.015799,0.61856,0.020352,-0.02991,0.017783,0.39049
1730,3,20,0.011633,0.015883,0.61774,0.02072,-0.029114,0.017939,0.38976
1732,3,20,0.011466,0.01598,0.61699,0.021062,-0.028103,0.018054,0.38911
1734,3,20,0.01124,0.016087,0.61632,0.021368,-0.026884,0.018126,0.38853
1736,3,20,0.010954,0.016201,0.61574,0.02163,-0.025468,0.018154,0.38803
1738,3,20,0.010606,0.016318,0.61526,0.021845,-0.02387,0.01814,0.38762
1740,3,20,0.010194,0.016436,0.61489,0.022009,-0.022112,0.018082,0.3873
1742,3,20,0.0097177,0.016552,0.61464,0.022121,-0.020217,0.017982,0.38708
1744,3,20,0.0091785,0.016663,0.6145,0.022182,-0.018213,0.017843,0.38695
1746,3,20,0.0085778,0.016769,0.61447,0.022193,-0.016128,0.017668,0.38693
1748,3,20,0.007918,0.016867,0.61456,0.022158,-0.013994,0.017462,0.38702
1750,3,20,0.0072024,0.016957,0.61477,0.022078,-0.01184,0.01723,0.3872
1752,3,20,0.0064351,0.017038,0.61509,0.021961,-0.0096972,0.016983,0.38749
1754,3,20,0.0056208,0.017112,0.61551,0.02181,-0.0075935,0.016728,0.38789
1756,3,20,0.0047649,0.017178,0.61603,0.021632,-0.0055573,0.016479,0.38838
1758,3,20,0.0038732,0.01724,0.61664,0.021435,-0.0036143,0.016247,0.38897
1760,3,20,0.0029521,0.017298,0.61732,0.021226,-0.0017886,0.016043,0.38965
1762,3,20,0.0020082,0.017355,0.61808,0.021011,-0.00010219,0.01588,0.39041
1764,3,20,0.0010486,0.017414,0.6189,0.020798,0.0014254,0.015765,0.39126
1766,3,20,8.0265e-05,0.017476,0.61977,0.020593,0.0027769,0.015704,0.39217
1768,3,20,-0.00088972,0.017546,0.62068,0.020402,0.0039377,0.0157,0.39315
1770,3,20,-0.0018543,0.017624,0.62162,0.020228,0.0048959,0.015752,0.39419
1772,3,20,-0.0028066,0.017714,0.62259,0.020074,0.0056428,0.015853,0.39528
1774,3,20,-0.0037401,0.017816,0.62358,0.01994,0.0061735,0.015998,0.39641
1776,3,20,-0.0046486,0.017931,0.62459,0.019825,0.0064865,0.016177,0.39758
1778,3,20,-0.0055262,0.018061,0.6256,0.019727,0.0065849,0.016382,0.39877
1780,3,20,-0.0063678,0.018204,0.62662,0.019645,0.006476,0.016602,0.39999
1782,3,20,-0.0071687,0.01836,0.62765,0.019574,0.0061716,0.016831,0.40122
1784,3,20,-0.0079249,0.018527,0.62867,0.019511,0.0056878,0.017061,0.40247
1786,3,20,-0.0086332,0.018704,0.6297,0.019455,0.0050446,0.017288,0.40371
1788,3,20,-0.0092911,0.018886,0.63072,0.019403,0.0042654,0.017506,0.40496
1790,3,20,-0.0098967,0.019071,0.63173,0.019356,0.003376,0.017711,0.4062
1792,3,20,-0.010449,0.019256,0.63273,0.019313,0.002404,0.017901,0.40743
1794,3,20,-0.010948,0.019436,0.6337,0.019277,0.0013777,0.018071,0.40864
1796,3,20,-0.011394,0.019609,0.63464,0.01925,0.00032548,0.018217,0.40981
1798,3,20,-0.011789,0.01977,0.63554,0.019234,-0.00072508,0.018335,0.41094
1800,3,20,-0.012134,0.019917,0.63639,0.019231,-0.0017476,0.01842,0.41201
1802,3,20,-0.012433,0.020045,0.63717,0.019244,-0.0027174,0.018467,0.41302
1804,3,20,-0.012687,0.020153,0.63788,0.019272,-0.0036119,0.018474,0.41395
1806,3,20,-0.012902,0.020237,0.63851,0.019318,-0.0044107,0.018436,0.41478
1808,3,20,-0.013082,0.020296,0.63903,0.019378,-0.0050961,0.018352,0.4155
1810,3,20,-0.013231,0.02033,0.63945,0.019452,-0.0056532,0.018222,0.41609
1812,3,20,-0.013355,0.020336,0.63975,0.019539,-0.0060702,0.018048,0.41653
1814,3,20,-0.013457,0.020317,0.63992,0.019636,-0.006339,0.017833,0.41682
1816,3,20,-0.013545,0.020272,0.63994,0.019742,-0.0064548,0.017582,0.41693
1818,3,20,-0.013623,0.020202,0.63983,0.019856,-0.0064168,0.017301,0.41687
1820,3,20,-0.013697,0.020112,0.63956,0.019978,-0.0062283,0.016996,0.41662
1822,3,20,-0.013772,0.020003,0.63914,0.020107,-0.0058962,0.016676,0.41618
1824,3,20,-0.013853,0.019879,0.63856,0.020243,-0.0054311,0.016346,0.41555
1826,3,20,-0.013944,0.019744,0.63784,0.020387,-0.0048471,0.016012,0.41474
1828,3,20,-0.014051,0.019605,0.63698,0.020538,-0.004161,0.015678,0.41376
1830,3,20,-0.014177,0.019465,0.636,0.020696,-0.0033919,0.015347,0.41263
1832,3,20,-0.014325,0.01933,0.63491,0.02086,-0.002561,0.015019,0.41138
1834,3,20,-0.014499,0.019207,0.63373,0.021028,-0.0016902,0.014692,0.41002
1836,3,20,-0.0147,0.019101,0.63249,0.021197,-0.00080232,0.014364,0.40858
1838,3,20,-0.014931,0.019018,0.63122,0.021363,8.0315e-05,0.01403,0.40711
1840,3,20,-0.015193,0.018962,0.62994,0.021523,0.00093604,0.013686,0.40563
1842,3,20,-0.015486,0.018938,0.62869,0.021674,0.0017447,0.01333,0.40418
1844,3,20,-0.015809,0.018949,0.6275,0.021811,0.0024881,0.012959,0.40279
1846,3,20,-0.016163,0.018999,0.62638,0.021931,0.0031508,0.012572,0.40149
1848,3,20,-0.016546,0.019086,0.62538,0.022029,0.0037201,0.012173,0.40032
1850,3,20,-0.016955,0.019213,0.6245,0.022104,0.0041865,0.011765,0.39929
1852,3,20,-0.017388,0.019376,0.62377,0.022152,0.004544,0.011358,0.39842
1854,3,20,-0.017842,0.019573,0.62319,0.022174,0.0047896,0.010963,0.39771
1856,3,20,-0.018314,0.019802,0.62276,0.022168,0.0049236,0.010591,0.39717
1858,3,20,-0.0188,0.020056,0.62248,0.022137,0.0049489,0.010257,0.39679
1860,3,20,-0.019295,0.020331,0.62233,0.022083,0.0048709,0.0099771,0.39656
1862,3,20,-0.019795,0.020621,0.62228,0.022011,0.0046971,0.0097643,0.39644
1864,3,20,-0.020296,0.02092,0.62231,0.021924,0.0044368,0.00963,0.39641
1866,3,20,-0.020792,0.021221,0.62239,0.021829,0.0041006,0.0095813,0.39643
1868,3,20,-0.021278,0.02152,0.62248,0.021733,0.0037003,0.0096206,0.39645
1870,3,20,-0.021751,0.02181,0.62253,0.021642,0.0032484,0.0097452,0.39644
1872,3,20,-0.022205,0.022085,0.6225,0.021562,0.0027581,0.0099479,0.39634
1874,3,20,-0.022636,0.022342,0.62236,0.0215,0.0022427,0.010219,0.39611
1876,3,20,-0.02304,0.022574,0.62206,0.02146,0.0017156,0.010545,0.39571
1878,3,20,-0.023411,0.02278,0.62158,0.021446,0.0011902,0.010915,0.3951
1880,3,20,-0.023748,0.022956,0.62089,0.02146,0.00067909,0.011317,0.39425
1882,3,20,-0.024046,0.023098,0.61996,0.021503,0.00019429,0.011738,0.39314
1884,3,20,-0.024303,0.023207,0.61879,0.021576,-0.00025314,0.012169,0.39174
1886,3,20,-0.024516,0.023279,0.61737,0.021677,-0.00065332,0.012601,0.39007
1888,3,20,-0.024684,0.023315,0.61571,0.021803,-0.00099771,0.013027,0.38813
1890,3,20,-0.024804,0.023315,0.61383,0.021952,-0.0012792,0.013438,0.38595
1892,3,20,-0.024877,0.02328,0.61176,0.02212,-0.0014923,0.013831,0.38354
1894,3,20,-0.024901,0.023211,0.60952,0.022303,-0.0016332,0.014198,0.38097
1896,3,20,-0.024877,0.023109,0.60717,0.022498,-0.0016996,0.014536,0.37827
1898,3,20,-0.024806,0.022977,0.60476,0.022701,-0.001691,0.014841,0.37552
1900,3,20,-0.024688,0.022818,0.60233,0.022908,-0.0016085,0.01511,0.37277
1902,3,20,-0.024525,0.022633,0.59996,0.023117,-0.0014547,0.015341,0.37011
1904,3,20,-0.024319,0.022428,0.59771,0.023324,-0.0012339,0.015533,0.36759
1906,3,20,-0.024073,0.022204,0.59563,0.023527,-0.00095166,0.015686,0.36529
1908,3,20,-0.023789,0.021966,0.59379,0.023725,-0.00061487,0.0158,0.36328
1910,3,20,-0.02347,0.021717,0.59225,0.023917,-0.00023161,0.015879,0.36163
1912,3,20,-0.023119,0.02146,0.59106,0.024101,0.00018916,0.015925,0.36039
1914,3,20,-0.02274,0.021201,0.59026,0.024279,0.00063778,0.015943,0.35961
1916,3,20,-0.022336,0.020941,0.58989,0.024448,0.0011042,0.015938,0.35933
1918,3,20,-0.021912,0.020684,0.58997,0.024611,0.0015783,0.015916,0.35957
1920,3,20,-0.02147,0.020433,0.5905,0.024768,0.0020504,0.015884,0.36035
1922,3,20,-0.021015,0.020191,0.5915,0.024919,0.0025114,0.015848,0.36167
1924,3,20,-0.02055,0.01996,0.59295,0.025066,0.002953,0.015812,0.36353
1926,3,20,-0.020079,0.019741,0.59484,0.025209,0.0033684,0.015784,0.36591
1928,3,20,-0.019605,0.019537,0.59713,0.025348,0.0037522,0.015765,0.36877
1930,3,20,-0.019132,0.019349,0.59978,0.025483,0.0041002,0.01576,0.37207
1932,3,20,-0.018662,0.019176,0.60275,0.025615,0.00441,0.01577,0.37577
1934,3,20,-0.0182,0.019019,0.60599,0.025744,0.0046806,0.015795,0.37981
1936,3,20,-0.017747,0.018879,0.60945,0.025869,0.0049121,0.015835,0.38414
1938,3,20,-0.017306,0.018755,0.61307,0.025989,0.0051058,0.015889,0.38869
1940,3,20,-0.016879,0.018645,0.61681,0.026104,0.0052639,0.015955,0.3934
1942,3,20,-0.016467,0.01855,0.62061,0.026214,0.0053892,0.01603,0.39821
1944,3,20,-0.016073,0.018469,0.62441,0.026319,0.0054849,0.016113,0.40305
1946,3,20,-0.015698,0.018399,0.62819,0.026417,0.0055545,0.016201,0.40788
1948,3,20,-0.015343,0.01834,0.63189,0.026508,0.0056015,0.016291,0.41263
1950,3,20,-0.015008,0.018291,0.63548,0.026592,0.0056295,0.016382,0.41727
1952,3,20,-0.014694,0.01825,0.63893,0.02667,0.0056417,0.016471,0.42174
1954,3,20,-0.014401,0.018217,0.64221,0.02674,0.0056414,0.016558,0.42602
1956,3,20,-0.014129,0.01819,0.6453,0.026804,0.0056312,0.016642,0.43007
1958,3,20,-0.013879,0.018168,0.6482,0.026862,0.0056136,0.01672,0.43387
1960,3,20,-0.013649,0.01815,0.65088,0.026913,0.0055908,0.016793,0.43741
1962,3,20,-0.013438,0.018136,0.65335,0.026958,0.0055647,0.016861,0.44068
1964,3,20,-0.013248,0.018125,0.65561,0.026997,0.0055368,0.016922,0.44367
1966,3,20,-0.013075,0.018116,0.65765,0.027032,0.0055082,0.016978,0.44639
1968,3,20,-0.01292,0.018108,0.65949,0.027062,0.0054799,0.017028,0.44884
1970,3,20,-0.012782,0.018103,0.66112,0.027088,0.0054527,0.017072,0.45102
1972,3,20,-0.012659,0.018098,0.66257,0.02711,0.0054272,0.017111,0.45296
1974,3,20,-0.012551,0.018094,0.66384,0.027128,0.0054035,0.017145,0.45467
1976,3,20,-0.012456,0.018091,0.66495,0.027144,0.0053821,0.017174,0.45616
1978,3,20,-0.012372,0.018088,0.66591,0.027157,0.0053628,0.017199,0.45745
1980,3,20,-0.0123,0.018086,0.66674,0.027168,0.0053459,0.017221,0.45856
1982,3,20,-0.012238,0.018084,0.66744,0.027177,0.0053311,0.017239,0.45951
1984,3,20,-0.012185,0.018082,0.66804,0.027184,0.0053183,0.017254,0.46031
1986,3,20,-0.01214,0.01808,0.66853,0.02719,0.0053075,0.017267,0.46099
1988,3,20,-0.012102,0.018079,0.66895,0.027195,0.0052984,0.017277,0.46154
1990,3,20,-0.01207,0.018077,0.66929,0.027199,0.0052908,0.017286,0.46201
1992,3,20,-0.012043,0.018076,0.66957,0.027202,0.0052846,0.017293,0.46239
1994,3,20,-0.012021,0.018075,0.6698,0.027204,0.0052795,0.017298,0.46269
1996,3,20,-0.012003,0.018074,0.66998,0.027206,0.0052754,0.017303,0.46294
1998,3,20,-0.011988,0.018074,0.67013,0.027207,0.0052722,0.017306,0.46314
-500,4,20,-0.00010666,0.031793,1.131,0.035521,-0.04466,0.017656,1.3031
-498,4,20,-0.00024889,0.029625,1.0549,0.033183,-0.039381,0.016305,1.1337
-496,4,20,-0.0004066,0.027506,0.98137,0.030903,-0.034214,0.015081,0.98124
-494,4,20,-0.00057666,0.025454,0.91125,0.028716,-0.029227,0.014017,0.84604
-492,4,20,-0.00075555,0.023487,0.84531,0.026665,-0.024501,0.013144,0.72805
-490,4,20,-0.00093945,0.021624,0.78435,0.024799,-0.020132,0.01248,0.62689
-488,4,20,-0.0011242,0.019887,0.72914,0.023172,-0.016226,0.012021,0.54184
-486,4,20,-0.0013055,0.018296,0.68036,0.021833,-0.012896,0.011743,0.47195
-484,4,20,-0.0014788,0.01687,0.63858,0.020813,-0.010243,0.011596,0.41602
-482,4,20,-0.0016395,0.015627,0.60415,0.02011,-0.0083387,0.011525,0.37268
-480,4,20,-0.0017828,0.014582,0.57713,0.019682,-0.0071988,0.011484,0.34044
-478,4,20,-0.001904,0.013744,0.55727,0.019453,-0.0067743,0.011442,0.31774
-476,4,20,-0.0019986,0.013111,0.54396,0.019341,-0.0069551,0.011395,0.303
-474,4,20,-0.0020619,0.012673,0.5363,0.019273,-0.0075923,0.011351,0.29467
-472,4,20,-0.0020899,0.012409,0.53317,0.019204,-0.0085269,0.011328,0.29128
-470,4,20,-0.0020784,0.012291,0.5334,0.019114,-0.0096122,0.011336,0.29146
-468,4,20,-0.0020237,0.012286,0.53584,0.018998,-0.010727,0.011377,0.29398
-466,4,20,-0.0019228,0.012362,0.53947,0.01886,-0.011779,0.011446,0.29779
-464,4,20,-0.0017727,0.012487,0.54347,0.018706,-0.012701,0.011531,0.30201
-462,4,20,-0.0015712,0.012638,0.54718,0.01854,-0.013447,0.011616,0.30594
-460,4,20,-0.0013166,0.012794,0.55015,0.018364,-0.013989,0.011689,0.30907
-458,4,20,-0.0010078,0.012941,0.55208,0.018181,-0.014309,0.011739,0.31107
-456,4,20,-0.00064422,0.013067,0.55284,0.017991,-0.014404,0.011755,0.31178
-454,4,20,-0.00022614,0.013168,0.55239,0.017796,-0.014275,0.011733,0.31115
-452,4,20,0.00024561,0.013242,0.55083,0.017599,-0.013933,0.011669,0.3093
-450,4,20,0.00076949,0.013287,0.5483,0.017405,-0.013397,0.011562,0.30639
-448,4,20,0.0013433,0.013308,0.54503,0.017221,-0.012688,0.011415,0.30269
-446,4,20,0.0019641,0.013308,0.54127,0.017054,-0.011835,0.011233,0.29849
-444,4,20,0.0026283,0.013293,0.53728,0.016913,-0.010872,0.011023,0.29411
-442,4,20,0.0033318,0.013268,0.53335,0.016808,-0.0098376,0.010795,0.28984
-440,4,20,0.0040698,0.013239,0.52974,0.016745,-0.0087714,0.01056,0.28595
-438,4,20,0.0048369,0.013213,0.52666,0.016728,-0.007715,0.010332,0.28269
-436,4,20,0.0056275,0.013196,0.5243,0.016759,-0.0067091,0.010121,0.28022
-434,4,20,0.0064352,0.013191,0.52277,0.016834,-0.0057903,0.0099395,0.27867
-432,4,20,0.0072536,0.013204,0.52213,0.016947,-0.0049898,0.009792,0.27807
-430,4,20,0.0080756,0.013236,0.52238,0.01709,-0.0043315,0.0096806,0.27843
-428,4,20,0.0088943,0.013288,0.52344,0.01725,-0.0038312,0.0096023,0.27965
-426,4,20,0.0097025,0.013361,0.52522,0.017419,-0.0034968,0.0095496,0.28162
-424,4,20,0.010493,0.013454,0.52753,0.017586,-0.0033292,0.0095119,0.28417
-422,4,20,0.011258,0.013564,0.53021,0.017741,-0.0033239,0.0094773,0.28711
-420,4,20,0.011992,0.013689,0.53306,0.017879,-0.0034721,0.0094334,0.29022
-418,4,20,0.012687,0.013826,0.53586,0.017995,-0.0037625,0.0093694,0.2933
-416,4,20,0.013337,0.013971,0.53845,0.018086,-0.0041821,0.0092758,0.29614
-414,4,20,0.013935,0.01412,0.54064,0.01815,-0.0047173,0.0091458,0.29855
-412,4,20,0.014477,0.014269,0.54231,0.018189,-0.0053537,0.0089751,0.30038
-410,4,20,0.014957,0.014416,0.54334,0.018206,-0.0060768,0.0087621,0.30151
-408,4,20,0.01537,0.014555,0.54366,0.018203,-0.0068714,0.008508,0.30187
-406,4,20,0.015714,0.014686,0.54324,0.018185,-0.0077217,0.0082166,0.3014
-404,4,20,0.015984,0.014805,0.54208,0.018158,-0.0086106,0.0078947,0.30011
-402,4,20,0.016179,0.01491,0.5402,0.018128,-0.0095196,0.0075517,0.29806
-400,4,20,0.016297,0.014998,0.53767,0.0181,-0.010428,0.0071996,0.29531
-398,4,20,0.016338,0.015069,0.53457,0.018082,-0.011314,0.0068535,0.29198
-396,4,20,0.016302,0.01512,0.53101,0.018077,-0.012153,0.00653,0.28818
-394,4,20,0.01619,0.015151,0.52711,0.018091,-0.012917,0.0062472,0.28406
-392,4,20,0.016003,0.015161,0.523,0.018125,-0.01358,0.0060222,0.27977
-390,4,20,0.015745,0.015148,0.51882,0.018181,-0.014113,0.0058687,0.27545
-388,4,20,0.015419,0.015113,0.51469,0.018257,-0.014488,0.0057937,0.27123
-386,4,20,0.015029,0.015054,0.51073,0.01835,-0.014679,0.0057962,0.26724
-384,4,20,0.01458,0.014972,0.50705,0.018455,-0.014666,0.0058661,0.26357
-382,4,20,0.014078,0.014865,0.50373,0.018566,-0.014432,0.0059868,0.2603
-380,4,20,0.013528,0.014735,0.50084,0.018678,-0.013968,0.0061384,0.25747
-378,4,20,0.012937,0.014581,0.49841,0.018784,-0.013272,0.0063011,0.25512
-376,4,20,0.012313,0.014404,0.49645,0.018881,-0.012351,0.0064579,0.25323
-374,4,20,0.011661,0.014204,0.49494,0.018964,-0.01122,0.0065962,0.2518
-372,4,20,0.01099,0.013984,0.49386,0.019033,-0.0099008,0.0067086,0.25078
-370,4,20,0.010308,0.013743,0.49314,0.019086,-0.0084207,0.0067927,0.25011
-368,4,20,0.0096208,0.013485,0.49272,0.019124,-0.0068116,0.0068507,0.24973
-366,4,20,0.0089374,0.013213,0.49253,0.019149,-0.005108,0.0068883,0.24956
-364,4,20,0.0082648,0.012928,0.49249,0.019161,-0.0033458,0.0069139,0.24953
-362,4,20,0.00761,0.012634,0.49254,0.019162,-0.0015608,0.0069375,0.24957
-360,4,20,0.0069799,0.012336,0.49259,0.019152,0.00021223,0.0069689,0.24962
-358,4,20,0.0063808,0.012037,0.49261,0.019134,0.0019398,0.0070176,0.24962
-356,4,20,0.0058186,0.011743,0.49254,0.019108,0.0035908,0.007091,0.24954
-354,4,20,0.0052986,0.011459,0.49236,0.019075,0.0051364,0.0071944,0.24934
-352,4,20,0.0048254,0.011189,0.49206,0.019036,0.0065507,0.0073307,0.249
-350,4,20,0.0044032,0.010939,0.49161,0.018992,0.0078108,0.0075002,0.24854
-348,4,20,0.0040351,0.010713,0.49105,0.018944,0.0088975,0.0077008,0.24795
-346,4,20,0.0037237,0.010516,0.49037,0.018896,0.0097953,0.0079289,0.24725
-344,4,20,0.0034708,0.010352,0.48961,0.018847,0.010493,0.0081791,0.24646
-342,4,20,0.0032773,0.010222,0.48879,0.0188,0.010984,0.0084453,0.24563
-340,4,20,0.0031433,0.010129,0.48794,0.018756,0.011267,0.0087203,0.24477
-338,4,20,0.0030684,0.010071,0.48711,0.018715,0.011346,0.0089967,0.24393
-336,4,20,0.0030511,0.010049,0.48631,0.018677,0.011229,0.0092666,0.24312
-334,4,20,0.0030893,0.01006,0.48557,0.018639,0.010929,0.0095222,0.24238
-332,4,20,0.0031804,0.010101,0.48492,0.0186,0.010465,0.0097561,0.24172
-330,4,20,0.0033207,0.010168,0.48436,0.018556,0.0098582,0.0099612,0.24114
-328,4,20,0.0035064,0.010256,0.4839,0.018503,0.0091325,0.010132,0.24066
-326,4,20,0.0037329,0.010361,0.48354,0.018438,0.0083135,0.010262,0.24027
-324,4,20,0.0039953,0.010479,0.48326,0.018356,0.0074267,0.01035,0.23994
-322,4,20,0.0042881,0.010605,0.48306,0.018255,0.0064962,0.010393,0.23968
-320,4,20,0.0046057,0.010737,0.4829,0.018132,0.0055439,0.010391,0.23944
-318,4,20,0.0049422,0.010871,0.48277,0.017987,0.0045885,0.010344,0.23921
-316,4,20,0.0052917,0.011006,0.48263,0.017819,0.0036443,0.010255,0.23897
-314,4,20,0.0056481,0.011139,0.48246,0.017627,0.0027216,0.010129,0.23867
-312,4,20,0.0060052,0.01127,0.48224,0.017415,0.0018265,0.0099693,0.23831
-310,4,20,0.0063573,0.011398,0.48193,0.017182,0.00096104,0.0097834,0.23786
-308,4,20,0.0066986,0.011524,0.48153,0.016931,0.00012359,0.0095781,0.23731
-306,4,20,0.0070237,0.011648,0.48102,0.016665,-0.00069018,0.0093613,0.23665
-304,4,20,0.0073274,0.011772,0.4804,0.016387,-0.0014869,0.0091414,0.23588
-302,4,20,0.007605,0.011895,0.47967,0.016098,-0.0022744,0.0089272,0.23501
-300,4,20,0.0078523,0.01202,0.47884,0.015803,-0.0030616,0.0087272,0.23404
-298,4,20,0.0080656,0.012146,0.47793,0.015506,-0.0038571,0.0085491,0.23299
-296,4,20,0.0082416,0.012275,0.47695,0.015213,-0.004669,0.0083998,0.23188
-294,4,20,0.0083778,0.012407,0.47593,0.01493,-0.0055039,0.0082841,0.23074
-292,4,20,0.0084722,0.012542,0.47489,0.014664,-0.0063666,0.0082049,0.2296
-290,4,20,0.0085234,0.012679,0.47385,0.014425,-0.0072594,0.0081625,0.22849
-288,4,20,0.0085307,0.012818,0.47284,0.01422,-0.0081815,0.0081548,0.22742
-286,4,20,0.0084941,0.012958,0.47189,0.014058,-0.009129,0.0081772,0.22643
-284,4,20,0.0084142,0.013095,0.47101,0.013947,-0.010094,0.0082233,0.22554
-282,4,20,0.008292,0.01323,0.47022,0.013889,-0.011066,0.0082854,0.22478
-280,4,20,0.0081293,0.013359,0.46955,0.013888,-0.01203,0.0083559,0.22414
-278,4,20,0.0079286,0.013479,0.469,0.013942,-0.01297,0.0084279,0.22365
-276,4,20,0.0076926,0.01359,0.46858,0.014045,-0.013866,0.0084963,0.22331
-274,4,20,0.0074246,0.013688,0.46829,0.014191,-0.014699,0.0085584,0.22312
-272,4,20,0.0071285,0.013771,0.46813,0.014371,-0.015449,0.008615,0.22307
-270,4,20,0.0068082,0.013837,0.46811,0.014576,-0.016098,0.0086693,0.22316
-268,4,20,0.0064683,0.013885,0.4682,0.014798,-0.016629,0.0087269,0.22337
-266,4,20,0.0061135,0.013914,0.4684,0.01503,-0.017029,0.0087943,0.22369
-264,4,20,0.0057485,0.013923,0.4687,0.015266,-0.017288,0.0088774,0.2241
-262,4,20,0.0053785,0.01391,0.46907,0.015502,-0.017398,0.0089792,0.22459
-260,4,20,0.0050086,0.013878,0.4695,0.015734,-0.017355,0.0090994,0.22514
-258,4,20,0.0046438,0.013826,0.46998,0.01596,-0.017159,0.0092334,0.22572
-256,4,20,0.0042891,0.013755,0.4705,0.016178,-0.016813,0.0093732,0.22634
-254,4,20,0.0039496,0.013667,0.47103,0.016387,-0.016321,0.0095084,0.22697
-252,4,20,0.00363,0.013564,0.47157,0.016586,-0.01569,0.0096275,0.2276
-250,4,20,0.0033347,0.013449,0.47211,0.016773,-0.01493,0.0097197,0.22823
-248,4,20,0.0030683,0.013324,0.47264,0.016948,-0.014052,0.009776,0.22885
-246,4,20,0.0028345,0.013193,0.47318,0.017109,-0.013069,0.0097899,0.22946
-244,4,20,0.0026371,0.013058,0.4737,0.017253,-0.011993,0.0097581,0.23005
-242,4,20,0.0024794,0.012922,0.47422,0.017377,-0.010839,0.0096803,0.23062
-240,4,20,0.0023642,0.012789,0.47474,0.01748,-0.009623,0.0095591,0.23119
-238,4,20,0.002294,0.012662,0.47527,0.017556,-0.0083603,0.0093994,0.23174
-236,4,20,0.0022708,0.012543,0.47581,0.017603,-0.007067,0.0092081,0.23228
-234,4,20,0.0022963,0.012435,0.47636,0.017617,-0.00576,0.0089929,0.23282
-232,4,20,0.0023716,0.01234,0.47693,0.017595,-0.0044561,0.0087618,0.23334
-230,4,20,0.0024974,0.01226,0.47751,0.017536,-0.0031726,0.0085222,0.23386
-228,4,20,0.0026739,0.012195,0.47812,0.017437,-0.0019268,0.0082806,0.23437
-226,4,20,0.0029011,0.012146,0.47873,0.0173,-0.00073567,0.0080424,0.23487
-224,4,20,0.0031783,0.012113,0.47935,0.017128,0.00038374,0.0078121,0.23535
-222,4,20,0.0035047,0.012096,0.47997,0.016925,0.0014151,0.0075947,0.23581
-220,4,20,0.0038789,0.012093,0.48056,0.016699,0.0023426,0.0073963,0.23624
-218,4,20,0.0042994,0.012104,0.48112,0.016459,0.0031516,0.0072252,0.23662
-216,4,20,0.0047641,0.012127,0.48161,0.016218,0.0038286,0.0070928,0.23695
-214,4,20,0.0052708,0.012161,0.48203,0.015991,0.0043616,0.0070127,0.23721
-212,4,20,0.0058172,0.012204,0.48236,0.015791,0.0047407,0.0069986,0.2374
-210,4,20,0.0064005,0.012254,0.48256,0.015634,0.0049582,0.0070616,0.23751
-208,4,20,0.0070179,0.012311,0.48263,0.015533,0.0050093,0.0072067,0.23752
-206,4,20,0.0076665,0.012372,0.48255,0.015499,0.0048922,0.0074305,0.23742
-204,4,20,0.0083431,0.012436,0.48231,0.015535,0.0046088,0.0077212,0.2372
-202,4,20,0.0090447,0.012503,0.4819,0.015641,0.0041645,0.0080603,0.23687
-200,4,20,0.0097679,0.01257,0.48133,0.015811,0.0035687,0.0084249,0.23642
-198,4,20,0.01051,0.012638,0.48059,0.016033,0.0028345,0.0087914,0.23585
-196,4,20,0.011267,0.012705,0.47972,0.016289,0.0019786,0.0091375,0.23517
-194,4,20,0.012036,0.01277,0.47871,0.016561,0.001021,0.0094441,0.23437
-192,4,20,0.012815,0.012834,0.4776,0.016829,-1.5768e-05,0.0096968,0.23348
-190,4,20,0.0136,0.012894,0.47642,0.017072,-0.001107,0.0098861,0.23251
-188,4,20,0.014388,0.012951,0.47519,0.017269,-0.002227,0.010008,0.23148
-186,4,20,0.015176,0.013004,0.47396,0.017406,-0.0033498,0.010065,0.2304
-184,4,20,0.015963,0.013052,0.47276,0.017467,-0.0044503,0.010064,0.2293
-182,4,20,0.016745,0.013095,0.47163,0.017441,-0.0055054,0.010016,0.22822
-180,4,20,0.01752,0.013132,0.47061,0.017323,-0.0064944,0.0099377,0.22717
-178,4,20,0.018287,0.013163,0.46972,0.01711,-0.0074004,0.0098456,0.2262
-176,4,20,0.019043,0.013186,0.46901,0.016805,-0.0082104,0.0097579,0.22533
-174,4,20,0.019786,0.013202,0.46849,0.016416,-0.0089154,0.009691,0.22461
-172,4,20,0.020514,0.01321,0.4682,0.015956,-0.0095106,0.0096574,0.22405
-170,4,20,0.021227,0.01321,0.46815,0.015444,-0.0099945,0.0096649,0.2237
-168,4,20,0.021923,0.013203,0.46836,0.014902,-0.010368,0.0097156,0.22358
-166,4,20,0.022601,0.013187,0.46883,0.014361,-0.010636,0.0098063,0.22372
-164,4,20,0.02326,0.013165,0.46956,0.01385,-0.0108,0.0099301,0.22413
-162,4,20,0.023899,0.013137,0.47057,0.013403,-0.010866,0.010078,0.22485
-160,4,20,0.024516,0.013103,0.47184,0.013052,-0.010838,0.010241,0.22587
-158,4,20,0.025113,0.013065,0.47337,0.012823,-0.010717,0.010411,0.2272
-156,4,20,0.025687,0.013024,0.47515,0.012733,-0.010506,0.010582,0.22885
-154,4,20,0.026239,0.012982,0.47717,0.012787,-0.010206,0.010751,0.23079
-152,4,20,0.026769,0.01294,0.4794,0.012977,-0.009818,0.010917,0.23302
-150,4,20,0.027276,0.012901,0.48183,0.013282,-0.009343,0.011079,0.23551
-148,4,20,0.027759,0.012865,0.48443,0.013675,-0.0087837,0.011237,0.23822
-146,4,20,0.028219,0.012836,0.48717,0.014124,-0.0081447,0.011391,0.24112
-144,4,20,0.028656,0.012813,0.49002,0.014595,-0.0074336,0.011537,0.24417
-142,4,20,0.02907,0.012799,0.49295,0.015057,-0.0066613,0.01167,0.2473
-140,4,20,0.02946,0.012795,0.49591,0.015485,-0.0058431,0.011784,0.25048
-138,4,20,0.029827,0.012801,0.49886,0.015856,-0.0049985,0.011871,0.25364
-136,4,20,0.03017,0.012819,0.50177,0.016153,-0.0041514,0.011926,0.25673
-134,4,20,0.03049,0.012847,0.50458,0.016367,-0.0033289,0.011941,0.25969
-132,4,20,0.030787,0.012887,0.50724,0.016491,-0.0025608,0.011914,0.26246
-130,4,20,0.03106,0.012937,0.50972,0.016524,-0.0018783,0.011842,0.265
-128,4,20,0.031311,0.012997,0.51196,0.016469,-0.0013122,0.01173,0.26726
-126,4,20,0.031538,0.013065,0.51394,0.016331,-0.00089127,0.011581,0.2692
-124,4,20,0.031742,0.013142,0.51561,0.016121,-0.00064127,0.011403,0.27079
-122,4,20,0.031923,0.013225,0.51695,0.015847,-0.00058309,0.011207,0.27201
-120,4,20,0.032081,0.013314,0.51795,0.015523,-0.000732,0.011002,0.27285
-118,4,20,0.032217,0.013408,0.51859,0.015161,-0.0010968,0.010801,0.2733
-116,4,20,0.032329,0.013506,0.51888,0.014772,-0.0016793,0.010613,0.27338
-114,4,20,0.032419,0.013608,0.51883,0.014368,-0.002474,0.010446,0.27311
-112,4,20,0.032485,0.013713,0.51847,0.013961,-0.0034685,0.010304,0.27251
-110,4,20,0.03253,0.013821,0.51781,0.013561,-0.0046428,0.01019,0.27162
-108,4,20,0.032551,0.013933,0.51691,0.013178,-0.0059705,0.010101,0.27049
-106,4,20,0.032551,0.014049,0.5158,0.012821,-0.0074189,0.010033,0.26918
-104,4,20,0.032527,0.01417,0.51455,0.012496,-0.0089497,0.0099791,0.26772
-102,4,20,0.032482,0.014297,0.51319,0.012212,-0.01052,0.0099315,0.2662
-100,4,20,0.032415,0.01443,0.5118,0.011975,-0.012085,0.0098829,0.26466
-98,4,20,0.032326,0.014571,0.51042,0.01179,-0.013597,0.009827,0.26317
-96,4,20,0.032215,0.014721,0.50912,0.011662,-0.015008,0.0097588,0.26179
-94,4,20,0.032082,0.01488,0.50794,0.011594,-0.016274,0.009675,0.26055
-92,4,20,0.031929,0.015049,0.50693,0.011587,-0.017353,0.0095738,0.25952
-90,4,20,0.031755,0.015229,0.50612,0.011641,-0.018212,0.0094549,0.25873
-88,4,20,0.03156,0.015419,0.50556,0.011756,-0.018823,0.0093192,0.25822
-86,4,20,0.031344,0.015618,0.50526,0.011928,-0.019168,0.0091684,0.25799
-84,4,20,0.031109,0.015827,0.50523,0.012155,-0.01924,0.0090051,0.25806
-82,4,20,0.030854,0.016042,0.50548,0.012429,-0.019042,0.0088328,0.25844
-80,4,20,0.03058,0.016264,0.506,0.012747,-0.018588,0.0086563,0.25912
-78,4,20,0.030287,0.01649,0.50677,0.0131,-0.017901,0.0084813,0.26008
-76,4,20,0.029976,0.016717,0.50779,0.013481,-0.017017,0.0083156,0.2613
-74,4,20,0.029647,0.016944,0.50901,0.013881,-0.015975,0.0081685,0.26275
-72,4,20,0.0293,0.017168,0.5104,0.014289,-0.014824,0.0080513,0.26439
-70,4,20,0.028935,0.017385,0.51195,0.014698,-0.013613,0.0079768,0.26619
-68,4,20,0.028554,0.017594,0.5136,0.015096,-0.012396,0.0079585,0.26811
-66,4,20,0.028156,0.017792,0.51533,0.015475,-0.011224,0.0080088,0.27012
-64,4,20,0.027742,0.017976,0.51711,0.015826,-0.010148,0.008137,0.27216
-62,4,20,0.027312,0.018145,0.51891,0.016144,-0.0092099,0.0083478,0.27422
-60,4,20,0.026867,0.018296,0.5207,0.016424,-0.0084496,0.008639,0.27625
-58,4,20,0.026406,0.018429,0.52247,0.016661,-0.0078971,0.0090018,0.27825
-56,4,20,0.025931,0.018541,0.5242,0.016855,-0.0075737,0.0094214,0.28018
-54,4,20,0.025441,0.018632,0.52589,0.017006,-0.0074912,0.0098787,0.28205
-52,4,20,0.024937,0.018702,0.52752,0.017118,-0.0076513,0.010352,0.28385
-50,4,20,0.024418,0.018751,0.52912,0.017193,-0.0080457,0.010819,0.28558
-48,4,20,0.023886,0.018778,0.53067,0.017238,-0.0086566,0.01126,0.28725
-46,4,20,0.02334,0.018785,0.53219,0.01726,-0.0094576,0.011655,0.28889
-44,4,20,0.022781,0.018773,0.53371,0.017265,-0.010415,0.011989,0.29051
-42,4,20,0.022209,0.018742,0.53523,0.017262,-0.011487,0.012251,0.29214
-40,4,20,0.021624,0.018695,0.53679,0.017261,-0.012632,0.012434,0.2938
-38,4,20,0.021026,0.018633,0.53839,0.017268,-0.013802,0.012537,0.29553
-36,4,20,0.020416,0.018558,0.54007,0.017294,-0.014949,0.012562,0.29736
-34,4,20,0.019795,0.018473,0.54184,0.017347,-0.016028,0.012517,0.29931
-32,4,20,0.019162,0.018378,0.54372,0.017432,-0.016994,0.012415,0.3014
-30,4,20,0.018519,0.018277,0.54571,0.017557,-0.017809,0.012272,0.30366
-28,4,20,0.017865,0.01817,0.54785,0.017723,-0.018439,0.012107,0.3061
-26,4,20,0.017202,0.018062,0.55011,0.017935,-0.018855,0.011942,0.30874
-24,4,20,0.01653,0.017951,0.55252,0.018191,-0.019037,0.011799,0.31157
-22,4,20,0.015851,0.017842,0.55506,0.018491,-0.018973,0.011696,0.31459
-20,4,20,0.015166,0.017735,0.55773,0.01883,-0.018656,0.011648,0.3178
-18,4,20,0.014475,0.01763,0.5605,0.019207,-0.018089,0.011665,0.32117
-16,4,20,0.013781,0.017531,0.56337,0.019617,-0.017283,0.011749,0.32469
-14,4,20,0.013085,0.017436,0.5663,0.020057,-0.016254,0.011894,0.32834
-12,4,20,0.012389,0.017348,0.56928,0.020522,-0.015027,0.01209,0.33208
-10,4,20,0.011696,0.017266,0.57227,0.02101,-0.013628,0.012322,0.33588
-8,4,20,0.011006,0.017192,0.57525,0.021518,-0.012091,0.012574,0.33971
-6,4,20,0.010324,0.017125,0.57819,0.022042,-0.010447,0.012829,0.34354
-4,4,20,0.0096512,0.017065,0.58107,0.022579,-0.0087313,0.013072,0.34733
-2,4,20,0.008991,0.017014,0.58385,0.023123,-0.0069739,0.013292,0.35104
0,4,20,0.0083464,0.01697,0.58653,0.023669,-0.0052037,0.013482,0.35466
2,4,20,0.0077207,0.016935,0.58907,0.024211,-0.0034445,0.013636,0.35815
4,4,20,0.0071172,0.016908,0.59148,0.024742,-0.0017153,0.013753,0.36148
6,4,20,0.0065396,0.01689,0.59375,0.025252,-2.9641e-05,0.013836,0.36465
8,4,20,0.0059914,0.01688,0.59587,0.025735,0.001604,0.013887,0.36764
10,4,20,0.0054764,0.016878,0.59784,0.026184,0.0031813,0.013912,0.37044
12,4,20,0.0049984,0.016885,0.59966,0.026591,0.0047007,0.013915,0.37303
14,4,20,0.004561,0.0169,0.60135,0.026951,0.0061623,0.013901,0.37543
16,4,20,0.0041679,0.016922,0.60291,0.02726,0.0075659,0.013874,0.37762
18,4,20,0.0038229,0.016952,0.60435,0.027516,0.0089102,0.013835,0.37962
20,4,20,0.0035292,0.016989,0.60568,0.027716,0.010191,0.013787,0.38144
22,4,20,0.0032902,0.017033,0.6069,0.02786,0.011401,0.013731,0.38307
24,4,20,0.0031087,0.017083,0.60803,0.027947,0.012531,0.013667,0.38454
26,4,20,0.0029873,0.017138,0.60908,0.027978,0.013565,0.013597,0.38585
28,4,20,0.0029284,0.017199,0.61005,0.02795,0.014489,0.013521,0.387
30,4,20,0.0029335,0.017266,0.61095,0.027865,0.015282,0.013441,0.38802
32,4,20,0.003004,0.017337,0.6118,0.02772,0.015926,0.01336,0.3889
34,4,20,0.0031404,0.017414,0.61259,0.027516,0.016398,0.013282,0.38966
36,4,20,0.0033428,0.017497,0.61334,0.027253,0.01668,0.013213,0.3903
38,4,20,0.0036103,0.017586,0.61404,0.026933,0.01675,0.013157,0.39082
40,4,20,0.0039414,0.017683,0.61469,0.026558,0.016593,0.01312,0.39124
42,4,20,0.0043339,0.017789,0.61529,0.026134,0.016194,0.013107,0.39156
44,4,20,0.0047843,0.017906,0.61584,0.025668,0.015542,0.013123,0.39178
46,4,20,0.0052886,0.018035,0.61633,0.025169,0.014632,0.013169,0.3919
48,4,20,0.0058418,0.018179,0.61676,0.024651,0.013465,0.013245,0.39194
50,4,20,0.0064376,0.018339,0.61713,0.024126,0.012045,0.013348,0.39191
52,4,20,0.007069,0.018518,0.61742,0.02361,0.010386,0.013473,0.3918
54,4,20,0.007728,0.018716,0.61765,0.02312,0.008508,0.013613,0.39165
56,4,20,0.0084055,0.018936,0.6178,0.022672,0.0064389,0.013758,0.39145
58,4,20,0.0090914,0.019178,0.61789,0.022281,0.004213,0.0139,0.39122
60,4,20,0.0097748,0.019442,0.61793,0.02196,0.0018716,0.014028,0.391
62,4,20,0.010444,0.019728,0.61792,0.021717,-0.0005386,0.014133,0.39079
64,4,20,0.011085,0.020032,0.61789,0.021556,-0.0029664,0.014207,0.39062
66,4,20,0.011686,0.020353,0.61786,0.021477,-0.0053581,0.014241,0.39051
68,4,20,0.012232,0.020687,0.61785,0.021475,-0.0076594,0.01423,0.3905
70,4,20,0.012707,0.021029,0.61789,0.021541,-0.0098176,0.014172,0.3906
72,4,20,0.013097,0.021374,0.61801,0.021663,-0.011784,0.014065,0.39085
74,4,20,0.013386,0.021716,0.61823,0.021828,-0.013517,0.013912,0.39126
76,4,20,0.013557,0.022048,0.61859,0.022021,-0.014981,0.013718,0.39187
78,4,20,0.013595,0.022364,0.61911,0.022231,-0.016154,0.013492,0.39269
80,4,20,0.013482,0.022657,0.61981,0.022446,-0.017024,0.013248,0.39374
82,4,20,0.013203,0.022919,0.62071,0.022657,-0.017589,0.013002,0.39504
84,4,20,0.012742,0.023144,0.62183,0.02286,-0.017861,0.012772,0.3966
86,4,20,0.012084,0.023327,0.62318,0.023052,-0.017865,0.01258,0.39845
88,4,20,0.011213,0.023463,0.62476,0.023233,-0.017633,0.012448,0.40058
90,4,20,0.010116,0.023546,0.62658,0.023409,-0.017207,0.012394,0.40302
92,4,20,0.0087801,0.023575,0.62865,0.023586,-0.016634,0.012434,0.40577
94,4,20,0.0071931,0.023549,0.63096,0.023773,-0.015963,0.012575,0.40885
96,4,20,0.0053448,0.023467,0.63352,0.023982,-0.015241,0.012818,0.41228
98,4,20,0.0032261,0.023334,0.63633,0.024224,-0.014514,0.013155,0.41606
100,4,20,0.00082942,0.023154,0.63939,0.02451,-0.013816,0.013569,0.42024
102,4,20,-0.0018507,0.022935,0.64273,0.024851,-0.013173,0.01404,0.42483
104,4,20,-0.0048182,0.022689,0.64634,0.025257,-0.012601,0.014547,0.42988
106,4,20,-0.0080747,0.022428,0.65026,0.025736,-0.012099,0.015066,0.43543
108,4,20,-0.01162,0.02217,0.65452,0.026298,-0.011656,0.01558,0.44153
110,4,20,-0.015451,0.021934,0.65913,0.02695,-0.011246,0.016074,0.44825
112,4,20,-0.019565,0.021742,0.66413,0.027702,-0.010835,0.01654,0.45566
114,4,20,-0.023952,0.021619,0.66957,0.028564,-0.010378,0.016974,0.46382
116,4,20,-0.028605,0.021586,0.67545,0.02955,-0.0098285,0.01738,0.47283
118,4,20,-0.033511,0.021666,0.68183,0.030671,-0.0091338,0.017765,0.48276
120,4,20,-0.038657,0.021879,0.68872,0.031942,-0.0082435,0.018138,0.49372
122,4,20,-0.044027,0.022237,0.69615,0.033373,-0.0071103,0.01851,0.50578
124,4,20,-0.049603,0.022748,0.70413,0.034975,-0.0056929,0.01889,0.51904
126,4,20,-0.055363,0.023411,0.71267,0.036752,-0.0039575,0.019283,0.53357
128,4,20,-0.061287,0.02422,0.72179,0.038707,-0.0018804,0.019692,0.54944
130,4,20,-0.067349,0.025161,0.73146,0.040836,0.00055152,0.020114,0.56672
132,4,20,-0.073526,0.026216,0.74169,0.04313,0.0033401,0.020547,0.58545
134,4,20,-0.079788,0.027364,0.75245,0.045578,0.0064755,0.020985,0.60565
136,4,20,-0.08611,0.028581,0.76372,0.048162,0.0099374,0.021422,0.62733
138,4,20,-0.09246,0.029843,0.77545,0.050864,0.013695,0.021854,0.65048
140,4,20,-0.09881,0.031127,0.78763,0.053661,0.01771,0.022281,0.67506
142,4,20,-0.10513,0.032407,0.80018,0.05653,0.021938,0.022703,0.70101
144,4,20,-0.11139,0.033663,0.81307,0.059446,0.026327,0.023125,0.72823
146,4,20,-0.11755,0.034874,0.82624,0.062382,0.030825,0.023553,0.75661
148,4,20,-0.12359,0.03602,0.83962,0.065312,0.035378,0.023994,0.78601
150,4,20,-0.12948,0.037085,0.85316,0.068209,0.039933,0.024453,0.81628
152,4,20,-0.1352,0.038053,0.86679,0.071049,0.044436,0.024936,0.84723
154,4,20,-0.1407,0.038912,0.88044,0.073807,0.048839,0.025445,0.87867
156,4,20,-0.14597,0.039649,0.89405,0.076462,0.053095,0.025977,0.9104
158,4,20,-0.15098,0.040258,0.90754,0.078992,0.057162,0.026527,0.94219
160,4,20,-0.1557,0.040732,0.92086,0.081382,0.061,0.02709,0.97382
162,4,20,-0.16013,0.041066,0.93394,0.083616,0.064576,0.027655,1.0051
164,4,20,-0.16424,0.041261,0.9467,0.085684,0.067864,0.028213,1.0357
166,4,20,-0.16802,0.041317,0.9591,0.087577,0.070841,0.028754,1.0656
168,4,20,-0.17145,0.041239,0.97107,0.089289,0.073495,0.02927,1.0945
170,4,20,-0.17452,0.041032,0.98256,0.090816,0.07582,0.029754,1.1221
172,4,20,-0.17723,0.040707,0.99352,0.092156,0.07782,0.030197,1.1485
174,4,20,-0.17958,0.040275,1.0039,0.093309,0.079508,0.030597,1.1733
176,4,20,-0.18156,0.039751,1.0137,0.094273,0.080909,0.030948,1.1965
178,4,20,-0.18318,0.039152,1.0229,0.095049,0.082054,0.031246,1.2181
180,4,20,-0.18444,0.038498,1.0315,0.095637,0.082983,0.031488,1.2378
182,4,20,-0.18536,0.037809,1.0395,0.096037,0.083742,0.03167,1.2558
184,4,20,-0.18595,0.037108,1.0469,0.096251,0.084383,0.031787,1.2719
186,4,20,-0.18621,0.036418,1.0536,0.096279,0.084956,0.031834,1.2862
188,4,20,-0.18618,0.035765,1.0598,0.096126,0.085509,0.031809,1.2987
190,4,20,-0.18587,0.035171,1.0654,0.095794,0.086086,0.031708,1.3095
192,4,20,-0.18531,0.034657,1.0705,0.095292,0.086724,0.031531,1.3185
194,4,20,-0.18452,0.034242,1.0751,0.094627,0.087445,0.031281,1.3259
196,4,20,-0.18353,0.033939,1.0791,0.093812,0.088264,0.030962,1.3317
198,4,20,-0.18237,0.033758,1.0827,0.09286,0.089181,0.030583,1.3361
200,4,20,-0.18107,0.033701,1.0858,0.091786,0.09018,0.030157,1.339
202,4,20,-0.17967,0.033766,1.0884,0.090609,0.091238,0.029696,1.3407
204,4,20,-0.1782,0.033944,1.0906,0.089346,0.092317,0.029217,1.3411
206,4,20,-0.17669,0.034222,1.0924,0.088015,0.093371,0.028735,1.3404
208,4,20,-0.17518,0.034583,1.0937,0.086633,0.094346,0.028265,1.3387
210,4,20,-0.1737,0.035006,1.0946,0.085217,0.095184,0.027817,1.336
212,4,20,-0.17229,0.035472,1.0951,0.083779,0.095825,0.027401,1.3325
214,4,20,-0.17098,0.035959,1.0952,0.082333,0.096211,0.027021,1.3282
216,4,20,-0.1698,0.036447,1.0949,0.080887,0.096283,0.026677,1.3231
218,4,20,-0.16878,0.036917,1.0943,0.079449,0.095991,0.026366,1.3174
220,4,20,-0.16795,0.037354,1.0934,0.078023,0.095292,0.026084,1.3112
222,4,20,-0.16735,0.037744,1.0922,0.076612,0.094152,0.025823,1.3044
224,4,20,-0.16699,0.038076,1.0907,0.075219,0.09255,0.025578,1.2972
226,4,20,-0.16689,0.038343,1.0891,0.073846,0.090477,0.025343,1.2897
228,4,20,-0.16709,0.038541,1.0872,0.072491,0.087938,0.025116,1.2819
230,4,20,-0.16759,0.038668,1.0853,0.071158,0.084952,0.024894,1.274
232,4,20,-0.16841,0.038726,1.0832,0.069846,0.081554,0.024678,1.266
234,4,20,-0.16955,0.038721,1.0811,0.068556,0.077791,0.02447,1.2581
236,4,20,-0.17104,0.03866,1.079,0.067291,0.073724,0.02427,1.2503
238,4,20,-0.17287,0.038552,1.077,0.066052,0.069424,0.024082,1.2428
240,4,20,-0.17504,0.038411,1.0751,0.064842,0.06497,0.023908,1.2357
242,4,20,-0.17756,0.038249,1.0733,0.063664,0.060448,0.02375,1.229
244,4,20,-0.18041,0.038083,1.0718,0.062523,0.055948,0.023611,1.223
246,4,20,-0.1836,0.037928,1.0705,0.061422,0.051558,0.023495,1.2177
248,4,20,-0.1871,0.0378,1.0696,0.060369,0.047364,0.023407,1.2133
250,4,20,-0.1909,0.037714,1.069,0.059371,0.043446,0.023354,1.2098
252,4,20,-0.19499,0.037685,1.0689,0.058436,0.039877,0.023342,1.2074
254,4,20,-0.19935,0.037723,1.0691,0.057575,0.036717,0.023384,1.206
256,4,20,-0.20396,0.037837,1.0699,0.056799,0.034016,0.023488,1.2059
258,4,20,-0.20878,0.038033,1.0711,0.056122,0.031809,0.023667,1.207
260,4,20,-0.2138,0.038312,1.0727,0.055555,0.03012,0.023931,1.2094
262,4,20,-0.21899,0.038673,1.0749,0.055113,0.028957,0.024287,1.213
264,4,20,-0.22431,0.039109,1.0775,0.054804,0.028317,0.024737,1.218
266,4,20,-0.22974,0.039612,1.0805,0.054638,0.028188,0.02528,1.2242
268,4,20,-0.23526,0.040172,1.084,0.05462,0.028546,0.025907,1.2317
270,4,20,-0.24081,0.040773,1.0878,0.054748,0.029363,0.026605,1.2403
272,4,20,-0.24639,0.041403,1.092,0.05502,0.030602,0.027354,1.2501
274,4,20,-0.25194,0.042046,1.0966,0.055426,0.032225,0.028133,1.2609
276,4,20,-0.25745,0.042687,1.1014,0.055953,0.034192,0.028919,1.2726
278,4,20,-0.26289,0.04331,1.1065,0.056584,0.03646,0.029688,1.2853
280,4,20,-0.26821,0.043903,1.1119,0.0573,0.038988,0.03042,1.2986
282,4,20,-0.27341,0.044453,1.1174,0.058081,0.041736,0.031096,1.3126
284,4,20,-0.27844,0.044949,1.1231,0.058908,0.044665,0.031703,1.3272
286,4,20,-0.28329,0.045382,1.1289,0.059758,0.047737,0.032229,1.3422
288,4,20,-0.28794,0.045744,1.1348,0.060615,0.050918,0.032671,1.3575
290,4,20,-0.29235,0.04603,1.1408,0.06146,0.054177,0.033026,1.3731
292,4,20,-0.29652,0.046237,1.1468,0.062279,0.057483,0.033298,1.3888
294,4,20,-0.30043,0.046363,1.1529,0.063059,0.060811,0.033492,1.4047
296,4,20,-0.30407,0.046409,1.1589,0.063789,0.064136,0.033613,1.4205
298,4,20,-0.30742,0.046377,1.165,0.064463,0.067437,0.03367,1.4362
300,4,20,-0.31048,0.046273,1.171,0.065075,0.070693,0.033668,1.4518
302,4,20,-0.31324,0.046102,1.177,0.065624,0.073888,0.033611,1.4672
304,4,20,-0.3157,0.045873,1.1829,0.06611,0.077007,0.033502,1.4824
306,4,20,-0.31785,0.045594,1.1888,0.066536,0.080038,0.03334,1.4973
308,4,20,-0.31971,0.045276,1.1945,0.066907,0.08297,0.033123,1.5119
310,4,20,-0.32127,0.044931,1.2001,0.067229,0.085797,0.032845,1.5262
312,4,20,-0.32254,0.044571,1.2056,0.06751,0.088519,0.032503,1.5401
314,4,20,-0.32354,0.044207,1.211,0.067761,0.091135,0.032095,1.5537
316,4,20,-0.32426,0.043854,1.2162,0.067989,0.093654,0.031622,1.5669
318,4,20,-0.32474,0.043523,1.2212,0.068205,0.096085,0.031089,1.5797
320,4,20,-0.32497,0.043226,1.226,0.06842,0.098443,0.030511,1.5921
322,4,20,-0.32498,0.042972,1.2307,0.068644,0.10074,0.029907,1.6042
324,4,20,-0.32479,0.042771,1.2352,0.068887,0.10301,0.029304,1.6158
326,4,20,-0.3244,0.04263,1.2395,0.069159,0.10525,0.028735,1.6271
328,4,20,-0.32385,0.042553,1.2435,0.069472,0.1075,0.028236,1.6381
330,4,20,-0.32316,0.042545,1.2475,0.069834,0.10977,0.027846,1.6488
332,4,20,-0.32234,0.042605,1.2512,0.070255,0.11207,0.027599,1.6592
334,4,20,-0.32141,0.042734,1.2547,0.070747,0.11442,0.027523,1.6695
336,4,20,-0.32039,0.042928,1.2582,0.071317,0.11683,0.027638,1.6796
338,4,20,-0.31931,0.043184,1.2615,0.071975,0.11931,0.027946,1.6897
340,4,20,-0.31819,0.043498,1.2647,0.072729,0.12187,0.028438,1.6998
342,4,20,-0.31704,0.043863,1.2678,0.073583,0.12451,0.029093,1.7101
344,4,20,-0.31588,0.044275,1.2709,0.074543,0.12723,0.029879,1.7206
346,4,20,-0.31473,0.04473,1.2739,0.075611,0.13004,0.030762,1.7315
348,4,20,-0.3136,0.045221,1.277,0.076786,0.13294,0.031707,1.7428
350,4,20,-0.31252,0.045747,1.2802,0.078064,0.13593,0.032682,1.7547
352,4,20,-0.31149,0.046303,1.2835,0.079438,0.13903,0.033661,1.7673
354,4,20,-0.31052,0.04689,1.2869,0.080901,0.14224,0.034627,1.7806
356,4,20,-0.30962,0.047507,1.2906,0.082439,0.14555,0.035568,1.7947
358,4,20,-0.30881,0.048154,1.2944,0.084039,0.14898,0.036481,1.8097
360,4,20,-0.30808,0.048833,1.2985,0.085685,0.15253,0.037367,1.8257
362,4,20,-0.30745,0.049547,1.3029,0.087362,0.15618,0.03823,1.8426
364,4,20,-0.30691,0.050298,1.3076,0.089051,0.15993,0.039077,1.8604
366,4,20,-0.30646,0.05109,1.3126,0.090737,0.16377,0.039914,1.8792
368,4,20,-0.30611,0.051925,1.3178,0.092403,0.16766,0.040746,1.8989
370,4,20,-0.30585,0.052806,1.3234,0.094034,0.17158,0.041573,1.9193
372,4,20,-0.30568,0.053735,1.3292,0.095615,0.1755,0.042395,1.9404
374,4,20,-0.30559,0.054712,1.3352,0.097133,0.17936,0.043208,1.9621
376,4,20,-0.30557,0.055736,1.3415,0.098579,0.18313,0.044008,1.9841
378,4,20,-0.30562,0.056806,1.3478,0.099941,0.18676,0.044788,2.0064
380,4,20,-0.30572,0.057919,1.3543,0.10121,0.1902,0.045542,2.0287
382,4,20,-0.30586,0.059069,1.3608,0.10239,0.19343,0.046264,2.0509
384,4,20,-0.30603,0.06025,1.3672,0.10346,0.1964,0.04695,2.0727
386,4,20,-0.30622,0.061455,1.3736,0.10443,0.19909,0.047597,2.094
388,4,20,-0.30641,0.062675,1.3798,0.10529,0.20148,0.048205,2.1145
390,4,20,-0.30659,0.063901,1.3858,0.10603,0.20355,0.048771,2.1341
392,4,20,-0.30674,0.065122,1.3916,0.10667,0.20531,0.049297,2.1527
394,4,20,-0.30685,0.066329,1.397,0.1072,0.20675,0.049783,2.1701
396,4,20,-0.30691,0.06751,1.4022,0.10762,0.20788,0.050227,2.1861
398,4,20,-0.30689,0.068656,1.4069,0.10793,0.20871,0.050628,2.2007
400,4,20,-0.30679,0.069754,1.4113,0.10815,0.20925,0.050984,2.2139
402,4,20,-0.30658,0.070797,1.4152,0.10827,0.20951,0.051294,2.2256
404,4,20,-0.30626,0.071774,1.4187,0.10831,0.20951,0.051553,2.2357
406,4,20,-0.3058,0.072678,1.4219,0.10827,0.20925,0.05176,2.2444
408,4,20,-0.30521,0.073501,1.4246,0.10816,0.20875,0.051915,2.2516
410,4,20,-0.30446,0.074237,1.4268,0.10799,0.20802,0.052016,2.2575
412,4,20,-0.30354,0.074881,1.4288,0.10778,0.20708,0.052068,2.262
414,4,20,-0.30245,0.075429,1.4303,0.10752,0.20592,0.052075,2.2654
416,4,20,-0.30117,0.075878,1.4315,0.10724,0.20458,0.052043,2.2677
418,4,20,-0.2997,0.076227,1.4324,0.10693,0.20307,0.051982,2.2689
420,4,20,-0.29802,0.076476,1.433,0.1066,0.20139,0.051901,2.2693
422,4,20,-0.29614,0.076624,1.4333,0.10625,0.19959,0.05181,2.269
424,4,20,-0.29405,0.076673,1.4335,0.10588,0.19768,0.051719,2.2679
426,4,20,-0.29175,0.076627,1.4335,0.10549,0.19568,0.051636,2.2663
428,4,20,-0.28923,0.076489,1.4333,0.10508,0.19364,0.051566,2.2641
430,4,20,-0.2865,0.076262,1.433,0.10463,0.19156,0.051512,2.2614
432,4,20,-0.28355,0.07595,1.4325,0.10415,0.18949,0.051473,2.2583
434,4,20,-0.28039,0.07556,1.432,0.10363,0.18744,0.051444,2.2547
436,4,20,-0.27701,0.075096,1.4314,0.10306,0.18545,0.051417,2.2507
438,4,20,-0.27343,0.074564,1.4307,0.10243,0.18352,0.051383,2.2463
440,4,20,-0.26965,0.073969,1.4299,0.10175,0.18167,0.051331,2.2414
442,4,20,-0.26568,0.073317,1.429,0.10101,0.17992,0.051251,2.236
444,4,20,-0.26152,0.072614,1.428,0.1002,0.17828,0.051132,2.2301
446,4,20,-0.25718,0.071864,1.4269,0.099337,0.17675,0.050967,2.2236
448,4,20,-0.25268,0.071074,1.4256,0.098415,0.17532,0.050747,2.2164
450,4,20,-0.24802,0.070248,1.4241,0.097439,0.17401,0.050469,2.2086
452,4,20,-0.24321,0.06939,1.4225,0.096415,0.17281,0.050128,2.2
454,4,20,-0.23827,0.068507,1.4206,0.095347,0.17171,0.049723,2.1907
456,4,20,-0.23321,0.067602,1.4184,0.094243,0.17071,0.049251,2.1806
458,4,20,-0.22804,0.06668,1.416,0.093109,0.16979,0.048714,2.1698
460,4,20,-0.22278,0.065747,1.4134,0.091952,0.16894,0.048112,2.1582
462,4,20,-0.21744,0.064806,1.4104,0.090779,0.16816,0.047447,2.1459
464,4,20,-0.21204,0.063864,1.4072,0.089599,0.16742,0.046724,2.1329
466,4,20,-0.20659,0.062926,1.4038,0.08842,0.1667,0.04595,2.1192
468,4,20,-0.20111,0.061997,1.4001,0.087251,0.16598,0.045134,2.1049
470,4,20,-0.19561,0.061083,1.3962,0.086101,0.16525,0.044291,2.0901
472,4,20,-0.19011,0.060192,1.392,0.08498,0.16449,0.043438,2.0749
474,4,20,-0.18463,0.05933,1.3877,0.083897,0.16367,0.042597,2.0593
476,4,20,-0.17918,0.058504,1.3831,0.082861,0.1628,0.041794,2.0435
478,4,20,-0.17379,0.057721,1.3784,0.081879,0.16185,0.041056,2.0275
480,4,20,-0.16845,0.056988,1.3736,0.080958,0.16082,0.040411,2.0114
482,4,20,-0.1632,0.056312,1.3687,0.0801,0.15971,0.039884,1.9952
484,4,20,-0.15805,0.055699,1.3637,0.079307,0.15852,0.039497,1.9792
486,4,20,-0.15301,0.055155,1.3587,0.078576,0.15727,0.03926,1.9633
488,4,20,-0.1481,0.054684,1.3536,0.077904,0.15595,0.039177,1.9476
490,4,20,-0.14333,0.05429,1.3486,0.077282,0.15457,0.03924,1.9322
492,4,20,-0.13872,0.053973,1.3436,0.076703,0.15315,0.039431,1.9171
494,4,20,-0.13428,0.053735,1.3387,0.076157,0.15168,0.039721,1.9024
496,4,20,-0.13003,0.053572,1.3339,0.075632,0.15018,0.040079,1.888
498,4,20,-0.12597,0.053481,1.3292,0.075118,0.14863,0.040468,1.874
500,4,20,-0.12213,0.053458,1.3246,0.074607,0.14702,0.040853,1.8604
502,4,20,-0.1185,0.053493,1.3202,0.074089,0.14536,0.041204,1.8472
504,4,20,-0.1151,0.05358,1.3159,0.073558,0.14362,0.041493,1.8344
506,4,20,-0.11194,0.053708,1.3118,0.073009,0.1418,0.041703,1.822
508,4,20,-0.10903,0.053866,1.3078,0.072441,0.13986,0.041822,1.81
510,4,20,-0.10637,0.054042,1.304,0.071852,0.13781,0.041846,1.7985
512,4,20,-0.10398,0.054226,1.3004,0.071246,0.13562,0.041778,1.7874
514,4,20,-0.10185,0.054405,1.2969,0.070628,0.13327,0.041627,1.7767
516,4,20,-0.099986,0.054569,1.2936,0.070006,0.13077,0.041405,1.7665
518,4,20,-0.098396,0.054707,1.2904,0.06939,0.12812,0.041129,1.7567
520,4,20,-0.097079,0.05481,1.2875,0.068791,0.12531,0.040815,1.7475
522,4,20,-0.096035,0.054868,1.2846,0.068221,0.12236,0.040481,1.7387
524,4,20,-0.095263,0.054875,1.282,0.067694,0.1193,0.040141,1.7305
526,4,20,-0.094759,0.054826,1.2795,0.067221,0.11616,0.039809,1.7229
528,4,20,-0.094521,0.054716,1.2771,0.066812,0.11297,0.039493,1.7159
530,4,20,-0.094542,0.054543,1.275,0.066476,0.10979,0.039197,1.7095
532,4,20,-0.094816,0.054306,1.273,0.066218,0.10667,0.038918,1.7038
534,4,20,-0.095336,0.054008,1.2712,0.06604,0.10367,0.038652,1.6988
536,4,20,-0.096091,0.053649,1.2696,0.065939,0.10084,0.038387,1.6945
538,4,20,-0.097073,0.053236,1.2682,0.065911,0.098251,0.038109,1.6908
540,4,20,-0.098269,0.052773,1.267,0.065947,0.095948,0.037802,1.6878
542,4,20,-0.099667,0.052269,1.2659,0.066037,0.093982,0.037452,1.6855
544,4,20,-0.10125,0.051732,1.2651,0.066169,0.092391,0.037043,1.6837
546,4,20,-0.10301,0.051172,1.2644,0.06633,0.091208,0.036566,1.6824
548,4,20,-0.10493,0.050599,1.2639,0.066507,0.090449,0.036014,1.6816
550,4,20,-0.10699,0.050024,1.2636,0.06669,0.090122,0.035387,1.6811
552,4,20,-0.10918,0.049456,1.2633,0.066869,0.090218,0.034691,1.6808
554,4,20,-0.11147,0.048907,1.2631,0.067035,0.09072,0.033936,1.6807
556,4,20,-0.11386,0.048385,1.2628,0.067182,0.091593,0.03314,1.6805
558,4,20,-0.11631,0.047898,1.2626,0.067304,0.092793,0.032323,1.6802
560,4,20,-0.11882,0.047452,1.2623,0.067398,0.094268,0.031509,1.6796
562,4,20,-0.12137,0.047052,1.2618,0.067459,0.095954,0.030721,1.6786
564,4,20,-0.12393,0.046698,1.2611,0.067485,0.097783,0.029981,1.6769
566,4,20,-0.12649,0.046391,1.2602,0.067472,0.099685,0.029306,1.6746
568,4,20,-0.12903,0.046128,1.259,0.067415,0.10159,0.028705,1.6715
570,4,20,-0.13154,0.045903,1.2575,0.06731,0.10341,0.028181,1.6675
572,4,20,-0.13399,0.045709,1.2557,0.067152,0.1051,0.027729,1.6625
574,4,20,-0.13637,0.045538,1.2535,0.066938,0.10659,0.027336,1.6565
576,4,20,-0.13867,0.04538,1.251,0.066663,0.10783,0.026985,1.6494
578,4,20,-0.14087,0.045225,1.2481,0.066327,0.10877,0.026656,1.6413
580,4,20,-0.14295,0.045062,1.2448,0.06593,0.10938,0.02633,1.6322
582,4,20,-0.14491,0.044883,1.2413,0.065473,0.10963,0.025991,1.6222
584,4,20,-0.14674,0.044677,1.2374,0.064961,0.10953,0.025624,1.6113
586,4,20,-0.14842,0.044438,1.2332,0.064403,0.10908,0.025223,1.5997
588,4,20,-0.14994,0.04416,1.2289,0.063807,0.10828,0.024784,1.5875
590,4,20,-0.15131,0.043841,1.2243,0.063185,0.10718,0.024312,1.5748
592,4,20,-0.15251,0.04348,1.2197,0.062551,0.1058,0.023816,1.5619
594,4,20,-0.15354,0.04308,1.215,0.061917,0.10419,0.023312,1.549
596,4,20,-0.15439,0.042646,1.2102,0.061301,0.10241,0.022818,1.5361
598,4,20,-0.15507,0.042187,1.2056,0.060717,0.10051,0.022357,1.5235
600,4,20,-0.15557,0.041713,1.2011,0.06018,0.098552,0.021953,1.5114
602,4,20,-0.1559,0.041239,1.1967,0.059705,0.096582,0.021629,1.4999
604,4,20,-0.15606,0.040782,1.1926,0.059305,0.094656,0.021403,1.4892
606,4,20,-0.15605,0.040359,1.1888,0.058992,0.092817,0.021288,1.4795
608,4,20,-0.15588,0.039991,1.1854,0.058773,0.091103,0.021291,1.4707
610,4,20,-0.15555,0.039697,1.1823,0.058655,0.089544,0.021405,1.4631
612,4,20,-0.15507,0.039496,1.1795,0.058641,0.088157,0.021619,1.4566
614,4,20,-0.15446,0.039404,1.1772,0.058727,0.086954,0.021912,1.4514
616,4,20,-0.15371,0.039434,1.1753,0.05891,0.085933,0.022263,1.4473
618,4,20,-0.15283,0.039596,1.1738,0.059181,0.085087,0.022646,1.4444
620,4,20,-0.15184,0.039893,1.1727,0.059529,0.084401,0.023039,1.4426
622,4,20,-0.15075,0.040324,1.172,0.059941,0.083854,0.023423,1.4419
624,4,20,-0.14956,0.040881,1.1716,0.060404,0.08342,0.023785,1.442
626,4,20,-0.1483,0.041551,1.1716,0.060903,0.08307,0.024114,1.4431
628,4,20,-0.14695,0.042318,1.1718,0.061423,0.082775,0.024407,1.4448
630,4,20,-0.14555,0.043163,1.1723,0.061951,0.082505,0.024663,1.4472
632,4,20,-0.14409,0.044062,1.173,0.062473,0.082231,0.024881,1.45
634,4,20,-0.14259,0.044994,1.1738,0.062976,0.08193,0.025064,1.4532
636,4,20,-0.14106,0.045934,1.1748,0.063449,0.081579,0.025211,1.4566
638,4,20,-0.13949,0.04686,1.1758,0.06388,0.081165,0.02532,1.4601
640,4,20,-0.13791,0.047751,1.1769,0.06426,0.080678,0.025387,1.4636
642,4,20,-0.13631,0.048587,1.178,0.064579,0.080115,0.025408,1.4669
644,4,20,-0.13471,0.04935,1.1791,0.064828,0.079479,0.025373,1.4701
646,4,20,-0.1331,0.050027,1.1801,0.065001,0.078778,0.025276,1.473
648,4,20,-0.13149,0.050604,1.1811,0.065091,0.078027,0.025111,1.4755
650,4,20,-0.12989,0.051073,1.182,0.065095,0.077242,0.024873,1.4776
652,4,20,-0.12829,0.051426,1.1827,0.065008,0.076443,0.024561,1.4792
654,4,20,-0.1267,0.05166,1.1834,0.064831,0.07565,0.024178,1.4802
656,4,20,-0.12511,0.051773,1.1839,0.064563,0.074884,0.023731,1.4807
658,4,20,-0.12352,0.051768,1.1842,0.064207,0.074163,0.02323,1.4806
660,4,20,-0.12193,0.051647,1.1843,0.063767,0.073503,0.022688,1.4797
662,4,20,-0.12034,0.051418,1.1841,0.06325,0.072918,0.022122,1.4781
664,4,20,-0.11875,0.051089,1.1837,0.062661,0.072417,0.021547,1.4758
666,4,20,-0.11714,0.050671,1.1831,0.06201,0.072007,0.02098,1.4727
668,4,20,-0.11551,0.050175,1.1821,0.061306,0.071688,0.020435,1.4687
670,4,20,-0.11386,0.049615,1.1808,0.060559,0.07146,0.019924,1.4639
672,4,20,-0.11218,0.049006,1.1791,0.059779,0.071318,0.019455,1.4582
674,4,20,-0.11047,0.048362,1.177,0.058978,0.071257,0.019035,1.4515
676,4,20,-0.10871,0.047698,1.1746,0.058166,0.071266,0.018666,1.4439
678,4,20,-0.1069,0.04703,1.1717,0.057356,0.071335,0.01835,1.4354
680,4,20,-0.10504,0.046371,1.1684,0.056559,0.071454,0.018089,1.4259
682,4,20,-0.10312,0.045733,1.1647,0.055787,0.071609,0.017885,1.4156
684,4,20,-0.10113,0.045129,1.1605,0.055054,0.071788,0.017741,1.4044
686,4,20,-0.099066,0.044566,1.1559,0.054371,0.071977,0.017661,1.3923
688,4,20,-0.096928,0.044051,1.151,0.053749,0.072164,0.017649,1.3796
690,4,20,-0.09471,0.043589,1.1456,0.053201,0.072334,0.017707,1.3662
692,4,20,-0.09241,0.043182,1.1399,0.052733,0.072476,0.017835,1.3522
694,4,20,-0.090027,0.042829,1.1339,0.052355,0.072576,0.018029,1.3379
696,4,20,-0.087559,0.042527,1.1277,0.05207,0.072624,0.01828,1.3232
698,4,20,-0.085007,0.042273,1.1213,0.05188,0.072606,0.018575,1.3083
700,4,20,-0.082374,0.04206,1.1147,0.051786,0.072512,0.018898,1.2934
702,4,20,-0.079663,0.041884,1.108,0.051783,0.072328,0.019234,1.2786
704,4,20,-0.076877,0.041737,1.1013,0.051866,0.072042,0.019566,1.264
706,4,20,-0.074022,0.041613,1.0947,0.052028,0.07164,0.01988,1.2497
708,4,20,-0.071106,0.041507,1.0881,0.05226,0.071106,0.020163,1.2358
710,4,20,-0.068135,0.041413,1.0817,0.05255,0.070426,0.020408,1.2225
712,4,20,-0.06512,0.041329,1.0754,0.052887,0.069582,0.020608,1.2097
714,4,20,-0.062071,0.041252,1.0694,0.053256,0.068559,0.02076,1.1975
716,4,20,-0.058998,0.041181,1.0636,0.053644,0.067341,0.020863,1.186
718,4,20,-0.055914,0.041117,1.0581,0.054035,0.065911,0.020917,1.1751
720,4,20,-0.052831,0.04106,1.0529,0.054414,0.064257,0.020925,1.1649
722,4,20,-0.049764,0.041015,1.048,0.054766,0.062367,0.020892,1.1552
724,4,20,-0.046725,0.040983,1.0433,0.055079,0.060233,0.020823,1.1462
726,4,20,-0.043729,0.040969,1.039,0.055343,0.057851,0.020726,1.1377
728,4,20,-0.04079,0.040976,1.0349,0.055549,0.055222,0.020613,1.1296
730,4,20,-0.037924,0.041007,1.031,0.055693,0.052357,0.020496,1.1219
732,4,20,-0.035144,0.041066,1.0273,0.055772,0.049273,0.020385,1.1145
734,4,20,-0.032464,0.041155,1.0238,0.055787,0.045998,0.020294,1.1074
736,4,20,-0.029898,0.041274,1.0205,0.055741,0.042568,0.02023,1.1005
738,4,20,-0.027459,0.041423,1.0173,0.055638,0.039032,0.020197,1.0937
740,4,20,-0.025158,0.0416,1.0142,0.055482,0.035448,0.020194,1.087
742,4,20,-0.023007,0.041802,1.0111,0.055278,0.031879,0.020215,1.0804
744,4,20,-0.021017,0.042025,1.0081,0.055032,0.028398,0.020247,1.0739
746,4,20,-0.019196,0.042262,1.0052,0.054749,0.025078,0.020272,1.0675
748,4,20,-0.017551,0.042508,1.0024,0.054431,0.021994,0.020269,1.0612
750,4,20,-0.016089,0.042755,0.9997,0.054082,0.019219,0.020219,1.055
752,4,20,-0.014814,0.042995,0.99707,0.053705,0.016817,0.0201,1.0489
754,4,20,-0.01373,0.04322,0.99456,0.053302,0.014845,0.019897,1.0431
756,4,20,-0.012838,0.043422,0.99219,0.052876,0.013344,0.019601,1.0376
758,4,20,-0.012138,0.043592,0.98997,0.052434,0.012342,0.019213,1.0323
760,4,20,-0.011629,0.043724,0.98792,0.051981,0.011848,0.018747,1.0273
762,4,20,-0.011306,0.04381,0.98602,0.051526,0.011851,0.01823,1.0227
764,4,20,-0.011164,0.043844,0.98429,0.051078,0.012324,0.017703,1.0184
766,4,20,-0.011198,0.043821,0.98271,0.05065,0.013222,0.017219,1.0145
768,4,20,-0.011399,0.043736,0.98125,0.050252,0.014485,0.016837,1.0108
770,4,20,-0.011758,0.043585,0.97989,0.049892,0.016042,0.016618,1.0075
772,4,20,-0.012263,0.043367,0.97861,0.049577,0.017818,0.016606,1.0044
774,4,20,-0.012904,0.043079,0.97736,0.049307,0.019729,0.016823,1.0014
776,4,20,-0.013666,0.04272,0.9761,0.049082,0.021697,0.017263,0.99855
778,4,20,-0.014536,0.042291,0.97482,0.048891,0.023645,0.017889,0.99568
780,4,20,-0.0155,0.041794,0.97346,0.048724,0.025504,0.018649,0.99273
782,4,20,-0.016541,0.041229,0.972,0.048567,0.027215,0.01948,0.98959
784,4,20,-0.017645,0.0406,0.9704,0.048401,0.02873,0.020318,0.98619
786,4,20,-0.018795,0.039909,0.96866,0.04821,0.03001,0.021107,0.98245
788,4,20,-0.019976,0.039162,0.96673,0.047978,0.031033,0.0218,0.97831
790,4,20,-0.021171,0.038362,0.96462,0.047692,0.031787,0.022359,0.97371
792,4,20,-0.022365,0.037516,0.96232,0.047341,0.032271,0.022758,0.96864
794,4,20,-0.023543,0.036628,0.95982,0.046919,0.032497,0.022984,0.96308
796,4,20,-0.024689,0.035706,0.95714,0.046425,0.032483,0.023031,0.95706
798,4,20,-0.025791,0.034756,0.95428,0.045863,0.032257,0.022907,0.95061
800,4,20,-0.026835,0.033786,0.95127,0.045242,0.031851,0.02263,0.94381
802,4,20,-0.02781,0.032804,0.94815,0.044575,0.031304,0.022224,0.93673
804,4,20,-0.028704,0.031818,0.94493,0.043879,0.030653,0.021728,0.92948
806,4,20,-0.029507,0.030837,0.94167,0.043175,0.02994,0.021183,0.92217
808,4,20,-0.030213,0.02987,0.93842,0.042484,0.029204,0.020639,0.91492
810,4,20,-0.030813,0.028927,0.93521,0.04183,0.028482,0.020147,0.90787
812,4,20,-0.031302,0.028017,0.93211,0.041234,0.027811,0.019752,0.90114
814,4,20,-0.031676,0.027151,0.92917,0.040712,0.027221,0.019492,0.89484
816,4,20,-0.031933,0.026338,0.92643,0.040277,0.026739,0.01939,0.88909
818,4,20,-0.03207,0.025588,0.92394,0.039938,0.026387,0.019447,0.88397
820,4,20,-0.032089,0.02491,0.92174,0.039695,0.026178,0.019647,0.87955
822,4,20,-0.031991,0.024311,0.91987,0.039543,0.026118,0.019958,0.87588
824,4,20,-0.031777,0.023798,0.91835,0.039474,0.026205,0.020337,0.87297
826,4,20,-0.031453,0.023375,0.91717,0.039476,0.026426,0.020737,0.8708
828,4,20,-0.031024,0.023045,0.91633,0.039535,0.02676,0.021113,0.86935
830,4,20,-0.030494,0.022809,0.9158,0.039639,0.027174,0.021427,0.86855
832,4,20,-0.029872,0.022663,0.91555,0.039777,0.027629,0.021646,0.8683
834,4,20,-0.029164,0.022603,0.91553,0.039939,0.02808,0.021749,0.8685
836,4,20,-0.028378,0.022623,0.91565,0.04012,0.028477,0.021722,0.86901
838,4,20,-0.027524,0.022714,0.91586,0.040316,0.028772,0.021556,0.86969
840,4,20,-0.02661,0.022868,0.91608,0.040524,0.028919,0.021253,0.8704
842,4,20,-0.025644,0.023072,0.91622,0.040743,0.028877,0.020818,0.87099
844,4,20,-0.024636,0.023317,0.9162,0.040969,0.028616,0.020261,0.87132
846,4,20,-0.023594,0.023593,0.91596,0.0412,0.028116,0.019597,0.87124
848,4,20,-0.022528,0.023888,0.91543,0.041434,0.027369,0.018842,0.87064
850,4,20,-0.021444,0.024195,0.91457,0.041664,0.02638,0.018017,0.86941
852,4,20,-0.020351,0.024503,0.91332,0.041886,0.025167,0.017144,0.86749
854,4,20,-0.019255,0.024806,0.91167,0.042093,0.023758,0.016244,0.8648
856,4,20,-0.018163,0.025096,0.9096,0.042278,0.022194,0.015343,0.86133
858,4,20,-0.017079,0.025369,0.90712,0.042434,0.020521,0.014465,0.85708
860,4,20,-0.016008,0.025619,0.90424,0.042556,0.018793,0.013632,0.85206
862,4,20,-0.014954,0.025843,0.90099,0.042636,0.017066,0.012867,0.84632
864,4,20,-0.013919,0.026038,0.89741,0.042672,0.015399,0.012188,0.83994
866,4,20,-0.012904,0.026201,0.89355,0.04266,0.013845,0.011609,0.83301
868,4,20,-0.01191,0.026332,0.88946,0.042599,0.012457,0.011139,0.82563
870,4,20,-0.010937,0.02643,0.88521,0.042491,0.011278,0.010778,0.8179
872,4,20,-0.0099825,0.026494,0.88085,0.042338,0.010346,0.010522,0.80996
874,4,20,-0.009045,0.026525,0.87646,0.042144,0.0096859,0.010362,0.80192
876,4,20,-0.0081211,0.026523,0.87207,0.041916,0.0093131,0.010284,0.79389
878,4,20,-0.0072071,0.026491,0.86776,0.041663,0.0092315,0.010277,0.78599
880,4,20,-0.0062984,0.026428,0.86356,0.041393,0.0094329,0.010332,0.7783
882,4,20,-0.00539,0.026337,0.85953,0.041116,0.0098977,0.010443,0.77091
884,4,20,-0.0044765,0.02622,0.85567,0.040844,0.010595,0.010605,0.76387
886,4,20,-0.0035522,0.026079,0.85202,0.040587,0.011486,0.010819,0.75724
888,4,20,-0.0026111,0.025915,0.84858,0.040355,0.01252,0.011082,0.75103
890,4,20,-0.0016473,0.025732,0.84535,0.040157,0.013642,0.011391,0.74525
892,4,20,-0.00065491,0.025532,0.84231,0.04,0.014793,0.011739,0.73989
894,4,20,0.00037165,0.025317,0.83945,0.039888,0.01591,0.012116,0.73491
896,4,20,0.0014377,0.02509,0.83673,0.039826,0.016932,0.012512,0.73026
898,4,20,0.0025481,0.024854,0.83413,0.039815,0.0178,0.012912,0.7259
900,4,20,0.003707,0.024611,0.83161,0.039852,0.01846,0.013307,0.72175
902,4,20,0.004918,0.024365,0.82912,0.039935,0.018865,0.013686,0.71775
904,4,20,0.0061838,0.024118,0.82664,0.040059,0.018977,0.014044,0.71382
906,4,20,0.0075063,0.023872,0.82412,0.040217,0.018768,0.014378,0.7099
908,4,20,0.0088865,0.023631,0.82153,0.040403,0.018219,0.014687,0.70592
910,4,20,0.010324,0.023397,0.81884,0.040608,0.017323,0.014975,0.70183
912,4,20,0.011819,0.023173,0.81605,0.040823,0.016084,0.015242,0.6976
914,4,20,0.013367,0.02296,0.81313,0.041039,0.014515,0.015492,0.69317
916,4,20,0.014967,0.02276,0.81008,0.041248,0.01264,0.015726,0.68855
918,4,20,0.016613,0.022575,0.80691,0.04144,0.010489,0.015943,0.68373
920,4,20,0.018301,0.022407,0.80363,0.041609,0.0081025,0.01614,0.67871
922,4,20,0.020025,0.022254,0.80026,0.041747,0.0055259,0.016313,0.67353
924,4,20,0.021776,0.022119,0.79683,0.041851,0.0028095,0.016457,0.66822
926,4,20,0.023547,0.022,0.79338,0.041917,7.0044e-06,0.016569,0.66283
928,4,20,0.02533,0.021897,0.78993,0.041943,-0.0028264,0.016646,0.65741
930,4,20,0.027114,0.021809,0.78652,0.041929,-0.005636,0.01669,0.65202
932,4,20,0.02889,0.021734,0.78321,0.041879,-0.0083693,0.016703,0.64673
934,4,20,0.030647,0.021671,0.78001,0.041795,-0.010978,0.016693,0.6416
936,4,20,0.032374,0.021618,0.77696,0.041683,-0.013418,0.016673,0.63668
938,4,20,0.034062,0.021572,0.7741,0.041547,-0.015655,0.016656,0.63203
940,4,20,0.035698,0.021532,0.77146,0.041394,-0.017659,0.016657,0.6277
942,4,20,0.037272,0.021496,0.76904,0.041229,-0.019411,0.016691,0.62371
944,4,20,0.038773,0.021462,0.76686,0.041058,-0.020899,0.016772,0.6201
946,4,20,0.040192,0.021427,0.76493,0.040884,-0.022119,0.016907,0.61687
948,4,20,0.041519,0.021391,0.76325,0.04071,-0.023075,0.017099,0.61403
950,4,20,0.042745,0.021352,0.7618,0.040538,-0.023778,0.017345,0.61156
952,4,20,0.043862,0.02131,0.76058,0.040366,-0.024246,0.017634,0.60944
954,4,20,0.044863,0.021263,0.75956,0.040195,-0.024502,0.017953,0.60762
956,4,20,0.045741,0.021211,0.75871,0.040023,-0.024572,0.018285,0.60608
958,4,20,0.046492,0.021155,0.75801,0.039846,-0.024487,0.018614,0.60475
960,4,20,0.047111,0.021094,0.75742,0.039664,-0.024278,0.018924,0.60358
962,4,20,0.047596,0.021029,0.7569,0.039476,-0.023978,0.019203,0.6025
964,4,20,0.047945,0.02096,0.75641,0.039279,-0.023619,0.019442,0.60146
966,4,20,0.048158,0.020888,0.7559,0.039076,-0.02323,0.019638,0.6004
968,4,20,0.048236,0.020813,0.75536,0.038868,-0.022841,0.019789,0.59927
970,4,20,0.048181,0.020736,0.75473,0.038657,-0.022477,0.019898,0.598
972,4,20,0.047996,0.020657,0.75398,0.038449,-0.022158,0.01997,0.59657
974,4,20,0.047686,0.020576,0.75309,0.038248,-0.021903,0.020009,0.59494
976,4,20,0.047257,0.020495,0.75204,0.03806,-0.021727,0.020021,0.59308
978,4,20,0.046714,0.020412,0.7508,0.037888,-0.021639,0.020009,0.59098
980,4,20,0.046067,0.020327,0.74939,0.037738,-0.021646,0.019975,0.58864
982,4,20,0.045323,0.020241,0.74779,0.037614,-0.02175,0.01992,0.58607
984,4,20,0.044492,0.020152,0.74601,0.037518,-0.021947,0.019842,0.58327
986,4,20,0.043582,0.02006,0.74407,0.037451,-0.022231,0.019741,0.58029
988,4,20,0.042605,0.019965,0.74198,0.037413,-0.022591,0.019614,0.57714
990,4,20,0.041571,0.019865,0.73979,0.0374,-0.023009,0.01946,0.57386
992,4,20,0.040491,0.019762,0.7375,0.037411,-0.023467,0.019281,0.5705
994,4,20,0.039375,0.019653,0.73517,0.037441,-0.023942,0.019078,0.56711
996,4,20,0.038234,0.019539,0.73282,0.037485,-0.024409,0.018855,0.56372
998,4,20,0.037079,0.019421,0.73048,0.037539,-0.024843,0.018616,0.56037
1000,4,20,0.035921,0.019299,0.72819,0.0376,-0.025219,0.018367,0.55712
1002,4,20,0.034768,0.019173,0.72597,0.037662,-0.025516,0.018113,0.55398
1004,4,20,0.033631,0.019045,0.72385,0.037724,-0.025715,0.017855,0.551
1006,4,20,0.032518,0.018916,0.72184,0.037784,-0.025804,0.017598,0.54818
1008,4,20,0.031437,0.018788,0.71997,0.037841,-0.025775,0.017341,0.54556
1010,4,20,0.030396,0.018664,0.71823,0.037894,-0.025627,0.017084,0.54314
1012,4,20,0.0294,0.018545,0.71662,0.037944,-0.025362,0.016826,0.5409
1014,4,20,0.028455,0.018433,0.71515,0.037992,-0.024991,0.016566,0.53886
1016,4,20,0.027565,0.018332,0.71379,0.038037,-0.024527,0.016301,0.53699
1018,4,20,0.026735,0.018243,0.71254,0.038078,-0.023986,0.016031,0.53527
1020,4,20,0.025967,0.018168,0.71139,0.038114,-0.023387,0.015758,0.53367
1022,4,20,0.025263,0.01811,0.7103,0.038141,-0.022748,0.015481,0.53217
1024,4,20,0.024623,0.018069,0.70927,0.038156,-0.022089,0.015203,0.53073
1026,4,20,0.024047,0.018048,0.70828,0.038154,-0.021427,0.014927,0.52932
1028,4,20,0.023535,0.018045,0.7073,0.038128,-0.020778,0.014657,0.52789
1030,4,20,0.023086,0.018061,0.70632,0.038073,-0.020159,0.014397,0.52643
1032,4,20,0.022696,0.018096,0.70532,0.037985,-0.019581,0.014149,0.5249
1034,4,20,0.022363,0.018148,0.7043,0.03786,-0.019057,0.013917,0.52327
1036,4,20,0.022084,0.018215,0.70323,0.037694,-0.018597,0.013705,0.52152
1038,4,20,0.021854,0.018295,0.7021,0.037488,-0.01821,0.013513,0.51965
1040,4,20,0.021671,0.018386,0.70092,0.037242,-0.017903,0.013342,0.51764
1042,4,20,0.021528,0.018485,0.69967,0.03696,-0.017684,0.013195,0.51549
1044,4,20,0.021423,0.018589,0.69835,0.036645,-0.017556,0.01307,0.5132
1046,4,20,0.021351,0.018696,0.69697,0.036304,-0.017521,0.012969,0.5108
1048,4,20,0.021306,0.018803,0.69553,0.035941,-0.017581,0.012892,0.5083
1050,4,20,0.021285,0.018906,0.69405,0.035564,-0.017732,0.012839,0.50574
1052,4,20,0.021284,0.019004,0.69254,0.03518,-0.017968,0.012812,0.50313
1054,4,20,0.021298,0.019094,0.69102,0.034794,-0.018283,0.01281,0.50051
1056,4,20,0.021325,0.019175,0.68951,0.034413,-0.018666,0.012834,0.49793
1058,4,20,0.021361,0.019246,0.68804,0.034042,-0.019105,0.012881,0.49542
1060,4,20,0.021404,0.019304,0.68663,0.033686,-0.019585,0.012947,0.49303
1062,4,20,0.021451,0.01935,0.68531,0.033347,-0.020092,0.013029,0.49078
1064,4,20,0.0215,0.019383,0.6841,0.033029,-0.020609,0.013122,0.48872
1066,4,20,0.021551,0.019403,0.68303,0.032733,-0.021118,0.01322,0.48688
1068,4,20,0.021602,0.01941,0.68211,0.032459,-0.021604,0.013321,0.48529
1070,4,20,0.021653,0.019404,0.68136,0.032206,-0.02205,0.013421,0.48396
1072,4,20,0.021705,0.019387,0.6808,0.031972,-0.02244,0.01352,0.48292
1074,4,20,0.021756,0.01936,0.68044,0.031754,-0.022761,0.013619,0.48215
1076,4,20,0.02181,0.019323,0.68027,0.031548,-0.023,0.013721,0.48168
1078,4,20,0.021865,0.019278,0.6803,0.031348,-0.02315,0.01383,0.48148
1080,4,20,0.021925,0.019226,0.68051,0.031152,-0.023206,0.013949,0.48153
1082,4,20,0.021989,0.019169,0.6809,0.030953,-0.023167,0.01408,0.48182
1084,4,20,0.022061,0.019107,0.68143,0.030749,-0.023038,0.014224,0.48232
1086,4,20,0.02214,0.019042,0.6821,0.030537,-0.022829,0.014382,0.48298
1088,4,20,0.02223,0.018977,0.68287,0.030315,-0.022552,0.014548,0.48377
1090,4,20,0.022331,0.01891,0.68371,0.030082,-0.022226,0.01472,0.48465
1092,4,20,0.022444,0.018845,0.68458,0.029841,-0.021871,0.014889,0.48557
1094,4,20,0.022571,0.018781,0.68545,0.029595,-0.021508,0.01505,0.48649
1096,4,20,0.022712,0.018721,0.68629,0.029346,-0.02116,0.015194,0.48736
1098,4,20,0.022868,0.018664,0.68706,0.0291,-0.020846,0.015316,0.48814
1100,4,20,0.023039,0.018611,0.68773,0.028863,-0.020585,0.015408,0.4888
1102,4,20,0.023224,0.018563,0.68828,0.02864,-0.020389,0.015469,0.48931
1104,4,20,0.023422,0.01852,0.68867,0.028437,-0.020268,0.015495,0.48963
1106,4,20,0.023632,0.018483,0.68889,0.02826,-0.020225,0.015488,0.48974
1108,4,20,0.023853,0.018452,0.68893,0.028113,-0.020258,0.01545,0.48964
1110,4,20,0.024082,0.018426,0.68878,0.028002,-0.020362,0.015386,0.48931
1112,4,20,0.024317,0.018406,0.68843,0.027928,-0.020525,0.015302,0.48876
1114,4,20,0.024554,0.018392,0.6879,0.027894,-0.020733,0.015205,0.48799
1116,4,20,0.024791,0.018383,0.68718,0.027901,-0.020969,0.015101,0.487
1118,4,20,0.025023,0.018379,0.68628,0.027949,-0.021217,0.014999,0.48582
1120,4,20,0.025248,0.018381,0.68522,0.028036,-0.021456,0.014902,0.48446
1122,4,20,0.02546,0.018386,0.68402,0.02816,-0.02167,0.014816,0.48295
1124,4,20,0.025657,0.018396,0.68269,0.028319,-0.021842,0.014744,0.48131
1126,4,20,0.025834,0.018408,0.68126,0.028509,-0.021957,0.014687,0.47956
1128,4,20,0.025986,0.018424,0.67974,0.028726,-0.022006,0.014649,0.47772
1130,4,20,0.026111,0.018442,0.67814,0.028967,-0.021979,0.014628,0.47582
1132,4,20,0.026205,0.018462,0.67649,0.029228,-0.021874,0.014627,0.47387
1134,4,20,0.026264,0.018483,0.6748,0.029505,-0.021691,0.014644,0.4719
1136,4,20,0.026287,0.018505,0.67309,0.029796,-0.021433,0.014678,0.46991
1138,4,20,0.02627,0.018527,0.67135,0.030098,-0.021107,0.014728,0.46792
1140,4,20,0.026211,0.018548,0.6696,0.030406,-0.020724,0.01479,0.46593
1142,4,20,0.026111,0.018569,0.66785,0.030717,-0.020295,0.014859,0.46395
1144,4,20,0.025968,0.01859,0.6661,0.031027,-0.019832,0.014929,0.46198
1146,4,20,0.025783,0.018608,0.66435,0.031331,-0.019349,0.014992,0.46001
1148,4,20,0.025558,0.018626,0.66261,0.031623,-0.018858,0.015043,0.45805
1150,4,20,0.025292,0.018641,0.66088,0.031899,-0.01837,0.015074,0.4561
1152,4,20,0.024991,0.018655,0.65916,0.032154,-0.017896,0.015082,0.45414
1154,4,20,0.024656,0.018667,0.65746,0.032382,-0.017444,0.015064,0.45218
1156,4,20,0.024292,0.018676,0.65579,0.032581,-0.01702,0.015019,0.45022
1158,4,20,0.023904,0.018684,0.65413,0.032748,-0.016629,0.014952,0.44827
1160,4,20,0.023497,0.018689,0.65251,0.032883,-0.016274,0.014867,0.44632
1162,4,20,0.023078,0.018691,0.65093,0.032988,-0.015958,0.014772,0.44438
1164,4,20,0.022653,0.01869,0.64938,0.033065,-0.015679,0.014676,0.44247
1166,4,20,0.022229,0.018687,0.64789,0.033117,-0.015436,0.014587,0.4406
1168,4,20,0.021813,0.018681,0.64646,0.033149,-0.015227,0.014512,0.43879
1170,4,20,0.021413,0.018671,0.6451,0.033166,-0.015045,0.014456,0.43705
1172,4,20,0.021037,0.018657,0.64382,0.03317,-0.014883,0.014421,0.43541
1174,4,20,0.020693,0.01864,0.64263,0.033165,-0.014731,0.014405,0.43388
1176,4,20,0.020388,0.018618,0.64156,0.033153,-0.014578,0.014404,0.43248
1178,4,20,0.020129,0.018591,0.64061,0.033132,-0.01441,0.01441,0.43124
1180,4,20,0.019923,0.01856,0.6398,0.033103,-0.014214,0.014415,0.43017
1182,4,20,0.019778,0.018523,0.63915,0.033062,-0.013977,0.014409,0.42928
1184,4,20,0.019698,0.018482,0.63865,0.033006,-0.013685,0.014383,0.42858
1186,4,20,0.019689,0.018434,0.63833,0.032934,-0.013329,0.014327,0.42807
1188,4,20,0.019755,0.018382,0.63818,0.03284,-0.012901,0.014236,0.42776
1190,4,20,0.0199,0.018324,0.6382,0.032724,-0.012401,0.014102,0.42764
1192,4,20,0.020127,0.018261,0.63838,0.032582,-0.011829,0.013925,0.4277
1194,4,20,0.020435,0.018195,0.63871,0.032415,-0.011195,0.013702,0.42791
1196,4,20,0.020827,0.018125,0.63917,0.032223,-0.010509,0.013436,0.42827
1198,4,20,0.0213,0.018052,0.63974,0.032007,-0.0097886,0.013131,0.42873
1200,4,20,0.021853,0.017978,0.64038,0.03177,-0.009054,0.012794,0.42926
1202,4,20,0.022483,0.017905,0.64108,0.031514,-0.0083274,0.012431,0.42985
1204,4,20,0.023185,0.017832,0.64179,0.031242,-0.0076321,0.012053,0.43044
1206,4,20,0.023953,0.017764,0.64249,0.030958,-0.0069915,0.011671,0.431
1208,4,20,0.024782,0.017701,0.64314,0.030665,-0.0064278,0.011294,0.43149
1210,4,20,0.025663,0.017644,0.64371,0.030367,-0.0059606,0.010933,0.43189
1212,4,20,0.026587,0.017597,0.64418,0.030068,-0.0056066,0.0106,0.43214
1214,4,20,0.027546,0.017561,0.64451,0.029771,-0.0053785,0.010303,0.43223
1216,4,20,0.028528,0.017538,0.64468,0.02948,-0.0052849,0.010052,0.43213
1218,4,20,0.029524,0.017529,0.64468,0.0292,-0.0053302,0.009856,0.43181
1220,4,20,0.030522,0.017536,0.64449,0.028933,-0.0055142,0.0097215,0.43127
1222,4,20,0.03151,0.01756,0.64409,0.028684,-0.0058331,0.009655,0.43048
1224,4,20,0.032476,0.017601,0.64348,0.028456,-0.006279,0.0096612,0.42946
1226,4,20,0.033409,0.01766,0.64267,0.028253,-0.0068412,0.0097426,0.42819
1228,4,20,0.034296,0.017736,0.64165,0.028078,-0.0075062,0.0098993,0.4267
1230,4,20,0.035127,0.01783,0.64044,0.027933,-0.0082585,0.010128,0.42499
1232,4,20,0.03589,0.01794,0.63905,0.02782,-0.0090808,0.010422,0.42309
1234,4,20,0.036574,0.018064,0.63749,0.027738,-0.0099552,0.010771,0.42101
1236,4,20,0.03717,0.0182,0.63578,0.027688,-0.010863,0.011162,0.41879
1238,4,20,0.037669,0.018348,0.63396,0.027668,-0.011785,0.011581,0.41645
1240,4,20,0.038063,0.018504,0.63205,0.027673,-0.012704,0.01201,0.41404
1242,4,20,0.038345,0.018666,0.63008,0.027701,-0.013602,0.012431,0.41159
1244,4,20,0.03851,0.018831,0.62809,0.027745,-0.014463,0.012829,0.40912
1246,4,20,0.038553,0.018997,0.62609,0.027801,-0.015275,0.013187,0.40668
1248,4,20,0.038472,0.019162,0.62414,0.027864,-0.016026,0.013492,0.4043
1250,4,20,0.038265,0.019322,0.62225,0.027928,-0.016709,0.013733,0.40201
1252,4,20,0.037932,0.019476,0.62045,0.027989,-0.017322,0.013904,0.39984
1254,4,20,0.037475,0.019621,0.61877,0.028047,-0.017864,0.014002,0.39782
1256,4,20,0.036896,0.019756,0.61722,0.0281,-0.01834,0.014029,0.39597
1258,4,20,0.036199,0.019879,0.61583,0.028151,-0.01876,0.013993,0.3943
1260,4,20,0.035392,0.019989,0.61459,0.028202,-0.019133,0.013903,0.39283
1262,4,20,0.03448,0.020086,0.61352,0.028259,-0.019473,0.013775,0.39158
1264,4,20,0.033473,0.020168,0.61262,0.028325,-0.019791,0.013623,0.39055
1266,4,20,0.032379,0.020235,0.61188,0.028405,-0.020098,0.013466,0.38973
1268,4,20,0.03121,0.020287,0.6113,0.028502,-0.020401,0.013321,0.38913
1270,4,20,0.029976,0.020325,0.61088,0.028618,-0.020705,0.013203,0.38873
1272,4,20,0.028691,0.02035,0.6106,0.028752,-0.021007,0.013125,0.38854
1274,4,20,0.027367,0.02036,0.61046,0.028903,-0.021299,0.013099,0.38853
1276,4,20,0.026016,0.020359,0.61044,0.029065,-0.021571,0.013132,0.38869
1278,4,20,0.024654,0.020345,0.61054,0.029233,-0.021804,0.013229,0.389
1280,4,20,0.023293,0.02032,0.61075,0.029402,-0.021978,0.01339,0.38944
1282,4,20,0.021948,0.020286,0.61106,0.029563,-0.02207,0.013615,0.39
1284,4,20,0.020631,0.020241,0.61145,0.029709,-0.022057,0.013897,0.39064
1286,4,20,0.019356,0.020188,0.61191,0.029835,-0.021915,0.014231,0.39134
1288,4,20,0.018135,0.020127,0.61243,0.029935,-0.021625,0.014605,0.3921
1290,4,20,0.01698,0.020056,0.613,0.030005,-0.021168,0.015008,0.39288
1292,4,20,0.015902,0.019978,0.61361,0.030043,-0.020534,0.015429,0.39366
1294,4,20,0.01491,0.01989,0.61423,0.030047,-0.019715,0.015852,0.39444
1296,4,20,0.014013,0.019792,0.61487,0.030019,-0.018708,0.016263,0.39519
1298,4,20,0.013218,0.019684,0.61551,0.02996,-0.017518,0.016648,0.39591
1300,4,20,0.012532,0.019564,0.61614,0.029871,-0.016153,0.016994,0.39658
1302,4,20,0.011959,0.019432,0.61675,0.029755,-0.014625,0.017285,0.39721
1304,4,20,0.011502,0.019285,0.61734,0.029615,-0.012953,0.017512,0.39778
1306,4,20,0.011162,0.019122,0.61791,0.029454,-0.011155,0.017664,0.3983
1308,4,20,0.01094,0.018942,0.61845,0.029275,-0.0092547,0.017734,0.39877
1310,4,20,0.010835,0.018743,0.61897,0.029083,-0.0072775,0.017718,0.3992
1312,4,20,0.010842,0.018525,0.61947,0.02888,-0.0052495,0.017614,0.39959
1314,4,20,0.010958,0.018287,0.61995,0.028671,-0.0031978,0.017425,0.39995
1316,4,20,0.011177,0.018028,0.62041,0.028462,-0.00115,0.017157,0.4003
1318,4,20,0.011491,0.017748,0.62087,0.028257,0.00086684,0.016817,0.40065
1320,4,20,0.011892,0.017448,0.62132,0.028061,0.0028266,0.016417,0.401
1322,4,20,0.012371,0.017129,0.62178,0.02788,0.0047045,0.015971,0.40138
1324,4,20,0.012916,0.016793,0.62224,0.027721,0.0064778,0.015494,0.40178
1326,4,20,0.013516,0.016442,0.62271,0.027588,0.008126,0.015004,0.40223
1328,4,20,0.014159,0.016082,0.62319,0.027486,0.0096314,0.014519,0.40273
1330,4,20,0.014833,0.015715,0.6237,0.027419,0.01098,0.014056,0.40328
1332,4,20,0.015524,0.015347,0.62422,0.02739,0.012159,0.013632,0.4039
1334,4,20,0.016219,0.014985,0.62476,0.0274,0.013162,0.01326,0.40459
1336,4,20,0.016905,0.014636,0.62533,0.027451,0.013985,0.012952,0.40535
1338,4,20,0.017569,0.014308,0.62591,0.027541,0.014625,0.012712,0.40617
1340,4,20,0.018198,0.01401,0.62651,0.027668,0.015085,0.012543,0.40706
1342,4,20,0.018779,0.01375,0.62712,0.027831,0.015371,0.01244,0.408
1344,4,20,0.019301,0.013538,0.62774,0.028027,0.015488,0.012394,0.40899
1346,4,20,0.019753,0.013381,0.62837,0.028253,0.015447,0.012393,0.41001
1348,4,20,0.020125,0.013287,0.62899,0.028506,0.015258,0.012424,0.41106
1350,4,20,0.020409,0.013261,0.62959,0.028782,0.014933,0.01247,0.41213
1352,4,20,0.020596,0.013306,0.63018,0.02908,0.014484,0.012516,0.41319
1354,4,20,0.020681,0.013424,0.63073,0.029395,0.013925,0.012549,0.41424
1356,4,20,0.020659,0.013612,0.63125,0.029723,0.013269,0.012556,0.41526
1358,4,20,0.020525,0.013867,0.63172,0.03006,0.012529,0.012527,0.41624
1360,4,20,0.020279,0.014182,0.63214,0.0304,0.011718,0.012454,0.41716
1362,4,20,0.019918,0.014551,0.63251,0.030736,0.010849,0.012334,0.41802
1364,4,20,0.019446,0.014966,0.63283,0.031061,0.0099354,0.012165,0.41881
1366,4,20,0.018863,0.015417,0.6331,0.031367,0.0089885,0.011951,0.41951
1368,4,20,0.018174,0.015895,0.63332,0.031645,0.008021,0.011698,0.42012
1370,4,20,0.017384,0.016393,0.6335,0.031885,0.007045,0.011416,0.42064
1372,4,20,0.016501,0.016901,0.63365,0.032079,0.006072,0.011119,0.42107
1374,4,20,0.015531,0.017413,0.63378,0.032218,0.0051135,0.010824,0.42139
1376,4,20,0.014485,0.017922,0.63389,0.032296,0.0041799,0.01055,0.42163
1378,4,20,0.013372,0.018422,0.634,0.032306,0.0032814,0.010314,0.42178
1380,4,20,0.012204,0.018908,0.63411,0.032245,0.0024271,0.010131,0.42185
1382,4,20,0.010992,0.019376,0.63424,0.03211,0.001625,0.010015,0.42185
1384,4,20,0.0097498,0.019821,0.63438,0.031902,0.00088225,0.0099685,0.42178
1386,4,20,0.0084895,0.020241,0.63455,0.031623,0.00020482,0.0099905,0.42166
1388,4,20,0.0072246,0.020635,0.63475,0.031278,-0.00040241,0.010072,0.42149
1390,4,20,0.0059687,0.020999,0.63497,0.030875,-0.00093559,0.010199,0.4213
1392,4,20,0.0047352,0.021334,0.63522,0.030424,-0.0013918,0.010355,0.42109
1394,4,20,0.0035373,0.021639,0.63549,0.029937,-0.0017687,0.010523,0.42087
1396,4,20,0.002388,0.021913,0.63577,0.029428,-0.0020646,0.010688,0.42066
1398,4,20,0.0012995,0.022156,0.63606,0.028913,-0.0022785,0.010837,0.42046
1400,4,20,0.00028358,0.02237,0.63636,0.028407,-0.0024093,0.010963,0.42028
1402,4,20,-0.00064889,0.022555,0.63664,0.027927,-0.0024566,0.011061,0.42013
1404,4,20,-0.001488,0.022712,0.63692,0.027486,-0.0024203,0.011129,0.42002
1406,4,20,-0.0022249,0.022842,0.63718,0.027099,-0.0023006,0.011171,0.41995
1408,4,20,-0.0028518,0.022947,0.63741,0.026775,-0.0020988,0.011191,0.41991
1410,4,20,-0.0033625,0.023028,0.6376,0.026523,-0.0018165,0.011193,0.4199
1412,4,20,-0.0037518,0.023086,0.63776,0.026346,-0.001457,0.011185,0.41993
1414,4,20,-0.0040161,0.023123,0.63788,0.026243,-0.0010243,0.011172,0.41998
1416,4,20,-0.0041531,0.023141,0.63796,0.026211,-0.00052393,0.011157,0.42004
1418,4,20,-0.0041622,0.023141,0.63798,0.026244,3.7068e-05,0.011142,0.42011
1420,4,20,-0.004044,0.023124,0.63796,0.02633,0.00065039,0.011129,0.42016
1422,4,20,-0.0038008,0.023092,0.63788,0.026459,0.0013063,0.011115,0.42019
1424,4,20,-0.0034362,0.023046,0.63774,0.026618,0.0019938,0.011099,0.42018
1426,4,20,-0.0029553,0.022988,0.63755,0.026795,0.0027008,0.011075,0.42011
1428,4,20,-0.0023643,0.022919,0.63729,0.026977,0.0034143,0.011042,0.41996
1430,4,20,-0.0016709,0.02284,0.63696,0.027153,0.0041203,0.010996,0.41973
1432,4,20,-0.00088383,0.022754,0.63657,0.027315,0.0048047,0.010935,0.41939
1434,4,20,-1.2865e-05,0.022662,0.6361,0.027453,0.0054527,0.010859,0.41895
1436,4,20,0.00093128,0.022565,0.63557,0.027562,0.0060497,0.01077,0.41838
1438,4,20,0.0019371,0.022465,0.63496,0.027637,0.0065812,0.010673,0.41769
1440,4,20,0.0029925,0.022364,0.63428,0.027676,0.0070331,0.010571,0.41687
1442,4,20,0.0040847,0.022263,0.63354,0.027678,0.007392,0.010475,0.41592
1444,4,20,0.0052007,0.022165,0.63272,0.027643,0.0076453,0.01039,0.41485
1446,4,20,0.0063274,0.02207,0.63185,0.027573,0.0077816,0.010327,0.41367
1448,4,20,0.0074513,0.021982,0.63092,0.027471,0.007791,0.010294,0.4124
1450,4,20,0.0085594,0.021901,0.62995,0.02734,0.0076653,0.010296,0.41104
1452,4,20,0.0096387,0.021829,0.62895,0.027183,0.0073983,0.01034,0.40962
1454,4,20,0.010677,0.021767,0.62793,0.027004,0.0069866,0.010428,0.40816
1456,4,20,0.011661,0.021717,0.62692,0.026806,0.0064293,0.010557,0.40668
1458,4,20,0.012581,0.02168,0.62592,0.026593,0.0057286,0.010727,0.40521
1460,4,20,0.013426,0.021656,0.62495,0.026367,0.0048899,0.010931,0.40377
1462,4,20,0.014186,0.021645,0.62404,0.026129,0.0039219,0.011163,0.40239
1464,4,20,0.014853,0.021649,0.62319,0.02588,0.0028356,0.011417,0.40109
1466,4,20,0.015418,0.021666,0.62242,0.025621,0.0016444,0.011686,0.39988
1468,4,20,0.015877,0.021697,0.62176,0.025353,0.00036276,0.011963,0.39879
1470,4,20,0.016223,0.021741,0.62119,0.025075,-0.00099442,0.012241,0.39782
1472,4,20,0.016453,0.021796,0.62073,0.02479,-0.0024132,0.012514,0.39699
1474,4,20,0.016564,0.021863,0.62038,0.024499,-0.0038812,0.012777,0.39628
1476,4,20,0.016556,0.021939,0.62014,0.024205,-0.0053886,0.013024,0.39571
1478,4,20,0.016427,0.022024,0.61999,0.023912,-0.0069278,0.013247,0.39525
1480,4,20,0.01618,0.022117,0.61992,0.023623,-0.0084941,0.013441,0.39491
1482,4,20,0.015817,0.022216,0.61992,0.023344,-0.010085,0.013599,0.39465
1484,4,20,0.015341,0.02232,0.61995,0.023081,-0.011699,0.013714,0.39447
1486,4,20,0.014759,0.022429,0.62001,0.022839,-0.013335,0.01378,0.39433
1488,4,20,0.014075,0.02254,0.62007,0.022621,-0.014993,0.013794,0.39421
1490,4,20,0.013297,0.022655,0.6201,0.022433,-0.01667,0.013754,0.39409
1492,4,20,0.012433,0.022771,0.62008,0.022278,-0.018364,0.013663,0.39393
1494,4,20,0.011491,0.022889,0.62,0.022158,-0.020068,0.01353,0.39372
1496,4,20,0.010481,0.023009,0.61982,0.022076,-0.021774,0.013365,0.39344
1498,4,20,0.0094116,0.023129,0.61955,0.022033,-0.023472,0.013187,0.39306
1500,4,20,0.0082943,0.02325,0.61916,0.022029,-0.025149,0.013016,0.39258
1502,4,20,0.0071392,0.023371,0.61865,0.022067,-0.02679,0.012878,0.39198
1504,4,20,0.0059571,0.023493,0.61802,0.022146,-0.02838,0.012797,0.39127
1506,4,20,0.0047588,0.023615,0.61727,0.022265,-0.0299,0.012793,0.39044
1508,4,20,0.003555,0.023737,0.61642,0.022424,-0.031331,0.012881,0.38952
1510,4,20,0.0023562,0.023859,0.61546,0.022622,-0.032653,0.013067,0.38852
1512,4,20,0.0011726,0.02398,0.61444,0.022856,-0.033845,0.013344,0.38746
1514,4,20,1.4017e-05,0.024099,0.61335,0.023124,-0.034887,0.013697,0.38636
1516,4,20,-0.0011103,0.024217,0.61225,0.023421,-0.035758,0.014102,0.38527
1518,4,20,-0.0021916,0.024331,0.61114,0.023745,-0.036439,0.014527,0.38421
1520,4,20,-0.003222,0.02444,0.61007,0.024089,-0.03691,0.014943,0.38322
1522,4,20,-0.0041942,0.024544,0.60908,0.024449,-0.037155,0.015318,0.38233
1524,4,20,-0.0051018,0.024641,0.60818,0.024821,-0.03716,0.015625,0.38159
1526,4,20,-0.0059391,0.024729,0.60742,0.025199,-0.036914,0.015841,0.38103
1528,4,20,-0.0067017,0.024807,0.60682,0.02558,-0.03641,0.015947,0.38067
1530,4,20,-0.0073856,0.024874,0.60641,0.025958,-0.035647,0.015935,0.38054
1532,4,20,-0.0079881,0.024927,0.60621,0.026331,-0.034627,0.015799,0.38066
1534,4,20,-0.0085074,0.024966,0.60622,0.026696,-0.03336,0.015544,0.38105
1536,4,20,-0.0089423,0.024989,0.60647,0.027049,-0.031863,0.015182,0.38171
1538,4,20,-0.0092929,0.024995,0.60694,0.027388,-0.030156,0.014732,0.38263
1540,4,20,-0.0095599,0.024983,0.60764,0.027712,-0.028268,0.014218,0.38382
1542,4,20,-0.0097449,0.024952,0.60856,0.028016,-0.026233,0.013671,0.38526
1544,4,20,-0.0098502,0.024902,0.60968,0.0283,-0.024088,0.013127,0.38692
1546,4,20,-0.009879,0.024833,0.61097,0.028559,-0.021875,0.012622,0.38879
1548,4,20,-0.0098348,0.024744,0.61243,0.028791,-0.019637,0.012189,0.39082
1550,4,20,-0.0097221,0.024637,0.61401,0.028992,-0.017419,0.011856,0.39298
1552,4,20,-0.0095454,0.024511,0.61569,0.029158,-0.015265,0.011641,0.39523
1554,4,20,-0.00931,0.024369,0.61744,0.029286,-0.013216,0.011546,0.39753
1556,4,20,-0.0090213,0.024211,0.61923,0.029373,-0.011311,0.011563,0.39984
1558,4,20,-0.0086851,0.024038,0.62103,0.029414,-0.0095816,0.011672,0.40212
1560,4,20,-0.0083072,0.023854,0.62281,0.029408,-0.008056,0.011845,0.40432
1562,4,20,-0.0078936,0.023659,0.62454,0.029351,-0.0067547,0.012056,0.40642
1564,4,20,-0.0074503,0.023456,0.6262,0.029244,-0.0056912,0.01228,0.40838
1566,4,20,-0.0069832,0.023247,0.62777,0.029083,-0.0048716,0.012496,0.41017
1568,4,20,-0.006498,0.023034,0.62923,0.028872,-0.0042948,0.01269,0.41176
1570,4,20,-0.0060003,0.02282,0.63055,0.02861,-0.003953,0.012854,0.41315
1572,4,20,-0.0054953,0.022606,0.63174,0.028301,-0.003832,0.012985,0.41431
1574,4,20,-0.004988,0.022394,0.63278,0.02795,-0.0039123,0.013085,0.41525
1576,4,20,-0.0044832,0.022187,0.63366,0.027563,-0.0041697,0.013159,0.41596
1578,4,20,-0.0039849,0.021985,0.63438,0.027147,-0.0045763,0.013215,0.41644
1580,4,20,-0.0034969,0.021789,0.63493,0.02671,-0.0051015,0.01326,0.4167
1582,4,20,-0.0030227,0.021601,0.63533,0.026264,-0.0057128,0.013303,0.41675
1584,4,20,-0.0025651,0.02142,0.63558,0.025817,-0.0063766,0.013351,0.41662
1586,4,20,-0.0021265,0.021248,0.63567,0.025381,-0.0070595,0.013406,0.41632
1588,4,20,-0.0017088,0.021083,0.63563,0.024966,-0.0077283,0.013472,0.41587
1590,4,20,-0.0013137,0.020925,0.63546,0.024579,-0.0083517,0.013547,0.41528
1592,4,20,-0.00094205,0.020774,0.63517,0.02423,-0.0089004,0.013628,0.41459
1594,4,20,-0.00059459,0.020628,0.63478,0.023922,-0.0093484,0.013711,0.41382
1596,4,20,-0.00027153,0.020487,0.6343,0.023658,-0.0096737,0.013787,0.41297
1598,4,20,2.7262e-05,0.020349,0.63375,0.023439,-0.0098588,0.013849,0.41208
1600,4,20,0.00030223,0.020214,0.63314,0.023261,-0.0098918,0.013891,0.41115
1602,4,20,0.00055414,0.02008,0.63249,0.023121,-0.0097667,0.013904,0.41021
1604,4,20,0.00078399,0.019948,0.63181,0.023013,-0.0094838,0.013884,0.40925
1606,4,20,0.00099299,0.019816,0.63112,0.022928,-0.00905,0.013827,0.4083
1608,4,20,0.0011825,0.019684,0.63041,0.022859,-0.0084787,0.01373,0.40735
1610,4,20,0.0013541,0.019554,0.62971,0.022799,-0.0077892,0.013596,0.40641
1612,4,20,0.0015093,0.019425,0.62901,0.022741,-0.0070063,0.013428,0.40547
1614,4,20,0.0016498,0.019298,0.62831,0.022679,-0.0061591,0.013234,0.40455
1616,4,20,0.0017772,0.019175,0.62762,0.022609,-0.0052803,0.013022,0.40363
1618,4,20,0.0018931,0.019058,0.62695,0.022528,-0.0044041,0.012808,0.4027
1620,4,20,0.0019991,0.018947,0.62627,0.022434,-0.0035657,0.012604,0.40178
1622,4,20,0.0020966,0.018846,0.6256,0.022327,-0.0027994,0.012429,0.40084
1624,4,20,0.0021869,0.018755,0.62492,0.022209,-0.0021375,0.012296,0.3999
1626,4,20,0.0022712,0.018678,0.62424,0.022082,-0.001609,0.012221,0.39894
1628,4,20,0.0023507,0.018615,0.62355,0.021951,-0.0012389,0.01221,0.39796
1630,4,20,0.002426,0.018567,0.62284,0.021821,-0.0010472,0.012266,0.39698
1632,4,20,0.0024981,0.018537,0.62213,0.021695,-0.0010479,0.012383,0.39599
1634,4,20,0.0025672,0.018524,0.62141,0.021582,-0.0012491,0.012547,0.395
1636,4,20,0.0026339,0.018528,0.62069,0.021487,-0.0016521,0.01274,0.39403
1638,4,20,0.0026983,0.018549,0.61997,0.021416,-0.0022514,0.012939,0.39308
1640,4,20,0.0027604,0.018585,0.61927,0.021377,-0.0030349,0.013122,0.39218
1642,4,20,0.00282,0.018633,0.61859,0.021375,-0.0039841,0.013266,0.39133
1644,4,20,0.002877,0.018692,0.61795,0.021416,-0.0050742,0.013352,0.39058
1646,4,20,0.002931,0.018759,0.61737,0.021505,-0.0062758,0.013365,0.38993
1648,4,20,0.0029814,0.01883,0.61686,0.021647,-0.0075553,0.013297,0.38942
1650,4,20,0.0030278,0.018901,0.61644,0.021843,-0.0088762,0.013146,0.38907
1652,4,20,0.0030697,0.018968,0.61613,0.022097,-0.010201,0.012917,0.3889
1654,4,20,0.0031065,0.019029,0.61595,0.022409,-0.011491,0.01262,0.38893
1656,4,20,0.0031375,0.019078,0.61591,0.022776,-0.012711,0.012274,0.3892
1658,4,20,0.0031624,0.019114,0.61602,0.023195,-0.013825,0.011903,0.3897
1660,4,20,0.0031807,0.019132,0.6163,0.023662,-0.014804,0.011536,0.39047
1662,4,20,0.003192,0.01913,0.61676,0.024167,-0.015622,0.011201,0.39149
1664,4,20,0.0031962,0.019106,0.61741,0.024702,-0.016258,0.010927,0.39279
1666,4,20,0.003193,0.019058,0.61825,0.025254,-0.016697,0.010736,0.39435
1668,4,20,0.0031825,0.018986,0.61927,0.025812,-0.016931,0.01064,0.39616
1670,4,20,0.003165,0.018889,0.62049,0.026362,-0.01696,0.010639,0.39821
1672,4,20,0.0031409,0.018768,0.62188,0.026891,-0.016787,0.010722,0.40048
1674,4,20,0.0031107,0.018624,0.62344,0.027386,-0.016426,0.010868,0.40293
1676,4,20,0.0030752,0.018458,0.62515,0.027836,-0.015893,0.011052,0.40554
1678,4,20,0.0030354,0.018274,0.62699,0.028233,-0.015214,0.011247,0.40826
1680,4,20,0.0029925,0.018073,0.62893,0.028568,-0.014416,0.011432,0.41106
1682,4,20,0.0029479,0.017859,0.63094,0.028838,-0.013531,0.011587,0.41389
1684,4,20,0.0029031,0.017636,0.63298,0.02904,-0.012595,0.011702,0.41669
1686,4,20,0.0028599,0.017408,0.63502,0.029176,-0.011642,0.011773,0.41943
1688,4,20,0.0028201,0.017179,0.63702,0.029248,-0.010708,0.0118,0.42205
1690,4,20,0.0027858,0.016953,0.63894,0.029263,-0.0098267,0.011793,0.42451
1692,4,20,0.0027592,0.016735,0.64073,0.029227,-0.0090298,0.011763,0.42677
1694,4,20,0.0027425,0.016528,0.64237,0.029149,-0.0083442,0.011727,0.42878
1696,4,20,0.0027381,0.016336,0.64382,0.029038,-0.0077924,0.0117,0.43052
1698,4,20,0.0027483,0.016162,0.64504,0.028904,-0.0073918,0.011701,0.43195
1700,4,20,0.0027757,0.016009,0.64601,0.028756,-0.0071541,0.011742,0.43305
1702,4,20,0.0028225,0.015877,0.64672,0.028603,-0.0070851,0.011834,0.4338
1704,4,20,0.0028912,0.015769,0.64715,0.02845,-0.0071853,0.011979,0.43419
1706,4,20,0.002984,0.015685,0.64729,0.028305,-0.0074498,0.012177,0.43421
1708,4,20,0.0031033,0.015624,0.64715,0.028171,-0.0078688,0.01242,0.43388
1710,4,20,0.003251,0.015586,0.64671,0.028052,-0.0084283,0.012698,0.43318
1712,4,20,0.0034291,0.01557,0.64599,0.027949,-0.0091109,0.012999,0.43215
1714,4,20,0.0036393,0.015575,0.645,0.027863,-0.0098962,0.013309,0.43078
1716,4,20,0.0038832,0.015597,0.64376,0.027794,-0.010762,0.013617,0.42911
1718,4,20,0.0041619,0.015637,0.64229,0.027739,-0.011684,0.013912,0.42715
1720,4,20,0.0044766,0.015693,0.6406,0.027699,-0.01264,0.014186,0.42494
1722,4,20,0.0048279,0.015761,0.63871,0.027669,-0.013605,0.014433,0.4225
1724,4,20,0.0052163,0.015843,0.63665,0.027647,-0.014558,0.014648,0.41985
1726,4,20,0.0056418,0.015936,0.63445,0.02763,-0.015479,0.014828,0.41703
1728,4,20,0.0061043,0.01604,0.63212,0.027613,-0.016349,0.014973,0.41407
1730,4,20,0.006603,0.016154,0.6297,0.027592,-0.017155,0.015082,0.41099
1732,4,20,0.0071371,0.016278,0.62721,0.02756,-0.017883,0.015155,0.40783
1734,4,20,0.0077053,0.016412,0.62468,0.027513,-0.018526,0.015192,0.40461
1736,4,20,0.0083058,0.016556,0.62213,0.027443,-0.019079,0.015194,0.40136
1738,4,20,0.0089367,0.01671,0.6196,0.027346,-0.019539,0.015165,0.39811
1740,4,20,0.0095955,0.016874,0.6171,0.027216,-0.019909,0.015106,0.39488
1742,4,20,0.01028,0.017048,0.61466,0.027049,-0.020191,0.015022,0.39171
1744,4,20,0.010986,0.017232,0.61232,0.026844,-0.020392,0.014919,0.38862
1746,4,20,0.011711,0.017425,0.61008,0.026598,-0.02052,0.014802,0.38564
1748,4,20,0.012451,0.017626,0.60798,0.026313,-0.020582,0.014679,0.38279
1750,4,20,0.013202,0.017834,0.60602,0.025993,-0.020586,0.014559,0.3801
1752,4,20,0.01396,0.018049,0.60424,0.025642,-0.020541,0.014449,0.3776
1754,4,20,0.014721,0.018268,0.60265,0.025268,-0.020453,0.014357,0.37532
1756,4,20,0.015479,0.01849,0.60126,0.024877,-0.020326,0.014287,0.37327
1758,4,20,0.016231,0.018713,0.60008,0.024479,-0.020165,0.014244,0.37149
1760,4,20,0.016971,0.018935,0.59914,0.024082,-0.01997,0.014227,0.36999
1762,4,20,0.017695,0.019154,0.59844,0.023695,-0.019743,0.014234,0.3688
1764,4,20,0.018397,0.019369,0.59799,0.023325,-0.019483,0.014262,0.36793
1766,4,20,0.019072,0.019577,0.5978,0.02298,-0.01919,0.014303,0.3674
1768,4,20,0.019716,0.019776,0.59788,0.022666,-0.018865,0.014352,0.36722
1770,4,20,0.020324,0.019966,0.59822,0.022387,-0.01851,0.014402,0.36739
1772,4,20,0.02089,0.020145,0.59883,0.022147,-0.018126,0.01445,0.36791
1774,4,20,0.021411,0.020311,0.59969,0.021949,-0.01772,0.014492,0.36878
1776,4,20,0.021883,0.020465,0.6008,0.021794,-0.017297,0.01453,0.36999
1778,4,20,0.0223,0.020604,0.60215,0.021682,-0.016864,0.014567,0.37152
1780,4,20,0.02266,0.020729,0.60372,0.021613,-0.01643,0.014608,0.37335
1782,4,20,0.022959,0.020839,0.60548,0.021583,-0.016,0.014659,0.37545
1784,4,20,0.023194,0.020934,0.60741,0.021589,-0.015582,0.014728,0.3778
1786,4,20,0.023363,0.021013,0.60948,0.021627,-0.015179,0.01482,0.38035
1788,4,20,0.023463,0.021078,0.61166,0.021692,-0.014796,0.01494,0.38307
1790,4,20,0.023493,0.021126,0.61392,0.021776,-0.014433,0.015089,0.38591
1792,4,20,0.023451,0.021159,0.61623,0.021875,-0.01409,0.015264,0.38884
1794,4,20,0.023336,0.021176,0.61856,0.021982,-0.013766,0.01546,0.39179
1796,4,20,0.02315,0.021177,0.62086,0.022092,-0.013457,0.015669,0.39474
1798,4,20,0.022891,0.021162,0.6231,0.022201,-0.013159,0.015882,0.39762
1800,4,20,0.022562,0.02113,0.62526,0.022304,-0.012869,0.016089,0.40041
1802,4,20,0.022163,0.021081,0.62731,0.022401,-0.012581,0.016282,0.40305
1804,4,20,0.021696,0.021013,0.62921,0.02249,-0.012288,0.016453,0.40551
1806,4,20,0.021165,0.020928,0.63093,0.022572,-0.011985,0.016594,0.40776
1808,4,20,0.020571,0.020824,0.63247,0.022646,-0.011662,0.016704,0.40976
1810,4,20,0.019919,0.020702,0.63379,0.022715,-0.011313,0.016779,0.4115
1812,4,20,0.019213,0.02056,0.63489,0.022779,-0.010926,0.01682,0.41295
1814,4,20,0.018457,0.0204,0.63576,0.022839,-0.010491,0.016829,0.41411
1816,4,20,0.017656,0.020221,0.6364,0.022896,-0.0099988,0.016807,0.41497
1818,4,20,0.016815,0.020024,0.63681,0.022951,-0.0094384,0.016758,0.41553
1820,4,20,0.015939,0.01981,0.63699,0.023002,-0.008801,0.016685,0.4158
1822,4,20,0.015036,0.019581,0.63695,0.02305,-0.0080792,0.016589,0.41581
1824,4,20,0.014109,0.019339,0.63673,0.023092,-0.0072682,0.016472,0.41555
1826,4,20,0.013167,0.019086,0.63632,0.023129,-0.0063664,0.016333,0.41507
1828,4,20,0.012215,0.018825,0.63577,0.023159,-0.0053757,0.016172,0.41439
1830,4,20,0.01126,0.018561,0.63509,0.023181,-0.0043026,0.015985,0.41355
1832,4,20,0.010307,0.018296,0.63431,0.023197,-0.0031579,0.015769,0.41257
1834,4,20,0.0093639,0.018036,0.63346,0.023207,-0.0019573,0.015523,0.41151
1836,4,20,0.0084364,0.017784,0.63257,0.023216,-0.0007205,0.015243,0.41039
1838,4,20,0.0075307,0.017546,0.63167,0.023226,0.00052862,0.014929,0.40925
1840,4,20,0.0066527,0.017326,0.63077,0.023244,0.0017633,0.014582,0.40814
1842,4,20,0.0058079,0.017129,0.6299,0.023275,0.0029547,0.014206,0.40707
1844,4,20,0.0050018,0.01696,0.62908,0.023325,0.0040734,0.013807,0.40608
1846,4,20,0.0042393,0.01682,0.62832,0.023399,0.0050906,0.013394,0.40519
1848,4,20,0.0035249,0.016715,0.62764,0.023501,0.0059792,0.012979,0.40442
1850,4,20,0.0028629,0.016645,0.62703,0.023635,0.0067159,0.012579,0.40379
1852,4,20,0.0022568,0.016611,0.62651,0.023801,0.0072815,0.012211,0.40328
1854,4,20,0.0017099,0.016613,0.62607,0.023998,0.0076623,0.011892,0.4029
1856,4,20,0.0012247,0.01665,0.62569,0.024223,0.0078502,0.011639,0.40264
1858,4,20,0.00080345,0.01672,0.62537,0.02447,0.0078434,0.011467,0.40247
1860,4,20,0.00044767,0.016818,0.6251,0.024734,0.0076464,0.011384,0.40238
1862,4,20,0.00015841,0.016942,0.62485,0.025006,0.007269,0.011393,0.40232
1864,4,20,-6.3874e-05,0.017085,0.6246,0.025278,0.0067264,0.011487,0.40227
1866,4,20,-0.00021923,0.017244,0.62433,0.025543,0.006038,0.011657,0.40218
1868,4,20,-0.00030827,0.017414,0.624,0.025792,0.0052267,0.011886,0.40202
1870,4,20,-0.00033208,0.017589,0.6236,0.026018,0.0043176,0.012157,0.40173
1872,4,20,-0.00029227,0.017765,0.62308,0.026216,0.0033375,0.012451,0.40129
1874,4,20,-0.00019088,0.017937,0.62243,0.026382,0.0023136,0.012752,0.40064
1876,4,20,-3.0414e-05,0.018101,0.62162,0.026512,0.0012728,0.013044,0.39977
1878,4,20,0.00018626,0.018253,0.62063,0.026605,0.00024077,0.013316,0.39863
1880,4,20,0.0004559,0.018392,0.61945,0.026659,-0.0007584,0.013558,0.39722
1882,4,20,0.00077497,0.018514,0.61806,0.026677,-0.0017029,0.013763,0.39552
1884,4,20,0.0011396,0.018618,0.61647,0.026659,-0.0025735,0.013926,0.39354
1886,4,20,0.0015459,0.018703,0.61467,0.026609,-0.0033539,0.014044,0.39127
1888,4,20,0.0019894,0.018767,0.61268,0.026529,-0.0040311,0.014115,0.38875
1890,4,20,0.002466,0.018813,0.61052,0.026424,-0.004595,0.01414,0.386
1892,4,20,0.0029711,0.018838,0.60821,0.026297,-0.005039,0.014121,0.38306
1894,4,20,0.0035004,0.018846,0.6058,0.026154,-0.0053597,0.014058,0.37998
1896,4,20,0.0040492,0.018837,0.60331,0.025998,-0.0055566,0.013957,0.37683
1898,4,20,0.0046134,0.018813,0.60081,0.025834,-0.0056324,0.01382,0.37366
1900,4,20,0.0051884,0.018775,0.59835,0.025666,-0.0055925,0.013653,0.37054
1902,4,20,0.0057702,0.018727,0.59597,0.025499,-0.0054448,0.013462,0.36753
1904,4,20,0.0063548,0.01867,0.59374,0.025336,-0.0051994,0.013256,0.36472
1906,4,20,0.0069383,0.018606,0.59171,0.02518,-0.0048684,0.01304,0.36217
1908,4,20,0.0075171,0.018538,0.58994,0.025035,-0.0044654,0.012825,0.35994
1910,4,20,0.008088,0.018468,0.58848,0.024901,-0.0040051,0.012619,0.35809
1912,4,20,0.0086478,0.018399,0.58737,0.024782,-0.0035031,0.012431,0.35667
1914,4,20,0.0091938,0.018331,0.58665,0.024679,-0.002975,0.012268,0.35573
1916,4,20,0.0097235,0.018266,0.58635,0.024592,-0.0024362,0.012139,0.3553
1918,4,20,0.010235,0.018207,0.58649,0.024522,-0.0019013,0.012048,0.35539
1920,4,20,0.010726,0.018154,0.58707,0.024468,-0.0013839,0.012,0.35603
1922,4,20,0.011195,0.018108,0.5881,0.024432,-0.00089577,0.011994,0.3572
1924,4,20,0.011641,0.018069,0.58956,0.024412,-0.00044694,0.012032,0.3589
1926,4,20,0.012063,0.018037,0.59143,0.024406,-4.5327e-05,0.012109,0.3611
1928,4,20,0.01246,0.018014,0.59368,0.024415,0.00030337,0.012221,0.36378
1930,4,20,0.012832,0.017997,0.59627,0.024436,0.00059561,0.012365,0.36688
1932,4,20,0.013179,0.017988,0.59917,0.024469,0.00082995,0.012532,0.37037
1934,4,20,0.013501,0.017985,0.60231,0.024512,0.0010068,0.012719,0.3742
1936,4,20,0.013798,0.017988,0.60566,0.024563,0.0011283,0.012918,0.37829
1938,4,20,0.014071,0.017995,0.60916,0.024622,0.0011977,0.013126,0.3826
1940,4,20,0.01432,0.018007,0.61276,0.024686,0.0012198,0.013337,0.38706
1942,4,20,0.014546,0.018022,0.61642,0.024754,0.0011996,0.013547,0.39161
1944,4,20,0.014751,0.01804,0.62007,0.024826,0.0011429,0.013754,0.3962
1946,4,20,0.014935,0.018059,0.62369,0.024899,0.0010556,0.013955,0.40077
1948,4,20,0.015099,0.01808,0.62723,0.024973,0.00094354,0.014148,0.40527
1950,4,20,0.015245,0.018101,0.63066,0.025047,0.00081247,0.014331,0.40965
1952,4,20,0.015374,0.018121,0.63395,0.025119,0.00066769,0.014504,0.41388
1954,4,20,0.015487,0.018142,0.63708,0.025189,0.00051404,0.014666,0.41793
1956,4,20,0.015586,0.018161,0.64003,0.025256,0.00035586,0.014816,0.42175
1958,4,20,0.015671,0.018179,0.64278,0.025321,0.00019688,0.014955,0.42535
1960,4,20,0.015744,0.018196,0.64533,0.025381,4.0258e-05,0.015083,0.42869
1962,4,20,0.015807,0.018211,0.64768,0.025437,-0.00011141,0.015199,0.43178
1964,4,20,0.01586,0.018225,0.64981,0.02549,-0.0002561,0.015305,0.4346
1966,4,20,0.015904,0.018237,0.65175,0.025538,-0.00039229,0.0154,0.43717
1968,4,20,0.015941,0.018248,0.65349,0.025581,-0.00051891,0.015486,0.43948
1970,4,20,0.015972,0.018257,0.65503,0.025621,-0.00063532,0.015562,0.44154
1972,4,20,0.015996,0.018265,0.6564,0.025656,-0.00074119,0.01563,0.44337
1974,4,20,0.016016,0.018271,0.6576,0.025688,-0.00083654,0.01569,0.44498
1976,4,20,0.016032,0.018277,0.65865,0.025715,-0.00092157,0.015743,0.44638
1978,4,20,0.016044,0.018281,0.65955,0.02574,-0.00099672,0.015789,0.4476
1980,4,20,0.016054,0.018284,0.66033,0.025761,-0.0010625,0.015829,0.44865
1982,4,20,0.016061,0.018287,0.66099,0.025779,-0.0011197,0.015864,0.44954
1984,4,20,0.016066,0.018289,0.66155,0.025795,-0.0011688,0.015893,0.45029
1986,4,20,0.016069,0.01829,0.66202,0.025808,-0.0012108,0.015918,0.45092
1988,4,20,0.016072,0.018291,0.6624,0.025819,-0.0012463,0.01594,0.45145
1990,4,20,0.016073,0.018292,0.66273,0.025828,-0.001276,0.015957,0.45188
1992,4,20,0.016074,0.018293,0.66299,0.025836,-0.0013008,0.015972,0.45223
1994,4,20,0.016074,0.018293,0.6632,0.025843,-0.0013212,0.015985,0.45252
1996,4,20,0.016074,0.018293,0.66337,0.025848,-0.0013379,0.015995,0.45275
1998,4,20,0.016074,0.018293,0.66351,0.025852,-0.0013514,0.016003,0.45294
-500,5,20,0.015086,0.030931,1.1357,0.033161,-0.039927,0.018974,1.3108
-498,5,20,0.015114,0.028982,1.0578,0.030806,-0.036429,0.017309,1.137
-496,5,20,0.015149,0.027091,0.98278,0.028494,-0.03281,0.015732,0.98128
-494,5,20,0.015193,0.025273,0.91141,0.026245,-0.029062,0.014277,0.84376
-492,5,20,0.015249,0.023546,0.84463,0.024081,-0.025181,0.012978,0.72441
-490,5,20,0.015321,0.021926,0.78331,0.022032,-0.021171,0.011872,0.62279
-488,5,20,0.015409,0.020428,0.72831,0.020137,-0.017056,0.010988,0.53813
-486,5,20,0.015517,0.019067,0.68037,0.018442,-0.012885,0.01034,0.46937
-484,5,20,0.015646,0.017851,0.64009,0.017004,-0.0087417,0.0099193,0.4152
-482,5,20,0.015798,0.016789,0.60775,0.015877,-0.0047423,0.0096954,0.37414
-480,5,20,0.015975,0.01588,0.58331,0.015093,-0.001021,0.0096227,0.34458
-478,5,20,0.016175,0.015123,0.56634,0.014649,0.0022939,0.0096571,0.32482
-476,5,20,0.016402,0.014507,0.55602,0.0145,0.005106,0.0097699,0.31316
-474,5,20,0.016653,0.014018,0.55126,0.01458,0.0073684,0.0099498,0.30793
-472,5,20,0.016929,0.013637,0.55079,0.014817,0.009086,0.010195,0.30754
-470,5,20,0.01723,0.013344,0.55332,0.015153,0.010305,0.010502,0.31052
-468,5,20,0.017553,0.013116,0.55766,0.015541,0.011094,0.010856,0.31557
-466,5,20,0.017897,0.012936,0.56278,0.015948,0.011531,0.011237,0.32156
-464,5,20,0.018261,0.012786,0.56786,0.016349,0.01169,0.011619,0.32754
-462,5,20,0.018643,0.012652,0.57226,0.016729,0.011632,0.011981,0.3328
-460,5,20,0.019039,0.012526,0.57554,0.017075,0.011409,0.012303,0.33679
-458,5,20,0.019447,0.012402,0.57745,0.017381,0.01106,0.012572,0.33919
-456,5,20,0.019863,0.012278,0.57785,0.017645,0.010615,0.012777,0.33983
-454,5,20,0.020285,0.012156,0.57676,0.017866,0.010093,0.012915,0.33872
-452,5,20,0.02071,0.012038,0.57427,0.018048,0.0095101,0.012981,0.33598
-450,5,20,0.021133,0.011933,0.57057,0.018196,0.0088747,0.012977,0.33185
-448,5,20,0.021551,0.011846,0.56591,0.01832,0.0081929,0.012905,0.32663
-446,5,20,0.02196,0.011786,0.56057,0.018427,0.0074684,0.012772,0.32069
-444,5,20,0.022358,0.01176,0.55486,0.018529,0.006704,0.012583,0.31439
-442,5,20,0.02274,0.011774,0.5491,0.018635,0.0059029,0.01235,0.3081
-440,5,20,0.023103,0.011832,0.54358,0.018754,0.0050696,0.012082,0.30216
-438,5,20,0.023445,0.011936,0.53859,0.01889,0.0042113,0.011791,0.29686
-436,5,20,0.023762,0.012086,0.53434,0.019044,0.0033385,0.011489,0.29241
-434,5,20,0.024051,0.012277,0.53102,0.019214,0.0024651,0.011185,0.289
-432,5,20,0.024311,0.012504,0.52872,0.019392,0.0016077,0.010888,0.28669
-430,5,20,0.024539,0.01276,0.52749,0.019569,0.00078422,0.010602,0.28552
-428,5,20,0.024734,0.013034,0.52729,0.019735,1.1665e-05,0.010333,0.28543
-426,5,20,0.024894,0.013319,0.52802,0.01988,-0.00069584,0.010083,0.28631
-424,5,20,0.025019,0.013604,0.52954,0.019999,-0.0013288,0.009855,0.28801
-422,5,20,0.025107,0.01388,0.53165,0.020087,-0.0018833,0.0096521,0.29032
-420,5,20,0.025159,0.014139,0.53417,0.020143,-0.002361,0.0094783,0.29304
-418,5,20,0.025175,0.014373,0.53686,0.020168,-0.0027683,0.0093381,0.29594
-416,5,20,0.025156,0.014577,0.53951,0.020167,-0.0031153,0.0092357,0.2988
-414,5,20,0.025102,0.014745,0.54194,0.020143,-0.0034143,0.0091742,0.30141
-412,5,20,0.025016,0.014874,0.54398,0.020103,-0.0036788,0.0091554,0.3036
-410,5,20,0.024898,0.014961,0.54549,0.02005,-0.0039219,0.0091784,0.3052
-408,5,20,0.024751,0.015006,0.54638,0.019992,-0.0041556,0.0092403,0.30612
-406,5,20,0.024577,0.015009,0.54658,0.019931,-0.0043902,0.0093362,0.30629
-404,5,20,0.024379,0.014971,0.54606,0.019874,-0.0046336,0.0094593,0.30568
-402,5,20,0.024159,0.014895,0.54483,0.019823,-0.0048908,0.0096024,0.30431
-400,5,20,0.023921,0.014785,0.54293,0.019781,-0.0051639,0.0097581,0.30221
-398,5,20,0.023667,0.014645,0.54043,0.01975,-0.0054516,0.0099197,0.29948
-396,5,20,0.023401,0.014481,0.53741,0.019732,-0.0057492,0.010082,0.29621
-394,5,20,0.023125,0.014299,0.53398,0.019724,-0.0060491,0.01024,0.29252
-392,5,20,0.022843,0.014105,0.53024,0.019728,-0.0063409,0.010392,0.28855
-390,5,20,0.022558,0.013906,0.52632,0.019739,-0.0066119,0.010536,0.28441
-388,5,20,0.022273,0.013709,0.52233,0.019756,-0.0068483,0.010673,0.28024
-386,5,20,0.02199,0.013519,0.51837,0.019774,-0.0070358,0.010801,0.27614
-384,5,20,0.021714,0.013343,0.51455,0.01979,-0.0071604,0.010921,0.27221
-382,5,20,0.021445,0.013184,0.51096,0.019798,-0.0072098,0.01103,0.26852
-380,5,20,0.021187,0.013048,0.50763,0.019796,-0.0071739,0.011126,0.26514
-378,5,20,0.020942,0.012936,0.50464,0.019779,-0.0070451,0.011204,0.26209
-376,5,20,0.020711,0.012849,0.50198,0.019743,-0.0068189,0.011258,0.25939
-374,5,20,0.020495,0.012787,0.49967,0.019685,-0.0064936,0.011282,0.25703
-372,5,20,0.020297,0.012748,0.49769,0.019603,-0.0060703,0.01127,0.255
-370,5,20,0.020116,0.01273,0.49601,0.019496,-0.0055522,0.011216,0.25325
-368,5,20,0.019954,0.01273,0.49459,0.019361,-0.004945,0.011116,0.25174
-366,5,20,0.01981,0.012742,0.49338,0.0192,-0.0042561,0.010967,0.25043
-364,5,20,0.019685,0.012763,0.49234,0.019013,-0.003495,0.010772,0.24927
-362,5,20,0.019578,0.012788,0.49142,0.018803,-0.0026729,0.010534,0.24821
-360,5,20,0.019489,0.012813,0.49058,0.018574,-0.0018028,0.010259,0.24722
-358,5,20,0.019416,0.012834,0.48977,0.018332,-0.00089954,0.0099594,0.24626
-356,5,20,0.019358,0.012848,0.48897,0.018082,2.0383e-05,0.0096475,0.24531
-354,5,20,0.019315,0.012852,0.48817,0.017834,0.00093936,0.0093396,0.24435
-352,5,20,0.019283,0.012845,0.48734,0.017594,0.001839,0.0090532,0.24339
-350,5,20,0.019262,0.012826,0.4865,0.017372,0.002701,0.0088058,0.24242
-348,5,20,0.01925,0.012794,0.48566,0.017174,0.0035077,0.008613,0.24147
-346,5,20,0.019244,0.012751,0.48482,0.017005,0.0042429,0.0084864,0.24054
-344,5,20,0.019242,0.012698,0.48401,0.016868,0.0048932,0.0084315,0.23967
-342,5,20,0.019243,0.012637,0.48325,0.01676,0.005448,0.0084469,0.23887
-340,5,20,0.019243,0.012571,0.48258,0.016678,0.0059004,0.008524,0.23816
-338,5,20,0.019242,0.012502,0.48201,0.016613,0.0062474,0.0086487,0.23758
-336,5,20,0.019236,0.012435,0.48157,0.016556,0.0064902,0.0088038,0.23712
-334,5,20,0.019224,0.012373,0.48127,0.016494,0.0066336,0.0089707,0.23679
-332,5,20,0.019205,0.01232,0.48114,0.016417,0.0066856,0.0091322,0.23661
-330,5,20,0.019176,0.012278,0.48116,0.016314,0.0066569,0.0092732,0.23657
-328,5,20,0.019136,0.01225,0.48133,0.016176,0.0065604,0.0093823,0.23665
-326,5,20,0.019083,0.012239,0.48163,0.015998,0.0064099,0.0094513,0.23683
-324,5,20,0.019017,0.012246,0.48206,0.015779,0.0062203,0.0094756,0.23711
-322,5,20,0.018938,0.012272,0.48257,0.015519,0.006006,0.0094537,0.23745
-320,5,20,0.018843,0.012317,0.48314,0.015222,0.0057814,0.0093869,0.23783
-318,5,20,0.018734,0.01238,0.48374,0.014896,0.0055596,0.0092791,0.23822
-316,5,20,0.018609,0.01246,0.48434,0.014551,0.0053527,0.0091366,0.23861
-314,5,20,0.01847,0.012553,0.48491,0.014198,0.005171,0.0089679,0.23897
-312,5,20,0.018317,0.012658,0.48543,0.013851,0.0050232,0.0087842,0.23929
-310,5,20,0.01815,0.01277,0.48588,0.013524,0.0049159,0.0085991,0.23956
-308,5,20,0.017971,0.012888,0.48626,0.01323,0.0048534,0.0084283,0.23977
-306,5,20,0.017781,0.013006,0.48655,0.012982,0.0048379,0.0082894,0.23993
-304,5,20,0.017581,0.013123,0.48675,0.012793,0.0048693,0.0081999,0.24004
-302,5,20,0.017373,0.013234,0.48689,0.012671,0.004945,0.0081761,0.24011
-300,5,20,0.017159,0.013336,0.48697,0.012622,0.0050604,0.0082301,0.24016
-298,5,20,0.016941,0.013428,0.487,0.012647,0.0052086,0.0083683,0.24021
-296,5,20,0.016721,0.013506,0.487,0.012744,0.0053808,0.0085901,0.24026
-294,5,20,0.016501,0.013568,0.487,0.012907,0.0055667,0.0088884,0.24033
-292,5,20,0.016283,0.013614,0.48701,0.013128,0.0057544,0.0092508,0.24045
-290,5,20,0.016071,0.013643,0.48704,0.013396,0.0059313,0.0096617,0.24062
-288,5,20,0.015865,0.013653,0.48711,0.013699,0.0060844,0.010105,0.24084
-286,5,20,0.015669,0.013646,0.48722,0.014026,0.0062003,0.010563,0.24112
-284,5,20,0.015485,0.013621,0.48737,0.014366,0.0062663,0.011023,0.24145
-282,5,20,0.015314,0.01358,0.48756,0.014708,0.0062705,0.011471,0.24183
-280,5,20,0.01516,0.013524,0.48778,0.015045,0.0062024,0.011896,0.24223
-278,5,20,0.015023,0.013454,0.48802,0.015371,0.0060533,0.012291,0.24265
-276,5,20,0.014905,0.013373,0.48826,0.015679,0.0058166,0.012646,0.24307
-274,5,20,0.014808,0.013283,0.48848,0.015966,0.0054883,0.012955,0.24345
-272,5,20,0.014733,0.013187,0.48865,0.016232,0.0050676,0.013213,0.24379
-270,5,20,0.014682,0.013087,0.48876,0.016475,0.0045568,0.013415,0.24405
-268,5,20,0.014654,0.012987,0.48879,0.016695,0.0039618,0.013555,0.24421
-266,5,20,0.014651,0.012888,0.48872,0.016894,0.003292,0.01363,0.24427
-264,5,20,0.014672,0.012795,0.48854,0.017074,0.0025606,0.013635,0.24421
-262,5,20,0.014717,0.012708,0.48825,0.017236,0.0017842,0.013566,0.24403
-260,5,20,0.014786,0.012632,0.48784,0.017384,0.00098248,0.013423,0.24373
-258,5,20,0.014879,0.012567,0.48732,0.01752,0.00017767,0.013205,0.24331
-256,5,20,0.014993,0.012517,0.4867,0.017647,-0.00060636,0.012915,0.2428
-254,5,20,0.015128,0.012481,0.486,0.017767,-0.0013448,0.012558,0.2422
-252,5,20,0.015282,0.012462,0.48524,0.017885,-0.002013,0.012144,0.24154
-250,5,20,0.015454,0.012459,0.48445,0.018004,-0.0025873,0.011687,0.24085
-248,5,20,0.01564,0.012472,0.48365,0.018128,-0.0030461,0.011204,0.24016
-246,5,20,0.015839,0.012501,0.48287,0.018259,-0.0033707,0.010716,0.2395
-244,5,20,0.016047,0.012546,0.48215,0.0184,-0.0035463,0.010248,0.2389
-242,5,20,0.016263,0.012604,0.4815,0.018552,-0.0035623,0.0098237,0.23838
-240,5,20,0.016483,0.012674,0.48095,0.018715,-0.003413,0.0094659,0.23797
-238,5,20,0.016704,0.012755,0.48053,0.018887,-0.0030984,0.0091917,0.23769
-236,5,20,0.016923,0.012844,0.48025,0.019065,-0.0026236,0.0090093,0.23755
-234,5,20,0.017137,0.012939,0.48012,0.019244,-0.0019998,0.0089165,0.23755
-232,5,20,0.017342,0.013039,0.48014,0.01942,-0.0012435,0.0089016,0.2377
-230,5,20,0.017535,0.013141,0.48031,0.019587,-0.00037667,0.0089458,0.23799
-228,5,20,0.017713,0.013243,0.48062,0.019741,0.00057444,0.0090277,0.2384
-226,5,20,0.017873,0.013344,0.48105,0.019877,0.0015798,0.009127,0.23892
-224,5,20,0.018012,0.013442,0.48158,0.019993,0.0026071,0.0092277,0.23951
-222,5,20,0.018126,0.013534,0.48218,0.020086,0.0036231,0.0093194,0.24016
-220,5,20,0.018215,0.013621,0.48281,0.020155,0.0045954,0.0093974,0.24083
-218,5,20,0.018275,0.013702,0.48346,0.0202,0.005494,0.0094624,0.24148
-216,5,20,0.018304,0.013774,0.48408,0.02022,0.0062922,0.0095185,0.2421
-214,5,20,0.0183,0.013837,0.48464,0.020216,0.0069684,0.0095724,0.24264
-212,5,20,0.018263,0.013892,0.48512,0.020187,0.0075064,0.0096309,0.24309
-210,5,20,0.018192,0.013937,0.4855,0.020134,0.0078964,0.0097,0.24341
-208,5,20,0.018085,0.013972,0.48575,0.020058,0.0081348,0.0097826,0.2436
-206,5,20,0.017943,0.013997,0.48588,0.019957,0.0082242,0.0098786,0.24365
-204,5,20,0.017766,0.014012,0.48587,0.019831,0.0081737,0.0099841,0.24354
-202,5,20,0.017554,0.014016,0.48573,0.019679,0.0079973,0.010092,0.24329
-200,5,20,0.01731,0.014011,0.48547,0.019499,0.0077143,0.010194,0.24291
-198,5,20,0.017035,0.013995,0.48511,0.019291,0.0073474,0.010279,0.2424
-196,5,20,0.016731,0.01397,0.48466,0.019053,0.0069219,0.010337,0.24179
-194,5,20,0.0164,0.013934,0.48415,0.018784,0.0064644,0.010361,0.24111
-192,5,20,0.016046,0.013888,0.48362,0.018485,0.0060016,0.010342,0.24038
-190,5,20,0.015673,0.013832,0.48308,0.018156,0.0055586,0.010279,0.23963
-188,5,20,0.015283,0.013765,0.48258,0.017799,0.0051582,0.01017,0.2389
-186,5,20,0.014882,0.013689,0.48213,0.017417,0.0048192,0.010016,0.23821
-184,5,20,0.014473,0.013602,0.48177,0.017014,0.004556,0.0098231,0.2376
-182,5,20,0.014062,0.013506,0.48151,0.016596,0.0043777,0.0095967,0.23709
-180,5,20,0.013654,0.0134,0.48139,0.016169,0.0042874,0.0093452,0.2367
-178,5,20,0.013255,0.013285,0.4814,0.01574,0.0042829,0.0090774,0.23646
-176,5,20,0.012868,0.013161,0.48157,0.015316,0.004356,0.008803,0.23637
-174,5,20,0.012501,0.013028,0.4819,0.014906,0.0044937,0.0085311,0.23645
-172,5,20,0.012159,0.012889,0.48239,0.014517,0.0046789,0.0082703,0.23671
-170,5,20,0.011847,0.012743,0.48304,0.014157,0.0048912,0.0080278,0.23713
-168,5,20,0.01157,0.012593,0.48384,0.013834,0.0051087,0.0078093,0.23773
-166,5,20,0.011335,0.01244,0.48477,0.013553,0.0053092,0.0076185,0.23849
-164,5,20,0.011145,0.012286,0.48583,0.013319,0.0054713,0.0074574,0.23941
-162,5,20,0.011007,0.012134,0.48701,0.013135,0.0055765,0.0073263,0.24046
-160,5,20,0.010924,0.011986,0.48829,0.013002,0.0056096,0.007225,0.24164
-158,5,20,0.0109,0.011845,0.48965,0.01292,0.0055601,0.0071527,0.24293
-156,5,20,0.01094,0.011714,0.49108,0.012886,0.0054228,0.0071098,0.24431
-154,5,20,0.011046,0.011596,0.49257,0.012897,0.0051977,0.0070981,0.24579
-152,5,20,0.01122,0.011495,0.49411,0.01295,0.0048902,0.0071209,0.24733
-150,5,20,0.011466,0.011412,0.49568,0.013042,0.0045108,0.007183,0.24893
-148,5,20,0.011784,0.011352,0.49728,0.013169,0.0040739,0.0072894,0.25058
-146,5,20,0.012176,0.011315,0.49891,0.013328,0.0035978,0.007444,0.25229
-144,5,20,0.012641,0.011303,0.50056,0.013519,0.003103,0.0076484,0.25403
-142,5,20,0.013178,0.011318,0.50222,0.013739,0.0026114,0.0079006,0.25581
-140,5,20,0.013787,0.011359,0.5039,0.013987,0.002146,0.0081949,0.25763
-138,5,20,0.014465,0.011426,0.50559,0.014261,0.0017291,0.0085222,0.25949
-136,5,20,0.01521,0.011517,0.5073,0.014557,0.001382,0.0088713,0.26138
-134,5,20,0.016019,0.011631,0.50903,0.014874,0.0011241,0.00923,0.26332
-132,5,20,0.016887,0.011764,0.51078,0.015206,0.00097193,0.009586,0.26529
-130,5,20,0.01781,0.011914,0.51254,0.01555,0.00093897,0.0099283,0.26729
-128,5,20,0.018782,0.012077,0.51431,0.015902,0.0010346,0.010247,0.26932
-126,5,20,0.019799,0.012249,0.51609,0.016256,0.0012636,0.010535,0.27137
-124,5,20,0.020853,0.012426,0.51788,0.016608,0.0016258,0.010786,0.27344
-122,5,20,0.021938,0.012604,0.51965,0.016952,0.0021159,0.010996,0.2755
-120,5,20,0.023047,0.01278,0.5214,0.017284,0.0027229,0.011163,0.27754
-118,5,20,0.024173,0.01295,0.52312,0.017598,0.0034305,0.011285,0.27954
-116,5,20,0.025307,0.01311,0.52478,0.01789,0.0042172,0.011363,0.28147
-114,5,20,0.026444,0.013259,0.52636,0.018154,0.005057,0.011399,0.28332
-112,5,20,0.027573,0.013393,0.52785,0.018385,0.0059202,0.011395,0.28505
-110,5,20,0.028689,0.013511,0.52923,0.018579,0.0067748,0.011354,0.28664
-108,5,20,0.029782,0.013611,0.53047,0.018732,0.0075871,0.01128,0.28806
-106,5,20,0.030846,0.013691,0.53155,0.018841,0.0083238,0.01118,0.28928
-104,5,20,0.031874,0.013752,0.53245,0.018902,0.0089533,0.011058,0.29029
-102,5,20,0.032857,0.013792,0.53316,0.018916,0.0094466,0.01092,0.29106
-100,5,20,0.033791,0.013812,0.53366,0.018881,0.0097792,0.010774,0.29157
-98,5,20,0.034668,0.013813,0.53395,0.0188,0.0099317,0.010625,0.29182
-96,5,20,0.035482,0.013795,0.53402,0.018676,0.0098908,0.010477,0.2918
-94,5,20,0.03623,0.01376,0.53386,0.018513,0.0096497,0.010337,0.29152
-92,5,20,0.036906,0.013708,0.53349,0.018317,0.0092086,0.010205,0.29098
-90,5,20,0.037507,0.013641,0.53291,0.018096,0.0085745,0.010085,0.29021
-88,5,20,0.03803,0.013561,0.53214,0.017857,0.0077611,0.0099746,0.28923
-86,5,20,0.038473,0.013469,0.53121,0.017609,0.0067882,0.0098743,0.28808
-84,5,20,0.038833,0.013367,0.53015,0.017362,0.0056806,0.0097826,0.28679
-82,5,20,0.039111,0.013257,0.52899,0.017126,0.0044677,0.0096986,0.2854
-80,5,20,0.039306,0.013141,0.52777,0.016912,0.0031812,0.0096225,0.28397
-78,5,20,0.039419,0.013019,0.52653,0.01673,0.0018547,0.0095561,0.28255
-76,5,20,0.039453,0.012894,0.52532,0.016591,0.0005215,0.0095031,0.2812
-74,5,20,0.039408,0.012766,0.5242,0.016506,-0.00078632,0.0094688,0.27996
-72,5,20,0.039289,0.012637,0.52319,0.016484,-0.0020392,0.0094603,0.27889
-70,5,20,0.039099,0.012507,0.52235,0.016534,-0.0032111,0.0094853,0.27804
-68,5,20,0.038842,0.012377,0.52172,0.016659,-0.0042799,0.0095513,0.27746
-66,5,20,0.038523,0.012248,0.52133,0.016862,-0.0052278,0.0096641,0.27718
-64,5,20,0.038149,0.012121,0.52121,0.017138,-0.0060414,0.0098267,0.27725
-62,5,20,0.037724,0.011997,0.5214,0.01748,-0.0067115,0.010038,0.27767
-60,5,20,0.037256,0.011876,0.52192,0.017876,-0.0072329,0.010294,0.27847
-58,5,20,0.03675,0.011761,0.52276,0.018309,-0.0076041,0.010584,0.27965
-56,5,20,0.036214,0.011652,0.52395,0.018761,-0.007827,0.010895,0.28121
-54,5,20,0.035656,0.011552,0.52547,0.01921,-0.0079068,0.011213,0.28313
-52,5,20,0.035081,0.011463,0.52732,0.019636,-0.0078521,0.01152,0.2854
-50,5,20,0.034499,0.011388,0.52949,0.02002,-0.0076747,0.011801,0.28797
-48,5,20,0.033916,0.011331,0.53193,0.020346,-0.0073904,0.012041,0.29082
-46,5,20,0.033339,0.011295,0.53463,0.020601,-0.0070182,0.012228,0.2939
-44,5,20,0.032776,0.011285,0.53754,0.020778,-0.006581,0.012358,0.29716
-42,5,20,0.032233,0.011305,0.54062,0.020873,-0.0061043,0.012426,0.30055
-40,5,20,0.031718,0.011358,0.5438,0.020888,-0.0056158,0.012437,0.30401
-38,5,20,0.031236,0.01145,0.54705,0.020831,-0.0051431,0.012397,0.30751
-36,5,20,0.030793,0.011583,0.55031,0.020711,-0.004713,0.012318,0.31099
-34,5,20,0.030396,0.01176,0.55352,0.02054,-0.0043487,0.012215,0.3144
-32,5,20,0.030048,0.011982,0.55664,0.020332,-0.0040693,0.012105,0.3177
-30,5,20,0.029756,0.01225,0.55964,0.020101,-0.003888,0.012002,0.32087
-28,5,20,0.029522,0.012564,0.56247,0.019859,-0.0038117,0.011923,0.32387
-26,5,20,0.02935,0.012921,0.56513,0.01962,-0.0038407,0.011881,0.32668
-24,5,20,0.029244,0.013318,0.56759,0.019393,-0.0039693,0.011883,0.3293
-22,5,20,0.029205,0.013751,0.56985,0.019188,-0.0041859,0.011934,0.33172
-20,5,20,0.029236,0.014216,0.57191,0.019012,-0.0044746,0.01203,0.33395
-18,5,20,0.029338,0.014707,0.57377,0.018871,-0.0048162,0.012165,0.33598
-16,5,20,0.029512,0.015218,0.57546,0.01877,-0.0051892,0.012328,0.33785
-14,5,20,0.029757,0.015743,0.57698,0.018714,-0.0055711,0.012505,0.33957
-12,5,20,0.030073,0.016276,0.57837,0.018707,-0.0059399,0.012681,0.34116
-10,5,20,0.03046,0.016809,0.57963,0.01875,-0.0062746,0.012841,0.34265
-8,5,20,0.030916,0.017337,0.58079,0.018846,-0.0065559,0.012974,0.34406
-6,5,20,0.031439,0.017854,0.58187,0.018995,-0.006767,0.01307,0.34543
-4,5,20,0.032027,0.018353,0.58291,0.019196,-0.0068935,0.013123,0.34678
-2,5,20,0.032676,0.018829,0.5839,0.019445,-0.0069236,0.013131,0.34813
0,5,20,0.033385,0.019277,0.58488,0.019737,-0.0068481,0.013096,0.34949
2,5,20,0.034148,0.019693,0.58586,0.020064,-0.0066606,0.013026,0.35088
4,5,20,0.034963,0.020071,0.58684,0.020418,-0.0063569,0.012931,0.35231
6,5,20,0.035824,0.020408,0.58784,0.020789,-0.0059357,0.012826,0.35377
8,5,20,0.036728,0.0207,0.58886,0.021166,-0.0053988,0.012726,0.35527
10,5,20,0.03767,0.020945,0.5899,0.021538,-0.0047514,0.01265,0.3568
12,5,20,0.038644,0.02114,0.59096,0.021898,-0.0040025,0.012611,0.35835
14,5,20,0.039645,0.021285,0.59202,0.022236,-0.0031656,0.01262,0.35989
16,5,20,0.040668,0.021376,0.59309,0.022545,-0.002259,0.012682,0.36141
18,5,20,0.041708,0.021415,0.59413,0.02282,-0.0013057,0.012795,0.36289
20,5,20,0.042758,0.0214,0.59515,0.023056,-0.00033301,0.012949,0.36431
22,5,20,0.043813,0.021333,0.59613,0.02325,0.00062757,0.013132,0.36564
24,5,20,0.044867,0.021215,0.59704,0.023399,0.0015418,0.013327,0.36686
26,5,20,0.045913,0.021047,0.59788,0.023501,0.0023737,0.013514,0.36796
28,5,20,0.046947,0.020831,0.59865,0.023556,0.0030871,0.013676,0.36892
30,5,20,0.047962,0.02057,0.59932,0.023563,0.0036473,0.013798,0.36973
32,5,20,0.048952,0.020267,0.5999,0.023521,0.0040224,0.013867,0.37039
34,5,20,0.049912,0.019926,0.60038,0.023432,0.0041852,0.013874,0.37089
36,5,20,0.050835,0.019549,0.60077,0.023298,0.0041139,0.013813,0.37124
38,5,20,0.051716,0.019143,0.60108,0.023121,0.0037935,0.01368,0.37145
40,5,20,0.052551,0.018711,0.60131,0.022906,0.0032166,0.013476,0.37154
42,5,20,0.053333,0.018258,0.60148,0.022659,0.0023832,0.013203,0.37153
44,5,20,0.054058,0.017789,0.6016,0.022389,0.0013013,0.012864,0.37144
46,5,20,0.054721,0.017311,0.60169,0.022107,-1.368e-05,0.012468,0.37131
48,5,20,0.055318,0.016829,0.60176,0.021826,-0.001539,0.01202,0.37117
50,5,20,0.055845,0.016349,0.60184,0.021562,-0.0032452,0.011533,0.37104
52,5,20,0.056298,0.015879,0.60194,0.021329,-0.0050967,0.011019,0.37098
54,5,20,0.056675,0.015425,0.60209,0.021145,-0.0070528,0.010495,0.371
56,5,20,0.056972,0.014995,0.6023,0.021023,-0.0090684,0.0099805,0.37116
58,5,20,0.057189,0.014596,0.60259,0.020976,-0.011095,0.0094992,0.37147
60,5,20,0.057324,0.014237,0.60297,0.021012,-0.013082,0.0090777,0.37197
62,5,20,0.057376,0.013925,0.60348,0.021135,-0.014978,0.0087443,0.37268
64,5,20,0.057345,0.013668,0.60412,0.021342,-0.016732,0.0085252,0.37362
66,5,20,0.057232,0.013474,0.60492,0.021626,-0.018298,0.0084396,0.37481
68,5,20,0.057039,0.013348,0.60588,0.021977,-0.019632,0.0084946,0.37626
70,5,20,0.056768,0.013295,0.60701,0.022378,-0.020694,0.0086829,0.37798
72,5,20,0.056423,0.013318,0.60834,0.02281,-0.021455,0.0089832,0.37996
74,5,20,0.056008,0.013418,0.60986,0.023255,-0.021892,0.0093645,0.3822
76,5,20,0.055527,0.013593,0.61158,0.023691,-0.02199,0.0097914,0.3847
78,5,20,0.054988,0.013841,0.61352,0.024101,-0.021748,0.010228,0.38744
80,5,20,0.054397,0.014155,0.61566,0.024466,-0.021173,0.010644,0.39041
82,5,20,0.053762,0.014529,0.61802,0.024772,-0.020283,0.011011,0.39361
84,5,20,0.053092,0.014954,0.62059,0.02501,-0.019107,0.011311,0.39701
86,5,20,0.052397,0.01542,0.62336,0.025172,-0.017683,0.011532,0.40062
88,5,20,0.051687,0.015917,0.62634,0.025257,-0.016055,0.011671,0.40442
90,5,20,0.050974,0.016436,0.62952,0.025272,-0.014274,0.011733,0.40843
92,5,20,0.05027,0.016966,0.63289,0.025225,-0.01239,0.011733,0.41265
94,5,20,0.049587,0.017497,0.63647,0.025131,-0.010456,0.011689,0.41709
96,5,20,0.04894,0.01802,0.64025,0.02501,-0.008514,0.011629,0.4218
98,5,20,0.048343,0.018526,0.64424,0.024886,-0.0066023,0.011577,0.42681
100,5,20,0.047809,0.019007,0.64846,0.024784,-0.0047456,0.011558,0.43217
102,5,20,0.047354,0.019456,0.65294,0.024734,-0.0029557,0.01159,0.43796
104,5,20,0.046993,0.019867,0.65771,0.024766,-0.00123,0.01168,0.44424
106,5,20,0.046741,0.020236,0.66281,0.024913,0.00044738,0.011831,0.45111
108,5,20,0.046612,0.020559,0.66828,0.025212,0.0021042,0.012039,0.45867
110,5,20,0.046623,0.020836,0.67415,0.025701,0.0037773,0.012302,0.46703
112,5,20,0.046787,0.021069,0.68048,0.02642,0.0055092,0.012626,0.47631
114,5,20,0.047119,0.021259,0.68729,0.027409,0.0073451,0.013022,0.48664
116,5,20,0.047633,0.021415,0.69461,0.0287,0.0093303,0.013513,0.49814
118,5,20,0.04834,0.021544,0.70247,0.030321,0.011507,0.014126,0.51093
120,5,20,0.049253,0.02166,0.71088,0.032283,0.013915,0.014889,0.52515
122,5,20,0.050384,0.021778,0.71984,0.034587,0.016586,0.015824,0.5409
124,5,20,0.051741,0.021917,0.72937,0.037221,0.019546,0.016942,0.5583
126,5,20,0.053333,0.022099,0.73945,0.040161,0.022815,0.018244,0.57743
128,5,20,0.055167,0.022347,0.75007,0.043378,0.026401,0.01972,0.59835
130,5,20,0.057249,0.022687,0.76122,0.046833,0.030308,0.021349,0.62113
132,5,20,0.059583,0.023142,0.77288,0.050489,0.034528,0.023106,0.64577
134,5,20,0.06217,0.023735,0.78502,0.054303,0.039045,0.024962,0.67228
136,5,20,0.065012,0.024484,0.79761,0.058234,0.043836,0.026887,0.70062
138,5,20,0.068107,0.025401,0.81063,0.06224,0.04887,0.028851,0.73072
140,5,20,0.071451,0.026494,0.82402,0.066281,0.054109,0.030826,0.76249
142,5,20,0.07504,0.027762,0.83775,0.070318,0.059511,0.032786,0.79578
144,5,20,0.078866,0.029201,0.85177,0.074316,0.065027,0.034707,0.83045
146,5,20,0.08292,0.030798,0.86602,0.078238,0.070605,0.036569,0.86629
148,5,20,0.087192,0.03254,0.88044,0.082055,0.076192,0.038355,0.90309
150,5,20,0.091668,0.034409,0.89496,0.085736,0.081732,0.04005,0.94061
152,5,20,0.096335,0.036383,0.90952,0.089257,0.087166,0.041642,0.97859
154,5,20,0.10118,0.038442,0.92404,0.092594,0.092441,0.043121,1.0167
156,5,20,0.10617,0.040564,0.93845,0.095726,0.097501,0.044478,1.0548
158,5,20,0.11131,0.042725,0.95268,0.098637,0.1023,0.045705,1.0925
160,5,20,0.11656,0.044905,0.96665,0.10131,0.10678,0.046797,1.1294
162,5,20,0.12191,0.047081,0.98029,0.10374,0.11093,0.047746,1.1654
164,5,20,0.12733,0.049233,0.99353,0.1059,0.11469,0.048547,1.2002
166,5,20,0.1328,0.05134,1.0063,0.1078,0.11806,0.049195,1.2335
168,5,20,0.1383,0.053384,1.0186,0.10943,0.12101,0.049687,1.265
170,5,20,0.1438,0.055345,1.0303,0.11078,0.12355,0.05002,1.2947
172,5,20,0.14928,0.057207,1.0414,0.11185,0.12569,0.050194,1.3222
174,5,20,0.1547,0.058955,1.0518,0.11264,0.12743,0.05021,1.3474
176,5,20,0.16006,0.060575,1.0616,0.11315,0.1288,0.050071,1.3703
178,5,20,0.16531,0.062053,1.0707,0.1134,0.12984,0.049784,1.3908
180,5,20,0.17045,0.063378,1.0791,0.11338,0.13057,0.049355,1.4088
182,5,20,0.17544,0.064542,1.0868,0.11311,0.13104,0.048793,1.4242
184,5,20,0.18027,0.065536,1.0938,0.1126,0.13128,0.04811,1.4372
186,5,20,0.18491,0.066354,1.1,0.11185,0.13135,0.047314,1.4477
188,5,20,0.18934,0.066993,1.1056,0.11089,0.13127,0.046417,1.4559
190,5,20,0.19355,0.067449,1.1104,0.10973,0.13109,0.045429,1.4618
192,5,20,0.19751,0.067722,1.1146,0.10839,0.13083,0.044359,1.4656
194,5,20,0.20122,0.067814,1.1182,0.10688,0.13054,0.043215,1.4673
196,5,20,0.20466,0.067726,1.1211,0.10523,0.13023,0.042006,1.4672
198,5,20,0.20781,0.067465,1.1234,0.10345,0.12991,0.040737,1.4654
200,5,20,0.21067,0.067034,1.1252,0.10157,0.1296,0.039415,1.4621
202,5,20,0.21324,0.066444,1.1265,0.099588,0.12929,0.038045,1.4574
204,5,20,0.2155,0.065701,1.1273,0.097536,0.12898,0.036633,1.4515
206,5,20,0.21745,0.064818,1.1276,0.095429,0.12864,0.035187,1.4446
208,5,20,0.21909,0.063804,1.1276,0.09328,0.12827,0.033718,1.4368
210,5,20,0.22042,0.062673,1.1272,0.091107,0.12782,0.032238,1.4283
212,5,20,0.22145,0.061437,1.1265,0.088925,0.12727,0.030764,1.4192
214,5,20,0.22218,0.060111,1.1255,0.086748,0.12659,0.029319,1.4098
216,5,20,0.22261,0.058708,1.1244,0.08459,0.12574,0.027927,1.4001
218,5,20,0.22276,0.057243,1.123,0.082466,0.1247,0.026619,1.3904
220,5,20,0.22264,0.055729,1.1215,0.080387,0.12343,0.025425,1.3806
222,5,20,0.22225,0.054182,1.12,0.078366,0.12193,0.024377,1.371
224,5,20,0.22161,0.052614,1.1184,0.076414,0.12019,0.023501,1.3617
226,5,20,0.22074,0.05104,1.1168,0.07454,0.11821,0.022816,1.3528
228,5,20,0.21965,0.04947,1.1153,0.072752,0.116,0.022329,1.3445
230,5,20,0.21836,0.047917,1.1139,0.071058,0.1136,0.022034,1.3367
232,5,20,0.21689,0.046391,1.1127,0.069463,0.11105,0.021914,1.3298
234,5,20,0.21525,0.044901,1.1117,0.067974,0.1084,0.02194,1.3237
236,5,20,0.21347,0.043457,1.111,0.066596,0.1057,0.022081,1.3186
238,5,20,0.21157,0.042064,1.1106,0.065335,0.10301,0.022302,1.3145
240,5,20,0.20956,0.040729,1.1105,0.064196,0.1004,0.022575,1.3115
242,5,20,0.20747,0.039458,1.1108,0.063187,0.097937,0.022877,1.3098
244,5,20,0.20532,0.038254,1.1115,0.062312,0.095682,0.023196,1.3093
246,5,20,0.20312,0.037123,1.1127,0.061578,0.093693,0.023528,1.3101
248,5,20,0.2009,0.036068,1.1143,0.060991,0.09202,0.023878,1.3123
250,5,20,0.19867,0.035092,1.1163,0.060555,0.090706,0.024262,1.3158
252,5,20,0.19647,0.034198,1.1188,0.060274,0.089783,0.024696,1.3207
254,5,20,0.19429,0.033391,1.1217,0.06015,0.089272,0.025204,1.3269
256,5,20,0.19216,0.032673,1.125,0.060183,0.089183,0.025805,1.3345
258,5,20,0.1901,0.03205,1.1288,0.06037,0.089515,0.026514,1.3433
260,5,20,0.18812,0.031524,1.1329,0.060708,0.090258,0.027342,1.3534
262,5,20,0.18624,0.0311,1.1373,0.061188,0.09139,0.028289,1.3646
264,5,20,0.18447,0.030782,1.142,0.0618,0.092882,0.029348,1.3768
266,5,20,0.18281,0.030571,1.147,0.062534,0.094698,0.030503,1.3899
268,5,20,0.18129,0.030472,1.1522,0.063374,0.096799,0.031736,1.4039
270,5,20,0.1799,0.030483,1.1576,0.064305,0.099141,0.03302,1.4186
272,5,20,0.17867,0.030604,1.1631,0.065309,0.10168,0.03433,1.4339
274,5,20,0.17759,0.030833,1.1687,0.066367,0.10438,0.035639,1.4497
276,5,20,0.17667,0.031167,1.1744,0.06746,0.10718,0.036922,1.4657
278,5,20,0.17592,0.031599,1.1801,0.068569,0.11006,0.038155,1.4821
280,5,20,0.17533,0.032123,1.1859,0.069675,0.11298,0.039317,1.4985
282,5,20,0.17492,0.032731,1.1915,0.07076,0.1159,0.040391,1.5149
284,5,20,0.17467,0.033414,1.1972,0.071807,0.1188,0.041361,1.5312
286,5,20,0.1746,0.034165,1.2028,0.072803,0.12165,0.042217,1.5474
288,5,20,0.17469,0.034973,1.2083,0.073734,0.12443,0.042949,1.5633
290,5,20,0.17495,0.035832,1.2137,0.074591,0.12713,0.043552,1.5788
292,5,20,0.17538,0.036731,1.219,0.075366,0.12971,0.044025,1.594
294,5,20,0.17597,0.037665,1.2242,0.076056,0.13218,0.044366,1.6087
296,5,20,0.17672,0.038626,1.2293,0.07666,0.13451,0.044578,1.6229
298,5,20,0.17762,0.03961,1.2343,0.077178,0.13669,0.044667,1.6366
300,5,20,0.17866,0.04061,1.2391,0.077614,0.13871,0.044638,1.6497
302,5,20,0.17985,0.041624,1.2437,0.077976,0.14057,0.0445,1.6623
304,5,20,0.18118,0.042648,1.2482,0.078272,0.14224,0.04426,1.6743
306,5,20,0.18264,0.043679,1.2525,0.078511,0.14373,0.04393,1.6858
308,5,20,0.18422,0.044716,1.2566,0.078705,0.14504,0.043519,1.6967
310,5,20,0.18591,0.045758,1.2605,0.078867,0.14616,0.043038,1.707
312,5,20,0.18773,0.046804,1.2642,0.079008,0.1471,0.042498,1.7168
314,5,20,0.18964,0.047852,1.2677,0.079141,0.14788,0.041913,1.7261
316,5,20,0.19166,0.048901,1.271,0.079278,0.14851,0.041295,1.7349
318,5,20,0.19378,0.049952,1.2741,0.07943,0.14903,0.040661,1.7433
320,5,20,0.19599,0.051002,1.2771,0.079605,0.14946,0.040026,1.7513
322,5,20,0.19828,0.05205,1.2798,0.079812,0.14983,0.039409,1.7589
324,5,20,0.20065,0.053094,1.2824,0.080057,0.1502,0.03883,1.7662
326,5,20,0.20311,0.054133,1.2848,0.080344,0.1506,0.038306,1.7734
328,5,20,0.20564,0.055164,1.2871,0.080676,0.15108,0.037857,1.7804
330,5,20,0.20824,0.056183,1.2894,0.081053,0.15169,0.0375,1.7873
332,5,20,0.21091,0.057189,1.2916,0.081477,0.15248,0.03725,1.7943
334,5,20,0.21365,0.058178,1.2938,0.081944,0.15348,0.037118,1.8015
336,5,20,0.21645,0.059146,1.2961,0.082453,0.15473,0.037111,1.809
338,5,20,0.21933,0.06009,1.2984,0.083001,0.15628,0.037231,1.8168
340,5,20,0.22226,0.061008,1.3009,0.083588,0.15814,0.037478,1.8251
342,5,20,0.22527,0.061896,1.3036,0.084213,0.16034,0.037845,1.8341
344,5,20,0.22833,0.062753,1.3065,0.084877,0.16289,0.038319,1.8439
346,5,20,0.23146,0.063575,1.3097,0.085583,0.1658,0.03889,1.8545
348,5,20,0.23466,0.064362,1.3132,0.086337,0.16906,0.03954,1.866
350,5,20,0.23792,0.065114,1.3169,0.087146,0.17266,0.040255,1.8786
352,5,20,0.24125,0.06583,1.321,0.088019,0.17657,0.04102,1.8923
354,5,20,0.24465,0.066512,1.3255,0.088966,0.18077,0.041821,1.9073
356,5,20,0.24811,0.06716,1.3302,0.089998,0.18522,0.042648,1.9234
358,5,20,0.25163,0.067779,1.3353,0.091124,0.18988,0.043495,1.9409
360,5,20,0.25523,0.06837,1.3407,0.092351,0.19471,0.044357,1.9595
362,5,20,0.25889,0.068938,1.3464,0.093683,0.19964,0.045236,1.9795
364,5,20,0.26261,0.069487,1.3523,0.095123,0.20464,0.046133,2.0006
366,5,20,0.2664,0.070023,1.3584,0.096666,0.20964,0.047053,2.0229
368,5,20,0.27025,0.070549,1.3648,0.098306,0.21461,0.048004,2.0462
370,5,20,0.27416,0.071071,1.3713,0.10003,0.21948,0.048991,2.0705
372,5,20,0.27812,0.071595,1.3779,0.10183,0.22422,0.050019,2.0956
374,5,20,0.28213,0.072125,1.3847,0.10367,0.2288,0.051092,2.1215
376,5,20,0.28619,0.072666,1.3915,0.10556,0.23317,0.052211,2.148
378,5,20,0.29029,0.07322,1.3984,0.10745,0.23732,0.053373,2.1749
380,5,20,0.29442,0.073791,1.4053,0.10934,0.24124,0.054573,2.2021
382,5,20,0.29857,0.07438,1.4123,0.11121,0.24491,0.055803,2.2294
384,5,20,0.30275,0.074989,1.4192,0.11303,0.24835,0.057051,2.2568
386,5,20,0.30693,0.075617,1.4261,0.11479,0.25155,0.058308,2.284
388,5,20,0.3111,0.076262,1.4329,0.11648,0.25455,0.059561,2.3109
390,5,20,0.31527,0.076922,1.4396,0.11808,0.25735,0.060798,2.3375
392,5,20,0.31941,0.077593,1.4463,0.11959,0.25999,0.062007,2.3634
394,5,20,0.32351,0.07827,1.4528,0.12101,0.26248,0.063178,2.3888
396,5,20,0.32756,0.078947,1.4591,0.12231,0.26486,0.064301,2.4133
398,5,20,0.33155,0.079618,1.4653,0.12351,0.26713,0.065366,2.437
400,5,20,0.33547,0.080275,1.4713,0.1246,0.26931,0.066366,2.4598
402,5,20,0.3393,0.080912,1.4771,0.12557,0.27142,0.067291,2.4815
404,5,20,0.34302,0.08152,1.4827,0.12643,0.27345,0.068136,2.5021
406,5,20,0.34663,0.082091,1.488,0.12717,0.27541,0.068894,2.5215
408,5,20,0.35011,0.082617,1.4931,0.12778,0.27729,0.069559,2.5396
410,5,20,0.35344,0.08309,1.4979,0.12828,0.27906,0.070126,2.5563
412,5,20,0.35662,0.083503,1.5024,0.12865,0.28072,0.070591,2.5716
414,5,20,0.35964,0.083849,1.5066,0.12888,0.28222,0.07095,2.5854
416,5,20,0.36247,0.084122,1.5105,0.12899,0.28356,0.071201,2.5976
418,5,20,0.36511,0.084315,1.514,0.12896,0.28468,0.071341,2.6082
420,5,20,0.36755,0.084425,1.5172,0.12879,0.28557,0.071368,2.6169
422,5,20,0.36978,0.084446,1.5199,0.12848,0.28618,0.07128,2.6239
424,5,20,0.3718,0.084377,1.5223,0.12802,0.2865,0.071074,2.6289
426,5,20,0.3736,0.084215,1.5243,0.12741,0.28649,0.070749,2.6319
428,5,20,0.37516,0.083959,1.5258,0.12666,0.28614,0.070301,2.6328
430,5,20,0.3765,0.08361,1.5268,0.12575,0.28541,0.069726,2.6316
432,5,20,0.37761,0.083167,1.5273,0.12469,0.2843,0.069022,2.6281
434,5,20,0.37848,0.082635,1.5274,0.12347,0.28279,0.068184,2.6225
436,5,20,0.37912,0.082014,1.5268,0.1221,0.28088,0.067208,2.6145
438,5,20,0.37954,0.081311,1.5258,0.12059,0.27857,0.066094,2.6043
440,5,20,0.37974,0.08053,1.5241,0.11893,0.27587,0.064841,2.5917
442,5,20,0.37972,0.079677,1.5219,0.11714,0.27278,0.063451,2.5769
444,5,20,0.37949,0.078759,1.5191,0.11521,0.26931,0.061928,2.5598
446,5,20,0.37907,0.077784,1.5157,0.11316,0.26549,0.060284,2.5405
448,5,20,0.37846,0.07676,1.5116,0.111,0.26134,0.05853,2.5191
450,5,20,0.37768,0.075695,1.507,0.10875,0.25688,0.056686,2.4957
452,5,20,0.37674,0.0746,1.5018,0.10641,0.25213,0.054773,2.4705
454,5,20,0.37566,0.073482,1.496,0.104,0.24712,0.05282,2.4434
456,5,20,0.37445,0.072353,1.4896,0.10154,0.24188,0.050858,2.4147
458,5,20,0.37313,0.07122,1.4826,0.099044,0.23642,0.04892,2.3846
460,5,20,0.37172,0.070094,1.4752,0.096544,0.23077,0.047041,2.3532
462,5,20,0.37023,0.068983,1.4672,0.094056,0.22493,0.045256,2.3208
464,5,20,0.36869,0.067894,1.4588,0.091604,0.21893,0.043597,2.2874
466,5,20,0.36711,0.066835,1.4499,0.089211,0.21277,0.042093,2.2533
468,5,20,0.36552,0.065812,1.4406,0.086902,0.20646,0.040765,2.2188
470,5,20,0.36393,0.06483,1.4309,0.084697,0.20002,0.039627,2.1839
472,5,20,0.36235,0.063894,1.421,0.082618,0.19346,0.038687,2.1489
474,5,20,0.36082,0.063004,1.4108,0.08068,0.18679,0.037944,2.1139
476,5,20,0.35933,0.062164,1.4004,0.078898,0.18003,0.03739,2.0793
478,5,20,0.35792,0.061372,1.3898,0.077278,0.17322,0.037014,2.045
480,5,20,0.35659,0.060629,1.3792,0.075823,0.16638,0.036799,2.0114
482,5,20,0.35535,0.059931,1.3686,0.074529,0.15956,0.036729,1.9785
484,5,20,0.35423,0.059276,1.358,0.073387,0.1528,0.036786,1.9465
486,5,20,0.35322,0.05866,1.3476,0.072383,0.14615,0.036951,1.9155
488,5,20,0.35233,0.05808,1.3374,0.071498,0.13966,0.037207,1.8856
490,5,20,0.35158,0.057531,1.3274,0.070708,0.13339,0.037536,1.8571
492,5,20,0.35097,0.057009,1.3179,0.069989,0.12739,0.037921,1.8299
494,5,20,0.35049,0.056511,1.3087,0.069316,0.12171,0.038342,1.8041
496,5,20,0.35016,0.056033,1.3001,0.068666,0.11638,0.03878,1.7799
498,5,20,0.34996,0.055572,1.292,0.068017,0.11145,0.039216,1.7572
500,5,20,0.34989,0.055128,1.2845,0.06735,0.10694,0.03963,1.7362
502,5,20,0.34996,0.054699,1.2777,0.066653,0.10287,0.040005,1.7169
504,5,20,0.35015,0.054284,1.2715,0.065918,0.099236,0.040324,1.6993
506,5,20,0.35045,0.053886,1.266,0.065142,0.09604,0.040577,1.6834
508,5,20,0.35085,0.053506,1.2612,0.06433,0.093263,0.040756,1.6692
510,5,20,0.35134,0.053146,1.2571,0.063491,0.09088,0.040857,1.6568
512,5,20,0.35191,0.052809,1.2536,0.06264,0.08886,0.04088,1.6461
514,5,20,0.35254,0.0525,1.2508,0.061794,0.087165,0.040828,1.637
516,5,20,0.35322,0.052222,1.2486,0.060972,0.085757,0.040703,1.6296
518,5,20,0.35392,0.051978,1.2469,0.060191,0.084597,0.04051,1.6236
520,5,20,0.35464,0.051773,1.2458,0.059469,0.083649,0.04025,1.6192
522,5,20,0.35535,0.051609,1.2452,0.058818,0.082884,0.039924,1.6161
524,5,20,0.35604,0.051489,1.2449,0.058247,0.082276,0.039531,1.6144
526,5,20,0.35669,0.051414,1.2451,0.057762,0.081806,0.039066,1.6137
528,5,20,0.35728,0.051384,1.2456,0.057364,0.08146,0.038523,1.6141
530,5,20,0.35779,0.051399,1.2464,0.057048,0.081231,0.037894,1.6154
532,5,20,0.35821,0.051456,1.2474,0.056809,0.081113,0.037173,1.6174
534,5,20,0.35852,0.051551,1.2486,0.056639,0.081102,0.036352,1.62
536,5,20,0.35871,0.051682,1.2499,0.056528,0.081196,0.035429,1.6231
538,5,20,0.35876,0.051841,1.2513,0.056468,0.081391,0.034403,1.6264
540,5,20,0.35867,0.052024,1.2527,0.05645,0.08168,0.033283,1.6298
542,5,20,0.35841,0.052222,1.254,0.056466,0.082056,0.032081,1.6331
544,5,20,0.35799,0.052429,1.2552,0.056508,0.08251,0.030816,1.6362
546,5,20,0.35739,0.052638,1.2563,0.056569,0.083029,0.029518,1.639
548,5,20,0.35661,0.052841,1.2571,0.056645,0.0836,0.028221,1.6412
550,5,20,0.35565,0.053032,1.2576,0.056729,0.084208,0.026964,1.6428
552,5,20,0.3545,0.053203,1.2579,0.056817,0.084837,0.02579,1.6436
554,5,20,0.35317,0.05335,1.2578,0.056904,0.08547,0.024743,1.6436
556,5,20,0.35165,0.053466,1.2573,0.056985,0.08609,0.023859,1.6426
558,5,20,0.34996,0.053547,1.2565,0.057055,0.086678,0.023165,1.6406
560,5,20,0.34808,0.053591,1.2552,0.05711,0.087216,0.022676,1.6375
562,5,20,0.34604,0.053594,1.2535,0.057145,0.087684,0.022386,1.6333
564,5,20,0.34385,0.053555,1.2514,0.057156,0.088063,0.022276,1.628
566,5,20,0.3415,0.053473,1.2489,0.057139,0.088332,0.022312,1.6217
568,5,20,0.33901,0.053349,1.2459,0.057092,0.088472,0.022455,1.6142
570,5,20,0.3364,0.053183,1.2426,0.057012,0.088464,0.022665,1.6058
572,5,20,0.33368,0.052977,1.2389,0.056896,0.088291,0.022907,1.5964
574,5,20,0.33086,0.052734,1.2349,0.056745,0.087941,0.023153,1.5861
576,5,20,0.32796,0.052456,1.2306,0.056556,0.087402,0.023382,1.5751
578,5,20,0.32499,0.052146,1.226,0.056332,0.086669,0.023585,1.5633
580,5,20,0.32197,0.051809,1.2212,0.056073,0.085742,0.023757,1.5511
582,5,20,0.31891,0.051448,1.2163,0.055782,0.084625,0.023901,1.5384
584,5,20,0.31583,0.051067,1.2112,0.055461,0.083328,0.024021,1.5254
586,5,20,0.31274,0.050669,1.206,0.055116,0.081867,0.024124,1.5122
588,5,20,0.30966,0.05026,1.2009,0.054751,0.08026,0.024215,1.499
590,5,20,0.3066,0.049843,1.1957,0.054372,0.078529,0.024298,1.4858
592,5,20,0.30357,0.049422,1.1906,0.053989,0.076698,0.024375,1.4728
594,5,20,0.30059,0.049002,1.1856,0.05361,0.074792,0.024447,1.4601
596,5,20,0.29766,0.048585,1.1807,0.053244,0.072835,0.024513,1.4478
598,5,20,0.2948,0.048177,1.1759,0.052902,0.07085,0.024574,1.436
600,5,20,0.29201,0.047782,1.1714,0.052594,0.068859,0.024628,1.4247
602,5,20,0.2893,0.047403,1.167,0.052328,0.06688,0.024674,1.414
604,5,20,0.28667,0.047044,1.1629,0.05211,0.064929,0.024713,1.404
606,5,20,0.28414,0.04671,1.159,0.051943,0.063018,0.024745,1.3946
608,5,20,0.28169,0.046405,1.1554,0.051829,0.06116,0.024768,1.386
610,5,20,0.27935,0.046132,1.1521,0.051765,0.059359,0.024783,1.3782
612,5,20,0.2771,0.045897,1.149,0.051745,0.057622,0.024787,1.3711
614,5,20,0.27494,0.045702,1.1462,0.051763,0.055949,0.024779,1.3647
616,5,20,0.27288,0.045551,1.1437,0.05181,0.05434,0.024758,1.3591
618,5,20,0.27091,0.045446,1.1415,0.051877,0.052793,0.024724,1.3542
620,5,20,0.26902,0.04539,1.1396,0.051956,0.051302,0.024677,1.35
622,5,20,0.26722,0.045384,1.138,0.052039,0.049863,0.024619,1.3465
624,5,20,0.2655,0.045426,1.1367,0.052122,0.04847,0.02455,1.3437
626,5,20,0.26385,0.045518,1.1356,0.052202,0.047117,0.024473,1.3414
628,5,20,0.26227,0.045655,1.1348,0.052277,0.045799,0.024391,1.3398
630,5,20,0.26075,0.045834,1.1343,0.052349,0.044509,0.024307,1.3387
632,5,20,0.25929,0.046049,1.134,0.052422,0.043246,0.024223,1.3381
634,5,20,0.25788,0.046296,1.1339,0.052502,0.042005,0.024142,1.3381
636,5,20,0.25652,0.046565,1.134,0.052594,0.040786,0.024067,1.3385
638,5,20,0.25521,0.046848,1.1342,0.052705,0.039591,0.023999,1.3393
640,5,20,0.25393,0.047137,1.1347,0.052841,0.038424,0.023941,1.3405
642,5,20,0.25269,0.047421,1.1352,0.053007,0.037291,0.023893,1.342
644,5,20,0.25149,0.047691,1.1358,0.053206,0.036203,0.023855,1.3439
646,5,20,0.25032,0.047937,1.1365,0.053439,0.035171,0.023827,1.3459
648,5,20,0.24918,0.048149,1.1373,0.053706,0.034209,0.023809,1.3482
650,5,20,0.24807,0.048318,1.1381,0.054003,0.033334,0.0238,1.3506
652,5,20,0.24699,0.048435,1.1389,0.054326,0.032562,0.023803,1.3531
654,5,20,0.24595,0.048494,1.1396,0.054669,0.031908,0.02382,1.3556
656,5,20,0.24495,0.048488,1.1404,0.055024,0.03139,0.023855,1.358
658,5,20,0.24399,0.048412,1.141,0.055382,0.031022,0.023912,1.3602
660,5,20,0.24308,0.048263,1.1416,0.055733,0.030816,0.023998,1.3622
662,5,20,0.24222,0.048039,1.142,0.056065,0.030784,0.024116,1.3639
664,5,20,0.24142,0.047741,1.1422,0.056368,0.030935,0.024271,1.3651
666,5,20,0.24068,0.047369,1.1423,0.056629,0.031275,0.024461,1.3658
668,5,20,0.24001,0.046927,1.1422,0.056835,0.031809,0.024685,1.366
670,5,20,0.23941,0.046419,1.1418,0.056974,0.032537,0.024935,1.3655
672,5,20,0.2389,0.045853,1.1412,0.057034,0.033459,0.025202,1.3642
674,5,20,0.23848,0.045237,1.1404,0.057005,0.03457,0.025473,1.3621
676,5,20,0.23815,0.044579,1.1392,0.05688,0.035861,0.025733,1.3592
678,5,20,0.23792,0.043891,1.1377,0.056654,0.037318,0.025969,1.3553
680,5,20,0.23779,0.043184,1.1359,0.056327,0.038923,0.026165,1.3505
682,5,20,0.23777,0.04247,1.1337,0.055901,0.040654,0.026309,1.3447
684,5,20,0.23787,0.041761,1.1312,0.055383,0.042481,0.02639,1.3379
686,5,20,0.23807,0.04107,1.1283,0.054786,0.044374,0.026399,1.3301
688,5,20,0.23838,0.040408,1.1251,0.054122,0.046295,0.026329,1.3215
690,5,20,0.23881,0.039786,1.1215,0.05341,0.048206,0.026178,1.3119
692,5,20,0.23935,0.039214,1.1175,0.052669,0.050066,0.025943,1.3015
694,5,20,0.23998,0.038699,1.1132,0.05192,0.051832,0.025627,1.2904
696,5,20,0.24072,0.038246,1.1085,0.051183,0.053463,0.025232,1.2786
698,5,20,0.24155,0.037858,1.1036,0.050481,0.054918,0.024765,1.2663
700,5,20,0.24246,0.037537,1.0983,0.04983,0.05616,0.024235,1.2535
702,5,20,0.24344,0.03728,1.0928,0.049248,0.057152,0.023651,1.2404
704,5,20,0.24448,0.037083,1.0871,0.048749,0.057864,0.023025,1.227
706,5,20,0.24556,0.03694,1.0813,0.048341,0.05827,0.02237,1.2136
708,5,20,0.24668,0.036845,1.0753,0.048033,0.058346,0.021699,1.2002
710,5,20,0.24781,0.036788,1.0693,0.047826,0.058079,0.021026,1.1869
712,5,20,0.24894,0.036761,1.0633,0.04772,0.057455,0.020363,1.1738
714,5,20,0.25004,0.036754,1.0573,0.047711,0.056471,0.019721,1.1611
716,5,20,0.25111,0.03676,1.0514,0.047789,0.055127,0.019108,1.1488
718,5,20,0.25211,0.03677,1.0456,0.047946,0.053428,0.018531,1.137
720,5,20,0.25304,0.036778,1.04,0.048169,0.051385,0.017995,1.1257
722,5,20,0.25387,0.036776,1.0346,0.048444,0.049014,0.017503,1.115
724,5,20,0.25458,0.036763,1.0294,0.048755,0.046339,0.01706,1.1049
726,5,20,0.25515,0.036733,1.0245,0.049088,0.043385,0.016669,1.0954
728,5,20,0.25557,0.036685,1.0198,0.049425,0.040187,0.016336,1.0865
730,5,20,0.25581,0.03662,1.0154,0.049753,0.036783,0.016067,1.0781
732,5,20,0.25587,0.036537,1.0113,0.050057,0.033217,0.015867,1.0703
734,5,20,0.25572,0.036438,1.0074,0.050326,0.029538,0.015742,1.0629
736,5,20,0.25536,0.036325,1.0037,0.050549,0.025796,0.015695,1.056
738,5,20,0.25476,0.036201,1.0003,0.050719,0.022047,0.015722,1.0495
740,5,20,0.25393,0.036069,0.99705,0.050828,0.018344,0.015817,1.0432
742,5,20,0.25286,0.035932,0.99397,0.050875,0.014742,0.015967,1.0372
744,5,20,0.25154,0.035792,0.99103,0.050858,0.011288,0.01616,1.0313
746,5,20,0.24996,0.035653,0.9882,0.05078,0.0080288,0.016379,1.0255
748,5,20,0.24814,0.035515,0.98543,0.050645,0.0050024,0.016611,1.0198
750,5,20,0.24607,0.03538,0.98272,0.05046,0.0022398,0.016844,1.0141
752,5,20,0.24375,0.035249,0.98002,0.050234,-0.00023587,0.01707,1.0084
754,5,20,0.2412,0.03512,0.97731,0.049976,-0.0024099,0.017283,1.0026
756,5,20,0.23843,0.034993,0.97457,0.049698,-0.0042757,0.017482,0.99672
758,5,20,0.23545,0.034866,0.9718,0.049409,-0.0058343,0.017666,0.99077
760,5,20,0.23227,0.034736,0.96897,0.04912,-0.0070939,0.017837,0.98476
762,5,20,0.22891,0.034602,0.96611,0.048839,-0.0080683,0.017995,0.97868
764,5,20,0.2254,0.034461,0.96319,0.048575,-0.0087767,0.018142,0.97257
766,5,20,0.22175,0.03431,0.96024,0.048332,-0.0092417,0.018282,0.96645
768,5,20,0.21799,0.034146,0.95728,0.048115,-0.009489,0.018416,0.96036
770,5,20,0.21413,0.033968,0.95431,0.047925,-0.0095459,0.018551,0.95434
772,5,20,0.21022,0.033774,0.95135,0.047763,-0.0094403,0.018693,0.94841
774,5,20,0.20626,0.033563,0.94843,0.047629,-0.0091995,0.018851,0.94262
776,5,20,0.2023,0.033335,0.94556,0.047521,-0.0088493,0.019034,0.93699
778,5,20,0.19835,0.033091,0.94276,0.047436,-0.008413,0.019254,0.93155
780,5,20,0.19444,0.032831,0.94004,0.04737,-0.0079104,0.019519,0.92632
782,5,20,0.1906,0.032558,0.93742,0.047318,-0.0073577,0.019834,0.9213
784,5,20,0.18686,0.032274,0.93491,0.047274,-0.0067663,0.020199,0.91651
786,5,20,0.18323,0.031982,0.9325,0.04723,-0.0061437,0.020608,0.91194
788,5,20,0.17975,0.031686,0.93021,0.047178,-0.0054933,0.02105,0.90757
790,5,20,0.17643,0.03139,0.92802,0.047111,-0.0048153,0.021511,0.90339
792,5,20,0.1733,0.031098,0.92594,0.047018,-0.0041078,0.02197,0.89937
794,5,20,0.17036,0.030813,0.92395,0.046894,-0.0033685,0.022408,0.89547
796,5,20,0.16765,0.030539,0.92206,0.046733,-0.0025953,0.022807,0.89169
798,5,20,0.16516,0.03028,0.92023,0.046531,-0.0017884,0.023149,0.88797
800,5,20,0.16291,0.030037,0.91847,0.046287,-0.00095095,0.023423,0.8843
802,5,20,0.1609,0.029814,0.91675,0.046004,-8.9914e-05,0.02362,0.88064
804,5,20,0.15915,0.029611,0.91506,0.045687,0.00078415,0.023738,0.877
806,5,20,0.15765,0.02943,0.91339,0.045344,0.0016574,0.023778,0.87335
808,5,20,0.1564,0.02927,0.91173,0.044985,0.0025136,0.023748,0.8697
810,5,20,0.1554,0.029131,0.91007,0.044621,0.0033355,0.023656,0.86605
812,5,20,0.15464,0.029011,0.90841,0.044264,0.0041064,0.023515,0.86243
814,5,20,0.15411,0.028909,0.90676,0.043925,0.0048115,0.023337,0.85887
816,5,20,0.1538,0.028823,0.90513,0.043612,0.0054389,0.023134,0.85539
818,5,20,0.15369,0.028752,0.90353,0.043333,0.0059808,0.022918,0.85205
820,5,20,0.15377,0.028692,0.902,0.043093,0.006434,0.022695,0.84889
822,5,20,0.15402,0.028643,0.90056,0.042895,0.0067994,0.022474,0.84596
824,5,20,0.15441,0.028601,0.89922,0.04274,0.0070818,0.022256,0.84331
826,5,20,0.15493,0.028566,0.89803,0.042626,0.0072891,0.022042,0.84098
828,5,20,0.15555,0.028536,0.897,0.042553,0.0074312,0.021834,0.83901
830,5,20,0.15625,0.028509,0.89615,0.042519,0.0075185,0.02163,0.83743
832,5,20,0.157,0.028485,0.89549,0.042523,0.0075616,0.021431,0.83625
834,5,20,0.15778,0.028463,0.89502,0.042563,0.00757,0.021236,0.83547
836,5,20,0.15856,0.028442,0.89473,0.042637,0.0075517,0.021048,0.83508
838,5,20,0.15933,0.028422,0.89461,0.042745,0.0075135,0.020868,0.83503
840,5,20,0.16004,0.028402,0.89462,0.042883,0.0074601,0.020696,0.83528
842,5,20,0.16069,0.028381,0.89473,0.043048,0.0073952,0.020532,0.83576
844,5,20,0.16125,0.028358,0.89491,0.043236,0.0073207,0.020371,0.83637
846,5,20,0.16171,0.028332,0.89508,0.043439,0.0072372,0.02021,0.83702
848,5,20,0.16203,0.028302,0.89521,0.04365,0.0071435,0.020041,0.8376
850,5,20,0.16221,0.028265,0.89522,0.04386,0.0070369,0.019856,0.83798
852,5,20,0.16223,0.028221,0.89507,0.04406,0.0069127,0.019646,0.83803
854,5,20,0.16209,0.028168,0.89467,0.04424,0.0067642,0.019405,0.83763
856,5,20,0.16176,0.028102,0.89399,0.044391,0.0065823,0.019127,0.83666
858,5,20,0.16125,0.028023,0.89295,0.044504,0.0063563,0.01881,0.835
860,5,20,0.16055,0.027928,0.89152,0.044572,0.0060734,0.018452,0.83255
862,5,20,0.15965,0.027816,0.88964,0.044588,0.0057192,0.018059,0.82924
864,5,20,0.15857,0.027686,0.88729,0.044548,0.0052779,0.017635,0.82499
866,5,20,0.1573,0.027537,0.88444,0.044446,0.0047332,0.01719,0.81977
868,5,20,0.15584,0.027369,0.88108,0.044284,0.0040685,0.016736,0.81356
870,5,20,0.15422,0.027182,0.8772,0.044059,0.003268,0.016284,0.80636
872,5,20,0.15243,0.026979,0.87283,0.043775,0.002317,0.015846,0.79823
874,5,20,0.15049,0.026761,0.86797,0.043437,0.0012034,0.015434,0.78922
876,5,20,0.14842,0.026531,0.86268,0.043051,-8.1799e-05,0.015056,0.77943
878,5,20,0.14624,0.026293,0.85698,0.042626,-0.0015434,0.014718,0.76894
880,5,20,0.14395,0.026052,0.85095,0.042173,-0.0031816,0.014424,0.75791
882,5,20,0.14158,0.025813,0.84464,0.041706,-0.0049909,0.014171,0.74646
884,5,20,0.13914,0.02558,0.83812,0.041238,-0.0069603,0.013955,0.73475
886,5,20,0.13667,0.025361,0.83146,0.040783,-0.0090731,0.013768,0.72293
888,5,20,0.13417,0.025161,0.82475,0.040355,-0.011307,0.013602,0.71116
890,5,20,0.13168,0.024985,0.81807,0.039968,-0.013634,0.013447,0.69959
892,5,20,0.1292,0.024838,0.8115,0.039632,-0.016023,0.013296,0.68837
894,5,20,0.12677,0.024725,0.8051,0.039355,-0.018437,0.013144,0.67762
896,5,20,0.12439,0.024647,0.79897,0.03914,-0.020836,0.01299,0.66745
898,5,20,0.1221,0.024608,0.79315,0.038987,-0.02318,0.012838,0.65797
900,5,20,0.1199,0.024606,0.78772,0.03889,-0.025426,0.012694,0.64924
902,5,20,0.1178,0.024641,0.78272,0.038841,-0.027535,0.012568,0.64132
904,5,20,0.11584,0.02471,0.77819,0.038827,-0.029467,0.012471,0.63423
906,5,20,0.11401,0.024809,0.77416,0.038835,-0.031191,0.012411,0.62797
908,5,20,0.11233,0.024931,0.77063,0.038849,-0.032681,0.012394,0.62254
910,5,20,0.1108,0.025072,0.7676,0.038855,-0.033919,0.012422,0.6179
912,5,20,0.10944,0.025223,0.76507,0.038841,-0.034896,0.012491,0.61399
914,5,20,0.10824,0.025377,0.76299,0.038796,-0.035616,0.012592,0.61076
916,5,20,0.10721,0.025527,0.76135,0.038713,-0.036089,0.012715,0.60813
918,5,20,0.10634,0.025666,0.76008,0.038587,-0.036334,0.012847,0.60602
920,5,20,0.10565,0.025786,0.75915,0.038419,-0.036378,0.012976,0.60435
922,5,20,0.10511,0.02588,0.75848,0.03821,-0.036251,0.013091,0.60304
924,5,20,0.10473,0.025944,0.75804,0.037964,-0.035987,0.013185,0.602
926,5,20,0.10449,0.025973,0.75775,0.037688,-0.035618,0.013253,0.60117
928,5,20,0.10439,0.025962,0.75758,0.03739,-0.035176,0.013291,0.60049
930,5,20,0.10442,0.025909,0.75747,0.037077,-0.034688,0.013301,0.59988
932,5,20,0.10456,0.025813,0.7574,0.036758,-0.034178,0.013284,0.59932
934,5,20,0.1048,0.025672,0.75732,0.036439,-0.033664,0.013242,0.59876
936,5,20,0.10512,0.025487,0.75722,0.036129,-0.03316,0.013179,0.59819
938,5,20,0.10551,0.025259,0.75709,0.035831,-0.032673,0.013099,0.59757
940,5,20,0.10595,0.024992,0.75691,0.035549,-0.032208,0.013009,0.59692
942,5,20,0.10642,0.024688,0.75668,0.035287,-0.031767,0.012917,0.59622
944,5,20,0.10692,0.024351,0.75641,0.035045,-0.031348,0.012832,0.59549
946,5,20,0.10742,0.023987,0.7561,0.034826,-0.030949,0.012771,0.59473
948,5,20,0.1079,0.023601,0.75575,0.034629,-0.030567,0.01275,0.59395
950,5,20,0.10835,0.0232,0.75538,0.034457,-0.030201,0.01279,0.59315
952,5,20,0.10876,0.02279,0.75497,0.034312,-0.029852,0.012911,0.59235
954,5,20,0.10912,0.022378,0.75454,0.034197,-0.02952,0.013129,0.59155
956,5,20,0.1094,0.021972,0.75407,0.034114,-0.029211,0.013456,0.59074
958,5,20,0.10961,0.021577,0.75357,0.034067,-0.028929,0.01389,0.58992
960,5,20,0.10972,0.021201,0.75302,0.034057,-0.028681,0.014425,0.58907
962,5,20,0.10973,0.02085,0.7524,0.034087,-0.028472,0.015043,0.58819
964,5,20,0.10963,0.020529,0.75171,0.034156,-0.02831,0.01572,0.58724
966,5,20,0.10942,0.020244,0.75094,0.034262,-0.0282,0.016428,0.58621
968,5,20,0.1091,0.019997,0.75005,0.034401,-0.028145,0.017139,0.58506
970,5,20,0.10865,0.019792,0.74905,0.034567,-0.02815,0.017827,0.58378
972,5,20,0.10809,0.01963,0.74792,0.034754,-0.028215,0.018467,0.58234
974,5,20,0.10741,0.01951,0.74665,0.034953,-0.028343,0.01904,0.5807
976,5,20,0.10661,0.019433,0.74523,0.035156,-0.028532,0.019532,0.57885
978,5,20,0.1057,0.019396,0.74366,0.035354,-0.028784,0.019933,0.57678
980,5,20,0.10468,0.019396,0.74194,0.035538,-0.029096,0.02024,0.57447
982,5,20,0.10357,0.019429,0.74007,0.0357,-0.029468,0.020453,0.57192
984,5,20,0.10236,0.019492,0.73806,0.035832,-0.029896,0.020578,0.56913
986,5,20,0.10106,0.01958,0.73592,0.035928,-0.030377,0.020626,0.56611
988,5,20,0.099697,0.019688,0.73367,0.035982,-0.030905,0.020607,0.56287
990,5,20,0.098266,0.019811,0.73133,0.035991,-0.031471,0.020537,0.55945
992,5,20,0.096782,0.019945,0.72891,0.035951,-0.032065,0.020429,0.55586
994,5,20,0.095255,0.020085,0.72644,0.035862,-0.032676,0.020296,0.55214
996,5,20,0.093697,0.020228,0.72394,0.035726,-0.03329,0.020152,0.54833
998,5,20,0.09212,0.020369,0.72143,0.035548,-0.033896,0.020003,0.54446
1000,5,20,0.090534,0.020505,0.71893,0.035333,-0.034479,0.019856,0.54057
1002,5,20,0.088951,0.020633,0.71645,0.035091,-0.03503,0.019714,0.5367
1004,5,20,0.08738,0.02075,0.71403,0.034833,-0.035539,0.019578,0.53289
1006,5,20,0.085832,0.020855,0.71165,0.034571,-0.035998,0.019444,0.52915
1008,5,20,0.084316,0.020945,0.70934,0.034317,-0.036404,0.019312,0.52554
1010,5,20,0.08284,0.021018,0.7071,0.034082,-0.036753,0.019177,0.52206
1012,5,20,0.081412,0.021075,0.70494,0.033876,-0.037043,0.019035,0.51875
1014,5,20,0.080038,0.021112,0.70287,0.033707,-0.037274,0.018882,0.51561
1016,5,20,0.078725,0.021131,0.70088,0.03358,-0.037444,0.018714,0.51265
1018,5,20,0.077476,0.02113,0.69898,0.033495,-0.037555,0.018526,0.50988
1020,5,20,0.076295,0.021111,0.69717,0.033452,-0.037604,0.018315,0.50731
1022,5,20,0.075184,0.021072,0.69546,0.033445,-0.037589,0.018076,0.50492
1024,5,20,0.074145,0.021015,0.69385,0.033467,-0.037509,0.017806,0.50271
1026,5,20,0.073177,0.020941,0.69234,0.033511,-0.03736,0.017504,0.50068
1028,5,20,0.07228,0.020851,0.69094,0.033567,-0.037137,0.017167,0.49881
1030,5,20,0.071452,0.020746,0.68964,0.033624,-0.036838,0.016797,0.49709
1032,5,20,0.07069,0.020628,0.68845,0.033676,-0.036458,0.016398,0.49551
1034,5,20,0.06999,0.020499,0.68736,0.033712,-0.035995,0.015977,0.49406
1036,5,20,0.069348,0.020362,0.68637,0.033728,-0.035449,0.015543,0.49272
1038,5,20,0.068759,0.020218,0.68549,0.033719,-0.034822,0.015109,0.4915
1040,5,20,0.068216,0.020071,0.6847,0.033682,-0.034117,0.014692,0.49037
1042,5,20,0.067714,0.019923,0.68401,0.033616,-0.033341,0.014308,0.48934
1044,5,20,0.067247,0.019777,0.6834,0.033521,-0.032505,0.013975,0.48838
1046,5,20,0.066807,0.019637,0.68287,0.033399,-0.03162,0.013707,0.4875
1048,5,20,0.066388,0.019504,0.68241,0.033251,-0.030701,0.013514,0.48669
1050,5,20,0.065983,0.019382,0.68202,0.033079,-0.029764,0.013402,0.48594
1052,5,20,0.065585,0.019274,0.68168,0.032885,-0.028827,0.013366,0.48524
1054,5,20,0.065188,0.019182,0.68139,0.032671,-0.02791,0.013395,0.48458
1056,5,20,0.064785,0.01911,0.68115,0.032439,-0.027034,0.013474,0.48395
1058,5,20,0.064372,0.019057,0.68093,0.03219,-0.026219,0.013581,0.48335
1060,5,20,0.063941,0.019028,0.68073,0.031926,-0.025487,0.013696,0.48276
1062,5,20,0.06349,0.019021,0.68054,0.031649,-0.024859,0.0138,0.48217
1064,5,20,0.063014,0.019039,0.68035,0.03136,-0.024355,0.013874,0.48157
1066,5,20,0.06251,0.019082,0.68015,0.031062,-0.023995,0.013909,0.48094
1068,5,20,0.061974,0.019149,0.67992,0.03076,-0.023795,0.013897,0.48027
1070,5,20,0.061406,0.019239,0.67964,0.030457,-0.02377,0.013838,0.47954
1072,5,20,0.060805,0.019351,0.67932,0.030158,-0.023928,0.013738,0.47875
1074,5,20,0.060169,0.019485,0.67892,0.029866,-0.024276,0.013607,0.47788
1076,5,20,0.0595,0.019636,0.67846,0.029588,-0.024815,0.013461,0.47693
1078,5,20,0.0588,0.019804,0.67791,0.029324,-0.02554,0.013318,0.4759
1080,5,20,0.058069,0.019986,0.67727,0.029079,-0.026442,0.013195,0.47477
1082,5,20,0.057312,0.020179,0.67655,0.028853,-0.027507,0.013109,0.47354
1084,5,20,0.056531,0.020379,0.67575,0.028644,-0.028718,0.013075,0.47223
1086,5,20,0.055731,0.020585,0.67488,0.028452,-0.030053,0.013099,0.47084
1088,5,20,0.054916,0.020792,0.67394,0.028272,-0.031486,0.013185,0.46938
1090,5,20,0.054091,0.020999,0.67294,0.028102,-0.032993,0.013328,0.46786
1092,5,20,0.053261,0.021202,0.67191,0.027937,-0.034544,0.013519,0.46629
1094,5,20,0.052433,0.021399,0.67085,0.027773,-0.036112,0.013745,0.4647
1096,5,20,0.051612,0.021588,0.66978,0.027608,-0.037668,0.013992,0.46309
1098,5,20,0.050804,0.021765,0.66872,0.02744,-0.039186,0.014246,0.4615
1100,5,20,0.050015,0.02193,0.66768,0.027269,-0.040637,0.014494,0.45992
1102,5,20,0.049252,0.022081,0.66667,0.027095,-0.041999,0.014727,0.45839
1104,5,20,0.048519,0.022217,0.66569,0.026921,-0.043246,0.014936,0.45691
1106,5,20,0.047823,0.022336,0.66476,0.026748,-0.044358,0.015116,0.4555
1108,5,20,0.047168,0.022439,0.66387,0.026581,-0.045317,0.015265,0.45415
1110,5,20,0.046561,0.022525,0.66303,0.026421,-0.046109,0.015381,0.45288
1112,5,20,0.046005,0.022594,0.66224,0.026272,-0.046721,0.015465,0.45167
1114,5,20,0.045504,0.022649,0.66148,0.026137,-0.047147,0.015519,0.45054
1116,5,20,0.045061,0.022689,0.66076,0.026017,-0.047386,0.015545,0.44946
1118,5,20,0.044681,0.022717,0.66006,0.025914,-0.047442,0.015545,0.44843
1120,5,20,0.044363,0.022734,0.65936,0.025829,-0.047321,0.015524,0.44743
1122,5,20,0.044112,0.022744,0.65865,0.025762,-0.047039,0.015486,0.44643
1124,5,20,0.043926,0.022748,0.65792,0.025715,-0.046613,0.015435,0.44543
1126,5,20,0.043807,0.022749,0.65715,0.025687,-0.046064,0.015376,0.44439
1128,5,20,0.043753,0.022751,0.65632,0.02568,-0.045419,0.015314,0.44329
1130,5,20,0.043764,0.022756,0.65542,0.025693,-0.044702,0.015255,0.44212
1132,5,20,0.043838,0.022767,0.65442,0.025727,-0.043943,0.015204,0.44085
1134,5,20,0.043973,0.022787,0.65333,0.025782,-0.043168,0.015166,0.43946
1136,5,20,0.044165,0.022819,0.65211,0.025858,-0.042404,0.015147,0.43796
1138,5,20,0.044411,0.022864,0.65078,0.025954,-0.041674,0.015151,0.43632
1140,5,20,0.044706,0.022923,0.64933,0.02607,-0.040999,0.015184,0.43454
1142,5,20,0.045047,0.022998,0.64775,0.026205,-0.040394,0.015248,0.43263
1144,5,20,0.045429,0.023089,0.64606,0.026357,-0.03987,0.015348,0.43059
1146,5,20,0.045845,0.023195,0.64427,0.026525,-0.039434,0.015485,0.42845
1148,5,20,0.046291,0.023315,0.64238,0.026706,-0.039086,0.015661,0.42621
1150,5,20,0.046761,0.023447,0.64043,0.026897,-0.038821,0.015875,0.4239
1152,5,20,0.047248,0.023589,0.63843,0.027095,-0.038629,0.016125,0.42154
1154,5,20,0.047748,0.023736,0.63641,0.027297,-0.038496,0.01641,0.41918
1156,5,20,0.048253,0.023885,0.6344,0.027498,-0.038403,0.016724,0.41683
1158,5,20,0.048758,0.024033,0.63243,0.027695,-0.03833,0.017062,0.41454
1160,5,20,0.049258,0.024175,0.63053,0.027883,-0.038252,0.017416,0.41235
1162,5,20,0.049745,0.024306,0.62874,0.028059,-0.038148,0.01778,0.41027
1164,5,20,0.050216,0.024422,0.62707,0.028217,-0.037994,0.018143,0.40834
1166,5,20,0.050665,0.024519,0.62556,0.028353,-0.03777,0.018498,0.4066
1168,5,20,0.051086,0.024592,0.62423,0.028462,-0.037458,0.018834,0.40505
1170,5,20,0.051476,0.024638,0.6231,0.02854,-0.037045,0.019145,0.40373
1172,5,20,0.051831,0.024654,0.62218,0.028584,-0.036522,0.019422,0.40263
1174,5,20,0.052146,0.024635,0.62148,0.028589,-0.035885,0.01966,0.40177
1176,5,20,0.052419,0.02458,0.621,0.028554,-0.035136,0.019856,0.40113
1178,5,20,0.052646,0.024488,0.62074,0.028477,-0.034282,0.020009,0.40073
1180,5,20,0.052827,0.024356,0.62068,0.028357,-0.033336,0.020119,0.40052
1182,5,20,0.052958,0.024185,0.62081,0.028197,-0.032315,0.02019,0.40051
1184,5,20,0.053038,0.023974,0.6211,0.027998,-0.031242,0.020226,0.40066
1186,5,20,0.053068,0.023724,0.62152,0.027765,-0.030141,0.020234,0.40093
1188,5,20,0.053046,0.023438,0.62204,0.027504,-0.029042,0.02022,0.40131
1190,5,20,0.052974,0.023116,0.62263,0.027219,-0.027973,0.02019,0.40174
1192,5,20,0.05285,0.022763,0.62324,0.02692,-0.026966,0.020148,0.4022
1194,5,20,0.052678,0.02238,0.62386,0.026613,-0.026049,0.020098,0.40265
1196,5,20,0.052458,0.021972,0.62443,0.026307,-0.025249,0.020041,0.40306
1198,5,20,0.052191,0.021543,0.62493,0.02601,-0.024593,0.019976,0.40339
1200,5,20,0.051882,0.021097,0.62534,0.025729,-0.024099,0.019899,0.40362
1202,5,20,0.051531,0.02064,0.62562,0.025472,-0.023784,0.019807,0.40373
1204,5,20,0.051142,0.020175,0.62576,0.025247,-0.023657,0.019694,0.40369
1206,5,20,0.050717,0.019708,0.62575,0.025059,-0.023724,0.019554,0.4035
1208,5,20,0.050261,0.019244,0.62559,0.024914,-0.023981,0.019381,0.40315
1210,5,20,0.049776,0.018786,0.62525,0.024816,-0.024419,0.01917,0.40264
1212,5,20,0.049267,0.01834,0.62476,0.024768,-0.025024,0.018919,0.40198
1214,5,20,0.048735,0.017909,0.62411,0.024772,-0.025774,0.018626,0.40118
1216,5,20,0.048186,0.017497,0.62332,0.024829,-0.026643,0.018293,0.40025
1218,5,20,0.047623,0.017106,0.62241,0.024938,-0.0276,0.017921,0.39921
1220,5,20,0.047049,0.016737,0.62139,0.025095,-0.02861,0.017517,0.39809
1222,5,20,0.046469,0.016394,0.62028,0.025296,-0.029638,0.017085,0.39691
1224,5,20,0.045884,0.016077,0.61912,0.025535,-0.030646,0.016632,0.3957
1226,5,20,0.045299,0.015786,0.61792,0.025806,-0.031597,0.016165,0.39447
1228,5,20,0.044716,0.015521,0.6167,0.026099,-0.032457,0.01569,0.39327
1230,5,20,0.044139,0.015283,0.61551,0.026406,-0.033194,0.015212,0.3921
1232,5,20,0.043571,0.01507,0.61435,0.026718,-0.03378,0.014733,0.39099
1234,5,20,0.043013,0.014884,0.61325,0.027026,-0.034194,0.014255,0.38995
1236,5,20,0.042467,0.014724,0.61223,0.02732,-0.03442,0.013779,0.389
1238,5,20,0.041937,0.014589,0.6113,0.027594,-0.03445,0.013305,0.38815
1240,5,20,0.041423,0.014481,0.61048,0.027842,-0.03428,0.012834,0.38741
1242,5,20,0.040926,0.0144,0.60977,0.028056,-0.033917,0.012368,0.38677
1244,5,20,0.040449,0.014348,0.60918,0.028235,-0.033371,0.011913,0.38625
1246,5,20,0.039992,0.014325,0.60871,0.028374,-0.03266,0.011477,0.38582
1248,5,20,0.039555,0.014333,0.60836,0.028472,-0.031808,0.011073,0.3855
1250,5,20,0.039138,0.014374,0.60812,0.028529,-0.030841,0.010718,0.38527
1252,5,20,0.038742,0.014447,0.60798,0.028546,-0.02979,0.010432,0.38512
1254,5,20,0.038367,0.014555,0.60794,0.028525,-0.028689,0.010233,0.38505
1256,5,20,0.038011,0.014695,0.60799,0.02847,-0.02757,0.010137,0.38505
1258,5,20,0.037675,0.014869,0.60812,0.028386,-0.026469,0.010155,0.38512
1260,5,20,0.037358,0.015073,0.60831,0.028279,-0.025416,0.010286,0.38523
1262,5,20,0.037057,0.015306,0.60855,0.028158,-0.02444,0.010521,0.3854
1264,5,20,0.036773,0.015564,0.60884,0.02803,-0.023565,0.010842,0.38562
1266,5,20,0.036503,0.015842,0.60917,0.027906,-0.022809,0.011227,0.38588
1268,5,20,0.036246,0.016136,0.60952,0.027793,-0.022183,0.011648,0.38619
1270,5,20,0.036001,0.016439,0.60989,0.027702,-0.021691,0.012084,0.38655
1272,5,20,0.035766,0.016747,0.61028,0.027641,-0.021326,0.012511,0.38696
1274,5,20,0.035539,0.017052,0.61068,0.027615,-0.021076,0.012912,0.38742
1276,5,20,0.035318,0.01735,0.61109,0.027629,-0.020919,0.013276,0.38794
1278,5,20,0.035102,0.017632,0.61152,0.027686,-0.020827,0.013595,0.38852
1280,5,20,0.034888,0.017895,0.61196,0.027786,-0.020767,0.013868,0.38917
1282,5,20,0.034675,0.018132,0.61243,0.027926,-0.0207,0.014095,0.38989
1284,5,20,0.034462,0.018338,0.61292,0.028102,-0.020588,0.014282,0.39067
1286,5,20,0.034246,0.018509,0.61343,0.028308,-0.020391,0.01444,0.39153
1288,5,20,0.034027,0.018642,0.61398,0.028539,-0.020073,0.014576,0.39245
1290,5,20,0.033802,0.018732,0.61457,0.028786,-0.019601,0.014704,0.39344
1292,5,20,0.033571,0.018778,0.61519,0.029042,-0.018949,0.014833,0.39449
1294,5,20,0.033332,0.018779,0.61585,0.029302,-0.018095,0.014973,0.39559
1296,5,20,0.033085,0.018733,0.61655,0.02956,-0.017029,0.01513,0.39674
1298,5,20,0.032829,0.018641,0.61728,0.029811,-0.015746,0.015309,0.39792
1300,5,20,0.032562,0.018504,0.61804,0.030052,-0.01425,0.015509,0.39914
1302,5,20,0.032285,0.018322,0.61883,0.030281,-0.012553,0.015727,0.40037
1304,5,20,0.031998,0.0181,0.61962,0.030494,-0.010675,0.015957,0.4016
1306,5,20,0.0317,0.01784,0.62043,0.030692,-0.0086395,0.016191,0.40283
1308,5,20,0.031391,0.017546,0.62123,0.030874,-0.0064776,0.01642,0.40404
1310,5,20,0.031072,0.017223,0.62203,0.031039,-0.0042228,0.016635,0.40522
1312,5,20,0.030743,0.016876,0.62281,0.031188,-0.0019115,0.016828,0.40637
1314,5,20,0.030404,0.016511,0.62356,0.031321,0.00041805,0.016992,0.40747
1316,5,20,0.030057,0.016134,0.62429,0.031438,0.002727,0.017126,0.40852
1318,5,20,0.029703,0.015752,0.62498,0.031542,0.0049764,0.017228,0.4095
1320,5,20,0.029342,0.015372,0.62562,0.031634,0.0071286,0.017301,0.41042
1322,5,20,0.028975,0.015001,0.62622,0.031716,0.0091471,0.017351,0.41126
1324,5,20,0.028604,0.014645,0.62676,0.031793,0.010998,0.017385,0.41203
1326,5,20,0.028231,0.014312,0.62723,0.031867,0.012652,0.017411,0.41272
1328,5,20,0.027855,0.014009,0.62764,0.031943,0.01408,0.017437,0.41332
1330,5,20,0.02748,0.01374,0.62798,0.032023,0.015261,0.017468,0.41384
1332,5,20,0.027106,0.013512,0.62824,0.032111,0.016177,0.017508,0.41427
1334,5,20,0.026735,0.013329,0.62842,0.032209,0.016815,0.017556,0.41462
1336,5,20,0.026368,0.013193,0.62851,0.032321,0.01717,0.01761,0.41487
1338,5,20,0.026007,0.013107,0.62852,0.032445,0.017241,0.017664,0.41504
1340,5,20,0.025653,0.013072,0.62846,0.032583,0.017033,0.01771,0.41513
1342,5,20,0.025308,0.013087,0.62831,0.032733,0.016557,0.017738,0.41513
1344,5,20,0.024972,0.013152,0.62809,0.032892,0.01583,0.017739,0.41505
1346,5,20,0.024646,0.013265,0.6278,0.033057,0.014875,0.017704,0.41489
1348,5,20,0.024332,0.013422,0.62745,0.033224,0.013718,0.017626,0.41466
1350,5,20,0.024031,0.013621,0.62705,0.033387,0.012388,0.017502,0.41437
1352,5,20,0.023744,0.013858,0.62661,0.033541,0.010921,0.017329,0.41402
1354,5,20,0.02347,0.014129,0.62616,0.03368,0.0093497,0.017109,0.41362
1356,5,20,0.023211,0.014432,0.62569,0.033797,0.0077102,0.016846,0.41319
1358,5,20,0.022966,0.014761,0.62523,0.033886,0.0060372,0.016547,0.41273
1360,5,20,0.022737,0.015113,0.62479,0.033942,0.0043634,0.016219,0.41225
1362,5,20,0.022522,0.015486,0.62438,0.033961,0.002719,0.015875,0.41177
1364,5,20,0.022323,0.015874,0.62403,0.033938,0.0011306,0.015525,0.41129
1366,5,20,0.022138,0.016276,0.62373,0.03387,-0.00037927,0.015182,0.41084
1368,5,20,0.021968,0.016686,0.62351,0.033755,-0.0017927,0.014859,0.41041
1370,5,20,0.021812,0.017103,0.62336,0.033591,-0.0030965,0.014566,0.41002
1372,5,20,0.02167,0.017522,0.6233,0.033378,-0.004282,0.014314,0.40967
1374,5,20,0.02154,0.01794,0.62332,0.033117,-0.0053455,0.014112,0.40936
1376,5,20,0.021423,0.018354,0.62342,0.032809,-0.0062876,0.013965,0.40911
1378,5,20,0.021318,0.018761,0.6236,0.032456,-0.0071131,0.013878,0.40889
1380,5,20,0.021223,0.019158,0.62385,0.032061,-0.0078305,0.013851,0.40872
1382,5,20,0.021139,0.019541,0.62416,0.031628,-0.0084518,0.01388,0.40858
1384,5,20,0.021064,0.019908,0.62451,0.031163,-0.0089913,0.01396,0.40846
1386,5,20,0.020999,0.020257,0.62488,0.030669,-0.0094659,0.014085,0.40835
1388,5,20,0.020941,0.020585,0.62526,0.030155,-0.0098934,0.014246,0.40822
1390,5,20,0.020892,0.020891,0.62561,0.029626,-0.010293,0.014433,0.40807
1392,5,20,0.020849,0.021172,0.62593,0.029091,-0.010682,0.014639,0.40786
1394,5,20,0.020814,0.021428,0.62617,0.028555,-0.011079,0.014855,0.40759
1396,5,20,0.020786,0.021658,0.62633,0.028028,-0.011501,0.015074,0.40722
1398,5,20,0.020765,0.021862,0.62638,0.027516,-0.011961,0.015292,0.40674
1400,5,20,0.02075,0.022038,0.62629,0.027026,-0.012472,0.015505,0.40612
1402,5,20,0.020743,0.022189,0.62606,0.026563,-0.013043,0.01571,0.40536
1404,5,20,0.020744,0.022313,0.62566,0.026132,-0.013679,0.015906,0.40443
1406,5,20,0.020752,0.022412,0.62509,0.025737,-0.014385,0.016094,0.40332
1408,5,20,0.02077,0.022487,0.62434,0.025378,-0.015162,0.016273,0.40204
1410,5,20,0.020797,0.022538,0.62341,0.025058,-0.016006,0.016446,0.40058
1412,5,20,0.020836,0.022568,0.62231,0.024776,-0.016912,0.016612,0.39893
1414,5,20,0.020886,0.022577,0.62103,0.024531,-0.017875,0.016775,0.39712
1416,5,20,0.02095,0.022566,0.6196,0.024319,-0.018882,0.016934,0.39514
1418,5,20,0.021029,0.022537,0.61802,0.024139,-0.019924,0.01709,0.39302
1420,5,20,0.021124,0.022491,0.61632,0.023987,-0.020985,0.017244,0.39079
1422,5,20,0.021237,0.022427,0.61452,0.02386,-0.022049,0.017396,0.38846
1424,5,20,0.02137,0.022348,0.61265,0.023754,-0.023101,0.017543,0.38606
1426,5,20,0.021523,0.022252,0.61072,0.023667,-0.024121,0.017685,0.38363
1428,5,20,0.021699,0.022141,0.60878,0.023595,-0.025091,0.017818,0.38119
1430,5,20,0.021899,0.022015,0.60685,0.023537,-0.02599,0.01794,0.37879
1432,5,20,0.022125,0.021874,0.60496,0.02349,-0.026801,0.018045,0.37646
1434,5,20,0.022378,0.021717,0.60315,0.023451,-0.027505,0.018129,0.37424
1436,5,20,0.022659,0.021544,0.60144,0.02342,-0.028085,0.018188,0.37215
1438,5,20,0.022968,0.021356,0.59985,0.023396,-0.028528,0.018217,0.37022
1440,5,20,0.023308,0.021153,0.59843,0.023377,-0.028821,0.018212,0.3685
1442,5,20,0.023678,0.020936,0.59719,0.023363,-0.028958,0.01817,0.367
1444,5,20,0.024078,0.020705,0.59614,0.023354,-0.028935,0.018088,0.36575
1446,5,20,0.024509,0.020462,0.59531,0.02335,-0.028755,0.017967,0.36475
1448,5,20,0.02497,0.020209,0.5947,0.023351,-0.028423,0.017807,0.36403
1450,5,20,0.025461,0.019949,0.59433,0.02336,-0.027953,0.01761,0.3636
1452,5,20,0.02598,0.019683,0.59419,0.023377,-0.027359,0.017379,0.36345
1454,5,20,0.026526,0.019416,0.59428,0.023402,-0.026663,0.01712,0.36358
1456,5,20,0.027097,0.019153,0.5946,0.023438,-0.025889,0.016839,0.36399
1458,5,20,0.027691,0.018897,0.59513,0.023484,-0.025061,0.016543,0.36465
1460,5,20,0.028306,0.018655,0.59585,0.023539,-0.024209,0.016239,0.36557
1462,5,20,0.028939,0.01843,0.59676,0.023602,-0.023358,0.015939,0.3667
1464,5,20,0.029586,0.018229,0.59782,0.023672,-0.022535,0.01565,0.36803
1466,5,20,0.030243,0.018057,0.59902,0.023745,-0.021765,0.015382,0.36953
1468,5,20,0.030909,0.017918,0.60032,0.023817,-0.021071,0.015145,0.37116
1470,5,20,0.031577,0.017817,0.60171,0.023887,-0.020474,0.014945,0.3729
1472,5,20,0.032243,0.017757,0.60315,0.023949,-0.019993,0.014789,0.37469
1474,5,20,0.032904,0.01774,0.60462,0.024002,-0.019642,0.014677,0.37651
1476,5,20,0.033555,0.017768,0.60609,0.024041,-0.019436,0.01461,0.37833
1478,5,20,0.03419,0.017839,0.60753,0.024064,-0.019385,0.014583,0.3801
1480,5,20,0.034805,0.017953,0.60892,0.02407,-0.019495,0.01459,0.38179
1482,5,20,0.035394,0.018106,0.61023,0.024057,-0.01977,0.014626,0.38338
1484,5,20,0.035954,0.018294,0.61144,0.024024,-0.02021,0.014682,0.38483
1486,5,20,0.03648,0.018512,0.61254,0.023972,-0.020811,0.014756,0.38612
1488,5,20,0.036966,0.018755,0.6135,0.0239,-0.021563,0.014844,0.38724
1490,5,20,0.037409,0.019018,0.61432,0.023811,-0.022453,0.01495,0.38816
1492,5,20,0.037804,0.019294,0.61498,0.023706,-0.023463,0.015078,0.38888
1494,5,20,0.038148,0.019578,0.61549,0.023589,-0.02457,0.015238,0.38941
1496,5,20,0.038437,0.019864,0.61585,0.023464,-0.025749,0.01544,0.38973
1498,5,20,0.038668,0.020147,0.61605,0.023332,-0.026972,0.015695,0.38986
1500,5,20,0.038838,0.020423,0.6161,0.0232,-0.028208,0.016011,0.3898
1502,5,20,0.038946,0.020687,0.61601,0.023072,-0.029425,0.016394,0.38959
1504,5,20,0.03899,0.020937,0.61581,0.022952,-0.030593,0.016845,0.38923
1506,5,20,0.038969,0.021169,0.61549,0.022843,-0.031681,0.01736,0.38874
1508,5,20,0.038882,0.021383,0.61508,0.02275,-0.032662,0.017929,0.38816
1510,5,20,0.038729,0.021575,0.61461,0.022677,-0.033512,0.018537,0.38751
1512,5,20,0.038512,0.021747,0.61407,0.022626,-0.034208,0.019169,0.38681
1514,5,20,0.038231,0.021897,0.6135,0.022599,-0.034737,0.019806,0.38609
1516,5,20,0.037889,0.022026,0.61292,0.022598,-0.035086,0.020428,0.38537
1518,5,20,0.037488,0.022135,0.61233,0.022625,-0.035251,0.021019,0.38467
1520,5,20,0.03703,0.022226,0.61175,0.02268,-0.035231,0.021562,0.38402
1522,5,20,0.03652,0.022298,0.6112,0.022764,-0.03503,0.022045,0.38341
1524,5,20,0.035962,0.022355,0.61068,0.022874,-0.034659,0.022456,0.38288
1526,5,20,0.03536,0.022397,0.61021,0.023009,-0.034131,0.022788,0.38241
1528,5,20,0.03472,0.022428,0.60977,0.023167,-0.033463,0.023036,0.38202
1530,5,20,0.034045,0.022447,0.60938,0.023343,-0.032677,0.023199,0.3817
1532,5,20,0.033343,0.022458,0.60904,0.023533,-0.031795,0.023279,0.38145
1534,5,20,0.03262,0.022462,0.60874,0.023733,-0.030841,0.023278,0.38127
1536,5,20,0.03188,0.02246,0.60849,0.023934,-0.029843,0.023201,0.38114
1538,5,20,0.031132,0.022454,0.60827,0.024133,-0.028825,0.023057,0.38106
1540,5,20,0.03038,0.022444,0.6081,0.02432,-0.027813,0.022853,0.38102
1542,5,20,0.029631,0.022432,0.60796,0.024491,-0.026833,0.022599,0.38101
1544,5,20,0.028892,0.022417,0.60786,0.024638,-0.025907,0.022302,0.38102
1546,5,20,0.028168,0.022402,0.60779,0.024754,-0.025054,0.021972,0.38106
1548,5,20,0.027466,0.022385,0.60777,0.024835,-0.024292,0.021616,0.3811
1550,5,20,0.026792,0.022366,0.60779,0.024875,-0.023633,0.021241,0.38117
1552,5,20,0.026149,0.022347,0.60787,0.024869,-0.023084,0.020851,0.38126
1554,5,20,0.025545,0.022325,0.60801,0.024813,-0.022649,0.02045,0.38137
1556,5,20,0.024981,0.022302,0.60822,0.024706,-0.022324,0.020042,0.38153
1558,5,20,0.024464,0.022277,0.60851,0.024545,-0.022103,0.01963,0.38173
1560,5,20,0.023996,0.022249,0.60889,0.024332,-0.021973,0.019217,0.382
1562,5,20,0.02358,0.022217,0.60938,0.02407,-0.021919,0.018806,0.38235
1564,5,20,0.023219,0.022182,0.60997,0.023763,-0.021923,0.018404,0.38279
1566,5,20,0.022913,0.022142,0.61068,0.023418,-0.021962,0.018016,0.38335
1568,5,20,0.022664,0.022097,0.61151,0.023045,-0.022015,0.01765,0.38403
1570,5,20,0.022473,0.022046,0.61245,0.022654,-0.022059,0.017314,0.38484
1572,5,20,0.022338,0.02199,0.6135,0.022258,-0.022071,0.017015,0.3858
1574,5,20,0.02226,0.021926,0.61466,0.021869,-0.02203,0.01676,0.38689
1576,5,20,0.022236,0.021855,0.61591,0.021501,-0.021917,0.016554,0.38813
1578,5,20,0.022264,0.021776,0.61724,0.021164,-0.021714,0.016398,0.38949
1580,5,20,0.022342,0.021688,0.61863,0.020869,-0.021409,0.016291,0.39097
1582,5,20,0.022465,0.021591,0.62005,0.020625,-0.020992,0.016229,0.39255
1584,5,20,0.022632,0.021485,0.6215,0.020438,-0.020457,0.016205,0.39419
1586,5,20,0.022836,0.02137,0.62293,0.020312,-0.019803,0.016212,0.39588
1588,5,20,0.023075,0.021245,0.62432,0.020246,-0.019033,0.01624,0.39757
1590,5,20,0.023342,0.02111,0.62565,0.020239,-0.018156,0.016281,0.39922
1592,5,20,0.023633,0.020967,0.62688,0.020287,-0.017184,0.016328,0.4008
1594,5,20,0.023943,0.020814,0.62799,0.020384,-0.016133,0.016372,0.40227
1596,5,20,0.024266,0.020654,0.62895,0.020525,-0.015024,0.016409,0.40358
1598,5,20,0.024596,0.020487,0.62973,0.020702,-0.01388,0.016433,0.4047
1600,5,20,0.024929,0.020315,0.63031,0.020906,-0.012727,0.016441,0.40559
1602,5,20,0.02526,0.020138,0.63067,0.021132,-0.011593,0.016429,0.40623
1604,5,20,0.025582,0.01996,0.63079,0.021371,-0.010505,0.016394,0.40658
1606,5,20,0.025892,0.019781,0.63067,0.021616,-0.0094932,0.016333,0.40663
1608,5,20,0.026185,0.019605,0.63031,0.021862,-0.0085835,0.016245,0.40637
1610,5,20,0.026457,0.019435,0.62969,0.022102,-0.0078018,0.016129,0.4058
1612,5,20,0.026704,0.019272,0.62884,0.02233,-0.0071707,0.015985,0.40492
1614,5,20,0.026923,0.019119,0.62776,0.022544,-0.0067091,0.015813,0.40374
1616,5,20,0.027111,0.01898,0.62647,0.022738,-0.0064315,0.015617,0.40229
1618,5,20,0.027267,0.018856,0.625,0.022912,-0.0063474,0.015402,0.4006
1620,5,20,0.027388,0.018751,0.62338,0.023063,-0.006461,0.015175,0.3987
1622,5,20,0.027475,0.018666,0.62162,0.023191,-0.0067712,0.014946,0.39664
1624,5,20,0.027527,0.018603,0.61979,0.023297,-0.0072711,0.014725,0.39445
1626,5,20,0.027544,0.018564,0.6179,0.023382,-0.0079493,0.014524,0.39218
1628,5,20,0.027527,0.018549,0.616,0.02345,-0.0087894,0.014354,0.3899
1630,5,20,0.027479,0.018559,0.61412,0.023503,-0.0097713,0.014223,0.38764
1632,5,20,0.027402,0.018593,0.61231,0.023546,-0.010872,0.014137,0.38546
1634,5,20,0.027297,0.01865,0.6106,0.023584,-0.012065,0.014098,0.3834
1636,5,20,0.02717,0.01873,0.60902,0.023619,-0.013324,0.014104,0.3815
1638,5,20,0.027023,0.01883,0.6076,0.023656,-0.014619,0.01415,0.37981
1640,5,20,0.026861,0.018949,0.60638,0.023698,-0.015924,0.014225,0.37837
1642,5,20,0.026689,0.019084,0.60537,0.023747,-0.017208,0.014318,0.37718
1644,5,20,0.026513,0.019232,0.60458,0.023806,-0.018447,0.014419,0.37628
1646,5,20,0.026336,0.019391,0.60403,0.023875,-0.019615,0.014518,0.37568
1648,5,20,0.026165,0.019558,0.60373,0.023954,-0.020689,0.014604,0.37539
1650,5,20,0.026005,0.01973,0.60367,0.024042,-0.021653,0.014674,0.3754
1652,5,20,0.025863,0.019905,0.60384,0.024137,-0.022493,0.014723,0.37569
1654,5,20,0.025743,0.02008,0.60424,0.024238,-0.023198,0.014751,0.37627
1656,5,20,0.02565,0.020252,0.60485,0.024343,-0.023764,0.014763,0.37711
1658,5,20,0.025591,0.02042,0.60565,0.024449,-0.024194,0.014763,0.37817
1660,5,20,0.02557,0.020581,0.60661,0.024554,-0.024491,0.014759,0.37944
1662,5,20,0.025591,0.020735,0.60772,0.024656,-0.024668,0.014757,0.38087
1664,5,20,0.025659,0.020878,0.60893,0.024753,-0.02474,0.014765,0.38243
1666,5,20,0.025778,0.02101,0.61022,0.024843,-0.024724,0.01479,0.38409
1668,5,20,0.025949,0.021129,0.61156,0.024923,-0.024642,0.014836,0.38581
1670,5,20,0.026177,0.021235,0.61293,0.02499,-0.024518,0.014904,0.38755
1672,5,20,0.026463,0.021326,0.6143,0.025042,-0.024374,0.014995,0.38927
1674,5,20,0.026807,0.021401,0.61564,0.025076,-0.024234,0.015106,0.39095
1676,5,20,0.027211,0.021459,0.61693,0.025088,-0.024119,0.015232,0.39256
1678,5,20,0.027675,0.0215,0.61816,0.025076,-0.024049,0.015369,0.39407
1680,5,20,0.028196,0.021523,0.61931,0.025034,-0.024039,0.015509,0.39545
1682,5,20,0.028774,0.021527,0.62037,0.02496,-0.024101,0.015648,0.3967
1684,5,20,0.029406,0.021512,0.62134,0.024849,-0.024241,0.015782,0.39779
1686,5,20,0.030089,0.021476,0.6222,0.024698,-0.024462,0.015909,0.39873
1688,5,20,0.03082,0.02142,0.62297,0.024505,-0.024763,0.016026,0.3995
1690,5,20,0.031593,0.021342,0.62363,0.02427,-0.025136,0.016136,0.40011
1692,5,20,0.032405,0.021242,0.62419,0.023991,-0.025574,0.016241,0.40055
1694,5,20,0.033248,0.02112,0.62465,0.023673,-0.026064,0.016343,0.40084
1696,5,20,0.034119,0.020976,0.62502,0.023318,-0.026592,0.016447,0.40098
1698,5,20,0.03501,0.020809,0.62529,0.022934,-0.027144,0.016558,0.40098
1700,5,20,0.035914,0.020619,0.62546,0.02253,-0.027704,0.016677,0.40085
1702,5,20,0.036825,0.020407,0.62555,0.022115,-0.028258,0.016809,0.40061
1704,5,20,0.037736,0.020172,0.62555,0.021701,-0.028792,0.016952,0.40026
1706,5,20,0.038639,0.019917,0.62545,0.021301,-0.029293,0.017107,0.39981
1708,5,20,0.039528,0.01964,0.62527,0.020927,-0.029747,0.017271,0.39928
1710,5,20,0.040396,0.019344,0.62499,0.020591,-0.030145,0.017439,0.39867
1712,5,20,0.041236,0.019031,0.62463,0.020304,-0.030475,0.017606,0.39799
1714,5,20,0.042042,0.018701,0.62417,0.020072,-0.030729,0.017766,0.39724
1716,5,20,0.042807,0.018357,0.62363,0.019899,-0.030898,0.017914,0.39644
1718,5,20,0.043526,0.018002,0.623,0.019787,-0.030975,0.018044,0.39557
1720,5,20,0.044194,0.017639,0.62228,0.019733,-0.030952,0.01815,0.39464
1722,5,20,0.044806,0.01727,0.62149,0.019731,-0.030826,0.018227,0.39365
1724,5,20,0.045358,0.016899,0.62062,0.019774,-0.030594,0.018272,0.3926
1726,5,20,0.045847,0.016531,0.61967,0.019853,-0.030254,0.018282,0.39148
1728,5,20,0.04627,0.016169,0.61866,0.019957,-0.029809,0.018255,0.39031
1730,5,20,0.046627,0.015817,0.61759,0.020078,-0.029263,0.018189,0.38908
1732,5,20,0.046915,0.015481,0.61647,0.020208,-0.028624,0.018084,0.3878
1734,5,20,0.047135,0.015165,0.6153,0.020341,-0.027902,0.017939,0.38646
1736,5,20,0.047287,0.014872,0.6141,0.02047,-0.027111,0.017757,0.38508
1738,5,20,0.047373,0.014609,0.61287,0.020594,-0.026264,0.017538,0.38367
1740,5,20,0.047394,0.014377,0.61163,0.020708,-0.025377,0.017285,0.38224
1742,5,20,0.047355,0.01418,0.61039,0.020814,-0.024466,0.017002,0.3808
1744,5,20,0.047257,0.01402,0.60916,0.02091,-0.023544,0.016693,0.37939
1746,5,20,0.047107,0.0139,0.60797,0.020999,-0.022627,0.016365,0.37801
1748,5,20,0.046908,0.013819,0.60683,0.021081,-0.021724,0.016024,0.37669
1750,5,20,0.046666,0.013776,0.60577,0.021159,-0.020844,0.015677,0.37546
1752,5,20,0.046388,0.01377,0.60479,0.021234,-0.019993,0.015332,0.37434
1754,5,20,0.046079,0.013797,0.60393,0.02131,-0.019174,0.014999,0.37336
1756,5,20,0.045745,0.013856,0.6032,0.021389,-0.018386,0.014687,0.37254
1758,5,20,0.045395,0.01394,0.60262,0.021474,-0.017629,0.014407,0.37191
1760,5,20,0.045035,0.014046,0.60221,0.021565,-0.016898,0.014166,0.3715
1762,5,20,0.044671,0.014168,0.602,0.021665,-0.01619,0.013976,0.37132
1764,5,20,0.044312,0.014302,0.60198,0.021775,-0.015499,0.013842,0.37139
1766,5,20,0.043965,0.014442,0.60217,0.021894,-0.014823,0.013771,0.37172
1768,5,20,0.043635,0.014585,0.60258,0.022021,-0.014159,0.013766,0.37232
1770,5,20,0.04333,0.014725,0.60322,0.022154,-0.013506,0.013825,0.3732
1772,5,20,0.043055,0.014859,0.60409,0.02229,-0.012865,0.013947,0.37436
1774,5,20,0.042817,0.014985,0.60517,0.022426,-0.012239,0.014126,0.37579
1776,5,20,0.042621,0.015101,0.60647,0.022559,-0.011633,0.014354,0.37747
1778,5,20,0.042471,0.015203,0.60796,0.022685,-0.011052,0.014622,0.3794
1780,5,20,0.042371,0.015293,0.60964,0.022802,-0.010504,0.01492,0.38154
1782,5,20,0.042324,0.01537,0.61148,0.022907,-0.009994,0.015239,0.38388
1784,5,20,0.042334,0.015434,0.61346,0.023001,-0.0095302,0.015569,0.38638
1786,5,20,0.042402,0.015489,0.61554,0.023082,-0.0091187,0.015903,0.38901
1788,5,20,0.04253,0.015535,0.61769,0.023153,-0.0087647,0.016234,0.39173
1790,5,20,0.042717,0.015576,0.61988,0.023216,-0.0084721,0.016557,0.3945
1792,5,20,0.042963,0.015616,0.62208,0.023272,-0.0082437,0.016867,0.39727
1794,5,20,0.043267,0.015659,0.62424,0.023324,-0.0080806,0.017163,0.40001
1796,5,20,0.043627,0.015709,0.62633,0.023373,-0.0079826,0.017442,0.40267
1798,5,20,0.044041,0.015771,0.62832,0.023422,-0.0079477,0.017705,0.4052
1800,5,20,0.044505,0.015848,0.63016,0.023472,-0.0079728,0.017953,0.40757
1802,5,20,0.045015,0.015946,0.63183,0.023521,-0.0080531,0.018186,0.40973
1804,5,20,0.045566,0.016068,0.63331,0.02357,-0.0081828,0.018406,0.41164
1806,5,20,0.046153,0.016217,0.63456,0.023616,-0.0083544,0.018616,0.41327
1808,5,20,0.046772,0.016395,0.63557,0.023658,-0.0085596,0.018818,0.41458
1810,5,20,0.047414,0.016603,0.63632,0.023694,-0.0087892,0.019013,0.41556
1812,5,20,0.048076,0.016842,0.63679,0.023721,-0.009033,0.0192,0.41619
1814,5,20,0.048748,0.017111,0.63697,0.023736,-0.0092809,0.01938,0.41644
1816,5,20,0.049426,0.017408,0.63688,0.023738,-0.0095227,0.01955,0.41632
1818,5,20,0.050101,0.017731,0.6365,0.023726,-0.0097487,0.019707,0.41582
1820,5,20,0.050768,0.018075,0.63584,0.023698,-0.0099501,0.019844,0.41496
1822,5,20,0.051418,0.018437,0.63491,0.023653,-0.010119,0.019954,0.41375
1824,5,20,0.052045,0.018812,0.63374,0.023591,-0.010251,0.020031,0.41221
1826,5,20,0.052643,0.019196,0.63235,0.023512,-0.01034,0.020066,0.41037
1828,5,20,0.053205,0.019583,0.63076,0.023416,-0.010384,0.020051,0.40828
1830,5,20,0.053726,0.019969,0.62901,0.023305,-0.010384,0.019977,0.40597
1832,5,20,0.054199,0.020348,0.62713,0.023178,-0.010343,0.019839,0.4035
1834,5,20,0.054619,0.020717,0.62516,0.023038,-0.010263,0.019632,0.40091
1836,5,20,0.054983,0.021071,0.62314,0.022888,-0.010152,0.019354,0.39826
1838,5,20,0.055285,0.021407,0.62112,0.022728,-0.010017,0.019006,0.39561
1840,5,20,0.055523,0.021721,0.61914,0.022564,-0.0098678,0.018589,0.39301
1842,5,20,0.055693,0.022011,0.61723,0.022399,-0.0097152,0.018112,0.39051
1844,5,20,0.055793,0.022274,0.61544,0.022237,-0.0095699,0.017585,0.38816
1846,5,20,0.055822,0.022509,0.61379,0.022083,-0.0094426,0.01702,0.386
1848,5,20,0.055779,0.022715,0.61232,0.021943,-0.0093437,0.016434,0.38408
1850,5,20,0.055663,0.022891,0.61104,0.021819,-0.0092821,0.015847,0.38241
1852,5,20,0.055474,0.023037,0.60996,0.021718,-0.0092652,0.015278,0.38102
1854,5,20,0.055215,0.023153,0.6091,0.02164,-0.0092981,0.014751,0.37991
1856,5,20,0.054885,0.02324,0.60846,0.021589,-0.0093838,0.014285,0.37907
1858,5,20,0.054488,0.0233,0.60801,0.021564,-0.0095225,0.0139,0.37851
1860,5,20,0.054026,0.023333,0.60774,0.021566,-0.0097124,0.013608,0.37819
1862,5,20,0.053503,0.023342,0.60763,0.021591,-0.009949,0.01342,0.37808
1864,5,20,0.052921,0.023328,0.60765,0.021638,-0.010226,0.013335,0.37814
1866,5,20,0.052286,0.023294,0.60776,0.021702,-0.010536,0.013351,0.37832
1868,5,20,0.051601,0.023241,0.60791,0.021782,-0.010869,0.013456,0.37857
1870,5,20,0.050872,0.023172,0.60806,0.021871,-0.011215,0.013635,0.37883
1872,5,20,0.050102,0.023089,0.60818,0.021969,-0.011564,0.013873,0.37905
1874,5,20,0.049298,0.022995,0.60821,0.02207,-0.011903,0.014151,0.37918
1876,5,20,0.048465,0.02289,0.60813,0.022172,-0.012224,0.014454,0.37916
1878,5,20,0.047607,0.022778,0.60788,0.022273,-0.012513,0.014767,0.37894
1880,5,20,0.046731,0.022659,0.60745,0.022372,-0.012762,0.015078,0.3785
1882,5,20,0.045842,0.022536,0.60681,0.022467,-0.01296,0.015376,0.3778
1884,5,20,0.044945,0.02241,0.60594,0.022557,-0.0131,0.015652,0.37683
1886,5,20,0.044044,0.022281,0.60485,0.022642,-0.013174,0.015901,0.37558
1888,5,20,0.043146,0.022152,0.60353,0.022722,-0.013175,0.016117,0.37406
1890,5,20,0.042255,0.022022,0.60201,0.022798,-0.013099,0.016295,0.37229
1892,5,20,0.041375,0.021892,0.60031,0.022871,-0.012943,0.016435,0.37031
1894,5,20,0.04051,0.021763,0.59845,0.022941,-0.012704,0.016533,0.36814
1896,5,20,0.039665,0.021635,0.59649,0.023009,-0.012383,0.01659,0.36586
1898,5,20,0.038842,0.021508,0.59446,0.023078,-0.011982,0.016605,0.36351
1900,5,20,0.038046,0.021382,0.59244,0.023149,-0.011503,0.01658,0.36116
1902,5,20,0.037278,0.021258,0.59046,0.023223,-0.010951,0.016515,0.35889
1904,5,20,0.036541,0.021136,0.58861,0.023301,-0.010333,0.016415,0.35677
1906,5,20,0.035837,0.021015,0.58692,0.023386,-0.0096572,0.01628,0.35487
1908,5,20,0.035168,0.020896,0.58547,0.023478,-0.0089321,0.016117,0.35325
1910,5,20,0.034535,0.020779,0.58432,0.023579,-0.0081682,0.015929,0.35199
1912,5,20,0.033938,0.020665,0.5835,0.023689,-0.0073766,0.015722,0.35113
1914,5,20,0.033379,0.020552,0.58306,0.023808,-0.0065689,0.0155,0.35072
1916,5,20,0.032858,0.020442,0.58303,0.023936,-0.0057569,0.01527,0.35081
1918,5,20,0.032374,0.020335,0.58344,0.024075,-0.0049523,0.015037,0.35141
1920,5,20,0.031927,0.02023,0.58429,0.024222,-0.0041661,0.014808,0.35254
1922,5,20,0.031516,0.020129,0.58558,0.024377,-0.0034086,0.014586,0.3542
1924,5,20,0.031141,0.020032,0.58731,0.02454,-0.0026888,0.014377,0.35638
1926,5,20,0.0308,0.019938,0.58946,0.024709,-0.0020141,0.014185,0.35906
1928,5,20,0.030492,0.019848,0.59198,0.024883,-0.0013905,0.014011,0.36221
1930,5,20,0.030215,0.019762,0.59485,0.02506,-0.00082218,0.013859,0.36578
1932,5,20,0.029968,0.019681,0.59802,0.02524,-0.00031154,0.01373,0.36974
1934,5,20,0.029749,0.019604,0.60145,0.025421,0.0001406,0.013623,0.37402
1936,5,20,0.029556,0.019532,0.60507,0.0256,0.00053491,0.013538,0.37856
1938,5,20,0.029388,0.019464,0.60884,0.025777,0.00087338,0.013474,0.38331
1940,5,20,0.029242,0.019401,0.6127,0.025951,0.001159,0.013429,0.3882
1942,5,20,0.029117,0.019343,0.61661,0.02612,0.0013957,0.013401,0.39317
1944,5,20,0.029011,0.019289,0.62052,0.026283,0.0015877,0.013389,0.39817
1946,5,20,0.028922,0.019239,0.62437,0.026438,0.00174,0.013389,0.40312
1948,5,20,0.028848,0.019193,0.62814,0.026587,0.0018572,0.013399,0.408
1950,5,20,0.028787,0.019152,0.63179,0.026726,0.0019444,0.013418,0.41273
1952,5,20,0.028739,0.019114,0.63529,0.026857,0.002006,0.013443,0.4173
1954,5,20,0.028701,0.019079,0.63861,0.026979,0.0020466,0.013473,0.42165
1956,5,20,0.028672,0.019048,0.64174,0.027092,0.0020702,0.013506,0.42578
1958,5,20,0.02865,0.019019,0.64466,0.027195,0.0020803,0.01354,0.42964
1960,5,20,0.028635,0.018994,0.64737,0.027289,0.0020801,0.013574,0.43324
1962,5,20,0.028626,0.018971,0.64986,0.027375,0.0020724,0.013608,0.43656
1964,5,20,0.028621,0.01895,0.65213,0.027452,0.0020596,0.013641,0.43959
1966,5,20,0.02862,0.018932,0.65419,0.027522,0.0020435,0.013672,0.44235
1968,5,20,0.028621,0.018916,0.65603,0.027583,0.0020257,0.0137,0.44483
1970,5,20,0.028625,0.018901,0.65768,0.027638,0.0020073,0.013727,0.44705
1972,5,20,0.02863,0.018888,0.65913,0.027686,0.0019893,0.013751,0.44902
1974,5,20,0.028636,0.018876,0.66041,0.027728,0.0019723,0.013772,0.45075
1976,5,20,0.028643,0.018866,0.66153,0.027764,0.0019567,0.013791,0.45227
1978,5,20,0.02865,0.018857,0.66249,0.027795,0.0019429,0.013807,0.45358
1980,5,20,0.028657,0.018849,0.66332,0.027822,0.0019308,0.013822,0.45471
1982,5,20,0.028664,0.018843,0.66403,0.027845,0.0019205,0.013834,0.45567
1984,5,20,0.028671,0.018837,0.66463,0.027865,0.001912,0.013844,0.45649
1986,5,20,0.028677,0.018832,0.66513,0.027881,0.001905,0.013853,0.45717
1988,5,20,0.028683,0.018827,0.66555,0.027895,0.0018995,0.01386,0.45774
1990,5,20,0.028688,0.018823,0.6659,0.027906,0.0018952,0.013865,0.45821
1992,5,20,0.028693,0.01882,0.66618,0.027915,0.0018919,0.01387,0.4586
1994,5,20,0.028697,0.018817,0.66641,0.027923,0.0018895,0.013874,0.45892
1996,5,20,0.0287,0.018815,0.6666,0.027929,0.0018879,0.013877,0.45917
1998,5,20,0.028703,0.018813,0.66674,0.027934,0.0018868,0.013879,0.45937
-500,6,20,0.01337,0.022511,1.1463,0.035985,-0.029331,0.02678,1.3387
-498,6,20,0.012775,0.021611,1.0666,0.033548,-0.027677,0.025206,1.159
-496,6,20,0.012206,0.020759,0.98966,0.031164,-0.025928,0.023645,0.99788
-494,6,20,0.011672,0.019961,0.91641,0.02887,-0.024068,0.022093,0.85564
-492,6,20,0.011184,0.019224,0.84773,0.026709,-0.022077,0.020546,0.7322
-490,6,20,0.010752,0.018553,0.78453,0.024742,-0.019949,0.018995,0.62712
-488,6,20,0.010383,0.017952,0.72768,0.023041,-0.017687,0.017441,0.5396
-486,6,20,0.010085,0.017422,0.67795,0.021681,-0.015313,0.015896,0.46854
-484,6,20,0.0098663,0.016964,0.63596,0.020721,-0.012871,0.01439,0.4126
-482,6,20,0.0097314,0.016575,0.60207,0.020174,-0.010416,0.01298,0.37022
-480,6,20,0.0096855,0.016252,0.57632,0.019989,-0.0080139,0.011745,0.33973
-478,6,20,0.0097322,0.015987,0.55832,0.020065,-0.0057282,0.010768,0.31937
-476,6,20,0.009874,0.015774,0.5473,0.02028,-0.0036209,0.01011,0.30735
-474,6,20,0.010112,0.015604,0.54214,0.02053,-0.0017474,0.0097849,0.30193
-472,6,20,0.010446,0.015469,0.54155,0.020745,-0.0001531,0.0097465,0.30145
-470,6,20,0.010875,0.015361,0.54414,0.020886,0.001131,0.0099106,0.30438
-468,6,20,0.011397,0.01527,0.54865,0.02094,0.0020892,0.010187,0.30935
-466,6,20,0.012007,0.015191,0.55397,0.020906,0.0027199,0.010504,0.31519
-464,6,20,0.0127,0.015116,0.5592,0.02079,0.0030326,0.01081,0.32092
-462,6,20,0.013472,0.01504,0.56367,0.020601,0.0030441,0.011078,0.32579
-460,6,20,0.014313,0.014958,0.56691,0.020347,0.002776,0.011294,0.32925
-458,6,20,0.015217,0.014869,0.56864,0.020039,0.0022523,0.011453,0.33098
-456,6,20,0.016174,0.014769,0.56874,0.019686,0.0014986,0.011559,0.33083
-454,6,20,0.017175,0.014659,0.56721,0.0193,0.00054214,0.011618,0.3288
-452,6,20,0.018208,0.014539,0.56417,0.018894,-0.00058842,0.011638,0.32507
-450,6,20,0.019264,0.014409,0.55984,0.018484,-0.0018619,0.011627,0.31991
-448,6,20,0.020331,0.014273,0.55447,0.018084,-0.0032439,0.011589,0.31366
-446,6,20,0.021397,0.014132,0.5484,0.017711,-0.0046967,0.011529,0.30671
-444,6,20,0.02245,0.01399,0.54198,0.017378,-0.0061787,0.011444,0.29948
-442,6,20,0.023479,0.013851,0.53555,0.017097,-0.007645,0.011331,0.29237
-440,6,20,0.024473,0.013718,0.52946,0.016875,-0.0090488,0.011183,0.28574
-438,6,20,0.02542,0.013596,0.52403,0.016711,-0.010344,0.010993,0.27992
-436,6,20,0.026309,0.013488,0.51952,0.016602,-0.011486,0.010753,0.27514
-434,6,20,0.02713,0.013398,0.51612,0.016537,-0.012438,0.010459,0.27157
-432,6,20,0.027874,0.01333,0.51394,0.016502,-0.013173,0.010111,0.26931
-430,6,20,0.028532,0.013285,0.51303,0.016482,-0.013678,0.0097136,0.26836
-428,6,20,0.029097,0.013267,0.51332,0.016464,-0.013954,0.0092813,0.26865
-426,6,20,0.029562,0.013276,0.5147,0.01644,-0.014017,0.0088346,0.27005
-424,6,20,0.029922,0.013312,0.51696,0.016405,-0.013899,0.008401,0.27237
-422,6,20,0.030171,0.013376,0.5199,0.016359,-0.013641,0.0080121,0.27538
-420,6,20,0.030308,0.013466,0.52324,0.016306,-0.013289,0.0076991,0.27883
-418,6,20,0.03033,0.01358,0.52673,0.016249,-0.012892,0.0074867,0.28246
-416,6,20,0.030237,0.013715,0.53013,0.016192,-0.012497,0.0073882,0.28602
-414,6,20,0.03003,0.013869,0.53321,0.01614,-0.012145,0.0074014,0.28927
-412,6,20,0.029711,0.014039,0.53579,0.016093,-0.011869,0.0075107,0.29199
-410,6,20,0.029284,0.014219,0.53772,0.016052,-0.011697,0.0076909,0.29404
-408,6,20,0.028753,0.014408,0.53889,0.016017,-0.011644,0.0079137,0.29528
-406,6,20,0.028124,0.0146,0.53925,0.015987,-0.011718,0.0081523,0.29564
-404,6,20,0.027405,0.014793,0.53877,0.015961,-0.011919,0.0083847,0.29511
-402,6,20,0.026603,0.014982,0.53748,0.015938,-0.012236,0.0085948,0.29372
-400,6,20,0.025727,0.015166,0.53545,0.015919,-0.012649,0.0087722,0.29152
-398,6,20,0.024788,0.01534,0.53275,0.015904,-0.01313,0.0089124,0.28863
-396,6,20,0.023795,0.015501,0.52952,0.015895,-0.013646,0.0090156,0.28519
-394,6,20,0.02276,0.015649,0.52587,0.015892,-0.014153,0.0090859,0.28134
-392,6,20,0.021694,0.015781,0.52198,0.015896,-0.014606,0.0091303,0.27726
-390,6,20,0.02061,0.015895,0.51798,0.015909,-0.014953,0.0091577,0.27311
-388,6,20,0.019519,0.015991,0.51403,0.015931,-0.015146,0.0091771,0.26905
-386,6,20,0.018433,0.016067,0.51027,0.015962,-0.015135,0.0091965,0.26522
-384,6,20,0.017364,0.016124,0.50684,0.016004,-0.014879,0.0092213,0.26175
-382,6,20,0.016323,0.016162,0.50382,0.016056,-0.014341,0.0092535,0.25874
-380,6,20,0.015322,0.01618,0.50131,0.016119,-0.013498,0.0092907,0.25625
-378,6,20,0.014371,0.016181,0.49934,0.016194,-0.012338,0.0093272,0.25433
-376,6,20,0.01348,0.016164,0.49794,0.016283,-0.010859,0.0093542,0.25298
-374,6,20,0.012658,0.016131,0.49709,0.016386,-0.0090761,0.0093619,0.2522
-372,6,20,0.011913,0.016084,0.49675,0.016507,-0.0070124,0.0093412,0.25194
-370,6,20,0.011251,0.016025,0.49686,0.016648,-0.0047026,0.0092853,0.25213
-368,6,20,0.01068,0.015954,0.49735,0.016811,-0.0021891,0.0091915,0.25272
-366,6,20,0.010204,0.015874,0.49812,0.016999,0.00048037,0.0090617,0.25361
-364,6,20,0.0098259,0.015786,0.49909,0.017212,0.0032547,0.0089037,0.25472
-362,6,20,0.0095487,0.015692,0.50018,0.01745,0.0060815,0.0087305,0.25596
-360,6,20,0.0093731,0.015594,0.50129,0.017712,0.0089096,0.0085604,0.25725
-358,6,20,0.009299,0.015492,0.50236,0.017994,0.01169,0.0084156,0.25852
-356,6,20,0.0093247,0.015387,0.50333,0.018289,0.014376,0.0083198,0.25969
-354,6,20,0.0094476,0.01528,0.50415,0.018591,0.016926,0.0082955,0.26074
-352,6,20,0.0096635,0.015172,0.50481,0.018892,0.019305,0.0083599,0.26161
-350,6,20,0.0099673,0.015061,0.50528,0.019184,0.021478,0.008522,0.2623
-348,6,20,0.010353,0.01495,0.50557,0.019457,0.023421,0.0087809,0.26279
-346,6,20,0.010813,0.014835,0.50568,0.019705,0.02511,0.0091256,0.26309
-344,6,20,0.011339,0.014718,0.50564,0.01992,0.026529,0.0095376,0.26321
-342,6,20,0.011923,0.014598,0.50547,0.020098,0.027666,0.0099933,0.26317
-340,6,20,0.012554,0.014473,0.50519,0.020233,0.028514,0.010467,0.263
-338,6,20,0.013223,0.014344,0.50483,0.020324,0.029073,0.010933,0.26271
-336,6,20,0.013919,0.014209,0.50442,0.020368,0.029346,0.011368,0.26233
-334,6,20,0.014631,0.014068,0.50398,0.020364,0.02934,0.01175,0.26188
-332,6,20,0.015348,0.013922,0.50352,0.020312,0.029069,0.01206,0.26137
-330,6,20,0.01606,0.01377,0.50305,0.020213,0.028549,0.012287,0.26082
-328,6,20,0.016754,0.013614,0.50257,0.020067,0.0278,0.012419,0.26022
-326,6,20,0.017421,0.013454,0.50207,0.019877,0.026845,0.012455,0.25958
-324,6,20,0.018051,0.013292,0.50154,0.019646,0.025705,0.012393,0.25888
-322,6,20,0.018633,0.01313,0.50097,0.019378,0.024404,0.012241,0.2581
-320,6,20,0.019158,0.01297,0.50032,0.019079,0.022966,0.012009,0.25724
-318,6,20,0.019619,0.012816,0.49959,0.018753,0.021411,0.01171,0.25627
-316,6,20,0.020007,0.012669,0.49875,0.018407,0.019759,0.01136,0.25519
-314,6,20,0.020316,0.012534,0.49777,0.018048,0.018028,0.010978,0.25396
-312,6,20,0.02054,0.012413,0.49664,0.017684,0.016231,0.010583,0.25259
-310,6,20,0.020675,0.01231,0.49535,0.017322,0.014384,0.010193,0.25107
-308,6,20,0.020717,0.012228,0.4939,0.016967,0.012498,0.0098243,0.24941
-306,6,20,0.020664,0.012169,0.49229,0.016627,0.010584,0.0094919,0.2476
-304,6,20,0.020514,0.012134,0.49054,0.016306,0.0086529,0.0092059,0.24568
-302,6,20,0.020268,0.012127,0.48866,0.016009,0.0067164,0.0089725,0.24366
-300,6,20,0.019926,0.012146,0.48669,0.015739,0.0047858,0.0087934,0.24158
-298,6,20,0.01949,0.012191,0.48466,0.015498,0.0028741,0.0086663,0.23946
-296,6,20,0.018965,0.012262,0.48262,0.015288,0.00099512,0.0085861,0.23736
-294,6,20,0.018353,0.012356,0.4806,0.015108,-0.00083569,0.008546,0.23531
-292,6,20,0.01766,0.012472,0.47865,0.014958,-0.002602,0.0085391,0.23336
-290,6,20,0.016892,0.012606,0.47682,0.014835,-0.0042866,0.0085592,0.23154
-288,6,20,0.016056,0.012755,0.47515,0.014738,-0.005872,0.0086022,0.22989
-286,6,20,0.015159,0.012915,0.47367,0.014664,-0.0073412,0.0086655,0.22845
-284,6,20,0.014209,0.013083,0.47242,0.01461,-0.008678,0.0087476,0.22724
-282,6,20,0.013215,0.013255,0.47142,0.014572,-0.0098683,0.0088481,0.22627
-280,6,20,0.012186,0.013427,0.47068,0.014548,-0.0109,0.0089659,0.22556
-278,6,20,0.01113,0.013598,0.4702,0.014533,-0.011765,0.0090987,0.2251
-276,6,20,0.010057,0.013763,0.46999,0.014523,-0.012457,0.0092428,0.22489
-274,6,20,0.0089765,0.013921,0.47001,0.014513,-0.012976,0.0093928,0.22491
-272,6,20,0.0078975,0.014069,0.47026,0.014501,-0.013325,0.0095423,0.22514
-270,6,20,0.0068289,0.014206,0.47069,0.014482,-0.013511,0.0096847,0.22554
-268,6,20,0.0057794,0.01433,0.47128,0.014455,-0.013545,0.0098139,0.22608
-266,6,20,0.0047573,0.01444,0.47199,0.014419,-0.013444,0.0099254,0.22672
-264,6,20,0.0037704,0.014536,0.47276,0.014375,-0.013225,0.010016,0.22743
-262,6,20,0.002826,0.014617,0.47356,0.014324,-0.012908,0.010086,0.22816
-260,6,20,0.0019306,0.014683,0.47434,0.01427,-0.012515,0.010135,0.22887
-258,6,20,0.0010901,0.014734,0.47508,0.014213,-0.012066,0.010164,0.22954
-256,6,20,0.00030952,0.014772,0.47573,0.014156,-0.011581,0.010176,0.23013
-254,6,20,-0.00040679,0.014795,0.47627,0.014101,-0.011078,0.010172,0.23061
-252,6,20,-0.0010554,0.014806,0.47668,0.014048,-0.010573,0.010153,0.23098
-250,6,20,-0.0016337,0.014804,0.47696,0.013995,-0.010078,0.010118,0.23121
-248,6,20,-0.0021399,0.014791,0.47709,0.013943,-0.0096042,0.010067,0.23131
-246,6,20,-0.0025732,0.014767,0.47709,0.013888,-0.0091584,0.0099976,0.23128
-244,6,20,-0.0029335,0.014733,0.47695,0.013832,-0.0087454,0.009907,0.23111
-242,6,20,-0.0032216,0.014691,0.47669,0.013771,-0.008368,0.009793,0.23084
-240,6,20,-0.0034391,0.01464,0.47634,0.013707,-0.0080274,0.0096539,0.23047
-238,6,20,-0.0035882,0.014583,0.47591,0.013641,-0.0077233,0.009489,0.23002
-236,6,20,-0.0036719,0.01452,0.47542,0.013573,-0.0074542,0.0092989,0.22953
-234,6,20,-0.0036937,0.014451,0.4749,0.013507,-0.007218,0.0090859,0.229
-232,6,20,-0.0036578,0.014379,0.47437,0.013445,-0.0070116,0.0088541,0.22846
-230,6,20,-0.0035688,0.014302,0.47386,0.013389,-0.0068314,0.0086087,0.22795
-228,6,20,-0.0034317,0.014224,0.47337,0.01334,-0.006673,0.0083568,0.22746
-226,6,20,-0.0032518,0.014144,0.47294,0.013299,-0.0065315,0.008106,0.22703
-224,6,20,-0.0030346,0.014063,0.47257,0.013265,-0.0064016,0.0078649,0.22667
-222,6,20,-0.0027859,0.013983,0.47228,0.013237,-0.0062774,0.0076421,0.22637
-220,6,20,-0.0025113,0.013904,0.47207,0.013211,-0.0061527,0.0074458,0.22616
-218,6,20,-0.0022167,0.013827,0.47194,0.013184,-0.0060213,0.0072833,0.22603
-216,6,20,-0.0019077,0.013753,0.47191,0.013152,-0.0058771,0.0071603,0.22598
-214,6,20,-0.0015898,0.013683,0.47196,0.013111,-0.0057144,0.0070803,0.22601
-212,6,20,-0.0012682,0.013619,0.47209,0.01306,-0.005528,0.0070444,0.22611
-210,6,20,-0.00094785,0.01356,0.47229,0.012996,-0.0053132,0.0070507,0.22627
-208,6,20,-0.00063341,0.013508,0.47255,0.012917,-0.005066,0.007095,0.22648
-206,6,20,-0.000329,0.013463,0.47287,0.012824,-0.0047827,0.0071708,0.22673
-204,6,20,-3.8338e-05,0.013426,0.47324,0.012718,-0.0044603,0.0072702,0.22703
-202,6,20,0.00023535,0.013398,0.47364,0.0126,-0.0040955,0.0073848,0.22735
-200,6,20,0.00048937,0.013378,0.47407,0.012473,-0.0036852,0.007506,0.2277
-198,6,20,0.00072157,0.013368,0.47453,0.012339,-0.0032261,0.0076264,0.22807
-196,6,20,0.00093034,0.013368,0.47502,0.012202,-0.0027149,0.0077399,0.22848
-194,6,20,0.0011147,0.013378,0.47554,0.012067,-0.0021483,0.0078428,0.22891
-192,6,20,0.001274,0.013398,0.47609,0.011937,-0.0015231,0.0079334,0.22937
-190,6,20,0.0014086,0.013427,0.47669,0.01182,-0.00083695,0.0080128,0.22989
-188,6,20,0.0015188,0.013467,0.47733,0.011721,-8.8574e-05,0.0080843,0.23046
-186,6,20,0.0016058,0.013516,0.47803,0.011647,0.0007219,0.0081535,0.23109
-184,6,20,0.0016712,0.013573,0.47881,0.011605,0.0015924,0.0082267,0.23181
-182,6,20,0.0017169,0.01364,0.47966,0.011602,0.0025189,0.0083107,0.23263
-180,6,20,0.0017454,0.013714,0.4806,0.011641,0.0034948,0.0084113,0.23355
-178,6,20,0.0017594,0.013796,0.48163,0.011724,0.0045113,0.0085323,0.23458
-176,6,20,0.0017619,0.013883,0.48278,0.011849,0.0055571,0.0086747,0.23574
-174,6,20,0.0017561,0.013976,0.48403,0.012011,0.0066188,0.0088365,0.23702
-172,6,20,0.0017456,0.014072,0.48539,0.012203,0.0076806,0.0090132,0.23844
-170,6,20,0.001734,0.014172,0.48687,0.012414,0.008725,0.0091983,0.23997
-168,6,20,0.0017249,0.014272,0.48846,0.012634,0.0097326,0.0093842,0.24162
-166,6,20,0.0017221,0.014371,0.49015,0.012852,0.010683,0.0095637,0.24338
-164,6,20,0.0017293,0.014468,0.49192,0.01306,0.011554,0.00973,0.24522
-162,6,20,0.0017501,0.014562,0.49376,0.013249,0.012326,0.0098782,0.24713
-160,6,20,0.0017881,0.014649,0.49565,0.013414,0.012975,0.010005,0.24909
-158,6,20,0.0018466,0.014729,0.49757,0.013552,0.013484,0.010108,0.25107
-156,6,20,0.0019289,0.014799,0.49949,0.013663,0.013834,0.010187,0.25304
-154,6,20,0.0020377,0.014858,0.50138,0.013748,0.014012,0.010244,0.25498
-152,6,20,0.0021759,0.014905,0.50322,0.01381,0.014007,0.01028,0.25686
-150,6,20,0.0023458,0.014937,0.50498,0.013852,0.013814,0.010298,0.25865
-148,6,20,0.0025494,0.014954,0.50664,0.01388,0.013432,0.0103,0.26035
-146,6,20,0.0027885,0.014955,0.50818,0.013897,0.012867,0.010288,0.26192
-144,6,20,0.0030644,0.014938,0.50958,0.013907,0.012127,0.010262,0.26335
-142,6,20,0.0033781,0.014904,0.51083,0.013914,0.011227,0.010222,0.26463
-140,6,20,0.0037303,0.014852,0.51194,0.01392,0.010186,0.010169,0.26576
-138,6,20,0.0041212,0.014782,0.51289,0.013925,0.0090255,0.0101,0.26674
-136,6,20,0.0045507,0.014696,0.51369,0.013931,0.0077713,0.010013,0.26757
-134,6,20,0.0050185,0.014595,0.51436,0.013937,0.0064512,0.0099063,0.26825
-132,6,20,0.0055236,0.01448,0.5149,0.013945,0.0050939,0.0097791,0.26881
-130,6,20,0.006065,0.014353,0.51533,0.013953,0.0037291,0.00963,0.26926
-128,6,20,0.0066413,0.014216,0.51566,0.013965,0.0023854,0.0094592,0.26961
-126,6,20,0.0072506,0.014072,0.51592,0.01398,0.0010899,0.0092676,0.26989
-124,6,20,0.007891,0.013925,0.51612,0.014003,-0.00013296,0.0090572,0.2701
-122,6,20,0.0085601,0.013778,0.51627,0.014034,-0.0012624,0.0088306,0.27028
-120,6,20,0.0092555,0.013633,0.5164,0.014077,-0.0022819,0.0085916,0.27043
-118,6,20,0.0099743,0.013497,0.51651,0.014134,-0.00318,0.0083446,0.27058
-116,6,20,0.010714,0.01337,0.51661,0.014204,-0.0039505,0.0080949,0.27072
-114,6,20,0.011471,0.013259,0.51671,0.014288,-0.0045921,0.0078488,0.27087
-112,6,20,0.012242,0.013165,0.51683,0.01438,-0.0051087,0.0076139,0.27104
-110,6,20,0.013024,0.013092,0.51695,0.014478,-0.0055081,0.0073987,0.27122
-108,6,20,0.013813,0.013042,0.51708,0.014572,-0.0058021,0.0072131,0.2714
-106,6,20,0.014607,0.013018,0.51722,0.014657,-0.0060049,0.0070678,0.27159
-104,6,20,0.0154,0.013019,0.51736,0.014725,-0.0061322,0.0069728,0.27178
-102,6,20,0.016191,0.013047,0.51751,0.014768,-0.0062005,0.0069364,0.27196
-100,6,20,0.016975,0.013101,0.51766,0.014782,-0.0062258,0.0069631,0.27212
-98,6,20,0.017748,0.013179,0.5178,0.014762,-0.0062228,0.0070519,0.27225
-96,6,20,0.018507,0.01328,0.51792,0.014707,-0.0062038,0.0071954,0.27235
-94,6,20,0.019249,0.0134,0.51803,0.014618,-0.0061787,0.0073804,0.27242
-92,6,20,0.01997,0.013536,0.51813,0.0145,-0.0061534,0.0075889,0.27245
-90,6,20,0.020668,0.013684,0.5182,0.014358,-0.0061306,0.0078009,0.27245
-88,6,20,0.021338,0.013841,0.51827,0.014202,-0.0061086,0.0079956,0.27244
-86,6,20,0.021978,0.014002,0.51834,0.01404,-0.0060821,0.0081541,0.27242
-84,6,20,0.022586,0.014162,0.51843,0.013884,-0.0060424,0.0082606,0.27243
-82,6,20,0.023157,0.014318,0.51854,0.013746,-0.0059778,0.0083036,0.27248
-80,6,20,0.023692,0.014465,0.51871,0.013637,-0.0058748,0.008277,0.27259
-78,6,20,0.024186,0.014599,0.51896,0.013569,-0.0057192,0.0081804,0.27281
-76,6,20,0.024638,0.014717,0.51931,0.013551,-0.0054969,0.00802,0.27317
-74,6,20,0.025048,0.014816,0.51979,0.013591,-0.0051955,0.0078087,0.27369
-72,6,20,0.025412,0.014892,0.52042,0.013693,-0.0048048,0.0075664,0.2744
-70,6,20,0.025732,0.014943,0.52124,0.013857,-0.004318,0.0073192,0.27534
-68,6,20,0.026006,0.014967,0.52226,0.014081,-0.0037321,0.0070978,0.27653
-66,6,20,0.026234,0.014964,0.52351,0.014359,-0.0030487,0.0069351,0.27798
-64,6,20,0.026416,0.014933,0.52498,0.014681,-0.0022735,0.0068606,0.2797
-62,6,20,0.026554,0.014874,0.5267,0.015036,-0.0014171,0.006895,0.28171
-60,6,20,0.026648,0.014787,0.52865,0.015412,-0.00049474,0.0070455,0.28399
-58,6,20,0.0267,0.014676,0.53084,0.015796,0.00047414,0.007304,0.28653
-56,6,20,0.026712,0.014542,0.53324,0.016179,0.001466,0.0076507,0.28932
-54,6,20,0.026688,0.01439,0.53583,0.016551,0.002454,0.0080589,0.29232
-52,6,20,0.02663,0.014224,0.53858,0.016906,0.0034089,0.0085006,0.2955
-50,6,20,0.026541,0.01405,0.54146,0.01724,0.0043005,0.0089497,0.29883
-48,6,20,0.026427,0.013875,0.54442,0.017551,0.0050986,0.0093848,0.30225
-46,6,20,0.026291,0.013705,0.54743,0.017838,0.0057749,0.0097898,0.30572
-44,6,20,0.026139,0.01355,0.55043,0.018104,0.0063039,0.010154,0.3092
-42,6,20,0.025976,0.013418,0.55339,0.018349,0.0066644,0.010473,0.31263
-40,6,20,0.025807,0.013317,0.55626,0.018577,0.0068401,0.010746,0.31598
-38,6,20,0.025641,0.013255,0.55902,0.018791,0.0068209,0.010977,0.31921
-36,6,20,0.025482,0.013239,0.56162,0.018993,0.006603,0.011174,0.32227
-34,6,20,0.025338,0.013276,0.56406,0.019186,0.0061892,0.011346,0.32515
-32,6,20,0.025215,0.013367,0.5663,0.019371,0.0055892,0.011504,0.32782
-30,6,20,0.025122,0.013515,0.56834,0.019551,0.0048191,0.011659,0.33028
-28,6,20,0.025064,0.013717,0.57019,0.019724,0.003901,0.011821,0.3325
-26,6,20,0.02505,0.013971,0.57183,0.019891,0.0028621,0.011997,0.33451
-24,6,20,0.025086,0.014271,0.57329,0.020051,0.0017337,0.012194,0.3363
-22,6,20,0.02518,0.01461,0.57458,0.020202,0.00054967,0.012414,0.3379
-20,6,20,0.025337,0.014977,0.57573,0.020344,-0.00065455,0.012659,0.33933
-18,6,20,0.025565,0.015365,0.57675,0.020475,-0.0018439,0.012925,0.3406
-16,6,20,0.025868,0.015763,0.57767,0.020596,-0.0029848,0.013208,0.34176
-14,6,20,0.026252,0.016162,0.57851,0.020707,-0.0040467,0.013504,0.34282
-12,6,20,0.026722,0.016553,0.5793,0.020809,-0.0050029,0.013803,0.34382
-10,6,20,0.027281,0.016927,0.58007,0.020904,-0.0058312,0.0141,0.34478
-8,6,20,0.027932,0.017276,0.58083,0.020995,-0.0065148,0.014384,0.34574
-6,6,20,0.028676,0.017593,0.5816,0.021083,-0.0070419,0.014649,0.3467
-4,6,20,0.029516,0.017874,0.58239,0.021171,-0.0074057,0.014888,0.3477
-2,6,20,0.03045,0.018114,0.58322,0.02126,-0.007604,0.015092,0.34874
0,6,20,0.031477,0.018309,0.58409,0.021352,-0.0076378,0.015258,0.34983
2,6,20,0.032595,0.018459,0.58501,0.021445,-0.0075112,0.015382,0.35097
4,6,20,0.033799,0.018562,0.58597,0.021539,-0.0072301,0.015463,0.35217
6,6,20,0.035086,0.018618,0.58698,0.021628,-0.0068013,0.015502,0.35343
8,6,20,0.036448,0.018631,0.58803,0.021709,-0.0062325,0.015501,0.35473
10,6,20,0.037878,0.018602,0.58912,0.021776,-0.0055315,0.015466,0.35608
12,6,20,0.039368,0.018535,0.59026,0.021821,-0.0047069,0.015405,0.35745
14,6,20,0.040908,0.018435,0.59142,0.021838,-0.0037684,0.015325,0.35884
16,6,20,0.042487,0.018306,0.59262,0.02182,-0.0027271,0.015237,0.36024
18,6,20,0.044092,0.018156,0.59384,0.021762,-0.0015971,0.01515,0.36165
20,6,20,0.045713,0.017988,0.59509,0.02166,-0.00039511,0.01507,0.36305
22,6,20,0.047334,0.017808,0.59636,0.021512,0.00085853,0.015005,0.36443
24,6,20,0.048942,0.017622,0.59764,0.021319,0.00214,0.014955,0.36581
26,6,20,0.050522,0.017433,0.59893,0.021086,0.0034223,0.01492,0.36717
28,6,20,0.052061,0.017245,0.60024,0.020817,0.004676,0.014894,0.36852
30,6,20,0.053542,0.017061,0.60154,0.020524,0.0058702,0.01487,0.36986
32,6,20,0.054951,0.016881,0.60285,0.020216,0.0069734,0.01484,0.37119
34,6,20,0.056273,0.016706,0.60415,0.019908,0.0079554,0.014794,0.37253
36,6,20,0.057496,0.016534,0.60545,0.019615,0.0087881,0.014725,0.37388
38,6,20,0.058605,0.016364,0.60673,0.019351,0.0094468,0.014626,0.37524
40,6,20,0.059589,0.016193,0.608,0.019134,0.0099115,0.014495,0.37663
42,6,20,0.060436,0.016019,0.60926,0.018978,0.010167,0.014333,0.37804
44,6,20,0.061138,0.015839,0.6105,0.018895,0.010205,0.014144,0.3795
46,6,20,0.061686,0.015653,0.61172,0.018896,0.010021,0.013934,0.38099
48,6,20,0.062075,0.015459,0.61292,0.018986,0.0096207,0.013714,0.38252
50,6,20,0.0623,0.01526,0.6141,0.019169,0.0090129,0.013492,0.3841
52,6,20,0.062361,0.015057,0.61525,0.01944,0.0082143,0.013279,0.38572
54,6,20,0.062257,0.014857,0.61639,0.019795,0.0072472,0.013082,0.38738
56,6,20,0.061993,0.014666,0.6175,0.020221,0.0061393,0.012909,0.38908
58,6,20,0.061575,0.014494,0.6186,0.020706,0.0049232,0.012764,0.39082
60,6,20,0.06101,0.014351,0.61969,0.021236,0.0036347,0.012649,0.39259
62,6,20,0.060312,0.01425,0.62077,0.021796,0.0023126,0.012563,0.39438
64,6,20,0.059494,0.014202,0.62185,0.022371,0.00099632,0.012506,0.39621
66,6,20,0.058574,0.014217,0.62294,0.022947,-0.00027455,0.012476,0.39806
68,6,20,0.057572,0.014305,0.62405,0.023512,-0.0014623,0.012473,0.39994
70,6,20,0.056512,0.014467,0.62517,0.024057,-0.0025324,0.012496,0.40184
72,6,20,0.055418,0.014704,0.62634,0.024572,-0.0034548,0.012549,0.40377
74,6,20,0.054319,0.01501,0.62754,0.02505,-0.0042048,0.012634,0.40573
76,6,20,0.053246,0.015374,0.62881,0.025488,-0.0047641,0.012756,0.40774
78,6,20,0.052232,0.015781,0.63014,0.025882,-0.0051213,0.012922,0.40981
80,6,20,0.051311,0.016212,0.63156,0.026229,-0.005272,0.013135,0.41194
82,6,20,0.050519,0.016649,0.63308,0.026528,-0.0052181,0.013399,0.41417
84,6,20,0.049894,0.01707,0.63472,0.02678,-0.0049673,0.013714,0.4165
86,6,20,0.049474,0.017455,0.63651,0.026985,-0.0045321,0.01408,0.41898
88,6,20,0.0493,0.017784,0.63847,0.027142,-0.0039275,0.014489,0.42164
90,6,20,0.04941,0.01804,0.64062,0.027255,-0.00317,0.014932,0.42451
92,6,20,0.049845,0.018209,0.64301,0.027322,-0.0022752,0.015394,0.42765
94,6,20,0.050642,0.018283,0.64567,0.027348,-0.0012558,0.015857,0.4311
96,6,20,0.051841,0.018259,0.64864,0.027334,-0.00012074,0.016299,0.43493
98,6,20,0.053478,0.018142,0.65197,0.027287,0.0011265,0.0167,0.43921
100,6,20,0.055588,0.017946,0.6557,0.027216,0.0024873,0.017036,0.44401
102,6,20,0.058203,0.017701,0.65987,0.027137,0.0039681,0.017291,0.44942
104,6,20,0.061355,0.017449,0.66452,0.027074,0.0055783,0.017454,0.45552
106,6,20,0.06507,0.017255,0.66969,0.027063,0.0073294,0.017524,0.4624
108,6,20,0.069373,0.0172,0.67541,0.027151,0.0092339,0.017514,0.47018
110,6,20,0.074283,0.017383,0.68168,0.027394,0.011304,0.017451,0.47894
112,6,20,0.079818,0.017904,0.68852,0.027851,0.013551,0.017375,0.4888
114,6,20,0.085989,0.018852,0.69593,0.028583,0.015987,0.017337,0.49984
116,6,20,0.092803,0.020283,0.7039,0.029636,0.018623,0.017394,0.51217
118,6,20,0.10026,0.022218,0.71243,0.031042,0.02147,0.017602,0.52587
120,6,20,0.10837,0.024642,0.7215,0.03281,0.024537,0.018003,0.54102
122,6,20,0.11711,0.02752,0.73109,0.034929,0.027834,0.018621,0.55768
124,6,20,0.12648,0.030807,0.74119,0.037372,0.031365,0.019458,0.57589
126,6,20,0.13646,0.034451,0.75176,0.040099,0.035131,0.020494,0.5957
128,6,20,0.14703,0.038405,0.76279,0.043065,0.039125,0.021692,0.61709
130,6,20,0.15815,0.04262,0.77424,0.046223,0.043336,0.02301,0.64005
132,6,20,0.1698,0.047052,0.78609,0.049525,0.047739,0.0244,0.66454
134,6,20,0.18194,0.051659,0.79828,0.052927,0.052305,0.025819,0.69047
136,6,20,0.19454,0.056397,0.81077,0.056388,0.056993,0.027227,0.71776
138,6,20,0.20753,0.061228,0.82351,0.059869,0.061756,0.028589,0.74628
140,6,20,0.22088,0.06611,0.83645,0.063335,0.066538,0.02988,0.77587
142,6,20,0.23454,0.071005,0.84953,0.066753,0.071283,0.031075,0.80636
144,6,20,0.24844,0.075874,0.86267,0.070093,0.07593,0.03216,0.83756
146,6,20,0.26254,0.080681,0.87583,0.073328,0.08042,0.033122,0.86925
148,6,20,0.27676,0.085388,0.88894,0.07643,0.084697,0.033954,0.9012
150,6,20,0.29105,0.08996,0.90193,0.079376,0.088707,0.034651,0.93319
152,6,20,0.30535,0.094363,0.91475,0.082144,0.092404,0.035211,0.96498
154,6,20,0.31959,0.098565,0.92735,0.084713,0.09575,0.035635,0.99632
156,6,20,0.33371,0.10254,0.93966,0.087067,0.09871,0.035928,1.027
158,6,20,0.34765,0.10625,0.95164,0.089191,0.10126,0.036092,1.0568
160,6,20,0.36135,0.10968,0.96325,0.091074,0.10338,0.036137,1.0854
162,6,20,0.37475,0.1128,0.97443,0.092709,0.10507,0.036068,1.1128
164,6,20,0.38778,0.11559,0.98516,0.094091,0.10632,0.035896,1.1387
166,6,20,0.4004,0.11804,0.99539,0.095218,0.10713,0.035631,1.1631
168,6,20,0.41256,0.12013,1.0051,0.096095,0.10752,0.035283,1.1857
170,6,20,0.42421,0.12185,1.0142,0.096725,0.1075,0.034865,1.2064
172,6,20,0.4353,0.1232,1.0228,0.097117,0.10711,0.034387,1.2254
174,6,20,0.44579,0.12417,1.0308,0.097281,0.10637,0.033861,1.2423
176,6,20,0.45566,0.12476,1.0382,0.097231,0.10533,0.033297,1.2574
178,6,20,0.46488,0.12498,1.0449,0.096979,0.10402,0.032706,1.2705
180,6,20,0.47341,0.12483,1.051,0.09654,0.1025,0.032098,1.2818
182,6,20,0.48125,0.12432,1.0566,0.09593,0.1008,0.03148,1.2912
184,6,20,0.48838,0.12348,1.0615,0.095164,0.098987,0.03086,1.2988
186,6,20,0.49479,0.12231,1.0658,0.094258,0.097099,0.030245,1.3047
188,6,20,0.5005,0.12083,1.0695,0.093226,0.095185,0.029639,1.3089
190,6,20,0.50549,0.11908,1.0726,0.092082,0.093285,0.029046,1.3116
192,6,20,0.50979,0.11706,1.0752,0.090839,0.091435,0.028468,1.3129
194,6,20,0.51341,0.11481,1.0773,0.089509,0.089663,0.027908,1.3128
196,6,20,0.51637,0.11236,1.0788,0.088102,0.08799,0.027366,1.3114
198,6,20,0.5187,0.10973,1.0799,0.086627,0.086426,0.026841,1.3089
200,6,20,0.52043,0.10696,1.0806,0.085091,0.084974,0.026334,1.3052
202,6,20,0.5216,0.10407,1.0808,0.0835,0.083627,0.025845,1.3006
204,6,20,0.52226,0.1011,1.0807,0.081861,0.082369,0.025373,1.2952
206,6,20,0.52243,0.098073,1.0802,0.080176,0.081177,0.02492,1.2889
208,6,20,0.52218,0.095021,1.0793,0.078453,0.080021,0.024486,1.2819
210,6,20,0.52155,0.091971,1.0782,0.076693,0.078863,0.024076,1.2744
212,6,20,0.5206,0.088951,1.0769,0.074904,0.077667,0.023692,1.2663
214,6,20,0.51937,0.085983,1.0753,0.07309,0.076392,0.023339,1.2579
216,6,20,0.51793,0.083092,1.0736,0.07126,0.074999,0.023023,1.2491
218,6,20,0.51632,0.080297,1.0718,0.06942,0.073455,0.022749,1.2402
220,6,20,0.51461,0.077616,1.0698,0.067581,0.071731,0.022523,1.2313
222,6,20,0.51284,0.075065,1.0678,0.065754,0.069808,0.022353,1.2224
224,6,20,0.51108,0.072658,1.0659,0.06395,0.067675,0.022241,1.2138
226,6,20,0.50938,0.070406,1.0639,0.062183,0.065336,0.022192,1.2054
228,6,20,0.50777,0.068318,1.0621,0.060467,0.062803,0.022208,1.1975
230,6,20,0.50633,0.066403,1.0604,0.058814,0.060103,0.022286,1.1902
232,6,20,0.50507,0.064667,1.0589,0.05724,0.057271,0.022423,1.1836
234,6,20,0.50406,0.063117,1.0577,0.05576,0.054355,0.022611,1.1777
236,6,20,0.50333,0.061757,1.0567,0.054386,0.051404,0.022844,1.1728
238,6,20,0.50291,0.060591,1.056,0.053133,0.048478,0.023112,1.1689
240,6,20,0.50282,0.059623,1.0557,0.052015,0.045633,0.023407,1.166
242,6,20,0.50311,0.058857,1.0558,0.051042,0.042927,0.023724,1.1642
244,6,20,0.50378,0.058293,1.0563,0.050226,0.040413,0.024059,1.1636
246,6,20,0.50485,0.057933,1.0571,0.049576,0.038139,0.024416,1.1642
248,6,20,0.50634,0.057775,1.0584,0.049095,0.036146,0.024799,1.166
250,6,20,0.50825,0.057815,1.0601,0.048787,0.034468,0.025214,1.1689
252,6,20,0.51058,0.058048,1.0621,0.048647,0.033128,0.025671,1.1731
254,6,20,0.51334,0.058464,1.0646,0.048667,0.032144,0.026177,1.1783
256,6,20,0.51651,0.059053,1.0674,0.048835,0.031523,0.026734,1.1846
258,6,20,0.52008,0.0598,1.0705,0.049133,0.031266,0.02734,1.1919
260,6,20,0.52404,0.060689,1.074,0.04954,0.031369,0.027989,1.2
262,6,20,0.52837,0.0617,1.0777,0.050034,0.03182,0.028667,1.2091
264,6,20,0.53305,0.062813,1.0817,0.05059,0.032603,0.029353,1.2188
266,6,20,0.53805,0.064008,1.086,0.051184,0.033698,0.030026,1.2292
268,6,20,0.54335,0.065263,1.0905,0.051794,0.035082,0.03066,1.2402
270,6,20,0.54891,0.066556,1.0952,0.052401,0.036729,0.031231,1.2516
272,6,20,0.5547,0.067866,1.1001,0.052989,0.03861,0.031715,1.2635
274,6,20,0.56069,0.069173,1.1051,0.053546,0.040698,0.032096,1.2757
276,6,20,0.56684,0.07046,1.1102,0.054061,0.042963,0.032358,1.2881
278,6,20,0.57313,0.071708,1.1155,0.054529,0.045377,0.032496,1.3007
280,6,20,0.57951,0.072904,1.1208,0.054949,0.047909,0.032512,1.3135
282,6,20,0.58594,0.074033,1.1262,0.055321,0.050533,0.032413,1.3264
284,6,20,0.5924,0.075086,1.1316,0.055646,0.053223,0.032215,1.3394
286,6,20,0.59885,0.076055,1.1371,0.055928,0.055952,0.031941,1.3524
288,6,20,0.60525,0.076932,1.1426,0.056174,0.058696,0.031617,1.3654
290,6,20,0.61159,0.077714,1.148,0.056388,0.061433,0.031273,1.3784
292,6,20,0.61782,0.0784,1.1535,0.056577,0.064141,0.030939,1.3913
294,6,20,0.62392,0.07899,1.1589,0.056749,0.066797,0.030641,1.4041
296,6,20,0.62988,0.079486,1.1642,0.056909,0.069382,0.030401,1.4169
298,6,20,0.63566,0.079893,1.1694,0.057065,0.071873,0.030229,1.4295
300,6,20,0.64126,0.080216,1.1746,0.057223,0.074253,0.030128,1.4419
302,6,20,0.64665,0.080462,1.1796,0.057392,0.076503,0.030087,1.4541
304,6,20,0.65183,0.080641,1.1845,0.057577,0.078605,0.030088,1.4661
306,6,20,0.65679,0.080761,1.1893,0.057784,0.080545,0.030103,1.4778
308,6,20,0.66153,0.080832,1.1939,0.058019,0.082313,0.030101,1.4892
310,6,20,0.66604,0.080865,1.1982,0.058288,0.083903,0.030052,1.5003
312,6,20,0.67034,0.080871,1.2024,0.058595,0.085312,0.029929,1.5111
314,6,20,0.67441,0.080861,1.2064,0.058942,0.086546,0.029712,1.5214
316,6,20,0.67828,0.080846,1.2101,0.059332,0.087617,0.029389,1.5313
318,6,20,0.68196,0.080837,1.2137,0.059767,0.088543,0.028962,1.5408
320,6,20,0.68546,0.080845,1.217,0.060245,0.089349,0.02844,1.5499
322,6,20,0.68881,0.080879,1.22,0.060764,0.090066,0.027845,1.5586
324,6,20,0.69201,0.080951,1.2229,0.061323,0.09073,0.027207,1.5669
326,6,20,0.69509,0.081069,1.2256,0.061916,0.09138,0.026567,1.5749
328,6,20,0.69809,0.081243,1.2281,0.062538,0.092056,0.025966,1.5825
330,6,20,0.70101,0.081482,1.2305,0.063183,0.092802,0.025448,1.5899
332,6,20,0.7039,0.081794,1.2328,0.063844,0.093658,0.025054,1.5972
334,6,20,0.70677,0.082189,1.235,0.064513,0.094663,0.024814,1.6043
336,6,20,0.70966,0.082674,1.2372,0.065186,0.095851,0.024746,1.6114
338,6,20,0.71259,0.083257,1.2394,0.065854,0.097251,0.024853,1.6185
340,6,20,0.71559,0.083944,1.2417,0.066516,0.098886,0.025121,1.6258
342,6,20,0.71868,0.084744,1.244,0.067167,0.10077,0.025524,1.6334
344,6,20,0.7219,0.085662,1.2465,0.067809,0.10292,0.026027,1.6412
346,6,20,0.72526,0.086703,1.2492,0.068442,0.10532,0.026593,1.6495
348,6,20,0.72878,0.087871,1.2521,0.069073,0.10798,0.027185,1.6583
350,6,20,0.7325,0.089169,1.2551,0.06971,0.11087,0.027769,1.6677
352,6,20,0.73642,0.090599,1.2584,0.070361,0.11398,0.028321,1.6777
354,6,20,0.74056,0.092159,1.262,0.071039,0.11726,0.028821,1.6884
356,6,20,0.74493,0.093849,1.2657,0.071758,0.1207,0.029259,1.6999
358,6,20,0.74955,0.095662,1.2697,0.07253,0.12424,0.029632,1.712
360,6,20,0.75442,0.097594,1.2739,0.073368,0.12785,0.02994,1.725
362,6,20,0.75953,0.099637,1.2782,0.074284,0.13147,0.030193,1.7386
364,6,20,0.7649,0.10178,1.2827,0.075285,0.13506,0.030401,1.753
366,6,20,0.77052,0.10401,1.2874,0.076377,0.13857,0.030579,1.7681
368,6,20,0.77637,0.10632,1.2921,0.077561,0.14195,0.030745,1.7839
370,6,20,0.78246,0.10868,1.2969,0.078836,0.14516,0.030918,1.8002
372,6,20,0.78875,0.1111,1.3018,0.080195,0.14815,0.031119,1.817
374,6,20,0.79525,0.11353,1.3068,0.081628,0.15089,0.031373,1.8342
376,6,20,0.80192,0.11598,1.3117,0.083124,0.15335,0.031699,1.8518
378,6,20,0.80874,0.11842,1.3166,0.084667,0.15552,0.032121,1.8696
380,6,20,0.81568,0.12084,1.3215,0.086241,0.15738,0.032653,1.8876
382,6,20,0.82272,0.12321,1.3263,0.087827,0.15892,0.03331,1.9055
384,6,20,0.82982,0.12551,1.331,0.089408,0.16017,0.034096,1.9234
386,6,20,0.83694,0.12774,1.3356,0.090966,0.16113,0.035009,1.9411
388,6,20,0.84406,0.12987,1.3402,0.092482,0.16182,0.03604,1.9585
390,6,20,0.85113,0.13188,1.3446,0.09394,0.16228,0.037171,1.9755
392,6,20,0.85811,0.13377,1.3488,0.095325,0.16253,0.038379,1.9919
394,6,20,0.86497,0.13551,1.3529,0.096622,0.1626,0.039635,2.0077
396,6,20,0.87166,0.1371,1.3568,0.097819,0.16252,0.040911,2.0227
398,6,20,0.87814,0.13851,1.3605,0.098906,0.16231,0.042174,2.0369
400,6,20,0.88437,0.13975,1.364,0.099874,0.16199,0.043394,2.05
402,6,20,0.89031,0.1408,1.3673,0.10072,0.16157,0.044545,2.0622
404,6,20,0.89592,0.14166,1.3703,0.10143,0.16104,0.045601,2.0732
406,6,20,0.90117,0.14231,1.373,0.10201,0.16042,0.046543,2.0829
408,6,20,0.90601,0.14275,1.3755,0.10246,0.15968,0.047356,2.0914
410,6,20,0.91041,0.14298,1.3776,0.10277,0.1588,0.04803,2.0985
412,6,20,0.91434,0.14299,1.3795,0.10295,0.15777,0.048558,2.1042
414,6,20,0.91777,0.14279,1.3809,0.10299,0.15657,0.048941,2.1085
416,6,20,0.92068,0.14237,1.3821,0.1029,0.15517,0.04918,2.1113
418,6,20,0.92303,0.14174,1.3829,0.10269,0.15354,0.049283,2.1126
420,6,20,0.92481,0.14089,1.3833,0.10235,0.15168,0.049256,2.1125
422,6,20,0.926,0.13983,1.3833,0.1019,0.14956,0.049111,2.1109
424,6,20,0.92659,0.13856,1.383,0.10132,0.14719,0.048857,2.1078
426,6,20,0.92656,0.13709,1.3823,0.10064,0.14456,0.048503,2.1033
428,6,20,0.92591,0.13543,1.3813,0.099841,0.14167,0.048058,2.0974
430,6,20,0.92464,0.13359,1.3799,0.098941,0.13855,0.047528,2.0902
432,6,20,0.92275,0.13156,1.3783,0.097941,0.13521,0.046919,2.0818
434,6,20,0.92025,0.12937,1.3762,0.096845,0.13167,0.046235,2.0722
436,6,20,0.91714,0.12702,1.3739,0.095659,0.12798,0.045478,2.0616
438,6,20,0.91344,0.12453,1.3714,0.094389,0.12416,0.044653,2.0499
440,6,20,0.90917,0.12191,1.3685,0.09304,0.12025,0.043765,2.0373
442,6,20,0.90434,0.11917,1.3654,0.09162,0.11629,0.042822,2.0238
444,6,20,0.89899,0.11633,1.3621,0.090136,0.11232,0.041836,2.0096
446,6,20,0.89313,0.11341,1.3586,0.088595,0.10839,0.040824,1.9948
448,6,20,0.8868,0.11042,1.3548,0.087008,0.10453,0.039805,1.9794
450,6,20,0.88003,0.10738,1.3509,0.085382,0.10078,0.038806,1.9634
452,6,20,0.87285,0.10432,1.3468,0.08373,0.097167,0.037854,1.9471
454,6,20,0.86531,0.10125,1.3426,0.082062,0.093722,0.036977,1.9304
456,6,20,0.85745,0.098194,1.3382,0.080392,0.090462,0.036202,1.9135
458,6,20,0.8493,0.095177,1.3336,0.078732,0.087398,0.03555,1.8963
460,6,20,0.8409,0.092223,1.3289,0.077098,0.084536,0.035033,1.879
462,6,20,0.83231,0.089355,1.3241,0.075505,0.081871,0.034651,1.8617
464,6,20,0.82356,0.086596,1.3192,0.07397,0.079395,0.034395,1.8443
466,6,20,0.81469,0.08397,1.3142,0.072507,0.077094,0.034243,1.827
468,6,20,0.80575,0.081499,1.3091,0.071133,0.074951,0.034163,1.8098
470,6,20,0.79679,0.079202,1.3039,0.069859,0.072949,0.034121,1.7928
472,6,20,0.78784,0.077098,1.2986,0.068698,0.071072,0.034078,1.776
474,6,20,0.77894,0.075199,1.2933,0.067657,0.069305,0.034002,1.7596
476,6,20,0.77014,0.073515,1.288,0.066742,0.06764,0.033866,1.7435
478,6,20,0.76147,0.072052,1.2827,0.065954,0.066073,0.033652,1.7279
480,6,20,0.75296,0.070808,1.2774,0.065291,0.064603,0.033352,1.7128
482,6,20,0.74466,0.069779,1.2722,0.064747,0.063237,0.032971,1.6982
484,6,20,0.73657,0.068952,1.2672,0.064313,0.061983,0.032523,1.6843
486,6,20,0.72875,0.06831,1.2623,0.063978,0.060852,0.032034,1.6711
488,6,20,0.7212,0.067835,1.2575,0.063729,0.059855,0.031536,1.6586
490,6,20,0.71395,0.067501,1.253,0.063551,0.059001,0.031067,1.6468
492,6,20,0.70702,0.067283,1.2488,0.06343,0.058295,0.030665,1.6359
494,6,20,0.70042,0.067154,1.2448,0.063351,0.057737,0.030367,1.6257
496,6,20,0.69415,0.067087,1.241,0.0633,0.05732,0.0302,1.6163
498,6,20,0.68824,0.067055,1.2376,0.063265,0.057029,0.03018,1.6077
500,6,20,0.68268,0.067034,1.2344,0.063234,0.05684,0.030309,1.5998
502,6,20,0.67747,0.067001,1.2315,0.063198,0.056723,0.030574,1.5926
504,6,20,0.67261,0.066937,1.2289,0.063148,0.056639,0.030951,1.586
506,6,20,0.66809,0.066826,1.2265,0.063079,0.056544,0.031407,1.5799
508,6,20,0.66391,0.066654,1.2243,0.062986,0.056391,0.031901,1.5743
510,6,20,0.66005,0.066411,1.2223,0.062867,0.056129,0.032395,1.5691
512,6,20,0.65649,0.066092,1.2205,0.06272,0.05571,0.032853,1.5643
514,6,20,0.65322,0.065693,1.2187,0.062547,0.055086,0.033244,1.5596
516,6,20,0.65022,0.065215,1.217,0.062348,0.054219,0.033545,1.555
518,6,20,0.64747,0.064662,1.2154,0.062126,0.053074,0.03374,1.5505
520,6,20,0.64494,0.064039,1.2138,0.061883,0.051632,0.033823,1.546
522,6,20,0.6426,0.063357,1.2122,0.061624,0.049882,0.033796,1.5415
524,6,20,0.64044,0.062627,1.2105,0.061351,0.047831,0.033668,1.5368
526,6,20,0.63842,0.061862,1.2088,0.061067,0.045499,0.033451,1.5321
528,6,20,0.63652,0.061078,1.2071,0.060775,0.042919,0.033162,1.5272
530,6,20,0.63471,0.060291,1.2053,0.060477,0.04014,0.032818,1.5223
532,6,20,0.63295,0.059517,1.2036,0.060176,0.037223,0.032434,1.5173
534,6,20,0.63124,0.058774,1.2018,0.059873,0.034235,0.03202,1.5124
536,6,20,0.62953,0.058077,1.2,0.05957,0.031253,0.031581,1.5074
538,6,20,0.6278,0.05744,1.1983,0.059268,0.028354,0.031117,1.5026
540,6,20,0.62603,0.056877,1.1966,0.058968,0.025617,0.030625,1.498
542,6,20,0.62419,0.056397,1.1951,0.058675,0.023117,0.030096,1.4936
544,6,20,0.62227,0.056006,1.1936,0.058389,0.020923,0.029524,1.4895
546,6,20,0.62024,0.055707,1.1923,0.058114,0.019095,0.028906,1.4858
548,6,20,0.61809,0.055501,1.1912,0.057852,0.017683,0.028241,1.4825
550,6,20,0.6158,0.055383,1.1902,0.057607,0.016722,0.027538,1.4795
552,6,20,0.61337,0.055346,1.1893,0.057381,0.016235,0.026811,1.477
554,6,20,0.61078,0.05538,1.1886,0.057175,0.016228,0.026084,1.4748
556,6,20,0.60802,0.055473,1.1879,0.05699,0.01669,0.025384,1.4729
558,6,20,0.6051,0.055612,1.1874,0.056825,0.017597,0.024742,1.4713
560,6,20,0.60201,0.055782,1.1869,0.056679,0.018907,0.024188,1.4698
562,6,20,0.59876,0.055969,1.1864,0.05655,0.020562,0.023746,1.4683
564,6,20,0.59534,0.056158,1.1858,0.056434,0.022495,0.023431,1.4667
566,6,20,0.59176,0.056339,1.1851,0.056326,0.024624,0.023244,1.4649
568,6,20,0.58804,0.056498,1.1843,0.056223,0.026863,0.023172,1.4626
570,6,20,0.58419,0.056628,1.1832,0.056121,0.029119,0.023189,1.4599
572,6,20,0.58022,0.056722,1.1819,0.056015,0.031297,0.023261,1.4565
574,6,20,0.57615,0.056774,1.1802,0.055902,0.033307,0.023352,1.4523
576,6,20,0.57199,0.056784,1.1782,0.05578,0.035064,0.023422,1.4473
578,6,20,0.56776,0.056751,1.1758,0.055648,0.036491,0.023441,1.4414
580,6,20,0.56349,0.056679,1.173,0.055508,0.037527,0.023382,1.4345
582,6,20,0.55919,0.056572,1.1698,0.05536,0.038122,0.02323,1.4266
584,6,20,0.5549,0.056438,1.1661,0.05521,0.038245,0.02298,1.4177
586,6,20,0.55062,0.056286,1.162,0.055062,0.037883,0.022637,1.408
588,6,20,0.54639,0.056125,1.1576,0.054923,0.037039,0.022215,1.3974
590,6,20,0.54223,0.055966,1.1529,0.0548,0.035734,0.02174,1.3862
592,6,20,0.53816,0.05582,1.1479,0.054704,0.034005,0.021244,1.3745
594,6,20,0.5342,0.055699,1.1427,0.054641,0.031905,0.020766,1.3624
596,6,20,0.53038,0.055613,1.1373,0.054621,0.029496,0.020347,1.3502
598,6,20,0.52671,0.055571,1.1319,0.054651,0.02685,0.020028,1.338
600,6,20,0.52321,0.055579,1.1266,0.054736,0.024047,0.019845,1.3261
602,6,20,0.5199,0.055645,1.1213,0.054879,0.021165,0.019824,1.3146
604,6,20,0.51679,0.05577,1.1163,0.055081,0.018284,0.019975,1.3037
606,6,20,0.51389,0.055956,1.1115,0.055338,0.015481,0.020295,1.2936
608,6,20,0.51122,0.0562,1.1071,0.055645,0.012821,0.020765,1.2845
610,6,20,0.50878,0.056498,1.1031,0.055992,0.010365,0.021352,1.2763
612,6,20,0.50657,0.056844,1.0995,0.056365,0.0081566,0.022019,1.2693
614,6,20,0.50461,0.05723,1.0965,0.056752,0.0062291,0.022725,1.2635
616,6,20,0.50288,0.057645,1.094,0.057135,0.0045999,0.02343,1.2588
618,6,20,0.50139,0.058081,1.092,0.057498,0.003272,0.024098,1.2553
620,6,20,0.50012,0.058524,1.0906,0.057826,0.0022338,0.024702,1.2528
622,6,20,0.49908,0.058965,1.0896,0.058106,0.0014602,0.02522,1.2514
624,6,20,0.49825,0.059392,1.0891,0.058325,0.0009145,0.02564,1.2508
626,6,20,0.49761,0.059794,1.0891,0.058476,0.0005506,0.025957,1.251
628,6,20,0.49716,0.060163,1.0894,0.058554,0.00031543,0.026172,1.2518
630,6,20,0.49687,0.060491,1.0899,0.058557,0.00015213,0.026294,1.2531
632,6,20,0.49673,0.060769,1.0907,0.058486,3.2303e-06,0.026336,1.2547
634,6,20,0.4967,0.060992,1.0917,0.058346,-0.00018609,0.026313,1.2565
636,6,20,0.49678,0.061157,1.0927,0.058144,-0.00046494,0.02624,1.2583
638,6,20,0.49694,0.06126,1.0938,0.057888,-0.00087399,0.026135,1.26
640,6,20,0.49714,0.0613,1.0948,0.057586,-0.0014432,0.026012,1.2616
642,6,20,0.49737,0.061277,1.0957,0.057247,-0.0021904,0.025881,1.2628
644,6,20,0.4976,0.061193,1.0965,0.056882,-0.0031203,0.025752,1.2638
646,6,20,0.49781,0.061048,1.0971,0.056498,-0.0042245,0.02563,1.2643
648,6,20,0.49796,0.060846,1.0976,0.056103,-0.0054821,0.025517,1.2645
650,6,20,0.49803,0.060592,1.0979,0.055704,-0.0068614,0.025414,1.2643
652,6,20,0.49801,0.060289,1.098,0.055307,-0.0083214,0.025321,1.2637
654,6,20,0.49785,0.059941,1.0979,0.054916,-0.0098148,0.025236,1.2627
656,6,20,0.49755,0.059555,1.0977,0.054536,-0.01129,0.02516,1.2614
658,6,20,0.49708,0.059134,1.0973,0.054171,-0.012696,0.025093,1.2598
660,6,20,0.49642,0.058685,1.0968,0.053825,-0.013981,0.025038,1.2579
662,6,20,0.49555,0.05821,1.0961,0.053503,-0.0151,0.025,1.2558
664,6,20,0.49446,0.057715,1.0953,0.053208,-0.016014,0.024984,1.2535
666,6,20,0.49314,0.057204,1.0944,0.052943,-0.01669,0.024998,1.2509
668,6,20,0.49158,0.05668,1.0933,0.052713,-0.017106,0.025046,1.2481
670,6,20,0.48976,0.056146,1.0921,0.052519,-0.01725,0.025135,1.245
672,6,20,0.48768,0.055605,1.0907,0.052363,-0.017119,0.025268,1.2416
674,6,20,0.48534,0.055058,1.0891,0.052245,-0.016719,0.025445,1.2379
676,6,20,0.48274,0.054509,1.0872,0.052161,-0.016065,0.025663,1.2338
678,6,20,0.47987,0.053959,1.0852,0.052109,-0.015179,0.025916,1.2292
680,6,20,0.47675,0.053408,1.0829,0.052083,-0.014091,0.026195,1.2241
682,6,20,0.47338,0.052858,1.0802,0.052076,-0.012835,0.026488,1.2184
684,6,20,0.46977,0.052311,1.0773,0.052081,-0.011451,0.026782,1.212
686,6,20,0.46593,0.051767,1.074,0.052088,-0.0099817,0.027062,1.205
688,6,20,0.46187,0.051228,1.0703,0.052092,-0.0084714,0.027313,1.1971
690,6,20,0.45761,0.050696,1.0663,0.052084,-0.0069661,0.027523,1.1886
692,6,20,0.45316,0.05017,1.0619,0.05206,-0.0055116,0.027676,1.1792
694,6,20,0.44854,0.049655,1.0572,0.052014,-0.004152,0.027763,1.1691
696,6,20,0.44376,0.04915,1.0521,0.051944,-0.0029292,0.027773,1.1583
698,6,20,0.43886,0.048658,1.0468,0.051849,-0.0018812,0.027699,1.1468
700,6,20,0.43384,0.04818,1.0411,0.051729,-0.0010416,0.027535,1.1348
702,6,20,0.42874,0.047719,1.0352,0.051586,-0.00043814,0.027279,1.1223
704,6,20,0.42356,0.047276,1.0292,0.051422,-9.2305e-05,0.02693,1.1095
706,6,20,0.41833,0.046853,1.023,0.051241,-1.8785e-05,0.026492,1.0964
708,6,20,0.41307,0.046451,1.0168,0.051045,-0.00022521,0.02597,1.0833
710,6,20,0.4078,0.046071,1.0105,0.050839,-0.00071232,0.025371,1.0703
712,6,20,0.40254,0.045712,1.0044,0.050625,-0.0014745,0.024704,1.0574
714,6,20,0.39731,0.045377,0.99833,0.050405,-0.0025003,0.023982,1.0449
716,6,20,0.39212,0.045064,0.9925,0.05018,-0.003774,0.023216,1.0329
718,6,20,0.387,0.044773,0.98693,0.049952,-0.0052761,0.02242,1.0214
720,6,20,0.38195,0.044502,0.98166,0.049719,-0.0069847,0.021606,1.0106
722,6,20,0.37699,0.04425,0.97673,0.04948,-0.0088765,0.020787,1.0005
724,6,20,0.37213,0.044015,0.97218,0.049235,-0.010927,0.019976,0.99119
726,6,20,0.36738,0.043796,0.96801,0.04898,-0.013113,0.019184,0.98263
728,6,20,0.36276,0.043589,0.96424,0.048714,-0.015409,0.018423,0.97485
730,6,20,0.35826,0.043392,0.96085,0.048435,-0.017789,0.017705,0.96782
732,6,20,0.35389,0.043203,0.95783,0.048143,-0.020228,0.017043,0.96148
734,6,20,0.34966,0.043019,0.95515,0.047836,-0.0227,0.016451,0.95578
736,6,20,0.34558,0.042837,0.95276,0.047515,-0.025176,0.015945,0.95064
738,6,20,0.34163,0.042655,0.95061,0.047182,-0.027629,0.015539,0.94596
740,6,20,0.33783,0.042471,0.94867,0.046837,-0.03003,0.015245,0.94166
742,6,20,0.33416,0.042283,0.94688,0.046485,-0.032349,0.015074,0.93764
744,6,20,0.33064,0.042089,0.94518,0.046129,-0.03456,0.015031,0.9338
746,6,20,0.32724,0.041887,0.94353,0.045773,-0.036634,0.015115,0.93006
748,6,20,0.32398,0.041676,0.94188,0.045422,-0.038549,0.015322,0.92634
750,6,20,0.32084,0.041456,0.9402,0.045081,-0.04028,0.015641,0.92258
752,6,20,0.31782,0.041225,0.93844,0.044758,-0.041811,0.016058,0.91873
754,6,20,0.31492,0.040984,0.93659,0.044457,-0.043128,0.01656,0.91475
756,6,20,0.31212,0.040732,0.93463,0.044184,-0.044219,0.01713,0.91062
758,6,20,0.30942,0.04047,0.93255,0.043946,-0.045081,0.017755,0.90634
760,6,20,0.30682,0.040199,0.93036,0.043747,-0.045712,0.01842,0.90193
762,6,20,0.3043,0.039919,0.92806,0.043591,-0.046116,0.019113,0.89739
764,6,20,0.30187,0.039633,0.92567,0.043479,-0.0463,0.019824,0.89278
766,6,20,0.29951,0.039341,0.92321,0.043413,-0.046275,0.020541,0.88813
768,6,20,0.29722,0.039046,0.92071,0.04339,-0.046054,0.021256,0.88348
770,6,20,0.29499,0.038751,0.9182,0.043409,-0.045653,0.021959,0.87889
772,6,20,0.29283,0.038457,0.9157,0.043465,-0.045088,0.02264,0.8744
774,6,20,0.29072,0.038167,0.91325,0.043551,-0.044377,0.023289,0.87006
776,6,20,0.28867,0.037885,0.91087,0.04366,-0.043538,0.023896,0.8659
778,6,20,0.28667,0.037612,0.90858,0.043787,-0.042589,0.024449,0.86195
780,6,20,0.28472,0.037353,0.90641,0.043925,-0.041547,0.024938,0.85823
782,6,20,0.28282,0.037108,0.90435,0.044069,-0.040431,0.025351,0.85475
784,6,20,0.28096,0.036881,0.90242,0.044215,-0.039258,0.025681,0.8515
786,6,20,0.27915,0.036674,0.9006,0.044361,-0.038045,0.02592,0.84847
788,6,20,0.27739,0.036489,0.89889,0.044506,-0.036809,0.026062,0.84564
790,6,20,0.27567,0.036326,0.89727,0.044651,-0.035567,0.026106,0.84297
792,6,20,0.274,0.036186,0.89571,0.044796,-0.034334,0.026052,0.84043
794,6,20,0.27238,0.036068,0.8942,0.044942,-0.033123,0.025906,0.83797
796,6,20,0.27081,0.035973,0.8927,0.04509,-0.031949,0.025673,0.83555
798,6,20,0.26929,0.035898,0.8912,0.045239,-0.030824,0.025364,0.83312
800,6,20,0.26782,0.035841,0.88966,0.045386,-0.029758,0.02499,0.83064
802,6,20,0.2664,0.0358,0.88808,0.04553,-0.028762,0.024563,0.82807
804,6,20,0.26503,0.035772,0.88643,0.045665,-0.027846,0.024096,0.82538
806,6,20,0.26372,0.035752,0.88472,0.045786,-0.02702,0.023603,0.82255
808,6,20,0.26245,0.035738,0.88292,0.045887,-0.026292,0.023095,0.81956
810,6,20,0.26124,0.035726,0.88106,0.045961,-0.025673,0.022583,0.8164
812,6,20,0.26007,0.035713,0.87913,0.046004,-0.02517,0.022075,0.81308
814,6,20,0.25896,0.035694,0.87715,0.046008,-0.02479,0.021578,0.80962
816,6,20,0.25788,0.035667,0.87515,0.045969,-0.024541,0.021095,0.80603
818,6,20,0.25685,0.03563,0.87312,0.045883,-0.024427,0.020629,0.80235
820,6,20,0.25585,0.035581,0.87112,0.045747,-0.024451,0.020178,0.79861
822,6,20,0.25488,0.035518,0.86914,0.04556,-0.024612,0.019742,0.79485
824,6,20,0.25394,0.035441,0.86723,0.045321,-0.02491,0.019317,0.79112
826,6,20,0.25302,0.03535,0.8654,0.045032,-0.02534,0.018903,0.78745
828,6,20,0.25211,0.035246,0.86367,0.044697,-0.025895,0.018497,0.78389
830,6,20,0.25121,0.03513,0.86206,0.044321,-0.026566,0.018101,0.78048
832,6,20,0.25031,0.035004,0.86058,0.043909,-0.027342,0.017716,0.77724
834,6,20,0.2494,0.034871,0.85924,0.043469,-0.028208,0.017347,0.77419
836,6,20,0.24847,0.034733,0.85803,0.043009,-0.029148,0.017001,0.77136
838,6,20,0.24751,0.034593,0.85695,0.04254,-0.030144,0.016684,0.76874
840,6,20,0.24653,0.034454,0.85599,0.042069,-0.031173,0.016404,0.76634
842,6,20,0.2455,0.034318,0.85513,0.041608,-0.032213,0.016166,0.76413
844,6,20,0.24442,0.034187,0.85435,0.041163,-0.033239,0.015972,0.7621
846,6,20,0.24329,0.034062,0.85362,0.040744,-0.034223,0.01582,0.76021
848,6,20,0.24209,0.033945,0.85292,0.040358,-0.03514,0.015704,0.75843
850,6,20,0.24082,0.033836,0.85222,0.040011,-0.035963,0.015612,0.7567
852,6,20,0.23947,0.033734,0.85149,0.039708,-0.036667,0.015531,0.75499
854,6,20,0.23805,0.033637,0.85068,0.039453,-0.037231,0.015443,0.75323
856,6,20,0.23653,0.033544,0.84977,0.039249,-0.037634,0.015332,0.75138
858,6,20,0.23493,0.033452,0.84874,0.0391,-0.037863,0.015185,0.7494
860,6,20,0.23324,0.033357,0.84754,0.039006,-0.037907,0.01499,0.74723
862,6,20,0.23145,0.033256,0.84616,0.038968,-0.037762,0.01474,0.74484
864,6,20,0.22957,0.033144,0.84458,0.038984,-0.037429,0.014433,0.7422
866,6,20,0.22759,0.03302,0.84279,0.039054,-0.036915,0.014074,0.73928
868,6,20,0.22552,0.032878,0.84078,0.039175,-0.036229,0.01367,0.73607
870,6,20,0.22337,0.032715,0.83854,0.039342,-0.03539,0.013238,0.73256
872,6,20,0.22112,0.03253,0.83609,0.039551,-0.034416,0.012796,0.72877
874,6,20,0.2188,0.03232,0.83344,0.039797,-0.03333,0.012369,0.72471
876,6,20,0.2164,0.032085,0.8306,0.040071,-0.032156,0.011981,0.72041
878,6,20,0.21393,0.031825,0.82761,0.040368,-0.03092,0.01166,0.7159
880,6,20,0.2114,0.03154,0.82449,0.040679,-0.029645,0.011428,0.71122
882,6,20,0.20882,0.031233,0.82127,0.040997,-0.028354,0.011301,0.70643
884,6,20,0.20619,0.030907,0.81801,0.041315,-0.027069,0.011285,0.70157
886,6,20,0.20352,0.030566,0.81473,0.041625,-0.025806,0.011373,0.6967
888,6,20,0.20082,0.030215,0.81148,0.041921,-0.02458,0.011548,0.69189
890,6,20,0.19811,0.029859,0.8083,0.042196,-0.023404,0.011784,0.68718
892,6,20,0.19539,0.029505,0.80523,0.042445,-0.022284,0.012052,0.68263
894,6,20,0.19266,0.029158,0.80231,0.042664,-0.021227,0.012325,0.67829
896,6,20,0.18995,0.028824,0.79957,0.042851,-0.020235,0.01258,0.6742
898,6,20,0.18725,0.02851,0.79702,0.043006,-0.019309,0.012798,0.67039
900,6,20,0.18458,0.028219,0.7947,0.043129,-0.018447,0.01297,0.66689
902,6,20,0.18195,0.027957,0.79261,0.043225,-0.017646,0.013093,0.66373
904,6,20,0.17936,0.027725,0.79076,0.043297,-0.016904,0.013172,0.66091
906,6,20,0.17682,0.027525,0.78913,0.043352,-0.016216,0.013213,0.65844
908,6,20,0.17434,0.027357,0.78773,0.043395,-0.015581,0.013229,0.65629
910,6,20,0.17192,0.027219,0.78652,0.043434,-0.014995,0.013232,0.65446
912,6,20,0.16956,0.027108,0.7855,0.043475,-0.014458,0.01323,0.65293
914,6,20,0.16728,0.027019,0.78464,0.043523,-0.013967,0.013233,0.65166
916,6,20,0.16507,0.026948,0.78391,0.043582,-0.013526,0.013243,0.65061
918,6,20,0.16293,0.026888,0.78328,0.043654,-0.013134,0.013259,0.64974
920,6,20,0.16087,0.026832,0.78273,0.04374,-0.012794,0.013279,0.64902
922,6,20,0.15889,0.026774,0.78222,0.043839,-0.012509,0.013296,0.64839
924,6,20,0.15698,0.026706,0.78174,0.043947,-0.01228,0.013305,0.64782
926,6,20,0.15514,0.026624,0.78126,0.04406,-0.012111,0.0133,0.64725
928,6,20,0.15337,0.026522,0.78075,0.044174,-0.012002,0.013277,0.64665
930,6,20,0.15167,0.026396,0.78021,0.044282,-0.011954,0.013235,0.64598
932,6,20,0.15004,0.026242,0.77961,0.044377,-0.011969,0.013174,0.6452
934,6,20,0.14846,0.026058,0.77894,0.044454,-0.012047,0.013097,0.64429
936,6,20,0.14694,0.025845,0.77819,0.044507,-0.012188,0.013006,0.64322
938,6,20,0.14546,0.025602,0.77737,0.044529,-0.012394,0.012906,0.64197
940,6,20,0.14403,0.025332,0.77645,0.044516,-0.012666,0.012803,0.64053
942,6,20,0.14263,0.025038,0.77544,0.044463,-0.013005,0.0127,0.63887
944,6,20,0.14127,0.024725,0.77435,0.044367,-0.013413,0.012604,0.63701
946,6,20,0.13992,0.024398,0.77316,0.044224,-0.01389,0.012517,0.63493
948,6,20,0.1386,0.024063,0.77188,0.044032,-0.014439,0.012444,0.63264
950,6,20,0.13729,0.023727,0.77052,0.043787,-0.015057,0.012388,0.63013
952,6,20,0.13599,0.023396,0.76908,0.043488,-0.015743,0.012351,0.62742
954,6,20,0.13469,0.023079,0.76756,0.043132,-0.016495,0.012336,0.6245
956,6,20,0.13338,0.02278,0.76598,0.042716,-0.017308,0.012345,0.62139
958,6,20,0.13207,0.022506,0.76432,0.042242,-0.018177,0.012381,0.61809
960,6,20,0.13075,0.022261,0.7626,0.041707,-0.019096,0.01245,0.61461
962,6,20,0.12941,0.022049,0.76082,0.041114,-0.020059,0.012558,0.61096
964,6,20,0.12806,0.021873,0.75896,0.040465,-0.021059,0.01271,0.60714
966,6,20,0.12669,0.021732,0.75705,0.039767,-0.02209,0.012916,0.60317
968,6,20,0.1253,0.021625,0.75505,0.039026,-0.023145,0.013182,0.59904
970,6,20,0.12388,0.021549,0.75298,0.038251,-0.02422,0.013512,0.59478
972,6,20,0.12245,0.021502,0.75083,0.037453,-0.025308,0.013906,0.59039
974,6,20,0.121,0.021478,0.74859,0.036642,-0.026407,0.014361,0.58589
976,6,20,0.11952,0.021473,0.74625,0.03583,-0.027511,0.014867,0.58128
978,6,20,0.11803,0.02148,0.74383,0.035027,-0.028616,0.015413,0.57659
980,6,20,0.11652,0.021494,0.74132,0.034243,-0.029717,0.015979,0.57183
982,6,20,0.115,0.02151,0.73873,0.033486,-0.030809,0.016549,0.56702
984,6,20,0.11348,0.021524,0.73607,0.032762,-0.031886,0.017102,0.56219
986,6,20,0.11194,0.021532,0.73336,0.032075,-0.032939,0.017617,0.55736
988,6,20,0.1104,0.021531,0.73061,0.03143,-0.033961,0.018076,0.55257
990,6,20,0.10887,0.021519,0.72785,0.030827,-0.034941,0.018465,0.54783
992,6,20,0.10734,0.021497,0.7251,0.030269,-0.035868,0.018769,0.54318
994,6,20,0.10582,0.021464,0.72238,0.029757,-0.036728,0.01898,0.53866
996,6,20,0.10432,0.021421,0.71972,0.029294,-0.037508,0.019093,0.5343
998,6,20,0.10283,0.021372,0.71713,0.028882,-0.038194,0.019106,0.53012
1000,6,20,0.10137,0.021319,0.71463,0.028526,-0.038774,0.019021,0.52616
1002,6,20,0.099936,0.021264,0.71225,0.028231,-0.039236,0.018844,0.52244
1004,6,20,0.098534,0.021212,0.70999,0.028004,-0.039572,0.018585,0.51899
1006,6,20,0.097169,0.021167,0.70787,0.027851,-0.039776,0.018254,0.51582
1008,6,20,0.095843,0.02113,0.7059,0.027779,-0.039846,0.017866,0.51296
1010,6,20,0.09456,0.021106,0.70407,0.027793,-0.039781,0.017436,0.5104
1012,6,20,0.093322,0.021095,0.7024,0.027895,-0.039584,0.01698,0.50815
1014,6,20,0.092133,0.021098,0.70088,0.028086,-0.039261,0.016512,0.50622
1016,6,20,0.090995,0.021117,0.6995,0.028361,-0.038817,0.016049,0.50459
1018,6,20,0.089909,0.021149,0.69827,0.028712,-0.038259,0.015601,0.50325
1020,6,20,0.088878,0.021192,0.69718,0.029128,-0.037596,0.01518,0.50218
1022,6,20,0.087902,0.021245,0.69622,0.029596,-0.036833,0.014792,0.50136
1024,6,20,0.086982,0.021302,0.69538,0.030098,-0.035977,0.014441,0.50077
1026,6,20,0.086118,0.02136,0.69467,0.030619,-0.035035,0.014129,0.50038
1028,6,20,0.08531,0.021415,0.69407,0.031142,-0.034011,0.013855,0.50015
1030,6,20,0.084559,0.02146,0.69357,0.031653,-0.032913,0.013617,0.50007
1032,6,20,0.083863,0.021493,0.69316,0.03214,-0.031747,0.013414,0.50009
1034,6,20,0.083222,0.021509,0.69283,0.032593,-0.03052,0.013244,0.5002
1036,6,20,0.082633,0.021504,0.69258,0.033006,-0.029242,0.013104,0.50037
1038,6,20,0.082096,0.021474,0.69239,0.033374,-0.027922,0.012993,0.50057
1040,6,20,0.081609,0.021419,0.69225,0.033696,-0.02657,0.012909,0.50078
1042,6,20,0.08117,0.021336,0.69215,0.033973,-0.025197,0.01285,0.501
1044,6,20,0.080775,0.021225,0.69209,0.034204,-0.023813,0.012812,0.50122
1046,6,20,0.080424,0.021087,0.69206,0.034391,-0.022429,0.012789,0.50142
1048,6,20,0.080112,0.020924,0.69206,0.034538,-0.021053,0.012776,0.50161
1050,6,20,0.079838,0.020738,0.69209,0.034646,-0.019695,0.012765,0.50179
1052,6,20,0.079599,0.020534,0.69215,0.034717,-0.01836,0.012747,0.50197
1054,6,20,0.079391,0.020315,0.69225,0.034753,-0.017055,0.012715,0.50216
1056,6,20,0.079211,0.020088,0.69239,0.034757,-0.015786,0.012662,0.50236
1058,6,20,0.079056,0.019858,0.69259,0.034732,-0.014559,0.012579,0.5026
1060,6,20,0.078923,0.01963,0.69284,0.03468,-0.013379,0.012462,0.50288
1062,6,20,0.078808,0.019412,0.69315,0.034604,-0.012252,0.012305,0.50321
1064,6,20,0.078708,0.019209,0.69353,0.034507,-0.011184,0.012105,0.5036
1066,6,20,0.07862,0.019026,0.69396,0.034392,-0.010181,0.01186,0.50406
1068,6,20,0.078539,0.018869,0.69446,0.034262,-0.0092485,0.011572,0.50459
1070,6,20,0.078462,0.01874,0.69502,0.03412,-0.0083931,0.011245,0.50517
1072,6,20,0.078386,0.018643,0.69562,0.033966,-0.0076202,0.010885,0.50581
1074,6,20,0.078307,0.018578,0.69626,0.033804,-0.0069354,0.010505,0.50649
1076,6,20,0.078221,0.018544,0.69693,0.033632,-0.0063442,0.01012,0.5072
1078,6,20,0.078125,0.018541,0.69759,0.033452,-0.0058521,0.0097514,0.5079
1080,6,20,0.078014,0.018565,0.69825,0.033261,-0.0054649,0.0094247,0.50857
1082,6,20,0.077886,0.018612,0.69887,0.03306,-0.0051892,0.0091676,0.50919
1084,6,20,0.077737,0.018676,0.69944,0.032845,-0.0050321,0.0090075,0.50971
1086,6,20,0.077563,0.018754,0.69993,0.032617,-0.0050014,0.0089673,0.51012
1088,6,20,0.07736,0.018838,0.70032,0.032374,-0.0051055,0.0090601,0.51036
1090,6,20,0.077126,0.018923,0.70058,0.032116,-0.005353,0.0092871,0.51041
1092,6,20,0.076857,0.019004,0.7007,0.031842,-0.0057515,0.0096373,0.51025
1094,6,20,0.076551,0.019076,0.70066,0.031556,-0.0063074,0.01009,0.50984
1096,6,20,0.076203,0.019134,0.70043,0.031258,-0.0070246,0.010621,0.50916
1098,6,20,0.075813,0.019177,0.7,0.030952,-0.0079036,0.011202,0.50821
1100,6,20,0.075376,0.019201,0.69938,0.030644,-0.0089406,0.01181,0.50697
1102,6,20,0.074892,0.019205,0.69854,0.030337,-0.010127,0.012424,0.50544
1104,6,20,0.074358,0.019189,0.69749,0.030038,-0.011448,0.013026,0.50363
1106,6,20,0.073773,0.019154,0.69623,0.029752,-0.012886,0.013605,0.50155
1108,6,20,0.073135,0.019102,0.69477,0.029485,-0.014414,0.014148,0.49923
1110,6,20,0.072445,0.019035,0.69314,0.029241,-0.016005,0.014651,0.49668
1112,6,20,0.071702,0.018958,0.69133,0.029025,-0.017625,0.015108,0.49395
1114,6,20,0.070906,0.018874,0.68939,0.028841,-0.019241,0.015516,0.49106
1116,6,20,0.070057,0.01879,0.68733,0.02869,-0.020815,0.015874,0.48806
1118,6,20,0.069158,0.018712,0.68518,0.028573,-0.022313,0.016181,0.48499
1120,6,20,0.068209,0.018644,0.68298,0.028492,-0.023701,0.016439,0.48188
1122,6,20,0.067213,0.018593,0.68074,0.028444,-0.024948,0.01665,0.47878
1124,6,20,0.066173,0.018566,0.67851,0.02843,-0.026029,0.016818,0.47573
1126,6,20,0.065091,0.018566,0.67629,0.028448,-0.026923,0.016948,0.47275
1128,6,20,0.063972,0.018599,0.67413,0.028496,-0.027615,0.017047,0.46987
1130,6,20,0.06282,0.018668,0.67202,0.028573,-0.028098,0.017123,0.46713
1132,6,20,0.061639,0.018774,0.66999,0.028679,-0.028372,0.017188,0.46452
1134,6,20,0.060434,0.01892,0.66805,0.028812,-0.028443,0.017251,0.46206
1136,6,20,0.059211,0.019103,0.6662,0.028971,-0.028322,0.017325,0.45976
1138,6,20,0.057975,0.019323,0.66443,0.029154,-0.028028,0.017421,0.45761
1140,6,20,0.056733,0.019575,0.66274,0.029361,-0.027582,0.017551,0.45561
1142,6,20,0.05549,0.019856,0.66114,0.029588,-0.02701,0.017724,0.45373
1144,6,20,0.054253,0.020159,0.65959,0.029831,-0.026338,0.017948,0.45197
1146,6,20,0.053029,0.02048,0.65811,0.030086,-0.025594,0.018226,0.4503
1148,6,20,0.051823,0.020812,0.65666,0.030347,-0.024805,0.018562,0.44871
1150,6,20,0.050642,0.021148,0.65526,0.030607,-0.023993,0.018951,0.44716
1152,6,20,0.049493,0.021482,0.65388,0.030858,-0.023179,0.019389,0.44565
1154,6,20,0.048381,0.021806,0.65253,0.03109,-0.022381,0.019869,0.44416
1156,6,20,0.047312,0.022116,0.65119,0.031295,-0.021611,0.020378,0.44266
1158,6,20,0.046291,0.022406,0.64988,0.031464,-0.020879,0.020906,0.44116
1160,6,20,0.045323,0.02267,0.6486,0.031588,-0.02019,0.021439,0.43964
1162,6,20,0.044414,0.022904,0.64734,0.031662,-0.019546,0.021963,0.43809
1164,6,20,0.043565,0.023104,0.64611,0.031681,-0.018949,0.022467,0.43653
1166,6,20,0.042782,0.023267,0.64493,0.031642,-0.018398,0.022939,0.43496
1168,6,20,0.042066,0.02339,0.64379,0.031545,-0.017893,0.023368,0.43338
1170,6,20,0.041419,0.023473,0.64271,0.031394,-0.017434,0.023745,0.4318
1172,6,20,0.040842,0.023514,0.64168,0.031193,-0.017022,0.024065,0.43024
1174,6,20,0.040336,0.023513,0.64071,0.030948,-0.016657,0.024321,0.4287
1176,6,20,0.0399,0.023471,0.6398,0.030668,-0.016343,0.024512,0.42721
1178,6,20,0.039533,0.02339,0.63894,0.030361,-0.016082,0.024636,0.42576
1180,6,20,0.039233,0.023272,0.63814,0.030036,-0.01588,0.024694,0.42436
1182,6,20,0.038998,0.023119,0.63738,0.029702,-0.015741,0.024688,0.42302
1184,6,20,0.038823,0.022935,0.63667,0.029366,-0.01567,0.024621,0.42173
1186,6,20,0.038705,0.022724,0.63599,0.029035,-0.015673,0.024497,0.42049
1188,6,20,0.038639,0.02249,0.63532,0.028712,-0.015759,0.024322,0.4193
1190,6,20,0.03862,0.022238,0.63466,0.028402,-0.015935,0.0241,0.41813
1192,6,20,0.038642,0.021973,0.634,0.028106,-0.01621,0.023837,0.41696
1194,6,20,0.038698,0.021701,0.63331,0.027827,-0.016595,0.023538,0.41579
1196,6,20,0.038782,0.021426,0.63258,0.027564,-0.017099,0.023207,0.41459
1198,6,20,0.038887,0.021153,0.63179,0.027318,-0.017734,0.02285,0.41334
1200,6,20,0.039007,0.020886,0.63093,0.02709,-0.018508,0.02247,0.41201
1202,6,20,0.039133,0.02063,0.62997,0.026882,-0.019429,0.022069,0.4106
1204,6,20,0.039259,0.020388,0.62892,0.026694,-0.020503,0.02165,0.40908
1206,6,20,0.039378,0.020162,0.62775,0.026531,-0.02173,0.021215,0.40744
1208,6,20,0.039483,0.019954,0.62646,0.026394,-0.023105,0.020764,0.40569
1210,6,20,0.039567,0.019765,0.62505,0.026287,-0.02462,0.020299,0.40382
1212,6,20,0.039625,0.019594,0.62353,0.026212,-0.026257,0.019821,0.40184
1214,6,20,0.039651,0.019441,0.62189,0.026172,-0.027993,0.01933,0.39977
1216,6,20,0.039638,0.019303,0.62017,0.026167,-0.029798,0.018828,0.39762
1218,6,20,0.039584,0.019178,0.61837,0.026198,-0.031636,0.018318,0.39543
1220,6,20,0.039485,0.019064,0.61654,0.026264,-0.033464,0.017802,0.39322
1222,6,20,0.039336,0.018956,0.61468,0.026363,-0.035238,0.017284,0.39104
1224,6,20,0.039136,0.018852,0.61285,0.026492,-0.036911,0.016766,0.38892
1226,6,20,0.038884,0.018748,0.61108,0.026647,-0.038437,0.016254,0.38691
1228,6,20,0.038578,0.018642,0.60939,0.026824,-0.039771,0.015751,0.38503
1230,6,20,0.038218,0.01853,0.60783,0.027021,-0.040872,0.015263,0.38333
1232,6,20,0.037806,0.018412,0.60642,0.027234,-0.041708,0.014794,0.38184
1234,6,20,0.037343,0.018284,0.60519,0.027461,-0.042253,0.014346,0.38058
1236,6,20,0.036832,0.018148,0.60416,0.027698,-0.04249,0.013922,0.37958
1238,6,20,0.036275,0.018003,0.60334,0.027945,-0.042413,0.013526,0.37885
1240,6,20,0.035677,0.017851,0.60273,0.028199,-0.042026,0.013158,0.37839
1242,6,20,0.035042,0.017693,0.60234,0.028458,-0.041344,0.012821,0.3782
1244,6,20,0.034375,0.017533,0.60216,0.02872,-0.04039,0.012517,0.37827
1246,6,20,0.033681,0.017373,0.60217,0.028982,-0.039198,0.012248,0.37857
1248,6,20,0.032967,0.017217,0.60235,0.029239,-0.037809,0.012021,0.37908
1250,6,20,0.032239,0.01707,0.60269,0.02949,-0.036271,0.011839,0.37975
1252,6,20,0.031502,0.016937,0.60314,0.029729,-0.034636,0.01171,0.38057
1254,6,20,0.030764,0.016821,0.60367,0.029953,-0.032958,0.011638,0.38147
1256,6,20,0.030031,0.016727,0.60427,0.030157,-0.031294,0.011629,0.38242
1258,6,20,0.029309,0.016659,0.60489,0.030339,-0.029699,0.011683,0.38338
1260,6,20,0.028606,0.016618,0.6055,0.030495,-0.028223,0.011799,0.3843
1262,6,20,0.027926,0.016608,0.60608,0.030623,-0.026914,0.011972,0.38515
1264,6,20,0.027275,0.016629,0.6066,0.030723,-0.025807,0.012192,0.3859
1266,6,20,0.02666,0.01668,0.60704,0.030793,-0.024934,0.012448,0.38652
1268,6,20,0.026085,0.01676,0.60739,0.030834,-0.02431,0.012726,0.38699
1270,6,20,0.025553,0.016865,0.60764,0.030847,-0.023942,0.013013,0.38731
1272,6,20,0.02507,0.016993,0.60778,0.030831,-0.023822,0.013298,0.38746
1274,6,20,0.024638,0.017139,0.60783,0.030787,-0.023931,0.013569,0.38746
1276,6,20,0.024259,0.017297,0.60777,0.030716,-0.024238,0.01382,0.38732
1278,6,20,0.023935,0.017462,0.60765,0.030618,-0.024701,0.014045,0.38705
1280,6,20,0.023668,0.017629,0.60746,0.030493,-0.025269,0.014243,0.38668
1282,6,20,0.023457,0.017791,0.60724,0.03034,-0.025886,0.014416,0.38623
1284,6,20,0.023302,0.017944,0.60701,0.030159,-0.026494,0.014566,0.38574
1286,6,20,0.023203,0.018083,0.60679,0.029952,-0.027031,0.0147,0.38524
1288,6,20,0.023158,0.018203,0.60661,0.029718,-0.027442,0.014824,0.38476
1290,6,20,0.023164,0.018301,0.60649,0.02946,-0.027675,0.014946,0.38433
1292,6,20,0.023219,0.018372,0.60645,0.029182,-0.027687,0.015071,0.38397
1294,6,20,0.02332,0.018415,0.6065,0.028889,-0.027445,0.015204,0.3837
1296,6,20,0.023462,0.018427,0.60665,0.028586,-0.026926,0.015348,0.38356
1298,6,20,0.023642,0.018408,0.60691,0.028282,-0.026119,0.015501,0.38354
1300,6,20,0.023856,0.018357,0.60727,0.027983,-0.025024,0.01566,0.38365
1302,6,20,0.024098,0.018273,0.60773,0.027699,-0.023652,0.015818,0.38391
1304,6,20,0.024364,0.018159,0.60827,0.027436,-0.022024,0.015968,0.3843
1306,6,20,0.02465,0.018014,0.6089,0.027205,-0.02017,0.0161,0.38482
1308,6,20,0.024951,0.017841,0.60958,0.02701,-0.018127,0.016208,0.38545
1310,6,20,0.025261,0.017641,0.61032,0.026858,-0.015934,0.016283,0.38619
1312,6,20,0.025577,0.017418,0.61108,0.026753,-0.013639,0.016322,0.38702
1314,6,20,0.025895,0.017174,0.61186,0.026699,-0.011287,0.016322,0.38791
1316,6,20,0.02621,0.016912,0.61264,0.026697,-0.008926,0.016285,0.38887
1318,6,20,0.026519,0.016635,0.6134,0.026748,-0.0066007,0.016216,0.38986
1320,6,20,0.026819,0.016347,0.61414,0.026851,-0.0043539,0.01612,0.39087
1322,6,20,0.027106,0.016051,0.61485,0.027006,-0.0022243,0.016008,0.3919
1324,6,20,0.027379,0.01575,0.61551,0.02721,-0.00024558,0.01589,0.39293
1326,6,20,0.027636,0.015447,0.61614,0.027461,0.0015541,0.015776,0.39395
1328,6,20,0.027876,0.015145,0.61672,0.027756,0.0031527,0.015677,0.39498
1330,6,20,0.028097,0.014847,0.61725,0.02809,0.0045348,0.0156,0.39599
1332,6,20,0.0283,0.014556,0.61775,0.028461,0.0056913,0.015552,0.39701
1334,6,20,0.028484,0.014274,0.61822,0.028863,0.0066193,0.015535,0.39802
1336,6,20,0.028651,0.014003,0.61866,0.029291,0.0073221,0.015549,0.39905
1338,6,20,0.028801,0.013745,0.61909,0.02974,0.007808,0.015591,0.40008
1340,6,20,0.028936,0.013502,0.61951,0.030205,0.0080904,0.015657,0.40113
1342,6,20,0.029058,0.013276,0.61994,0.030678,0.0081862,0.015744,0.4022
1344,6,20,0.029169,0.013068,0.62037,0.031155,0.0081151,0.015844,0.4033
1346,6,20,0.029272,0.012878,0.62082,0.031628,0.0078989,0.015954,0.40442
1348,6,20,0.029368,0.012708,0.62129,0.032091,0.0075596,0.016069,0.40557
1350,6,20,0.029462,0.012559,0.62178,0.032538,0.007119,0.016187,0.40673
1352,6,20,0.029555,0.012431,0.62229,0.032965,0.0065976,0.016304,0.40789
1354,6,20,0.029651,0.012324,0.62282,0.033364,0.0060133,0.016419,0.40906
1356,6,20,0.029753,0.012238,0.62336,0.033733,0.0053809,0.016529,0.4102
1358,6,20,0.029862,0.012174,0.6239,0.034067,0.0047118,0.016631,0.41131
1360,6,20,0.029982,0.012131,0.62444,0.034363,0.0040137,0.016723,0.41236
1362,6,20,0.030116,0.012109,0.62496,0.034619,0.0032906,0.016803,0.41334
1364,6,20,0.030264,0.012105,0.62544,0.034833,0.0025437,0.016868,0.41423
1366,6,20,0.030429,0.012121,0.62588,0.035004,0.0017717,0.016915,0.41501
1368,6,20,0.030613,0.012153,0.62627,0.03513,0.00097192,0.016945,0.41566
1370,6,20,0.030816,0.0122,0.6266,0.03521,0.00014118,0.016959,0.41618
1372,6,20,0.03104,0.012261,0.62686,0.035244,-0.00072315,0.01696,0.41655
1374,6,20,0.031284,0.012333,0.62704,0.03523,-0.0016223,0.016953,0.41676
1376,6,20,0.031548,0.012414,0.62715,0.035169,-0.0025555,0.016948,0.41682
1378,6,20,0.031833,0.012502,0.6272,0.035059,-0.003519,0.016952,0.41673
1380,6,20,0.032137,0.012595,0.62718,0.034899,-0.0045063,0.016978,0.41649
1382,6,20,0.032459,0.012689,0.6271,0.034691,-0.005508,0.017035,0.41612
1384,6,20,0.032797,0.012784,0.62699,0.034434,-0.0065113,0.017131,0.41564
1386,6,20,0.03315,0.012877,0.62685,0.034129,-0.0075011,0.017274,0.41507
1388,6,20,0.033515,0.012966,0.62669,0.03378,-0.0084603,0.017464,0.41442
1390,6,20,0.03389,0.013049,0.62654,0.033387,-0.0093699,0.017698,0.41373
1392,6,20,0.034273,0.013125,0.6264,0.032955,-0.010211,0.017971,0.41301
1394,6,20,0.03466,0.013193,0.62629,0.03249,-0.010963,0.018269,0.4123
1396,6,20,0.035049,0.013252,0.62622,0.031996,-0.011608,0.018581,0.41161
1398,6,20,0.035437,0.013302,0.62621,0.03148,-0.01213,0.01889,0.41097
1400,6,20,0.035821,0.013343,0.62625,0.030949,-0.012515,0.019183,0.41039
1402,6,20,0.036198,0.013374,0.62635,0.030412,-0.012752,0.019447,0.40989
1404,6,20,0.036566,0.013396,0.62651,0.029876,-0.012835,0.019671,0.40947
1406,6,20,0.036922,0.013409,0.62672,0.02935,-0.01276,0.019847,0.40914
1408,6,20,0.037263,0.013415,0.62697,0.028841,-0.012531,0.019971,0.4089
1410,6,20,0.037587,0.013415,0.62727,0.028355,-0.012154,0.020041,0.40874
1412,6,20,0.037893,0.013409,0.62758,0.0279,-0.01164,0.020059,0.40865
1414,6,20,0.038179,0.013399,0.62791,0.027478,-0.011002,0.020028,0.40861
1416,6,20,0.038444,0.013386,0.62822,0.027093,-0.010259,0.019953,0.40861
1418,6,20,0.038686,0.013372,0.62852,0.026746,-0.0094297,0.019841,0.40863
1420,6,20,0.038905,0.013358,0.62877,0.026437,-0.008536,0.019697,0.40863
1422,6,20,0.039101,0.013346,0.62897,0.026165,-0.0076006,0.019527,0.40861
1424,6,20,0.039273,0.013335,0.6291,0.02593,-0.0066464,0.019337,0.40854
1426,6,20,0.039423,0.013327,0.62915,0.025731,-0.005696,0.019129,0.40841
1428,6,20,0.03955,0.013323,0.6291,0.025568,-0.0047709,0.018906,0.40819
1430,6,20,0.039656,0.013323,0.62895,0.025441,-0.003891,0.018668,0.40788
1432,6,20,0.039742,0.013328,0.62869,0.025352,-0.0030739,0.018416,0.40746
1434,6,20,0.039809,0.013337,0.62832,0.025305,-0.0023346,0.018146,0.40695
1436,6,20,0.03986,0.01335,0.62784,0.025301,-0.001685,0.017857,0.40634
1438,6,20,0.039894,0.013368,0.62725,0.025345,-0.0011335,0.017544,0.40565
1440,6,20,0.039916,0.013389,0.62657,0.025438,-0.00068504,0.017204,0.40488
1442,6,20,0.039925,0.013413,0.6258,0.025582,-0.00034111,0.016834,0.40406
1444,6,20,0.039925,0.013439,0.62498,0.025775,-9.9781e-05,0.016431,0.40322
1446,6,20,0.039917,0.013468,0.62411,0.026016,4.3805e-05,0.015993,0.40237
1448,6,20,0.039902,0.013498,0.62322,0.026298,9.6995e-05,0.015519,0.40155
1450,6,20,0.039884,0.013528,0.62235,0.026613,6.8936e-05,0.015011,0.40078
1452,6,20,0.039861,0.013559,0.62152,0.026952,-3.0187e-05,0.014472,0.40009
1454,6,20,0.039838,0.01359,0.62076,0.027303,-0.00019001,0.01391,0.3995
1456,6,20,0.039813,0.01362,0.62009,0.027654,-0.00040083,0.013337,0.39904
1458,6,20,0.039788,0.01365,0.61953,0.027993,-0.00065451,0.012769,0.39871
1460,6,20,0.039764,0.01368,0.61912,0.028309,-0.00094514,0.012228,0.39853
1462,6,20,0.03974,0.013709,0.61884,0.028591,-0.0012698,0.011739,0.3985
1464,6,20,0.039717,0.013739,0.61872,0.028832,-0.0016288,0.011331,0.39861
1466,6,20,0.039694,0.013768,0.61875,0.029025,-0.0020263,0.011032,0.39886
1468,6,20,0.039671,0.013798,0.61892,0.029168,-0.0024698,0.010864,0.39923
1470,6,20,0.039646,0.013829,0.61921,0.029257,-0.0029703,0.010839,0.39969
1472,6,20,0.03962,0.013862,0.6196,0.029294,-0.0035416,0.010956,0.40021
1474,6,20,0.039589,0.013897,0.62007,0.029281,-0.0041995,0.011198,0.40077
1476,6,20,0.039553,0.013934,0.62057,0.029219,-0.0049604,0.01154,0.40133
1478,6,20,0.03951,0.013973,0.62108,0.029113,-0.0058406,0.011951,0.40184
1480,6,20,0.039459,0.014016,0.62156,0.028966,-0.0068545,0.012399,0.40228
1482,6,20,0.039396,0.014063,0.62199,0.028783,-0.0080137,0.012858,0.40261
1484,6,20,0.039322,0.014113,0.62233,0.028566,-0.0093252,0.013306,0.4028
1486,6,20,0.039233,0.014166,0.62256,0.028321,-0.010791,0.013731,0.40282
1488,6,20,0.039128,0.014224,0.62266,0.028051,-0.012407,0.01413,0.40265
1490,6,20,0.039006,0.014284,0.62261,0.027761,-0.014162,0.014506,0.40229
1492,6,20,0.038865,0.014348,0.62241,0.027456,-0.016039,0.014872,0.40171
1494,6,20,0.038703,0.014415,0.62205,0.027142,-0.018015,0.015244,0.40094
1496,6,20,0.038521,0.014484,0.62154,0.026825,-0.020061,0.015645,0.39998
1498,6,20,0.038317,0.014556,0.62088,0.026513,-0.022142,0.016096,0.39884
1500,6,20,0.038092,0.014629,0.62009,0.026214,-0.02422,0.016615,0.39756
1502,6,20,0.037845,0.014703,0.61918,0.025936,-0.026256,0.017215,0.39617
1504,6,20,0.037578,0.014777,0.61819,0.025688,-0.028207,0.017898,0.3947
1506,6,20,0.03729,0.014851,0.61714,0.025476,-0.030031,0.018659,0.3932
1508,6,20,0.036985,0.014925,0.61606,0.025308,-0.031688,0.019482,0.3917
1510,6,20,0.036662,0.014997,0.61498,0.025185,-0.033141,0.020343,0.39025
1512,6,20,0.036325,0.015067,0.61393,0.02511,-0.034354,0.021213,0.38889
1514,6,20,0.035976,0.015134,0.61294,0.025082,-0.035299,0.02206,0.38765
1516,6,20,0.035619,0.015199,0.61205,0.025095,-0.035952,0.02285,0.38657
1518,6,20,0.035256,0.015259,0.61128,0.025143,-0.036297,0.023552,0.38568
1520,6,20,0.034891,0.015315,0.61066,0.025218,-0.036325,0.024138,0.38499
1522,6,20,0.034528,0.015366,0.6102,0.025313,-0.036036,0.024588,0.38451
1524,6,20,0.034171,0.015412,0.6099,0.025418,-0.035441,0.024885,0.38426
1526,6,20,0.033823,0.015453,0.60978,0.025527,-0.034556,0.02502,0.38421
1528,6,20,0.03349,0.015488,0.60982,0.025634,-0.033411,0.024993,0.38437
1530,6,20,0.033175,0.015516,0.61002,0.025735,-0.032039,0.024811,0.38471
1532,6,20,0.032882,0.01554,0.61035,0.025827,-0.030483,0.024485,0.3852
1534,6,20,0.032615,0.015557,0.61079,0.025909,-0.02879,0.024034,0.38582
1536,6,20,0.032379,0.015569,0.61132,0.025978,-0.027009,0.023477,0.38654
1538,6,20,0.032175,0.015576,0.61191,0.026034,-0.025193,0.022837,0.38731
1540,6,20,0.032007,0.015579,0.61252,0.026074,-0.023393,0.022138,0.3881
1542,6,20,0.031878,0.015579,0.61313,0.026097,-0.021658,0.021403,0.38887
1544,6,20,0.03179,0.015577,0.61373,0.026101,-0.020038,0.020652,0.3896
1546,6,20,0.031744,0.015573,0.61427,0.026084,-0.018573,0.019903,0.39026
1548,6,20,0.031741,0.01557,0.61476,0.026047,-0.017304,0.019172,0.39082
1550,6,20,0.031782,0.01557,0.61517,0.025989,-0.016261,0.018472,0.39126
1552,6,20,0.031867,0.015573,0.61548,0.025911,-0.01547,0.017813,0.39158
1554,6,20,0.031994,0.015582,0.61571,0.025815,-0.01495,0.017204,0.39176
1556,6,20,0.032162,0.015598,0.61583,0.025707,-0.01471,0.016652,0.3918
1558,6,20,0.032369,0.015624,0.61586,0.025591,-0.014754,0.016164,0.39172
1560,6,20,0.032612,0.01566,0.61579,0.025472,-0.015075,0.015747,0.39153
1562,6,20,0.032888,0.015709,0.61564,0.025358,-0.015661,0.015406,0.39122
1564,6,20,0.033193,0.015772,0.6154,0.025254,-0.016491,0.015147,0.39084
1566,6,20,0.033521,0.01585,0.6151,0.025167,-0.017539,0.014974,0.39039
1568,6,20,0.033869,0.015942,0.61475,0.025102,-0.018773,0.014886,0.38989
1570,6,20,0.034231,0.016051,0.61435,0.025061,-0.020155,0.014879,0.38936
1572,6,20,0.034601,0.016174,0.61393,0.025048,-0.021647,0.014943,0.38882
1574,6,20,0.034973,0.016313,0.61348,0.025061,-0.023208,0.015065,0.38829
1576,6,20,0.035342,0.016465,0.61303,0.0251,-0.024795,0.015228,0.38778
1578,6,20,0.035701,0.01663,0.61258,0.025161,-0.02637,0.015413,0.38729
1580,6,20,0.036043,0.016805,0.61214,0.025241,-0.027896,0.015602,0.38682
1582,6,20,0.036364,0.016988,0.61171,0.025333,-0.029337,0.015777,0.38638
1584,6,20,0.036657,0.017178,0.61129,0.025433,-0.030665,0.015924,0.38596
1586,6,20,0.036918,0.017372,0.61088,0.025535,-0.031855,0.016033,0.38556
1588,6,20,0.03714,0.017568,0.61047,0.025634,-0.032889,0.016097,0.38516
1590,6,20,0.037319,0.017763,0.61006,0.025727,-0.033751,0.016112,0.38474
1592,6,20,0.037452,0.017954,0.60963,0.025809,-0.034435,0.016081,0.38431
1594,6,20,0.037534,0.018141,0.60919,0.025878,-0.034936,0.016006,0.38384
1596,6,20,0.037565,0.018319,0.60872,0.025933,-0.035256,0.015894,0.38331
1598,6,20,0.03754,0.018489,0.60821,0.025972,-0.0354,0.015753,0.38273
1600,6,20,0.037461,0.018648,0.60766,0.025994,-0.035377,0.01559,0.38209
1602,6,20,0.037326,0.018796,0.60706,0.026002,-0.035199,0.015415,0.38137
1604,6,20,0.037135,0.018931,0.60642,0.025994,-0.03488,0.015232,0.38058
1606,6,20,0.036892,0.019053,0.60573,0.025973,-0.034435,0.015048,0.37973
1608,6,20,0.036598,0.019162,0.60501,0.02594,-0.033881,0.014867,0.37882
1610,6,20,0.036255,0.019258,0.60426,0.025895,-0.033235,0.014691,0.37787
1612,6,20,0.03587,0.019342,0.6035,0.02584,-0.032514,0.014523,0.3769
1614,6,20,0.035445,0.019413,0.60274,0.025776,-0.031733,0.014367,0.37592
1616,6,20,0.034987,0.019474,0.602,0.025704,-0.030908,0.014229,0.37495
1618,6,20,0.034503,0.019524,0.6013,0.025624,-0.030052,0.014114,0.37403
1620,6,20,0.033998,0.019566,0.60066,0.025536,-0.029179,0.014032,0.37318
1622,6,20,0.03348,0.0196,0.6001,0.025442,-0.028298,0.013992,0.37242
1624,6,20,0.032957,0.019628,0.59964,0.025341,-0.02742,0.014004,0.37177
1626,6,20,0.032437,0.01965,0.59929,0.025234,-0.026554,0.014074,0.37125
1628,6,20,0.031927,0.019669,0.59908,0.025122,-0.025709,0.014206,0.37088
1630,6,20,0.031436,0.019684,0.599,0.025004,-0.024893,0.014396,0.37068
1632,6,20,0.030971,0.019696,0.59907,0.024881,-0.024113,0.014635,0.37064
1634,6,20,0.030542,0.019707,0.59928,0.024754,-0.023379,0.014908,0.37078
1636,6,20,0.030155,0.019715,0.59964,0.024624,-0.022697,0.015197,0.37109
1638,6,20,0.029817,0.019723,0.60015,0.02449,-0.022076,0.015481,0.37157
1640,6,20,0.029535,0.019729,0.60078,0.024353,-0.021522,0.015739,0.37221
1642,6,20,0.029314,0.019734,0.60153,0.024213,-0.02104,0.015953,0.37298
1644,6,20,0.029161,0.019736,0.60239,0.024071,-0.020635,0.016107,0.37388
1646,6,20,0.02908,0.019736,0.60334,0.023925,-0.020309,0.01619,0.37489
1648,6,20,0.029073,0.019734,0.60435,0.023775,-0.020063,0.016196,0.37598
1650,6,20,0.029144,0.019729,0.60542,0.02362,-0.019895,0.016125,0.37714
1652,6,20,0.029294,0.01972,0.60653,0.023461,-0.019802,0.015979,0.37834
1654,6,20,0.029524,0.019708,0.60766,0.023297,-0.019779,0.015769,0.37956
1656,6,20,0.029833,0.019692,0.6088,0.023127,-0.01982,0.015506,0.3808
1658,6,20,0.03022,0.019673,0.60992,0.022952,-0.01992,0.015207,0.38202
1660,6,20,0.030681,0.019651,0.61104,0.022775,-0.020071,0.014892,0.38322
1662,6,20,0.031213,0.019627,0.61212,0.022596,-0.020266,0.01458,0.38439
1664,6,20,0.031812,0.019602,0.61317,0.022418,-0.020499,0.014292,0.38552
1666,6,20,0.032472,0.019576,0.61418,0.022244,-0.020764,0.014047,0.38662
1668,6,20,0.033186,0.019551,0.61515,0.022079,-0.021058,0.013861,0.38767
1670,6,20,0.033948,0.019529,0.61607,0.021925,-0.021375,0.013743,0.38868
1672,6,20,0.034748,0.019511,0.61695,0.021785,-0.021715,0.013697,0.38965
1674,6,20,0.035579,0.019498,0.6178,0.021662,-0.022073,0.013723,0.39059
1676,6,20,0.036432,0.019493,0.6186,0.021558,-0.022449,0.01381,0.39149
1678,6,20,0.037297,0.019497,0.61936,0.021473,-0.022843,0.013947,0.39237
1680,6,20,0.038165,0.019511,0.6201,0.021407,-0.023252,0.014117,0.39323
1682,6,20,0.039025,0.019537,0.6208,0.021359,-0.023677,0.014303,0.39406
1684,6,20,0.03987,0.019574,0.62146,0.021328,-0.024115,0.014489,0.39486
1686,6,20,0.040688,0.019624,0.6221,0.021311,-0.024567,0.014659,0.39564
1688,6,20,0.041472,0.019687,0.6227,0.021307,-0.025031,0.014801,0.39638
1690,6,20,0.042213,0.019761,0.62326,0.021312,-0.025504,0.014905,0.39709
1692,6,20,0.042901,0.019846,0.62378,0.021326,-0.025984,0.014965,0.39774
1694,6,20,0.043531,0.019941,0.62425,0.021349,-0.026469,0.014977,0.39834
1696,6,20,0.044096,0.020043,0.62465,0.02138,-0.026956,0.01494,0.39888
1698,6,20,0.04459,0.020151,0.62499,0.021419,-0.027441,0.014859,0.39933
1700,6,20,0.045008,0.020261,0.62525,0.02147,-0.02792,0.014739,0.39969
1702,6,20,0.045347,0.020372,0.62542,0.021533,-0.028388,0.014588,0.39996
1704,6,20,0.045605,0.02048,0.6255,0.021612,-0.028837,0.014418,0.40013
1706,6,20,0.045779,0.020583,0.62548,0.021708,-0.029261,0.01424,0.40018
1708,6,20,0.045871,0.020677,0.62536,0.021825,-0.029649,0.014069,0.40013
1710,6,20,0.045881,0.020759,0.62515,0.021963,-0.029989,0.013921,0.39997
1712,6,20,0.045812,0.020828,0.62483,0.022125,-0.030267,0.013809,0.39972
1714,6,20,0.045666,0.020881,0.62443,0.02231,-0.030466,0.013748,0.39938
1716,6,20,0.045449,0.020915,0.62396,0.022518,-0.030568,0.013747,0.39896
1718,6,20,0.045165,0.020929,0.62342,0.022747,-0.030551,0.013815,0.39849
1720,6,20,0.044822,0.020922,0.62284,0.022996,-0.030395,0.013954,0.39798
1722,6,20,0.044428,0.020893,0.62224,0.023261,-0.030078,0.014164,0.39746
1724,6,20,0.043989,0.02084,0.62163,0.02354,-0.02958,0.014437,0.39695
1726,6,20,0.043515,0.020765,0.62104,0.023828,-0.028884,0.014765,0.39648
1728,6,20,0.043017,0.020668,0.6205,0.024123,-0.027975,0.015136,0.39607
1730,6,20,0.042502,0.020549,0.62001,0.02442,-0.026843,0.015537,0.39575
1732,6,20,0.041982,0.020409,0.61961,0.024714,-0.025486,0.015954,0.39552
1734,6,20,0.041467,0.020251,0.6193,0.025001,-0.023904,0.016374,0.39541
1736,6,20,0.040967,0.020076,0.6191,0.025274,-0.022106,0.016785,0.39543
1738,6,20,0.040492,0.019886,0.61903,0.025527,-0.020108,0.017176,0.39557
1740,6,20,0.040053,0.019684,0.61907,0.025753,-0.017932,0.017538,0.39585
1742,6,20,0.039657,0.019473,0.61925,0.025945,-0.015605,0.017865,0.39626
1744,6,20,0.039315,0.019256,0.61955,0.026096,-0.013162,0.018151,0.39678
1746,6,20,0.039034,0.019035,0.61996,0.026197,-0.010639,0.018395,0.39739
1748,6,20,0.038822,0.018813,0.62048,0.026241,-0.0080792,0.018596,0.39808
1750,6,20,0.038685,0.018594,0.62108,0.026224,-0.0055271,0.018755,0.39881
1752,6,20,0.038628,0.018379,0.62175,0.02614,-0.0030291,0.018877,0.39956
1754,6,20,0.038656,0.018172,0.62247,0.025987,-0.00063232,0.018966,0.4003
1756,6,20,0.038771,0.017974,0.6232,0.025764,0.0016167,0.01903,0.40099
1758,6,20,0.038976,0.017787,0.62392,0.025473,0.0036729,0.019075,0.40161
1760,6,20,0.03927,0.017613,0.62461,0.025118,0.005494,0.019111,0.40212
1762,6,20,0.039655,0.017452,0.62523,0.024705,0.0070413,0.019144,0.4025
1764,6,20,0.040127,0.017305,0.62576,0.024243,0.008281,0.01918,0.40274
1766,6,20,0.040684,0.017172,0.62618,0.023742,0.0091847,0.019226,0.40281
1768,6,20,0.041322,0.017054,0.62647,0.023214,0.0097309,0.019284,0.40271
1770,6,20,0.042034,0.016949,0.62663,0.022672,0.0099053,0.019358,0.40244
1772,6,20,0.042816,0.016856,0.62665,0.022129,0.0097018,0.019446,0.402
1774,6,20,0.043659,0.016775,0.62653,0.021598,0.0091227,0.019547,0.40141
1776,6,20,0.044555,0.016704,0.62628,0.021092,0.0081798,0.019658,0.40068
1778,6,20,0.045496,0.016643,0.62591,0.020623,0.0068935,0.019774,0.39984
1780,6,20,0.046471,0.016589,0.62544,0.0202,0.0052938,0.019892,0.39893
1782,6,20,0.047471,0.016541,0.62489,0.019831,0.0034185,0.020005,0.39797
1784,6,20,0.048485,0.016499,0.6243,0.019521,0.0013133,0.020109,0.39699
1786,6,20,0.049502,0.016461,0.62369,0.019271,-0.00097007,0.020198,0.39604
1788,6,20,0.050512,0.016427,0.62308,0.019083,-0.0033755,0.020266,0.39515
1790,6,20,0.051505,0.016396,0.62251,0.018952,-0.0058443,0.020308,0.39435
1792,6,20,0.052469,0.016367,0.62201,0.018875,-0.0083178,0.020321,0.39366
1794,6,20,0.053395,0.016341,0.62158,0.018845,-0.010739,0.020298,0.39311
1796,6,20,0.054273,0.016318,0.62126,0.018859,-0.013055,0.020238,0.39272
1798,6,20,0.055094,0.016297,0.62104,0.018909,-0.015218,0.020139,0.39249
1800,6,20,0.055849,0.016279,0.62094,0.018991,-0.017188,0.02,0.39243
1802,6,20,0.056532,0.016266,0.62096,0.019103,-0.018932,0.019824,0.39252
1804,6,20,0.057136,0.016257,0.62107,0.01924,-0.020426,0.019615,0.39276
1806,6,20,0.057656,0.016253,0.62127,0.019404,-0.021651,0.019379,0.39312
1808,6,20,0.058086,0.016255,0.62153,0.019594,-0.0226,0.019126,0.39359
1810,6,20,0.058425,0.016264,0.62184,0.01981,-0.023269,0.018865,0.39413
1812,6,20,0.058669,0.016279,0.62216,0.020054,-0.023662,0.018609,0.39472
1814,6,20,0.058819,0.016303,0.62247,0.020328,-0.023787,0.018368,0.39532
1816,6,20,0.058873,0.016336,0.62274,0.020632,-0.023655,0.018153,0.3959
1818,6,20,0.058835,0.016376,0.62296,0.020969,-0.023283,0.017974,0.39643
1820,6,20,0.058707,0.016426,0.6231,0.021338,-0.022688,0.017837,0.3969
1822,6,20,0.058491,0.016485,0.62314,0.021741,-0.02189,0.017747,0.39729
1824,6,20,0.058194,0.016552,0.62308,0.022178,-0.02091,0.017705,0.39758
1826,6,20,0.057822,0.016627,0.62292,0.022649,-0.019769,0.01771,0.39778
1828,6,20,0.05738,0.016711,0.62266,0.023156,-0.01849,0.01776,0.39789
1830,6,20,0.056876,0.016802,0.6223,0.023699,-0.017095,0.01785,0.39793
1832,6,20,0.056319,0.0169,0.62187,0.024277,-0.015604,0.017976,0.39792
1834,6,20,0.055718,0.017003,0.62138,0.024891,-0.014039,0.018133,0.39789
1836,6,20,0.055081,0.017112,0.62088,0.025538,-0.012419,0.018318,0.39788
1838,6,20,0.054419,0.017225,0.62038,0.026216,-0.010761,0.018526,0.39793
1840,6,20,0.053741,0.017342,0.61992,0.026923,-0.0090821,0.018757,0.39808
1842,6,20,0.053057,0.017461,0.61955,0.027654,-0.0073948,0.019007,0.39837
1844,6,20,0.052378,0.017581,0.6193,0.028403,-0.0057109,0.019276,0.39886
1846,6,20,0.051712,0.017701,0.61919,0.029165,-0.0040394,0.019565,0.39956
1848,6,20,0.051069,0.017821,0.61927,0.029932,-0.0023878,0.019873,0.40052
1850,6,20,0.050459,0.017938,0.61956,0.030698,-0.0007616,0.020199,0.40176
1852,6,20,0.04989,0.018053,0.62006,0.031455,0.00083501,0.020543,0.40328
1854,6,20,0.04937,0.018164,0.6208,0.032196,0.0023988,0.020903,0.40509
1856,6,20,0.048907,0.01827,0.62177,0.032914,0.0039273,0.021278,0.40718
1858,6,20,0.048506,0.018371,0.62295,0.033604,0.0054182,0.021664,0.40952
1860,6,20,0.048174,0.018464,0.62432,0.034258,0.0068694,0.022058,0.41208
1862,6,20,0.047915,0.018549,0.62586,0.034873,0.0082789,0.022456,0.41481
1864,6,20,0.047734,0.018626,0.62752,0.035444,0.0096444,0.022853,0.41765
1866,6,20,0.047633,0.018693,0.62925,0.035967,0.010964,0.023244,0.42054
1868,6,20,0.047615,0.018749,0.63101,0.036439,0.012234,0.023623,0.4234
1870,6,20,0.047681,0.018795,0.63273,0.036856,0.013454,0.023985,0.42616
1872,6,20,0.04783,0.018828,0.63436,0.037218,0.01462,0.024325,0.42874
1874,6,20,0.048063,0.018849,0.63585,0.037522,0.015731,0.024638,0.43105
1876,6,20,0.048377,0.018858,0.63713,0.037767,0.016785,0.024919,0.43304
1878,6,20,0.048771,0.018854,0.63817,0.037952,0.017781,0.025164,0.43463
1880,6,20,0.049241,0.018837,0.63893,0.038077,0.018716,0.025368,0.43577
1882,6,20,0.049783,0.018807,0.63936,0.038143,0.019591,0.025529,0.43642
1884,6,20,0.050393,0.018765,0.63944,0.038151,0.020403,0.025642,0.43654
1886,6,20,0.051065,0.018711,0.63917,0.038101,0.021151,0.025704,0.43612
1888,6,20,0.051794,0.018645,0.63854,0.037996,0.021833,0.025714,0.43517
1890,6,20,0.052575,0.018569,0.63756,0.037838,0.022449,0.025669,0.43368
1892,6,20,0.0534,0.018484,0.63624,0.037629,0.022995,0.025568,0.43171
1894,6,20,0.054263,0.01839,0.63462,0.037374,0.023469,0.025412,0.42929
1896,6,20,0.055158,0.01829,0.63274,0.037075,0.023868,0.025201,0.42648
1898,6,20,0.056078,0.018184,0.63064,0.036738,0.02419,0.024937,0.42335
1900,6,20,0.057016,0.018074,0.62837,0.036367,0.024429,0.024625,0.41998
1902,6,20,0.057965,0.017962,0.626,0.035966,0.024583,0.024268,0.41645
1904,6,20,0.05892,0.01785,0.62359,0.035541,0.024649,0.023873,0.41286
1906,6,20,0.059874,0.017739,0.6212,0.035098,0.024621,0.023449,0.4093
1908,6,20,0.060822,0.01763,0.61891,0.034641,0.024499,0.023003,0.40584
1910,6,20,0.061757,0.017527,0.61676,0.034177,0.024278,0.022547,0.40259
1912,6,20,0.062675,0.017429,0.61483,0.033711,0.023959,0.022092,0.39961
1914,6,20,0.063571,0.017339,0.61317,0.033247,0.02354,0.021648,0.39697
1916,6,20,0.06444,0.017257,0.61181,0.032792,0.023023,0.021225,0.39474
1918,6,20,0.06528,0.017185,0.6108,0.032348,0.022412,0.020836,0.39296
1920,6,20,0.066087,0.017123,0.61016,0.031921,0.02171,0.020487,0.39166
1922,6,20,0.066859,0.017072,0.60991,0.031513,0.020923,0.020185,0.39086
1924,6,20,0.067592,0.017032,0.61006,0.031127,0.02006,0.019936,0.39058
1926,6,20,0.068286,0.017003,0.6106,0.030765,0.019129,0.019741,0.39082
1928,6,20,0.068939,0.016985,0.61151,0.030429,0.018141,0.0196,0.39154
1930,6,20,0.069551,0.016977,0.61278,0.030118,0.017107,0.019512,0.39274
1932,6,20,0.070121,0.016979,0.61437,0.029834,0.016038,0.019471,0.39437
1934,6,20,0.070649,0.016991,0.61625,0.029576,0.014946,0.019473,0.39639
1936,6,20,0.071136,0.01701,0.61838,0.029342,0.013843,0.019511,0.39875
1938,6,20,0.071583,0.017036,0.6207,0.029133,0.012739,0.019579,0.4014
1940,6,20,0.07199,0.017069,0.62319,0.028945,0.011647,0.01967,0.40429
1942,6,20,0.07236,0.017106,0.62579,0.028779,0.010574,0.019778,0.40735
1944,6,20,0.072694,0.017147,0.62846,0.028632,0.0095295,0.019898,0.41054
1946,6,20,0.072993,0.017192,0.63116,0.028502,0.008521,0.020025,0.41379
1948,6,20,0.073259,0.017238,0.63384,0.028387,0.0075546,0.020154,0.41707
1950,6,20,0.073496,0.017286,0.63648,0.028287,0.0066353,0.020282,0.42031
1952,6,20,0.073704,0.017333,0.63905,0.028198,0.0057669,0.020407,0.42349
1954,6,20,0.073886,0.017381,0.64152,0.028121,0.0049524,0.020527,0.42657
1956,6,20,0.074044,0.017427,0.64386,0.028054,0.0041933,0.020639,0.42951
1958,6,20,0.07418,0.017471,0.64607,0.027995,0.0034905,0.020744,0.4323
1960,6,20,0.074297,0.017514,0.64814,0.027943,0.002844,0.02084,0.43492
1962,6,20,0.074395,0.017554,0.65004,0.027898,0.002253,0.020928,0.43734
1964,6,20,0.074478,0.017591,0.65179,0.027858,0.0017162,0.021008,0.43957
1966,6,20,0.074548,0.017626,0.65337,0.027824,0.0012315,0.021078,0.44161
1968,6,20,0.074605,0.017658,0.6548,0.027794,0.00079667,0.021141,0.44344
1970,6,20,0.074651,0.017687,0.65608,0.027767,0.00040898,0.021196,0.44509
1972,6,20,0.074689,0.017713,0.65721,0.027744,6.5489e-05,0.021245,0.44655
1974,6,20,0.074718,0.017736,0.6582,0.027724,-0.00023691,0.021286,0.44784
1976,6,20,0.074741,0.017757,0.65907,0.027707,-0.00050142,0.021322,0.44896
1978,6,20,0.074759,0.017776,0.65982,0.027691,-0.0007313,0.021353,0.44993
1980,6,20,0.074772,0.017792,0.66046,0.027678,-0.00092975,0.021379,0.45077
1982,6,20,0.074782,0.017805,0.66101,0.027667,-0.0010999,0.021401,0.45148
1984,6,20,0.074789,0.017817,0.66147,0.027657,-0.0012448,0.021419,0.45208
1986,6,20,0.074793,0.017828,0.66186,0.027649,-0.0013674,0.021434,0.45258
1988,6,20,0.074796,0.017836,0.66218,0.027642,-0.0014702,0.021446,0.453
1990,6,20,0.074797,0.017844,0.66245,0.027636,-0.0015559,0.021456,0.45334
1992,6,20,0.074797,0.01785,0.66266,0.027631,-0.0016268,0.021465,0.45363
1994,6,20,0.074797,0.017855,0.66284,0.027627,-0.001685,0.021471,0.45385
1996,6,20,0.074796,0.017859,0.66298,0.027624,-0.0017323,0.021476,0.45403
1998,6,20,0.074795,0.017862,0.66309,0.027621,-0.0017705,0.02148,0.45418
