variant,subject,t_ms,model,fold,base_train,base_test,base_converged,base_nfev,base_negative_scale_evals,ext_train,ext_test,ext_converged,ext_nfev,ext_negative_scale_evals,n_test
active,1,255,model2B,0,-753.8869,-205.53253,0,1200,0,-753.88474,-205.50094,1,6518,0,166
active,1,255,model2B,1,-768.27444,-189.94141,0,1200,0,-767.04393,-189.57669,1,2469,0,168
active,1,255,model2B,2,-790.13114,-166.67533,0,1200,0,-790.09391,-166.60198,1,777,0,149
active,1,255,model2B,3,-764.23777,-193.54806,0,1200,0,-762.79387,-194.31865,1,1085,0,178
active,1,255,model2B,4,-750.37861,-206.42454,0,1200,0,-749.94952,-206.63022,0,14000,0,186
active,1,255,model3,0,-753.06697,-205.26769,0,1400,0,-750.01354,-207.24244,1,8934,0,166
active,1,255,model3,1,-765.80291,-188.70341,0,1400,0,-765.77818,-188.85068,1,8893,0,168
active,1,255,model3,2,-790.21627,-166.65269,1,756,0,-789.23349,-165.54932,1,3811,0,149
active,1,255,model3,3,-762.01941,-195.16671,0,1400,0,-762.01719,-195.13436,1,2661,0,178
active,1,255,model3,4,-749.7578,-206.46677,1,1303,0,-748.25359,-206.2711,1,7841,0,186
active,1,285,model2B,0,-867.16897,-216.9635,0,1200,0,-861.44646,-218.54775,1,1948,0,166
active,1,285,model2B,1,-867.85028,-210.36886,0,1200,0,-867.71101,-210.14264,1,398,0,168
active,1,285,model2B,2,-888.18064,-190.22773,0,1200,0,-888.03708,-190.34698,1,433,0,149
active,1,285,model2B,3,-847.19484,-232.69272,0,1200,0,-845.42722,-234.41284,1,422,0,178
active,1,285,model2B,4,-843.33292,-234.76627,0,1200,0,-843.32458,-234.79341,1,617,0,186
active,1,285,model3,0,-862.21327,-217.48584,0,1400,0,-862.21327,-217.48583,1,2773,0,166
active,1,285,model3,1,-867.04059,-210.56814,1,1193,0,-867.03974,-210.56315,1,1357,0,168
active,1,285,model3,2,-887.4384,-190.56087,1,835,0,-887.41115,-190.56173,1,12867,0,149
active,1,285,model3,3,-845.15019,-233.64711,1,945,0,-845.14918,-233.64804,0,14000,0,178
active,1,285,model3,4,-842.91809,-234.72952,1,841,0,-842.9178,-234.72747,1,5722,0,186
active,1,315,model2B,0,-936.27469,-223.05493,0,1200,0,-933.31779,-224.08163,0,14000,0,166
active,1,315,model2B,1,-940.75369,-215.90454,1,896,0,-940.75369,-215.90461,1,182,0,168
active,1,315,model2B,2,-938.91269,-218.37505,1,1167,0,-938.91269,-218.37489,1,167,0,149
active,1,315,model2B,3,-906.39723,-251.97954,1,1108,0,-906.39723,-251.97915,1,182,0,178
active,1,315,model2B,4,-900.29861,-256.73441,0,1200,0,-900.29861,-256.73437,1,191,0,186
active,1,315,model3,0,-933.97974,-225.1332,0,1400,0,-933.97973,-225.1328,1,1711,0,166
active,1,315,model3,1,-940.88738,-216.23166,0,1400,0,-940.60703,-215.58412,0,14000,0,168
active,1,315,model3,2,-938.3159,-218.90855,0,1400,0,-938.1587,-218.82651,0,14000,0,149
active,1,315,model3,3,-906.13843,-252.29484,0,1400,0,-905.91792,-251.95698,0,14000,0,178
active,1,315,model3,4,-900.31849,-257.77153,1,873,0,-900.31156,-257.8385,1,8505,0,186
active,1,435,model2B,0,-1166.4821,-299.04728,0,1200,0,-1166.4029,-299.02141,1,13892,0,166
active,1,435,model2B,1,-1194.2193,-271.07279,0,1200,0,-1194.2192,-271.07387,1,180,0,168
active,1,435,model2B,2,-1201.6659,-262.98365,0,1200,0,-1201.5839,-262.92611,0,14000,0,149
active,1,435,model2B,3,-1144.6472,-319.96547,0,1200,0,-1144.5998,-319.93524,1,13465,0,178
active,1,435,model2B,4,-1146.8006,-317.44219,0,1200,0,-1146.745,-317.46241,0,14000,0,186
active,1,435,model3,0,-1168.0038,-298.68943,0,1400,0,-1167.9873,-298.70129,0,14000,0,166
active,1,435,model3,1,-1194.7879,-271.68712,1,615,0,-1194.7879,-271.68238,1,342,0,168
active,1,435,model3,2,-1202.5273,-263.48695,0,1400,0,-1202.5221,-263.4858,1,13669,0,149
active,1,435,model3,3,-1145.2914,-320.7525,0,1400,0,-1145.2509,-320.68603,1,3416,0,178
active,1,435,model3,4,-1148.1523,-317.55693,0,1400,0,-1148.1434,-317.59458,0,14000,0,186
active,1,465,model2B,0,-1111.2195,-278.41085,0,1200,0,-1109.8097,-279.03277,0,14000,0,166
active,1,465,model2B,1,-1130.444,-258.91447,0,1200,0,-1130.4429,-258.89561,1,316,0,168
active,1,465,model2B,2,-1141.1354,-247.44868,0,1200,0,-1141.0714,-247.50002,1,462,0,149
active,1,465,model2B,3,-1090.843,-297.74101,0,1200,0,-1090.8372,-297.75072,1,626,0,178
active,1,465,model2B,4,-1080.8555,-310.38898,0,1200,0,-1079.1792,-309.42408,1,1805,0,186
active,1,465,model3,0,-1108.1868,-277.16417,1,532,0,-1108.1864,-277.1656,1,7349,0,166
active,1,465,model3,1,-1126.2097,-259.47982,1,373,0,-1126.2089,-259.48462,1,12643,0,168
active,1,465,model3,2,-1135.1834,-250.4772,1,530,0,-1135.1834,-250.47706,1,202,0,149
active,1,465,model3,3,-1088.6902,-296.33014,1,516,0,-1088.6902,-296.33028,1,205,0,178
active,1,465,model3,4,-1077.6369,-307.61563,1,660,0,-1077.6337,-307.63424,0,14000,0,186
active,1,495,model2B,0,-1019.6682,-261.27622,0,1200,0,-1017.7897,-261.7491,1,2669,0,166
active,1,495,model2B,1,-1032.543,-248.32335,0,1200,0,-1030.9517,-246.88383,1,1648,0,168
active,1,495,model2B,2,-1066.1025,-211.64527,1,1109,0,-1066.1025,-211.64527,1,195,0,149
active,1,495,model2B,3,-1015.6338,-262.04977,1,1108,0,-1015.6338,-262.0498,1,212,0,178
active,1,495,model2B,4,-974.85449,-303.63886,1,1045,0,-974.85449,-303.63911,1,198,0,186
active,1,495,model3,0,-1015.2671,-258.99509,1,582,0,-1015.2671,-258.99494,1,164,0,166
active,1,495,model3,1,-1025.8769,-249.15037,1,682,0,-1025.8768,-249.15375,1,759,0,168
active,1,495,model3,2,-1062.6464,-211.68917,1,732,0,-1062.6461,-211.69224,1,6237,0,149
active,1,495,model3,3,-1013.9651,-260.24492,1,848,0,-1013.9651,-260.24492,1,144,0,178
active,1,495,model3,4,-971.92851,-302.95935,1,894,0,-971.92828,-302.96106,1,7846,0,186
active,2,255,model2B,0,-1118.3015,-315.30493,0,1200,0,-1117.7752,-315.68185,1,1507,0,179
active,2,255,model2B,1,-1163.4892,-269.73437,0,1200,0,-1163.4839,-269.67374,1,277,0,167
active,2,255,model2B,2,-1157.6084,-275.07483,1,1117,0,-1157.6084,-275.07483,1,188,0,167
active,2,255,model2B,3,-1148.7881,-284.1953,1,805,0,-1148.7881,-284.1953,1,198,0,171
active,2,255,model2B,4,-1137.9643,-295.95407,1,1084,0,-1137.9643,-295.95425,1,191,0,184
active,2,255,model3,0,-1113.2516,-315.8912,1,815,0,-1112.1615,-316.93467,1,1306,0,179
active,2,255,model3,1,-1158.6397,-270.20932,1,1082,0,-1158.6397,-270.2093,1,253,0,167
active,2,255,model3,2,-1155.3501,-272.96445,1,529,0,-1154.1839,-273.63882,1,1945,0,167
active,2,255,model3,3,-1145.1469,-282.88834,0,1400,0,-1144.8389,-282.87616,1,1213,0,171
active,2,255,model3,4,-1135.553,-294.67629,1,607,0,-1135.2303,-294.56213,1,2233,0,184
active,2,285,model2B,0,-1052.7858,-297.52102,0,1200,0,-1052.7858,-297.52187,1,177,0,179
active,2,285,model2B,1,-1087.2392,-263.7602,0,1200,0,-1086.9927,-263.19505,1,1105,0,167
active,2,285,model2B,2,-1090.8599,-258.6505,0,1200,0,-1090.4764,-258.65299,0,14000,0,167
active,2,285,model2B,3,-1088.5376,-260.90729,0,1200,0,-1088.5186,-260.99176,0,14000,0,171
active,2,285,model2B,4,-1074.5507,-277.01686,0,1200,0,-1074.5196,-276.97067,1,3246,0,184
active,2,285,model3,0,-1050.7378,-296.70313,1,702,0,-1050.7093,-296.74907,1,6962,0,179
active,2,285,model3,1,-1084.3402,-263.50459,1,696,0,-1084.0433,-264.25624,1,1782,0,167
active,2,285,model3,2,-1089.5877,-257.56453,1,816,0,-1089.5876,-257.56461,0,14000,0,167
active,2,285,model3,3,-1085.6903,-261.41752,1,709,0,-1085.6732,-261.47007,0,14000,0,171
active,2,285,model3,4,-1072.0418,-276.30391,1,785,0,-1072.0198,-276.35988,1,844,0,184
active,2,315,model2B,0,-1121.1125,-320.29739,0,1200,0,-1121.1125,-320.30019,1,226,0,179
active,2,315,model2B,1,-1158.6309,-281.8394,0,1200,0,-1158.618,-281.86186,0,14000,0,167
active,2,315,model2B,2,-1165.0912,-274.07286,0,1200,0,-1165.0587,-274.11105,0,14000,0,167
active,2,315,model2B,3,-1156.827,-282.91537,0,1200,0,-1156.7977,-282.92266,0,14000,0,171
active,2,315,model2B,4,-1150.3842,-289.83009,0,1200,0,-1150.3842,-289.83033,1,355,0,184
active,2,315,model3,0,-1120.4854,-319.89632,1,679,0,-1120.4826,-319.85524,1,11551,0,179
active,2,315,model3,1,-1158.1389,-281.87205,0,1400,0,-1158.1301,-281.80183,1,12714,0,167
active,2,315,model3,2,-1164.776,-273.84439,0,1400,0,-1164.7334,-273.88603,1,13868,0,167
active,2,315,model3,3,-1156.2237,-282.89152,0,1400,0,-1156.2072,-282.87299,0,14000,0,171
active,2,315,model3,4,-1149.4959,-290.36876,0,1400,0,-1149.4607,-290.31154,0,14000,0,184
active,2,435,model2B,0,-1137.8465,-314.1671,0,1200,0,-1137.8459,-314.19337,1,221,0,179
active,2,435,model2B,1,-1180.3725,-270.23388,1,1122,0,-1180.3725,-270.23395,1,196,0,167
active,2,435,model2B,2,-1184.1221,-267.08339,1,1031,0,-1184.1221,-267.08343,1,190,0,167
active,2,435,model2B,3,-1164.599,-287.25136,1,1021,0,-1164.599,-287.25136,1,181,0,171
active,2,435,model2B,4,-1128.7296,-324.82257,0,1200,0,-1128.7296,-324.82262,1,226,0,184
active,2,435,model3,0,-1137.4058,-314.05499,0,1400,0,-1137.3802,-313.71785,1,1292,0,179
active,2,435,model3,1,-1180.3412,-270.83804,1,701,0,-1180.3394,-270.85051,0,14000,0,167
active,2,435,model3,2,-1184.2131,-267.27352,1,635,0,-1183.8157,-267.03835,0,14000,0,167
active,2,435,model3,3,-1163.9726,-288.15411,1,422,0,-1163.9726,-288.15404,1,206,0,171
active,2,435,model3,4,-1130.5365,-320.97043,0,1400,0,-1130.5365,-320.97062,1,662,0,184
active,2,465,model2B,0,-1173.7617,-312.67526,1,885,0,-1173.7614,-312.68252,1,721,0,179
active,2,465,model2B,1,-1210.5929,-275.15449,1,1133,0,-1210.5929,-275.15449,1,187,0,167
active,2,465,model2B,2,-1214.3464,-272.27147,0,1200,0,-1214.34,-272.30455,0,14000,0,167
active,2,465,model2B,3,-1187.0255,-299.5729,0,1200,0,-1187.021,-299.59325,0,14000,0,171
active,2,465,model2B,4,-1150.9524,-337.47329,0,1200,0,-1150.9506,-337.48129,1,250,0,184
active,2,465,model3,0,-1173.0623,-312.30326,0,1400,0,-1173.0615,-312.29748,0,14000,0,179
active,2,465,model3,1,-1209.7277,-275.39306,1,1287,0,-1209.7277,-275.39306,1,272,0,167
active,2,465,model3,2,-1213.8302,-272.10836,0,1400,0,-1213.8249,-272.07507,1,13644,0,167
active,2,465,model3,3,-1186.2392,-299.48509,0,1400,0,-1186.2336,-299.49724,1,9468,0,171
active,2,465,model3,4,-1151.3006,-336.17346,0,1400,0,-1151.2085,-335.9637,0,14000,0,184
active,2,495,model2B,0,-1142.1569,-315.60516,0,1200,0,-1142.0896,-315.52861,1,1602,0,179
active,2,495,model2B,1,-1185.6947,-271.32057,0,1200,0,-1185.6947,-271.31914,1,204,0,167
active,2,495,model2B,2,-1193.1393,-264.78746,1,886,0,-1193.1339,-264.80724,1,516,0,167
active,2,495,model2B,3,-1153.8841,-303.90796,0,1200,0,-1153.8781,-303.8624,1,655,0,171
active,2,495,model2B,4,-1146.9956,-310.5732,0,1200,0,-1146.9956,-310.57056,1,214,0,184
active,2,495,model3,0,-1141.4797,-314.61714,0,1400,0,-1141.4797,-314.61773,1,208,0,179
active,2,495,model3,1,-1184.2253,-271.11775,0,1400,0,-1184.2253,-271.11812,1,263,0,167
active,2,495,model3,2,-1191.9899,-264.27649,1,1342,0,-1191.9899,-264.2765,1,273,0,167
active,2,495,model3,3,-1152.8752,-303.61584,0,1400,0,-1152.8726,-303.65115,0,14000,0,171
active,2,495,model3,4,-1145.7452,-309.46577,0,1400,0,-1145.745,-309.46486,1,981,0,184
active,3,255,model2B,0,-1098.3938,-280.19514,0,1200,0,-1098.3938,-280.19572,1,200,0,181
active,3,255,model2B,1,-1083.4262,-295.86847,0,1200,0,-1082.2836,-295.42166,1,832,0,183
active,3,255,model2B,2,-1093.2157,-283.98997,1,962,0,-1093.2143,-284.00815,1,241,0,186
active,3,255,model2B,3,-1129.4015,-248.56528,0,1200,0,-1128.9104,-249.07653,1,281,0,180
active,3,255,model2B,4,-1100.423,-277.15213,1,1137,0,-1100.423,-277.1519,1,180,0,180
active,3,255,model3,0,-1098.1382,-281.71677,1,1226,0,-1098.1376,-281.71846,1,12692,0,181
active,3,255,model3,1,-1083.3314,-295.32555,0,1400,0,-1083.3314,-295.32645,1,221,0,183
active,3,255,model3,2,-1093.646,-283.88609,0,1400,0,-1093.5732,-283.95756,1,1708,0,186
active,3,255,model3,3,-1129.4187,-249.2048,0,1400,0,-1129.1273,-249.20797,1,1558,0,180
active,3,255,model3,4,-1101.7465,-276.83686,1,1130,0,-1101.0099,-276.67344,1,5039,0,180
active,3,285,model2B,0,-1107.8432,-280.11654,1,1135,0,-1107.8432,-280.11648,1,192,0,181
active,3,285,model2B,1,-1084.3429,-303.39019,1,1194,0,-1084.3429,-303.38982,1,200,0,183
active,3,285,model2B,2,-1102.4879,-284.25016,1,1165,0,-1102.4879,-284.25016,1,183,0,186
active,3,285,model2B,3,-1129.307,-257.66177,1,934,0,-1129.307,-257.66196,1,179,0,180
active,3,285,model2B,4,-1117.4268,-268.99775,0,1200,0,-1117.4256,-269.02278,1,196,0,180
active,3,285,model3,0,-1105.7048,-283.59308,0,1400,0,-1105.7048,-283.59325,1,264,0,181
active,3,285,model3,1,-1084.1589,-303.11927,1,1078,0,-1083.9872,-303.24674,0,14000,0,183
active,3,285,model3,2,-1102.2533,-284.03232,1,908,0,-1102.1686,-284.04868,0,14000,0,186
active,3,285,model3,3,-1128.9019,-257.87899,1,819,0,-1128.6843,-257.87895,1,634,0,180
active,3,285,model3,4,-1118.2335,-267.90008,1,852,0,-1118.1734,-268.0919,1,622,0,180
active,3,315,model2B,0,-1176.4714,-311.95516,0,1200,0,-1176.4714,-311.95386,1,173,0,181
active,3,315,model2B,1,-1172.4803,-315.43371,0,1200,0,-1172.4803,-315.43387,1,188,0,183
active,3,315,model2B,2,-1182.066,-305.44478,0,1200,0,-1182.058,-305.40528,1,253,0,186
active,3,315,model2B,3,-1212.3617,-275.31127,1,1119,0,-1212.3617,-275.31155,1,172,0,180
active,3,315,model2B,4,-1200.9064,-286.28739,0,1200,0,-1200.8962,-286.37239,1,349,0,180
active,3,315,model3,0,-1175.8172,-310.94236,0,1400,0,-1175.8111,-311.01013,1,345,0,181
active,3,315,model3,1,-1170.6031,-315.57152,0,1400,0,-1170.6003,-315.60559,1,9104,0,183
active,3,315,model3,2,-1180.5694,-304.74713,0,1400,0,-1180.5694,-304.74714,1,221,0,186
active,3,315,model3,3,-1210.0409,-275.66577,0,1400,0,-1210.0409,-275.66556,1,253,0,180
active,3,315,model3,4,-1199.5511,-285.75732,1,1158,0,-1199.5511,-285.75732,1,274,0,180
active,3,435,model2B,0,-1210.9121,-358.2485,0,1200,0,-1210.8796,-358.324,0,14000,0,181
active,3,435,model2B,1,-1237.8395,-328.84536,0,1200,0,-1237.4915,-328.84474,1,670,0,183
active,3,435,model2B,2,-1256.5582,-309.39193,0,1200,0,-1256.0006,-310.33174,1,485,0,186
active,3,435,model2B,3,-1272.5825,-293.20446,1,995,0,-1272.5825,-293.20446,1,187,0,180
active,3,435,model2B,4,-1276.8555,-289.3649,1,996,0,-1276.8555,-289.3649,1,193,0,180
active,3,435,model3,0,-1210.4974,-356.39682,1,750,0,-1210.4964,-356.47067,1,448,0,181
active,3,435,model3,1,-1236.2746,-327.94861,1,1376,0,-1236.2746,-327.94859,1,244,0,183
active,3,435,model3,2,-1255.1829,-309.5708,1,685,0,-1255.1822,-309.58204,1,12832,0,186
active,3,435,model3,3,-1270.5148,-293.73238,1,732,0,-1270.5124,-293.73534,0,14000,0,180
active,3,435,model3,4,-1275.9143,-288.69086,1,733,0,-1275.9136,-288.67246,1,9659,0,180
active,3,465,model2B,0,-1227.5137,-350.42904,0,1200,0,-1227.4924,-350.56485,1,9045,0,181
active,3,465,model2B,1,-1226.3815,-351.02835,0,1200,0,-1226.3815,-351.02879,1,168,0,183
active,3,465,model2B,2,-1255.0615,-321.33439,1,1105,0,-1255.0615,-321.33437,1,204,0,186
active,3,465,model2B,3,-1293.4248,-283.22513,0,1200,0,-1293.4247,-283.22428,1,354,0,180
active,3,465,model2B,4,-1288.5217,-287.75436,0,1200,0,-1288.5217,-287.76007,1,159,0,180
active,3,465,model3,0,-1228.3764,-349.38982,0,1400,0,-1228.2542,-349.28479,0,14000,0,181
active,3,465,model3,1,-1226.9592,-350.10338,0,1400,0,-1226.9463,-350.13672,1,12893,0,183
active,3,465,model3,2,-1254.5504,-321.22712,0,1400,0,-1254.5504,-321.22734,1,261,0,186
active,3,465,model3,3,-1293.1633,-283.18742,0,1400,0,-1293.1633,-283.18863,1,216,0,180
active,3,465,model3,4,-1287.7981,-288.14807,1,1253,0,-1287.7981,-288.14811,1,238,0,180
active,3,495,model2B,0,-1204.9715,-347.85175,0,1200,0,-1203.5516,-345.74514,1,1850,0,181
active,3,495,model2B,1,-1197.7809,-352.00655,0,1200,0,-1197.2416,-351.80698,1,1129,0,183
active,3,495,model2B,2,-1235.9045,-312.2788,0,1200,0,-1235.0984,-312.17296,1,326,0,186
active,3,495,model2B,3,-1266.2681,-280.72728,1,977,0,-1266.2426,-280.67431,1,318,0,180
active,3,495,model2B,4,-1271.3035,-276.64275,0,1200,0,-1271.3035,-276.64224,1,174,0,180
active,3,495,model3,0,-1204.1214,-345.47174,0,1400,0,-1203.8665,-345.96559,0,14000,0,181
active,3,495,model3,1,-1198.5894,-351.10981,0,1400,0,-1198.5137,-351.208,1,8646,0,183
active,3,495,model3,2,-1235.3704,-312.81838,0,1400,0,-1235.3155,-312.73634,1,2646,0,186
active,3,495,model3,3,-1266.9914,-281.02053,0,1400,0,-1266.9887,-281.02268,0,14000,0,180
active,3,495,model3,4,-1272.5279,-276.44741,0,1400,0,-1272.5239,-276.44906,1,885,0,180
active,4,255,model2B,0,-850.35768,-236.45208,0,1200,0,-849.77455,-235.51196,1,706,0,135
active,4,255,model2B,1,-863.09462,-217.27339,0,1200,0,-862.64477,-217.0719,1,1676,0,157
active,4,255,model2B,2,-874.71605,-205.14066,0,1200,0,-874.13833,-205.51897,1,502,0,173
active,4,255,model2B,3,-872.86141,-206.20751,0,1200,0,-872.82006,-206.17145,1,370,0,171
active,4,255,model2B,4,-891.16184,-191.67648,0,1200,0,-890.09725,-190.8415,1,981,0,175
active,4,255,model3,0,-849.64316,-235.63366,1,695,0,-848.7542,-236.12296,1,8562,0,135
active,4,255,model3,1,-862.98621,-216.44332,0,1400,0,-862.44145,-216.14199,1,1361,0,157
active,4,255,model3,2,-873.74864,-205.67872,0,1400,0,-873.74351,-205.67293,1,11547,0,173
active,4,255,model3,3,-873.04302,-205.95844,0,1400,0,-872.45755,-206.16545,1,936,0,171
active,4,255,model3,4,-890.0191,-190.89435,0,1400,0,-890.0191,-190.89434,1,358,0,175
active,4,285,model2B,0,-892.67667,-220.68644,0,1200,0,-891.2798,-218.48249,1,4304,0,135
active,4,285,model2B,1,-891.34425,-215.30479,0,1200,0,-891.34415,-215.29401,1,249,0,157
active,4,285,model2B,2,-889.77711,-216.38267,1,1121,0,-889.77711,-216.38267,1,230,0,173
active,4,285,model2B,3,-889.30121,-217.9048,0,1200,0,-888.70408,-217.14978,1,889,0,171
active,4,285,model2B,4,-903.01671,-205.06152,0,1200,0,-901.88431,-204.84664,1,3011,0,175
active,4,285,model3,0,-891.40881,-218.34905,0,1400,0,-891.40881,-218.35101,1,3605,0,135
active,4,285,model3,1,-892.57602,-213.9024,0,1400,0,-892.52044,-213.91997,0,14000,0,157
active,4,285,model3,2,-890.45163,-215.88,0,1400,0,-890.44909,-215.88839,1,2193,0,173
active,4,285,model3,3,-889.42587,-217.08626,0,1400,0,-889.42585,-217.08598,1,1596,0,171
active,4,285,model3,4,-902.56805,-205.33423,0,1400,0,-902.56805,-205.33389,1,3204,0,175
active,4,315,model2B,0,-896.63225,-193.8851,0,1200,0,-896.58413,-194.1179,1,6154,0,135
active,4,315,model2B,1,-862.7032,-228.3368,0,1200,0,-859.75639,-228.45857,1,3112,0,157
active,4,315,model2B,2,-871.66168,-213.74967,0,1200,0,-870.52747,-213.95579,1,416,0,173
active,4,315,model2B,3,-880.07154,-209.12834,0,1200,0,-876.96494,-207.30714,1,1379,0,171
active,4,315,model2B,4,-878.66814,-206.3264,0,1200,0,-878.66177,-206.33064,1,3234,0,175
active,4,315,model3,0,-891.27836,-194.20734,0,1400,0,-891.26336,-194.19089,1,5689,0,135
active,4,315,model3,1,-858.17491,-227.8145,0,1400,0,-857.912,-227.3429,1,684,0,157
active,4,315,model3,2,-870.48368,-214.11029,0,1400,0,-870.47339,-214.15997,1,5465,0,173
active,4,315,model3,3,-877.03112,-207.79614,0,1400,0,-876.74941,-207.37855,1,1214,0,171
active,4,315,model3,4,-878.82725,-206.42447,1,1169,0,-878.78421,-206.61231,1,1492,0,175
active,4,435,model2B,0,-888.23759,-194.82499,0,1200,0,-888.2334,-194.78179,1,626,0,135
active,4,435,model2B,1,-878.95783,-202.86672,1,893,0,-878.9434,-202.83783,1,1198,0,157
active,4,435,model2B,2,-835.14466,-249.61848,0,1200,0,-834.18553,-249.52374,1,1216,0,173
active,4,435,model2B,3,-881.20988,-203.17693,1,1178,0,-880.09286,-202.49098,1,694,0,171
active,4,435,model2B,4,-887.79275,-195.69196,0,1200,0,-887.62239,-195.70661,1,11095,0,175
active,4,435,model3,0,-888.58133,-194.39361,0,1400,0,-888.42817,-194.25732,1,3587,0,135
active,4,435,model3,1,-878.96571,-203.18526,0,1400,0,-878.16934,-203.5308,0,14000,0,157
active,4,435,model3,2,-834.30088,-249.54936,0,1400,0,-834.26633,-249.47084,1,1242,0,173
active,4,435,model3,3,-880.92279,-201.96789,1,1143,0,-879.92002,-202.55124,1,2751,0,171
active,4,435,model3,4,-887.5916,-195.99676,0,1400,0,-887.58985,-195.96547,0,14000,0,175
active,4,465,model2B,0,-909.98541,-240.6239,0,1200,0,-909.97817,-240.66502,0,14000,0,135
active,4,465,model2B,1,-936.62021,-207.41414,0,1200,0,-936.33113,-206.91083,1,440,0,157
active,4,465,model2B,2,-903.28291,-240.20027,0,1200,0,-901.68082,-242.11041,1,984,0,173
active,4,465,model2B,3,-931.56815,-212.47963,1,633,0,-930.67466,-212.9468,1,3288,0,171
active,4,465,model2B,4,-934.43746,-210.1478,0,1200,0,-934.3999,-210.02687,1,459,0,175
active,4,465,model3,0,-911.5789,-238.70236,0,1400,0,-911.56493,-238.76154,1,1306,0,135
active,4,465,model3,1,-938.86827,-209.5189,0,1400,0,-935.28537,-210.69266,1,7375,0,157
active,4,465,model3,2,-904.3712,-240.68014,1,935,0,-902.90165,-242.62656,0,14000,0,173
active,4,465,model3,3,-932.26385,-213.07333,0,1400,0,-931.2763,-214.09393,0,14000,0,171
active,4,465,model3,4,-935.52066,-210.70498,1,1170,0,-935.45751,-210.32834,0,14000,0,175
active,4,495,model2B,0,-968.10252,-241.22869,0,1200,0,-968.09901,-241.2085,1,392,0,135
active,4,495,model2B,1,-984.42694,-219.83683,1,627,0,-984.42652,-219.84212,1,357,0,157
active,4,495,model2B,2,-964.8778,-239.5456,0,1200,0,-964.87633,-239.56042,1,276,0,173
active,4,495,model2B,3,-970.4728,-234.17458,1,1177,0,-970.46075,-234.12495,1,1490,0,171
active,4,495,model2B,4,-974.60153,-230.37428,1,646,0,-974.60129,-230.38123,1,366,0,175
active,4,495,model3,0,-966.19204,-237.79647,0,1400,0,-966.05934,-235.57148,0,14000,0,135
active,4,495,model3,1,-979.36043,-219.07713,0,1400,0,-978.75591,-219.10229,1,8924,0,157
active,4,495,model3,2,-960.6396,-237.74687,0,1400,0,-960.18807,-237.69494,0,14000,0,173
active,4,495,model3,3,-963.99994,-233.77231,0,1400,0,-963.90244,-233.77791,0,14000,0,171
active,4,495,model3,4,-968.50516,-229.88329,0,1400,0,-968.31445,-229.95814,0,14000,0,175
active,5,255,model2B,0,-1113.0977,-241.15991,0,1200,0,-1109.7258,-242.18812,1,942,0,147
active,5,255,model2B,1,-1056.1674,-294.80075,0,1200,0,-1056.1674,-294.80124,1,189,0,184
active,5,255,model2B,2,-1072.7325,-280.18721,1,937,0,-1072.4931,-279.68971,1,290,0,180
active,5,255,model2B,3,-1085.967,-274.51807,0,1200,0,-1081.8863,-272.4395,1,2415,0,182
active,5,255,model2B,4,-1082.2579,-269.05626,0,1200,0,-1082.1907,-268.98038,1,291,0,185
active,5,255,model3,0,-1110.7257,-241.44131,1,718,0,-1110.7254,-241.43961,1,6208,0,147
active,5,255,model3,1,-1055.7541,-294.57652,0,1400,0,-1055.7482,-294.57021,1,9588,0,184
active,5,255,model3,2,-1072.1363,-279.0145,1,1052,0,-1072.1202,-279.0007,0,14000,0,180
active,5,255,model3,3,-1078.3104,-273.10062,0,1400,0,-1078.3021,-273.06711,1,594,0,182
active,5,255,model3,4,-1079.7518,-270.50974,1,745,0,-1079.7465,-270.48484,1,1594,0,185
active,5,285,model2B,0,-1159.1409,-266.6658,1,1098,0,-1159.1409,-266.6659,1,209,0,147
active,5,285,model2B,1,-1114.0452,-311.12051,0,1200,0,-1114.0452,-311.12095,1,161,0,184
active,5,285,model2B,2,-1138.0405,-287.47957,1,972,0,-1138.0405,-287.47973,1,175,0,180
active,5,285,model2B,3,-1134.9696,-289.31377,1,953,0,-1134.9696,-289.31377,1,193,0,182
active,5,285,model2B,4,-1145.1334,-279.81522,1,847,0,-1145.1334,-279.81517,1,190,0,185
active,5,285,model3,0,-1159.7199,-264.49614,0,1400,0,-1159.6974,-264.52744,0,14000,0,147
active,5,285,model3,1,-1111.9753,-311.78063,1,579,0,-1111.9399,-311.74454,0,14000,0,184
active,5,285,model3,2,-1136.674,-286.822,1,565,0,-1136.6678,-286.8018,1,13611,0,180
active,5,285,model3,3,-1134.4072,-289.58621,1,1001,0,-1134.3299,-289.67919,0,14000,0,182
active,5,285,model3,4,-1144.537,-279.03518,0,1400,0,-1144.4341,-279.08993,1,12778,0,185
active,5,315,model2B,0,-1177.7969,-259.65363,1,617,0,-1177.7969,-259.65343,1,223,0,147
active,5,315,model2B,1,-1118.8498,-319.6421,1,711,0,-1118.8498,-319.64214,1,193,0,184
active,5,315,model2B,2,-1148.0587,-289.91637,1,1133,0,-1148.0587,-289.9163,1,177,0,180
active,5,315,model2B,3,-1135.0634,-301.84332,1,801,0,-1135.0634,-301.84337,1,179,0,182
active,5,315,model2B,4,-1161.3204,-276.83143,1,878,0,-1161.3204,-276.83153,1,210,0,185
active,5,315,model3,0,-1178.1659,-258.6749,0,1400,0,-1178.1639,-258.68244,0,14000,0,147
active,5,315,model3,1,-1118.5435,-319.3495,1,705,0,-1118.5429,-319.35336,0,14000,0,184
active,5,315,model3,2,-1146.3576,-290.04056,1,763,0,-1146.3576,-290.04037,1,179,0,180
active,5,315,model3,3,-1134.0297,-302.46181,1,794,0,-1134.0297,-302.4622,1,210,0,182
active,5,315,model3,4,-1161.8682,-275.65278,0,1400,0,-1161.8681,-275.65379,1,832,0,185
active,5,435,model2B,0,-1216.1029,-236.31998,1,1041,0,-1216.1029,-236.31998,1,259,0,147
active,5,435,model2B,1,-1142.9285,-309.38127,1,1109,0,-1142.9285,-309.38126,1,194,0,184
active,5,435,model2B,2,-1147.5024,-304.86654,1,929,0,-1147.5024,-304.86661,1,208,0,180
active,5,435,model2B,3,-1146.26,-306.25163,0,1200,0,-1145.4451,-307.02904,1,440,0,182
active,5,435,model2B,4,-1154.7904,-297.49936,1,835,0,-1154.7904,-297.49937,1,219,0,185
active,5,435,model3,0,-1216.1776,-236.34023,1,1080,0,-1215.6624,-236.13467,1,1080,0,147
active,5,435,model3,1,-1140.8733,-310.5301,1,1031,0,-1140.8695,-310.53213,0,14000,0,184
active,5,435,model3,2,-1146.7954,-305.81448,0,1400,0,-1146.7896,-305.80968,1,11859,0,180
active,5,435,model3,3,-1144.9842,-307.22835,0,1400,0,-1144.9631,-307.24746,1,1061,0,182
active,5,435,model3,4,-1155.0253,-297.11874,0,1400,0,-1155.0253,-297.11892,1,318,0,185
active,5,465,model2B,0,-1241.1726,-262.40899,0,1200,0,-1237.3187,-261.50137,1,1313,0,147
active,5,465,model2B,1,-1184.4795,-314.74061,1,1191,0,-1184.4795,-314.74028,1,170,0,184
active,5,465,model2B,2,-1189.7263,-308.41075,1,1100,0,-1189.7263,-308.41079,1,194,0,180
active,5,465,model2B,3,-1191.1931,-307.13908,1,1160,0,-1191.1931,-307.13909,1,228,0,182
active,5,465,model2B,4,-1186.7102,-311.36758,1,1004,0,-1186.7102,-311.36757,1,219,0,185
active,5,465,model3,0,-1237.4764,-260.32012,0,1400,0,-1237.4764,-260.31991,1,685,0,147
active,5,465,model3,1,-1183.4172,-314.58985,0,1400,0,-1183.4048,-314.56921,1,11622,0,184
active,5,465,model3,2,-1188.9203,-309.41059,0,1400,0,-1188.8974,-309.39613,0,14000,0,180
active,5,465,model3,3,-1190.7012,-306.85261,1,1105,0,-1190.701,-306.85436,1,641,0,182
active,5,465,model3,4,-1186.5322,-311.07801,0,1400,0,-1186.5322,-311.07773,1,410,0,185
active,5,495,model2B,0,-1211.7418,-278.43065,0,1200,0,-1211.6685,-277.61078,1,1719,0,147
active,5,495,model2B,1,-1165.5906,-323.56674,0,1200,0,-1165.5822,-323.65054,0,14000,0,184
active,5,495,model2B,2,-1182.5299,-304.14771,0,1200,0,-1182.4915,-304.05351,1,243,0,180
active,5,495,model2B,3,-1193.8363,-293.80935,0,1200,0,-1192.4181,-294.80229,1,533,0,182
active,5,495,model2B,4,-1186.2788,-300.8459,1,1088,0,-1186.2788,-300.8459,1,223,0,185
active,5,495,model3,0,-1212.1084,-275.40515,0,1400,0,-1212.1071,-275.39784,1,3713,0,147
active,5,495,model3,1,-1165.9308,-322.60561,0,1400,0,-1165.8534,-322.73333,0,14000,0,184
active,5,495,model3,2,-1181.5768,-304.59668,0,1400,0,-1181.4969,-304.5612,0,14000,0,180
active,5,495,model3,3,-1192.4351,-294.60842,0,1400,0,-1192.4351,-294.60884,1,374,0,182
active,5,495,model3,4,-1184.7751,-301.66654,0,1400,0,-1184.7116,-301.64274,0,14000,0,185
active,6,255,model2B,0,-959.9266,-277.52917,0,1200,0,-959.24619,-277.9495,1,1236,0,173
active,6,255,model2B,1,-979.9446,-257.24386,0,1200,0,-979.84366,-258.2488,1,424,0,173
active,6,255,model2B,2,-995.67856,-238.45381,0,1200,0,-995.66115,-238.50315,1,327,0,181
active,6,255,model2B,3,-980.4177,-254.97063,0,1200,0,-980.23028,-255.28054,1,405,0,184
active,6,255,model2B,4,-1011.0284,-225.19331,0,1200,0,-1010.9177,-225.01462,1,428,0,188
active,6,255,model3,0,-957.6235,-280.51264,1,616,0,-957.19431,-281.12871,1,1539,0,173
active,6,255,model3,1,-980.98269,-254.87159,0,1400,0,-980.45006,-256.3498,1,572,0,173
active,6,255,model3,2,-996.09051,-237.83201,0,1400,0,-996.07491,-237.83562,0,14000,0,181
active,6,255,model3,3,-979.27301,-256.84038,0,1400,0,-978.90451,-256.34626,0,14000,0,184
active,6,255,model3,4,-1009.9348,-225.96336,1,907,0,-1009.9204,-225.93395,0,14000,0,188
active,6,285,model2B,0,-1053.9176,-271.07166,1,865,0,-1053.9176,-271.07166,1,179,0,173
active,6,285,model2B,1,-1051.8272,-274.51938,0,1200,0,-1051.8148,-274.83997,1,262,0,173
active,6,285,model2B,2,-1067.6121,-256.87506,1,1121,0,-1067.6121,-256.87506,1,188,0,181
active,6,285,model2B,3,-1049.0106,-275.70683,1,1086,0,-1049.0106,-275.70685,1,157,0,184
active,6,285,model2B,4,-1069.596,-255.67921,1,1071,0,-1069.596,-255.67933,1,179,0,188
active,6,285,model3,0,-1052.6014,-271.05164,1,713,0,-1052.6011,-271.04897,1,10675,0,173
active,6,285,model3,1,-1050.9092,-274.44505,1,1328,0,-1050.9092,-274.445,1,256,0,173
active,6,285,model3,2,-1066.7119,-256.46182,1,676,0,-1066.7028,-256.46026,0,14000,0,181
active,6,285,model3,3,-1048.3054,-275.2716,0,1400,0,-1048.2747,-275.28415,0,14000,0,184
active,6,285,model3,4,-1067.2331,-256.8518,1,652,0,-1067.2322,-256.85065,0,14000,0,188
active,6,315,model2B,0,-1152.7077,-277.00614,0,1200,0,-1152.6993,-277.00558,1,484,0,173
active,6,315,model2B,1,-1147.3357,-283.41592,1,1061,0,-1146.5633,-284.00135,1,497,0,173
active,6,315,model2B,2,-1139.0162,-290.78864,0,1200,0,-1139.0162,-290.78901,1,220,0,181
active,6,315,model2B,3,-1137.5822,-292.03649,0,1200,0,-1137.4986,-292.07044,1,801,0,184
active,6,315,model2B,4,-1140.2742,-289.60921,0,1200,0,-1140.2275,-289.68503,0,14000,0,188
active,6,315,model3,0,-1153.0055,-278.27405,0,1400,0,-1153.0045,-278.26627,0,14000,0,173
active,6,315,model3,1,-1147.4484,-284.28753,1,731,0,-1147.4336,-284.2621,0,14000,0,173
active,6,315,model3,2,-1141.4998,-289.74894,0,1400,0,-1141.464,-289.81481,0,14000,0,181
active,6,315,model3,3,-1138.2275,-292.61303,0,1400,0,-1138.2231,-292.61071,1,7049,0,184
active,6,315,model3,4,-1141.0253,-290.12525,0,1400,0,-1141.0235,-290.1268,1,6558,0,188
active,6,435,model2B,0,-1033.1989,-262.63304,0,1200,0,-1033.1989,-262.63318,1,207,0,173
active,6,435,model2B,1,-1022.6339,-272.93916,0,1200,0,-1022.1086,-274.10613,1,682,0,173
active,6,435,model2B,2,-1048.492,-246.54093,1,963,0,-1048.492,-246.54093,1,174,0,181
active,6,435,model2B,3,-1037.8663,-257.12384,1,1082,0,-1037.8663,-257.12385,1,202,0,184
active,6,435,model2B,4,-1032.876,-262.5064,0,1200,0,-1032.8747,-262.50518,1,452,0,188
active,6,435,model3,0,-1033.5925,-261.74713,1,1179,0,-1033.5734,-261.75478,0,14000,0,173
active,6,435,model3,1,-1019.6486,-276.49986,1,1144,0,-1019.4761,-276.75853,1,2812,0,173
active,6,435,model3,2,-1046.1066,-246.84336,0,1400,0,-1045.7707,-246.79344,1,5563,0,181
active,6,435,model3,3,-1037.1787,-257.19349,0,1400,0,-1036.134,-256.32828,1,5442,0,184
active,6,435,model3,4,-1032.8785,-263.28268,0,1400,0,-1032.8491,-263.17388,1,13489,0,188
active,6,465,model2B,0,-1032.6824,-270.62091,0,1200,0,-1032.5843,-270.64954,1,452,0,173
active,6,465,model2B,1,-1043.247,-262.19121,0,1200,0,-1038.8051,-263.37892,1,3835,0,173
active,6,465,model2B,2,-1033.0233,-269.12557,0,1200,0,-1032.1306,-270.09823,1,491,0,181
active,6,465,model2B,3,-1038.9614,-263.05388,0,1200,0,-1038.9434,-263.05844,0,14000,0,184
active,6,465,model2B,4,-1057.5022,-246.0055,1,1164,0,-1057.5022,-246.00551,1,179,0,188
active,6,465,model3,0,-1032.266,-269.02035,0,1400,0,-1031.0718,-268.24021,1,5432,0,173
active,6,465,model3,1,-1037.5399,-262.91116,1,997,0,-1037.5398,-262.91117,1,13587,0,173
active,6,465,model3,2,-1029.0115,-271.28177,0,1400,0,-1029.0114,-271.28134,1,2412,0,181
active,6,465,model3,3,-1037.0892,-263.39514,0,1400,0,-1037.0891,-263.39602,1,5269,0,184
active,6,465,model3,4,-1055.4668,-246.17865,0,1400,0,-1055.4573,-246.17138,1,4108,0,188
active,6,495,model2B,0,-958.00663,-251.86874,0,1200,0,-955.03309,-248.9946,1,3097,0,173
active,6,495,model2B,1,-969.69761,-237.00498,0,1200,0,-965.60792,-237.41081,1,5699,0,173
active,6,495,model2B,2,-939.12947,-264.1383,0,1200,0,-939.12903,-264.15555,1,3957,0,181
active,6,495,model2B,3,-963.19759,-245.57478,0,1200,0,-960.51432,-244.36246,1,7237,0,184
active,6,495,model2B,4,-984.82566,-221.0114,0,1200,0,-982.31642,-221.81314,1,1154,0,188
active,6,495,model3,0,-954.82137,-248.2319,1,765,0,-954.82134,-248.23917,1,420,0,173
active,6,495,model3,1,-965.56167,-237.33707,1,1044,0,-965.50369,-237.13061,1,739,0,173
active,6,495,model3,2,-937.79446,-265.49077,0,1400,0,-937.79435,-265.49427,1,4359,0,181
active,6,495,model3,3,-957.64799,-245.07402,1,839,0,-957.38866,-244.96696,1,2071,0,184
active,6,495,model3,4,-980.99249,-222.56911,1,991,0,-980.99109,-222.56955,1,6052,0,188
active,7,255,model2B,0,-1153.9496,-291.78436,1,1196,0,-1153.9496,-291.78436,1,180,0,175
active,7,255,model2B,1,-1153.9928,-292.02322,1,933,0,-1153.9928,-292.02303,1,181,0,179
active,7,255,model2B,2,-1141.6882,-304.29299,0,1200,0,-1141.6664,-304.35951,0,14000,0,179
active,7,255,model2B,3,-1157.0629,-289.05579,1,1067,0,-1157.0629,-289.05565,1,178,0,176
active,7,255,model2B,4,-1169.6858,-276.10617,0,1200,0,-1169.6394,-276.30205,1,555,0,181
active,7,255,model3,0,-1153.4438,-292.03294,0,1400,0,-1153.4438,-292.03262,1,207,0,175
active,7,255,model3,1,-1152.1181,-291.76011,0,1400,0,-1150.8925,-293.89492,1,1493,0,179
active,7,255,model3,2,-1141.1375,-303.15863,1,481,0,-1141.1367,-303.15771,0,14000,0,179
active,7,255,model3,3,-1155.8736,-288.18741,1,989,0,-1155.6231,-288.11244,1,1357,0,176
active,7,255,model3,4,-1166.6279,-277.82101,1,1260,0,-1166.6279,-277.82101,1,241,0,181
active,7,285,model2B,0,-1046.9113,-267.41793,1,1092,0,-1046.9113,-267.41786,1,192,0,175
active,7,285,model2B,1,-1049.3125,-265.19809,1,990,0,-1049.3125,-265.19809,1,164,0,179
active,7,285,model2B,2,-1061.1176,-253.67353,0,1200,0,-1061.1156,-253.62224,1,549,0,179
active,7,285,model2B,3,-1047.1177,-270.02542,0,1200,0,-1046.4712,-269.39926,1,1006,0,176
active,7,285,model2B,4,-1048.9616,-265.23652,0,1200,0,-1048.951,-265.27619,1,389,0,181
active,7,285,model3,0,-1045.7691,-267.3755,0,1400,0,-1045.7231,-267.44493,1,2662,0,175
active,7,285,model3,1,-1048.8987,-264.93491,0,1400,0,-1048.8526,-264.99519,0,14000,0,179
active,7,285,model3,2,-1060.9467,-253.02879,0,1400,0,-1060.5675,-252.76626,0,14000,0,179
active,7,285,model3,3,-1045.6233,-268.42911,0,1400,0,-1045.6207,-268.43903,1,2261,0,176
active,7,285,model3,4,-1046.9805,-267.17585,0,1400,0,-1046.9544,-267.21233,0,14000,0,181
active,7,315,model2B,0,-1064.2093,-278.68484,1,1044,0,-1064.2093,-278.68503,1,187,0,175
active,7,315,model2B,1,-1081.4184,-266.09302,0,1200,0,-1078.8154,-264.8119,1,3094,0,179
active,7,315,model2B,2,-1079.4852,-263.61006,0,1200,0,-1079.4852,-263.61052,1,343,0,179
active,7,315,model2B,3,-1079.858,-263.03107,1,1093,0,-1079.858,-263.03107,1,178,0,176
active,7,315,model2B,4,-1064.3747,-278.00725,1,904,0,-1064.3747,-278.0073,1,193,0,181
active,7,315,model3,0,-1063.3008,-279.60482,0,1400,0,-1063.2305,-279.518,1,401,0,175
active,7,315,model3,1,-1078.6105,-265.16341,0,1400,0,-1077.9637,-264.61193,1,1825,0,179
active,7,315,model3,2,-1079.4129,-264.02404,0,1400,0,-1079.4013,-264.04829,1,4079,0,179
active,7,315,model3,3,-1079.5005,-263.37186,0,1400,0,-1079.4919,-263.36227,0,14000,0,176
active,7,315,model3,4,-1063.9888,-278.68878,1,478,0,-1063.9884,-278.72332,1,8032,0,181
active,7,435,model2B,0,-1341.8376,-326.96762,1,979,0,-1341.8376,-326.96762,1,184,0,175
active,7,435,model2B,1,-1337.8124,-331.86111,1,1010,0,-1337.8124,-331.86111,1,187,0,179
active,7,435,model2B,2,-1328.1343,-341.15178,1,800,0,-1328.1343,-341.15196,1,187,0,179
active,7,435,model2B,3,-1324.2012,-344.69948,1,962,0,-1324.2012,-344.69942,1,185,0,176
active,7,435,model2B,4,-1332.8732,-335.92084,1,986,0,-1332.8732,-335.9215,1,194,0,181
active,7,435,model3,0,-1341.256,-324.40367,1,634,0,-1341.256,-324.40378,1,216,0,175
active,7,435,model3,1,-1337.1787,-330.06836,1,796,0,-1337.1785,-330.07089,1,12709,0,179
active,7,435,model3,2,-1325.9027,-340.37264,1,590,0,-1325.8806,-340.36951,1,1097,0,179
active,7,435,model3,3,-1322.1769,-343.76928,1,587,0,-1322.1769,-343.76925,1,212,0,176
active,7,435,model3,4,-1330.1114,-336.44667,1,589,0,-1330.0663,-336.47902,1,1858,0,181
active,7,465,model2B,0,-1366.3388,-329.42654,1,639,0,-1366.3388,-329.42654,1,199,0,175
active,7,465,model2B,1,-1342.1185,-355.01036,1,871,0,-1342.1185,-355.0105,1,187,0,179
active,7,465,model2B,2,-1352.6028,-343.54617,0,1200,0,-1352.6028,-343.54688,1,245,0,179
active,7,465,model2B,3,-1351.4448,-343.8449,1,776,0,-1351.4448,-343.8449,1,185,0,176
active,7,465,model2B,4,-1359.7882,-336.10812,1,610,0,-1359.7882,-336.10797,1,198,0,181
active,7,465,model3,0,-1369.5572,-325.97661,1,453,0,-1369.0949,-326.22308,1,2203,0,175
active,7,465,model3,1,-1342.043,-355.14669,1,485,0,-1342.0417,-355.14966,0,14000,0,179
active,7,465,model3,2,-1351.3092,-344.20309,1,440,0,-1351.3092,-344.20305,1,197,0,179
active,7,465,model3,3,-1352.0529,-343.2688,1,543,0,-1352.0507,-343.27609,0,14000,0,176
active,7,465,model3,4,-1358.6214,-337.6496,1,603,0,-1358.6214,-337.64981,1,199,0,181
active,7,495,model2B,0,-1369.964,-334.36455,1,599,0,-1369.964,-334.3647,1,185,0,175
active,7,495,model2B,1,-1355.2929,-349.63705,1,704,0,-1355.2929,-349.63705,1,196,0,179
active,7,495,model2B,2,-1365.3307,-339.89132,1,810,0,-1365.3307,-339.89132,1,192,0,179
active,7,495,model2B,3,-1349.2865,-355.63215,1,843,0,-1349.2865,-355.63215,1,184,0,176
active,7,495,model2B,4,-1370.5084,-334.40669,1,597,0,-1370.5084,-334.40669,1,179,0,181
active,7,495,model3,0,-1370.4948,-334.80485,1,548,0,-1369.9984,-335.10551,1,2992,0,175
active,7,495,model3,1,-1356.1345,-349.61386,1,387,0,-1356.1345,-349.61373,1,175,0,179
active,7,495,model3,2,-1364.6641,-340.73357,1,639,0,-1364.6422,-340.7981,0,14000,0,179
active,7,495,model3,3,-1351.801,-353.48627,1,901,0,-1351.4331,-353.05228,1,8839,0,176
active,7,495,model3,4,-1369.7737,-335.78415,1,556,0,-1369.7699,-335.78974,0,14000,0,181
active,8,255,model2B,0,-1181.7794,-313.43578,1,1000,0,-1181.7794,-313.43578,1,196,0,162
active,8,255,model2B,1,-1210.5751,-280.96979,1,842,0,-1210.5751,-280.96979,1,175,0,172
active,8,255,model2B,2,-1194.5211,-296.50145,0,1200,0,-1194.5194,-296.50418,1,268,0,179
active,8,255,model2B,3,-1199.4814,-292.47697,1,1049,0,-1199.4814,-292.47697,1,184,0,176
active,8,255,model2B,4,-1167.9479,-324.21764,1,1143,0,-1167.5254,-325.40601,1,419,0,183
active,8,255,model3,0,-1178.9907,-316.83241,1,835,0,-1177.55,-318.48142,1,2213,0,162
active,8,255,model3,1,-1210.9699,-280.61816,0,1400,0,-1210.9696,-280.6192,1,447,0,172
active,8,255,model3,2,-1194.7979,-296.28661,0,1400,0,-1194.7979,-296.28837,1,244,0,179
active,8,255,model3,3,-1199.3334,-292.45274,1,1069,0,-1199.3315,-292.44241,1,421,0,176
active,8,255,model3,4,-1168.0059,-324.2353,0,1400,0,-1167.993,-324.07458,1,560,0,183
active,8,285,model2B,0,-1131.4132,-288.07662,1,918,0,-1131.4132,-288.07719,1,191,0,162
active,8,285,model2B,1,-1156.7339,-261.59248,1,842,0,-1156.7339,-261.59244,1,177,0,172
active,8,285,model2B,2,-1134.4017,-282.87474,1,913,0,-1134.4017,-282.87474,1,179,0,179
active,8,285,model2B,3,-1138.9245,-278.72732,0,1200,0,-1138.7679,-279.43152,1,293,0,176
active,8,285,model2B,4,-1095.6758,-323.97038,1,665,0,-1095.6758,-323.97038,1,202,0,183
active,8,285,model3,0,-1130.2635,-291.14975,1,761,0,-1130.2633,-291.15301,1,13648,0,162
active,8,285,model3,1,-1157.6035,-261.67269,0,1400,0,-1157.4918,-261.73677,1,1333,0,172
active,8,285,model3,2,-1134.9194,-283.25124,0,1400,0,-1134.8899,-283.12933,1,602,0,179
active,8,285,model3,3,-1138.8567,-280.11742,1,921,0,-1138.8314,-280.08692,1,420,0,176
active,8,285,model3,4,-1096.876,-322.1656,0,1400,0,-1096.8747,-322.16438,1,846,0,183
active,8,315,model2B,0,-1144.8066,-268.86991,1,886,0,-1144.8066,-268.86991,1,182,0,162
active,8,315,model2B,1,-1152.1475,-264.1488,0,1200,0,-1151.4957,-264.24,1,608,0,172
active,8,315,model2B,2,-1135.2056,-278.71317,0,1200,0,-1135.1693,-278.79111,1,342,0,179
active,8,315,model2B,3,-1130.3244,-285.03508,0,1200,0,-1128.5216,-286.0072,1,839,0,176
active,8,315,model2B,4,-1085.4184,-329.74875,1,971,0,-1085.4184,-329.74872,1,175,0,183
active,8,315,model3,0,-1145.9884,-268.60633,0,1400,0,-1145.9763,-268.70134,0,14000,0,162
active,8,315,model3,1,-1152.5354,-264.93595,1,670,0,-1152.0567,-264.51755,1,1777,0,172
active,8,315,model3,2,-1136.2342,-278.80225,0,1400,0,-1136.2277,-278.80761,1,395,0,179
active,8,315,model3,3,-1129.2296,-286.79965,0,1400,0,-1129.2163,-286.75154,1,432,0,176
active,8,315,model3,4,-1084.7117,-331.36064,0,1400,0,-1084.7094,-331.34758,1,569,0,183
active,8,435,model2B,0,-987.63465,-362.13266,0,1200,0,-987.63463,-362.14273,1,2398,0,162
active,8,435,model2B,1,-1089.0681,-237.10511,0,1200,0,-1089.0681,-237.102,1,178,0,172
active,8,435,model2B,2,-1055.6793,-269.45277,1,945,0,-1055.6793,-269.45277,1,209,0,179
active,8,435,model2B,3,-1079.9348,-247.72597,0,1200,0,-1079.3972,-246.29586,1,395,0,176
active,8,435,model2B,4,-1062.8059,-263.09904,0,1200,0,-1062.8059,-263.09907,1,626,0,183
active,8,435,model3,0,-993.90927,-356.07735,0,1400,0,-993.90721,-355.98457,1,6490,0,162
active,8,435,model3,1,-1088.3071,-240.05063,0,1400,0,-1088.2895,-240.06312,0,14000,0,172
active,8,435,model3,2,-1055.9112,-268.73552,0,1400,0,-1055.5929,-269.1219,1,1760,0,179
active,8,435,model3,3,-1080.157,-246.91623,0,1400,0,-1080.1425,-246.82967,1,1335,0,176
active,8,435,model3,4,-1062.6502,-262.49065,0,1400,0,-1062.6134,-262.45462,1,1005,0,183
active,8,465,model2B,0,-1101.9834,-342.17616,0,1200,0,-1101.9834,-342.17434,1,169,0,162
active,8,465,model2B,1,-1169.0268,-265.93195,1,817,0,-1169.0268,-265.93195,1,212,0,172
active,8,465,model2B,2,-1149.3123,-284.82005,1,796,0,-1149.3123,-284.81981,1,190,0,179
active,8,465,model2B,3,-1152.0765,-281.95225,1,805,0,-1152.0765,-281.95219,1,183,0,176
active,8,465,model2B,4,-1151.491,-284.31653,1,798,0,-1151.491,-284.31622,1,189,0,183
active,8,465,model3,0,-1101.8779,-340.29546,1,604,0,-1101.8664,-340.19386,1,5378,0,162
active,8,465,model3,1,-1167.7344,-266.57975,1,510,0,-1167.7344,-266.57979,1,199,0,172
active,8,465,model3,2,-1148.0354,-284.30198,0,1400,0,-1148.0347,-284.28976,1,266,0,179
active,8,465,model3,3,-1150.7708,-282.17635,1,771,0,-1150.4365,-281.78148,1,430,0,176
active,8,465,model3,4,-1150.124,-284.62114,1,701,0,-1150.1145,-284.60381,1,13698,0,183
active,8,495,model2B,0,-1236.7095,-313.17542,1,980,0,-1236.7095,-313.17542,1,184,0,162
active,8,495,model2B,1,-1250.377,-298.67515,1,609,0,-1250.3769,-298.67201,1,209,0,172
active,8,495,model2B,2,-1237.0866,-311.5318,1,1014,0,-1237.0866,-311.53171,1,185,0,179
active,8,495,model2B,3,-1231.5851,-316.85186,1,609,0,-1231.5534,-316.70732,1,364,0,176
active,8,495,model2B,4,-1231.706,-318.10055,1,1129,0,-1231.706,-318.1004,1,183,0,183
active,8,495,model3,0,-1233.4164,-313.86498,0,1400,0,-1233.4129,-313.88419,0,14000,0,162
active,8,495,model3,1,-1247.8366,-298.91353,1,670,0,-1247.8333,-298.91283,1,771,0,172
active,8,495,model3,2,-1234.8864,-310.69218,0,1400,0,-1234.8857,-310.71054,1,326,0,179
active,8,495,model3,3,-1229.4247,-316.36395,1,1255,0,-1229.4247,-316.36395,1,215,0,176
active,8,495,model3,4,-1229.8972,-317.18265,1,829,0,-1229.8944,-317.18092,0,14000,0,183
active,9,255,model2B,0,-843.79604,-284.97275,0,1200,0,-843.56317,-284.20936,1,370,0,183
active,9,255,model2B,1,-901.22906,-223.13763,0,1200,0,-899.01502,-223.70014,1,3404,0,189
active,9,255,model2B,2,-893.28898,-232.74187,0,1200,0,-890.58372,-232.13379,1,4806,0,188
active,9,255,model2B,3,-919.53535,-206.25443,0,1200,0,-919.19591,-205.42888,1,8522,0,188
active,9,255,model2B,4,-926.5155,-198.38427,1,1037,0,-924.43285,-197.99659,1,5641,0,181
active,9,255,model3,0,-844.10359,-283.31499,1,1283,0,-844.08489,-283.08055,1,376,0,183
active,9,255,model3,1,-893.71793,-227.3205,0,1400,0,-893.71793,-227.32097,1,310,0,189
active,9,255,model3,2,-892.19176,-228.92355,0,1400,0,-892.19163,-228.93912,1,288,0,188
active,9,255,model3,3,-916.07638,-204.1779,0,1400,0,-916.07421,-204.16919,1,767,0,188
active,9,255,model3,4,-921.28634,-198.84297,1,1246,0,-921.28633,-198.84383,1,555,0,181
active,9,285,model2B,0,-979.52472,-303.10876,0,1200,0,-979.52433,-303.14212,1,205,0,183
active,9,285,model2B,1,-1039.3628,-240.34238,0,1200,0,-1039.3628,-240.34225,1,200,0,189
active,9,285,model2B,2,-1010.1396,-270.87527,0,1200,0,-1006.4001,-273.75372,1,4920,0,188
active,9,285,model2B,3,-1033.5366,-245.8386,1,1107,0,-1033.5366,-245.83844,1,179,0,188
active,9,285,model2B,4,-1046.2257,-233.18423,0,1200,0,-1046.2257,-233.18756,1,174,0,181
active,9,285,model3,0,-979.56004,-303.38402,0,1400,0,-979.44796,-302.9402,1,566,0,183
active,9,285,model3,1,-1037.3916,-240.74738,0,1400,0,-1037.3916,-240.74729,1,278,0,189
active,9,285,model3,2,-1005.4827,-273.21544,1,530,0,-1003.5171,-273.85459,1,3032,0,188
active,9,285,model3,3,-1031.1276,-246.12898,1,698,0,-1031.1276,-246.12902,1,293,0,188
active,9,285,model3,4,-1043.201,-234.39214,0,1400,0,-1043.201,-234.3921,1,238,0,181
active,9,315,model2B,0,-1085.0189,-322.80455,1,908,0,-1084.7051,-322.11878,1,361,0,183
active,9,315,model2B,1,-1130.994,-272.65459,0,1200,0,-1130.9937,-272.6801,1,191,0,189
active,9,315,model2B,2,-1112.1758,-291.19772,1,1029,0,-1112.1758,-291.19769,1,202,0,188
active,9,315,model2B,3,-1136.8941,-266.63672,1,1091,0,-1136.8941,-266.63652,1,175,0,188
active,9,315,model2B,4,-1140.5275,-264.20351,0,1200,0,-1140.5266,-264.18942,1,282,0,181
active,9,315,model3,0,-1083.6524,-320.6278,1,879,0,-1083.6508,-320.63323,0,14000,0,183
active,9,315,model3,1,-1128.6725,-272.56855,1,786,0,-1126.6725,-272.65198,1,2879,0,189
active,9,315,model3,2,-1110.8513,-290.08839,0,1400,0,-1110.85,-290.08944,0,14000,0,188
active,9,315,model3,3,-1134.8013,-266.26398,1,878,0,-1134.8013,-266.26409,1,214,0,188
active,9,315,model3,4,-1137.6949,-264.2661,1,620,0,-1136.4782,-263.51874,1,1366,0,181
active,9,435,model2B,0,-1196.438,-316.84304,1,1079,0,-1196.438,-316.84304,1,205,0,183
active,9,435,model2B,1,-1198.9243,-310.87429,1,926,0,-1198.9243,-310.87429,1,160,0,189
active,9,435,model2B,2,-1208.3136,-300.51776,1,858,0,-1208.3136,-300.51776,1,189,0,188
active,9,435,model2B,3,-1206.6282,-303.25487,1,845,0,-1206.6282,-303.25511,1,200,0,188
active,9,435,model2B,4,-1216.3581,-293.29158,1,1028,0,-1216.3581,-293.29158,1,182,0,181
active,9,435,model3,0,-1199.2997,-310.75946,0,1400,0,-1199.2938,-310.73931,0,14000,0,183
active,9,435,model3,1,-1197.4492,-311.5279,1,640,0,-1197.4491,-311.52415,1,985,0,189
active,9,435,model3,2,-1208.5822,-300.30536,0,1400,0,-1208.5816,-300.31257,1,554,0,188
active,9,435,model3,3,-1206.4004,-303.39545,1,860,0,-1206.3828,-303.39174,0,14000,0,188
active,9,435,model3,4,-1217.0074,-292.38525,1,595,0,-1217.0072,-292.3831,1,503,0,181
active,9,465,model2B,0,-1112.956,-296.90524,0,1200,0,-1112.956,-296.8965,1,199,0,183
active,9,465,model2B,1,-1123.987,-283.68717,1,703,0,-1123.987,-283.68717,1,186,0,189
active,9,465,model2B,2,-1124.903,-282.05023,0,1200,0,-1124.8552,-282.15516,0,14000,0,188
active,9,465,model2B,3,-1117.2231,-290.97206,1,904,0,-1117.2231,-290.97206,1,231,0,188
active,9,465,model2B,4,-1141.6345,-266.37672,0,1200,0,-1141.6345,-266.37673,1,221,0,181
active,9,465,model3,0,-1114.9474,-296.35001,1,461,0,-1114.9474,-296.35058,1,8102,0,183
active,9,465,model3,1,-1124.7591,-285.72242,0,1400,0,-1124.7566,-285.71078,0,14000,0,189
active,9,465,model3,2,-1127.3706,-282.64072,0,1400,0,-1127.2605,-282.6731,1,12059,0,188
active,9,465,model3,3,-1119.9473,-291.66943,0,1400,0,-1119.7804,-291.66388,0,14000,0,188
active,9,465,model3,4,-1144.0568,-266.86316,0,1400,0,-1143.9727,-266.98042,0,14000,0,181
active,9,495,model2B,0,-1148.3563,-317.32948,0,1200,0,-1148.1275,-316.42425,1,404,0,183
active,9,495,model2B,1,-1165.545,-297.63034,0,1200,0,-1165.5416,-297.64107,1,3146,0,189
active,9,495,model2B,2,-1179.2679,-282.58878,0,1200,0,-1179.217,-282.65057,0,14000,0,188
active,9,495,model2B,3,-1177.2879,-285.22014,0,1200,0,-1177.1828,-285.29994,0,14000,0,188
active,9,495,model2B,4,-1169.6708,-293.40394,0,1200,0,-1168.8769,-294.33617,1,466,0,181
active,9,495,model3,0,-1146.3273,-317.87071,0,1400,0,-1146.3185,-317.85288,0,14000,0,183
active,9,495,model3,1,-1164.722,-298.613,0,1400,0,-1164.7144,-298.59205,0,14000,0,189
active,9,495,model3,2,-1180.6345,-281.27162,0,1400,0,-1180.588,-281.28454,0,14000,0,188
active,9,495,model3,3,-1176.3305,-286.15215,0,1400,0,-1176.3203,-286.20508,1,8876,0,188
active,9,495,model3,4,-1169.7387,-293.06068,0,1400,0,-1169.7109,-293.13218,0,14000,0,181
active,10,255,model2B,0,-997.26124,-255.3038,0,1200,0,-997.26029,-255.32394,1,300,0,182
active,10,255,model2B,1,-1003.5629,-250.08832,0,1200,0,-1002.8893,-249.37863,1,479,0,187
active,10,255,model2B,2,-1000.5026,-252.39093,0,1200,0,-999.94719,-252.47614,1,2757,0,186
active,10,255,model2B,3,-1010.1351,-242.98527,0,1200,0,-1009.9556,-242.80488,1,489,0,189
active,10,255,model2B,4,-996.60217,-256.04285,0,1200,0,-996.59345,-256.0802,1,354,0,186
active,10,255,model3,0,-997.39798,-254.90621,0,1400,0,-997.39798,-254.90654,1,1891,0,182
active,10,255,model3,1,-1000.3428,-251.24457,0,1400,0,-1000.3427,-251.2468,1,7926,0,187
active,10,255,model3,2,-1000.7029,-251.00337,0,1400,0,-1000.7028,-251.00536,1,5798,0,186
active,10,255,model3,3,-1008.6984,-243.51504,0,1400,0,-1008.6984,-243.51399,1,3611,0,189
active,10,255,model3,4,-996.14101,-255.72562,0,1400,0,-996.14098,-255.72402,1,5603,0,186
active,10,285,model2B,0,-1110.3408,-300.42226,0,1200,0,-1110.1772,-300.50119,0,14000,0,182
active,10,285,model2B,1,-1125.129,-284.64917,0,1200,0,-1125.129,-284.64934,1,196,0,187
active,10,285,model2B,2,-1136.3288,-273.70517,0,1200,0,-1136.2839,-273.72719,1,10618,0,186
active,10,285,model2B,3,-1138.5222,-271.52364,0,1200,0,-1138.5118,-271.52327,0,14000,0,189
active,10,285,model2B,4,-1124.2256,-286.37242,0,1200,0,-1124.22,-286.35151,1,3859,0,186
active,10,285,model3,0,-1109.2451,-301.63257,0,1400,0,-1109.1839,-301.66587,1,13260,0,182
active,10,285,model3,1,-1124.9882,-285.13058,0,1400,0,-1124.9821,-285.10341,1,682,0,187
active,10,285,model3,2,-1136.9166,-273.16893,1,610,0,-1136.6716,-273.30023,0,14000,0,186
active,10,285,model3,3,-1138.8938,-271.05505,0,1400,0,-1138.8902,-271.061,0,14000,0,189
active,10,285,model3,4,-1122.5896,-288.189,0,1400,0,-1122.5845,-288.20718,1,10179,0,186
active,10,315,model2B,0,-1279.5294,-351.95929,0,1200,0,-1279.4867,-352.13886,0,14000,0,182
active,10,315,model2B,1,-1305.9093,-324.28217,0,1200,0,-1305.9093,-324.28222,1,199,0,187
active,10,315,model2B,2,-1314.3835,-315.69892,0,1200,0,-1314.3834,-315.70251,1,189,0,186
active,10,315,model2B,3,-1306.6123,-323.11275,1,590,0,-1306.6123,-323.11019,1,393,0,189
active,10,315,model2B,4,-1304.5036,-325.89915,1,962,0,-1304.5036,-325.89915,1,207,0,186
active,10,315,model3,0,-1281.277,-351.31792,0,1400,0,-1281.2592,-351.25955,1,8776,0,182
active,10,315,model3,1,-1305.4342,-325.98053,0,1400,0,-1305.4231,-325.99334,1,13132,0,187
active,10,315,model3,2,-1316.4663,-314.61096,0,1400,0,-1316.4511,-314.59349,0,14000,0,186
active,10,315,model3,3,-1307.556,-322.91022,0,1400,0,-1307.5442,-322.89507,0,14000,0,189
active,10,315,model3,4,-1303.3507,-328.2932,1,470,0,-1303.3494,-328.27834,1,10145,0,186
active,10,435,model2B,0,-1622.6347,-441.09341,1,644,0,-1622.6347,-441.09314,1,202,0,182
active,10,435,model2B,1,-1643.8025,-415.268,1,602,0,-1643.8025,-415.268,1,186,0,187
active,10,435,model2B,2,-1655.5324,-403.99588,1,566,0,-1655.5324,-403.99571,1,205,0,186
active,10,435,model2B,3,-1647.618,-411.42317,1,727,0,-1647.618,-411.42322,1,202,0,189
active,10,435,model2B,4,-1660.0038,-400.46864,1,483,0,-1660.0038,-400.46864,1,190,0,186
active,10,435,model3,0,-1616.4171,-433.33598,1,503,0,-1616.412,-433.39492,1,9577,0,182
active,10,435,model3,1,-1632.9881,-409.78951,1,522,0,-1632.9881,-409.78952,1,4374,0,187
active,10,435,model3,2,-1640.7558,-402.50551,1,625,0,-1640.7558,-402.50555,1,239,0,186
active,10,435,model3,3,-1628.1713,-414.66296,1,591,0,-1628.1702,-414.66412,1,8690,0,189
active,10,435,model3,4,-1643.826,-399.64711,1,522,0,-1643.8256,-399.64754,1,12928,0,186
active,10,465,model2B,0,-1515.7062,-406.80739,1,702,0,-1515.7062,-406.80739,1,185,0,182
active,10,465,model2B,1,-1514.7539,-405.07376,1,808,0,-1514.7539,-405.07376,1,182,0,187
active,10,465,model2B,2,-1543.0454,-376.47298,1,600,0,-1543.0454,-376.47296,1,196,0,186
active,10,465,model2B,3,-1536.6316,-382.53312,1,1097,0,-1536.6316,-382.53314,1,203,0,189
active,10,465,model2B,4,-1560.1447,-360.4833,1,639,0,-1560.1447,-360.48339,1,187,0,186
active,10,465,model3,0,-1508.3643,-403.91805,1,666,0,-1508.3643,-403.91755,1,196,0,182
active,10,465,model3,1,-1507.9389,-400.40784,1,469,0,-1507.9274,-400.40485,1,1089,0,187
active,10,465,model3,2,-1535.6963,-372.68087,1,389,0,-1535.6714,-372.68866,1,1054,0,186
active,10,465,model3,3,-1522.7008,-385.56871,1,475,0,-1522.7008,-385.56892,1,169,0,189
active,10,465,model3,4,-1550.1412,-359.0613,1,451,0,-1550.1158,-359.08852,1,1642,0,186
active,10,495,model2B,0,-1381.4624,-350.36297,1,909,0,-1381.4624,-350.36317,1,201,0,182
active,10,495,model2B,1,-1363.572,-367.46444,0,1200,0,-1363.572,-367.46388,1,176,0,187
active,10,495,model2B,2,-1390.2779,-340.57208,1,1071,0,-1390.2779,-340.57208,1,183,0,186
active,10,495,model2B,3,-1364.2166,-366.48234,1,912,0,-1364.2166,-366.48217,1,184,0,189
active,10,495,model2B,4,-1414.1222,-317.59154,1,922,0,-1414.1222,-317.59172,1,190,0,186
active,10,495,model3,0,-1382.0628,-350.59697,1,937,0,-1382.0597,-350.58257,1,12209,0,182
active,10,495,model3,1,-1364.6358,-365.72172,1,956,0,-1364.5853,-365.75422,1,438,0,187
active,10,495,model3,2,-1389.9847,-341.67512,0,1400,0,-1389.9252,-341.67409,1,8509,0,186
active,10,495,model3,3,-1362.7737,-368.62921,1,612,0,-1362.7723,-368.61835,1,8036,0,189
active,10,495,model3,4,-1413.5097,-317.79643,1,731,0,-1413.4889,-317.825,1,548,0,186
active,11,255,model2B,0,-862.20327,-191.43226,0,1200,0,-862.19346,-191.41356,0,14000,0,161
active,11,255,model2B,1,-863.62073,-190.48566,0,1200,0,-863.26637,-190.0221,1,12698,0,148
active,11,255,model2B,2,-818.03813,-234.36331,0,1200,0,-817.96352,-234.61454,0,14000,0,172
active,11,255,model2B,3,-853.78373,-198.88352,0,1200,0,-853.77164,-198.87633,0,14000,0,155
active,11,255,model2B,4,-869.84758,-183.3735,1,870,0,-869.84134,-183.3598,0,14000,0,122
active,11,255,model3,0,-863.4895,-190.79706,0,1400,0,-863.404,-190.71423,0,14000,0,161
active,11,255,model3,1,-863.44637,-190.28941,0,1400,0,-863.40932,-190.25244,0,14000,0,148
active,11,255,model3,2,-818.19779,-235.15483,0,1400,0,-818.12666,-235.14797,0,14000,0,172
active,11,255,model3,3,-855.17931,-199.22836,0,1400,0,-854.60382,-198.65772,0,14000,0,155
active,11,255,model3,4,-870.52535,-184.2604,0,1400,0,-870.32877,-183.40508,1,12156,0,122
active,11,285,model2B,0,-845.09994,-203.43013,0,1200,0,-845.01032,-203.35942,1,9956,0,161
active,11,285,model2B,1,-855.36226,-192.76446,0,1200,0,-855.33901,-192.76227,0,14000,0,148
active,11,285,model2B,2,-820.0057,-227.94974,0,1200,0,-819.98129,-227.97035,0,14000,0,172
active,11,285,model2B,3,-842.52855,-206.26954,0,1200,0,-842.52612,-206.21377,1,222,0,155
active,11,285,model2B,4,-875.78092,-176.49901,0,1200,0,-872.56535,-177.03104,1,1892,0,122
active,11,285,model3,0,-845.74849,-204.79084,0,1400,0,-845.74781,-204.78705,1,940,0,161
active,11,285,model3,1,-856.84141,-193.21684,1,821,0,-856.74848,-193.24872,0,14000,0,148
active,11,285,model3,2,-821.48322,-228.25248,0,1400,0,-821.47667,-228.23836,1,5246,0,172
active,11,285,model3,3,-842.91919,-207.33393,0,1400,0,-842.90889,-207.31484,1,9063,0,155
active,11,285,model3,4,-875.85989,-173.9277,0,1400,0,-875.85238,-173.91458,1,12692,0,122
active,11,315,model2B,0,-919.88648,-220.49256,0,1200,0,-914.35088,-218.04473,1,2337,0,161
active,11,315,model2B,1,-936.84327,-203.99805,0,1200,0,-931.93696,-201.24643,0,14000,0,148
active,11,315,model2B,2,-907.45424,-228.35245,0,1200,0,-904.61195,-228.2704,1,9069,0,172
active,11,315,model2B,3,-907.77528,-224.47636,1,1130,0,-907.77368,-224.48407,1,1307,0,155
active,11,315,model2B,4,-924.19474,-219.17248,0,1200,0,-917.44646,-217.80755,1,1865,0,122
active,11,315,model3,0,-914.32751,-218.5848,0,1400,0,-914.32392,-218.59606,0,14000,0,161
active,11,315,model3,1,-933.78384,-199.17136,0,1400,0,-933.78383,-199.17139,1,4058,0,148
active,11,315,model3,2,-904.70755,-228.6369,1,571,0,-904.64676,-228.50648,1,5599,0,172
active,11,315,model3,3,-907.8388,-224.64777,1,975,0,-907.83648,-224.63749,1,2186,0,155
active,11,315,model3,4,-917.18445,-218.93354,1,1091,0,-917.17968,-218.91967,0,14000,0,122
active,11,435,model2B,0,-1270.2081,-343.53307,1,1106,0,-1270.2081,-343.53306,1,209,0,161
active,11,435,model2B,1,-1314.594,-298.75838,0,1200,0,-1314.5887,-298.71172,1,345,0,148
active,11,435,model2B,2,-1282.3609,-331.57931,0,1200,0,-1282.3609,-331.57942,1,197,0,172
active,11,435,model2B,3,-1293.8229,-319.64167,0,1200,0,-1293.8083,-319.82411,1,326,0,155
active,11,435,model2B,4,-1355.8674,-258.28253,1,851,0,-1355.8674,-258.28269,1,192,0,122
active,11,435,model3,0,-1268.9299,-340.99818,1,784,0,-1268.9218,-341.09712,1,1686,0,161
active,11,435,model3,1,-1310.8228,-297.97685,1,514,0,-1310.8139,-297.99601,1,2613,0,148
active,11,435,model3,2,-1277.6775,-332.1894,1,668,0,-1277.6775,-332.18944,1,3269,0,172
active,11,435,model3,3,-1286.1179,-324.15256,1,649,0,-1286.1178,-324.15326,1,13974,0,155
active,11,435,model3,4,-1354.0954,-255.4568,1,673,0,-1354.0905,-255.46814,1,1829,0,122
active,11,465,model2B,0,-1194.7613,-290.95214,1,1052,0,-1194.7613,-290.95219,1,191,0,161
active,11,465,model2B,1,-1208.0534,-277.78864,0,1200,0,-1207.8206,-277.51449,1,591,0,148
active,11,465,model2B,2,-1177.8401,-308.50512,1,1120,0,-1177.8401,-308.50524,1,197,0,172
active,11,465,model2B,3,-1191.3709,-294.42941,0,1200,0,-1191.3709,-294.42889,1,191,0,155
active,11,465,model2B,4,-1228.9704,-258.7129,0,1200,0,-1228.9704,-258.71334,1,186,0,122
active,11,465,model3,0,-1192.48,-289.70565,1,1081,0,-1192.48,-289.70565,1,238,0,161
active,11,465,model3,1,-1204.4114,-277.34361,1,507,0,-1204.4101,-277.34065,0,14000,0,148
active,11,465,model3,2,-1174.326,-308.63112,1,674,0,-1174.325,-308.6284,1,8379,0,172
active,11,465,model3,3,-1187.3102,-295.29708,1,757,0,-1187.31,-295.29516,1,4682,0,155
active,11,465,model3,4,-1228.3637,-254.95374,1,668,0,-1228.3488,-254.97093,1,4344,0,122
active,11,495,model2B,0,-1126.3516,-264.46633,1,810,0,-1126.3516,-264.46629,1,225,0,161
active,11,495,model2B,1,-1143.0691,-249.43414,0,1200,0,-1140.3887,-250.2644,1,819,0,148
active,11,495,model2B,2,-1107.3813,-290.31235,0,1200,0,-1102.2534,-288.65848,1,1616,0,172
active,11,495,model2B,3,-1099.0018,-292.47269,0,1200,0,-1099.0018,-292.47011,1,196,0,155
active,11,495,model2B,4,-1154.3867,-243.8921,0,1200,0,-1151.3402,-240.53562,1,1190,0,122
active,11,495,model3,0,-1126.1506,-263.38934,0,1400,0,-1126.1499,-263.39014,1,7468,0,161
active,11,495,model3,1,-1139.9855,-248.98341,1,876,0,-1139.5995,-248.52113,1,2264,0,148
active,11,495,model3,2,-1099.004,-290.6572,1,838,0,-1097.1944,-291.26415,1,2600,0,172
active,11,495,model3,3,-1098.547,-291.72808,0,1400,0,-1098.5441,-291.73136,0,14000,0,155
active,11,495,model3,4,-1147.0045,-242.35608,0,1400,0,-1146.9195,-242.37807,1,1115,0,122
active,12,255,model2B,0,-951.10104,-232.11694,0,1200,0,-951.04325,-232.02376,1,369,0,176
active,12,255,model2B,1,-943.03339,-240.69642,1,1089,0,-943.03339,-240.69642,1,206,0,184
active,12,255,model2B,2,-966.44485,-217.24528,0,1200,0,-966.44485,-217.24502,1,188,0,184
active,12,255,model2B,3,-935.5916,-247.88281,0,1200,0,-935.58861,-247.95224,1,275,0,187
active,12,255,model2B,4,-933.46087,-251.21555,0,1200,0,-932.79265,-251.02245,1,529,0,188
active,12,255,model3,0,-949.76318,-231.87953,0,1400,0,-949.75734,-231.8845,0,14000,0,176
active,12,255,model3,1,-941.96299,-240.20613,0,1400,0,-941.9629,-240.2127,1,237,0,184
active,12,255,model3,2,-965.51355,-216.86255,0,1400,0,-965.51088,-216.86827,0,14000,0,184
active,12,255,model3,3,-935.09751,-247.10613,0,1400,0,-935.09031,-247.10754,0,14000,0,187
active,12,255,model3,4,-931.38147,-251.14567,0,1400,0,-931.37488,-251.14285,1,7427,0,188
active,12,285,model2B,0,-938.0458,-221.39273,0,1200,0,-937.20801,-222.28525,1,693,0,176
active,12,285,model2B,1,-935.17631,-233.60164,0,1200,0,-929.83559,-230.88692,1,3793,0,184
active,12,285,model2B,2,-947.7878,-212.53731,1,880,0,-947.61799,-212.38692,1,290,0,184
active,12,285,model2B,3,-913.37352,-247.649,0,1200,0,-912.38388,-247.02536,1,390,0,187
active,12,285,model2B,4,-906.12484,-254.2902,0,1200,0,-906.12372,-254.33442,1,250,0,188
active,12,285,model3,0,-938.49548,-221.15277,0,1400,0,-937.53994,-221.4421,1,1956,0,176
active,12,285,model3,1,-929.35442,-231.77262,0,1400,0,-929.34657,-231.51015,1,502,0,184
active,12,285,model3,2,-947.52051,-212.39842,0,1400,0,-947.51399,-212.42237,1,2191,0,184
active,12,285,model3,3,-912.25862,-247.18862,0,1400,0,-911.89892,-247.40884,1,750,0,187
active,12,285,model3,4,-905.86712,-254.42988,1,936,0,-905.78794,-254.43491,0,14000,0,188
active,12,315,model2B,0,-947.14846,-235.13142,0,1200,0,-946.42976,-233.99549,1,2507,0,176
active,12,315,model2B,1,-965.64774,-215.88999,0,1200,0,-965.6276,-215.93777,1,294,0,184
active,12,315,model2B,2,-963.90391,-217.01516,1,1196,0,-963.90391,-217.01514,1,182,0,184
active,12,315,model2B,3,-927.09685,-256.27202,0,1200,0,-922.62007,-258.55432,1,560,0,187
active,12,315,model2B,4,-920.02242,-264.20842,0,1200,0,-915.48316,-266.72958,1,682,0,188
active,12,315,model3,0,-946.68496,-233.44597,0,1400,0,-946.58973,-233.27938,0,14000,0,176
active,12,315,model3,1,-965.19518,-215.93082,0,1400,0,-964.98775,-215.87019,1,1519,0,184
active,12,315,model3,2,-963.80554,-216.75354,0,1400,0,-963.63396,-216.43933,1,2878,0,184
active,12,315,model3,3,-921.29679,-259.41572,0,1400,0,-921.29516,-259.44294,1,817,0,187
active,12,315,model3,4,-914.29776,-267.67778,1,1251,0,-914.1493,-267.20358,0,14000,0,188
active,12,435,model2B,0,-1369.7338,-330.83605,1,1004,0,-1369.3179,-331.79829,1,319,0,176
active,12,435,model2B,1,-1358.9683,-341.82992,1,1184,0,-1358.9683,-341.82992,1,185,0,184
active,12,435,model2B,2,-1362.0608,-338.71404,1,663,0,-1362.0313,-338.67626,1,347,0,184
active,12,435,model2B,3,-1355.3611,-344.99561,1,825,0,-1355.361,-344.99531,1,180,0,187
active,12,435,model2B,4,-1351.5537,-349.81765,1,926,0,-1351.5537,-349.81765,1,191,0,188
active,12,435,model3,0,-1367.9673,-329.83352,1,592,0,-1367.8019,-330.19895,1,1727,0,176
active,12,435,model3,1,-1356.2501,-341.83041,1,637,0,-1356.2439,-341.82263,1,8941,0,184
active,12,435,model3,2,-1361.1711,-336.87677,1,849,0,-1361.0392,-337.17443,1,6317,0,184
active,12,435,model3,3,-1352.9336,-344.68782,1,551,0,-1352.9245,-344.68788,1,11477,0,187
active,12,435,model3,4,-1349.1586,-349.26567,1,699,0,-1349.1586,-349.26567,1,168,0,188
active,12,465,model2B,0,-1394.87,-329.03346,1,988,0,-1394.87,-329.03346,1,188,0,176
active,12,465,model2B,1,-1368.8221,-355.52853,1,1092,0,-1368.8221,-355.52853,1,172,0,184
active,12,465,model2B,2,-1371.2774,-352.47969,1,855,0,-1371.2774,-352.47935,1,176,0,184
active,12,465,model2B,3,-1372.8587,-350.52943,1,908,0,-1372.8587,-350.52951,1,169,0,187
active,12,465,model2B,4,-1382.5998,-341.92979,1,995,0,-1382.5998,-341.92979,1,174,0,188
active,12,465,model3,0,-1389.1516,-327.95679,1,562,0,-1389.1439,-327.9621,0,14000,0,176
active,12,465,model3,1,-1363.1014,-354.60594,1,605,0,-1363.0892,-354.61836,1,1343,0,184
active,12,465,model3,2,-1368.525,-349.26255,0,1400,0,-1368.5185,-349.25805,0,14000,0,184
active,12,465,model3,3,-1366.2487,-350.9323,1,623,0,-1366.2487,-350.93175,1,554,0,187
active,12,465,model3,4,-1378.0329,-339.69166,1,845,0,-1378.0243,-339.77185,1,373,0,188
active,12,495,model2B,0,-1251.5553,-288.10304,1,991,0,-1251.5553,-288.10304,1,202,0,176
active,12,495,model2B,1,-1226.1253,-313.88085,0,1200,0,-1226.1253,-313.88099,1,168,0,184
active,12,495,model2B,2,-1207.992,-332.75484,1,1047,0,-1207.992,-332.75501,1,205,0,184
active,12,495,model2B,3,-1216.3424,-323.15096,1,854,0,-1216.3424,-323.15096,1,185,0,187
active,12,495,model2B,4,-1249.7267,-290.99509,1,1064,0,-1249.7267,-290.99512,1,192,0,188
active,12,495,model3,0,-1252.3865,-287.10043,0,1400,0,-1252.3662,-287.01965,0,14000,0,176
active,12,495,model3,1,-1225.1484,-315.69432,1,809,0,-1225.1441,-315.88551,1,1577,0,184
active,12,495,model3,2,-1208.0361,-332.58838,0,1400,0,-1207.9858,-332.53864,1,6330,0,184
active,12,495,model3,3,-1216.1924,-323.22236,0,1400,0,-1216.1694,-323.23568,0,14000,0,187
active,12,495,model3,4,-1249.383,-291.22061,0,1400,0,-1249.379,-291.20965,0,14000,0,188
active,13,255,model2B,0,-1205.3603,-304.95382,0,1200,0,-1204.7811,-306.73359,1,434,0,170
active,13,255,model2B,1,-1204.7486,-306.28445,0,1200,0,-1203.9681,-305.68503,1,3124,0,183
active,13,255,model2B,2,-1218.1109,-291.89064,1,726,0,-1218.1109,-291.89051,1,207,0,183
active,13,255,model2B,3,-1202.6028,-308.70952,0,1200,0,-1202.6016,-308.75229,1,486,0,184
active,13,255,model2B,4,-1203.8618,-307.02074,0,1200,0,-1203.7143,-306.88831,1,451,0,183
active,13,255,model3,0,-1207.6737,-303.4966,1,741,0,-1207.6706,-303.49133,1,11876,0,170
active,13,255,model3,1,-1206.1461,-303.70512,1,505,0,-1206.1331,-303.70981,0,14000,0,183
active,13,255,model3,2,-1220.1022,-290.34746,0,1400,0,-1220.0983,-290.36678,0,14000,0,183
active,13,255,model3,3,-1198.8387,-312.40769,1,511,0,-1198.8341,-312.40703,0,14000,0,184
active,13,255,model3,4,-1202.1649,-308.84475,1,626,0,-1202.1531,-308.84714,0,14000,0,183
active,13,285,model2B,0,-1308.9851,-319.25018,0,1200,0,-1308.9851,-319.25018,1,264,0,170
active,13,285,model2B,1,-1302.7637,-323.8993,1,789,0,-1302.7637,-323.89927,1,183,0,183
active,13,285,model2B,2,-1312.3667,-314.2791,1,722,0,-1312.3667,-314.27886,1,178,0,183
active,13,285,model2B,3,-1287.1831,-340.19286,1,1125,0,-1287.1831,-340.19286,1,199,0,184
active,13,285,model2B,4,-1288.2013,-339.82487,1,890,0,-1288.2013,-339.82537,1,185,0,183
active,13,285,model3,0,-1308.0852,-314.01529,1,614,0,-1308.0847,-314.01513,1,12999,0,170
active,13,285,model3,1,-1296.3814,-324.34111,1,427,0,-1296.3786,-324.33977,0,14000,0,183
active,13,285,model3,2,-1310.949,-310.23129,1,495,0,-1310.945,-310.23439,0,14000,0,183
active,13,285,model3,3,-1278.2743,-344.00327,1,557,0,-1277.3023,-344.46387,1,3052,0,184
active,13,285,model3,4,-1281.4964,-340.53995,1,593,0,-1281.4838,-340.55514,1,11122,0,183
active,13,315,model2B,0,-1304.5911,-320.41687,1,829,0,-1304.5911,-320.41687,1,227,0,170
active,13,315,model2B,1,-1305.0484,-318.64264,1,802,0,-1305.0484,-318.64272,1,206,0,183
active,13,315,model2B,2,-1302.7068,-320.98817,1,924,0,-1302.7068,-320.98817,1,192,0,183
active,13,315,model2B,3,-1293.2039,-330.40161,1,778,0,-1293.2039,-330.40161,1,180,0,184
active,13,315,model2B,4,-1282.3243,-343.22108,1,722,0,-1282.3243,-343.22083,1,188,0,183
active,13,315,model3,0,-1303.1989,-317.079,1,631,0,-1303.1986,-317.07756,0,14000,0,170
active,13,315,model3,1,-1300.179,-318.76438,1,625,0,-1300.179,-318.76455,1,179,0,183
active,13,315,model3,2,-1298.3582,-320.48336,1,917,0,-1298.355,-320.48002,0,14000,0,183
active,13,315,model3,3,-1288.4948,-330.08722,1,709,0,-1288.4906,-330.08599,1,6948,0,184
active,13,315,model3,4,-1277.5091,-343.43248,1,651,0,-1277.4257,-343.63005,1,11635,0,183
active,13,435,model2B,0,-1138.721,-274.3951,1,954,0,-1138.721,-274.39565,1,186,0,170
active,13,435,model2B,1,-1122.1601,-288.99332,1,1181,0,-1122.1601,-288.9933,1,182,0,183
active,13,435,model2B,2,-1130.1212,-282.07687,1,682,0,-1129.75,-281.94444,1,420,0,183
active,13,435,model2B,3,-1131.7648,-280.42045,1,1067,0,-1131.7648,-280.42054,1,179,0,184
active,13,435,model2B,4,-1118.0443,-293.36482,0,1200,0,-1118.0443,-293.36363,1,160,0,183
active,13,435,model3,0,-1138.2791,-274.4324,1,1066,0,-1138.2791,-274.43231,1,213,0,170
active,13,435,model3,1,-1121.3465,-289.37197,0,1400,0,-1121.3465,-289.37177,1,200,0,183
active,13,435,model3,2,-1129.1009,-282.23806,1,1193,0,-1129.1009,-282.23806,1,204,0,183
active,13,435,model3,3,-1131.2944,-280.43004,1,1238,0,-1131.2944,-280.42992,1,206,0,184
active,13,435,model3,4,-1117.4682,-293.61581,0,1400,0,-1117.4588,-293.65739,1,467,0,183
active,13,465,model2B,0,-1129.0556,-259.60797,1,914,0,-1129.0556,-259.60797,1,180,0,170
active,13,465,model2B,1,-1104.6483,-283.33454,1,1017,0,-1104.6483,-283.33426,1,163,0,183
active,13,465,model2B,2,-1096.7867,-291.8937,1,837,0,-1096.7867,-291.89371,1,196,0,183
active,13,465,model2B,3,-1102.6206,-286.36308,1,910,0,-1102.6206,-286.36313,1,200,0,184
active,13,465,model2B,4,-1118.4516,-276.06759,0,1200,0,-1113.5171,-275.45667,1,1833,0,183
active,13,465,model3,0,-1128.2706,-259.77759,1,806,0,-1128.2693,-259.77457,1,436,0,170
active,13,465,model3,1,-1104.3991,-283.00425,0,1400,0,-1104.3991,-283.00443,1,211,0,183
active,13,465,model3,2,-1095.5479,-292.83819,1,642,0,-1095.5419,-292.82571,0,14000,0,183
active,13,465,model3,3,-1102.9515,-285.23378,0,1400,0,-1102.9499,-285.2486,1,2306,0,184
active,13,465,model3,4,-1112.5199,-275.33681,1,963,0,-1112.417,-275.40839,0,14000,0,183
active,13,495,model2B,0,-1133.1917,-282.57201,1,935,0,-1133.1917,-282.5719,1,191,0,170
active,13,495,model2B,1,-1138.0879,-276.72094,0,1200,0,-1138.0846,-276.64206,1,297,0,183
active,13,495,model2B,2,-1124.8365,-289.80911,0,1200,0,-1124.8362,-289.82035,1,425,0,183
active,13,495,model2B,3,-1115.1421,-299.55247,0,1200,0,-1115.1421,-299.55245,1,460,0,184
active,13,495,model2B,4,-1140.6263,-274.81936,1,778,0,-1140.6179,-274.82086,1,425,0,183
active,13,495,model3,0,-1132.4436,-282.74492,0,1400,0,-1132.4435,-282.72783,1,244,0,170
active,13,495,model3,1,-1138.0686,-276.07439,1,614,0,-1137.9195,-275.87532,1,2247,0,183
active,13,495,model3,2,-1123.0916,-291.53973,1,626,0,-1123.0916,-291.53958,1,179,0,183
active,13,495,model3,3,-1113.9579,-300.1292,0,1400,0,-1113.7186,-300.38425,0,14000,0,184
active,13,495,model3,4,-1140.8411,-274.26056,0,1400,0,-1140.8301,-274.29954,0,14000,0,183
active,14,255,model2B,0,-1388.8732,-354.45878,1,808,0,-1388.8732,-354.45874,1,196,0,182
active,14,255,model2B,1,-1384.3974,-359.18865,1,780,0,-1384.3974,-359.18847,1,192,0,187
active,14,255,model2B,2,-1403.1892,-339.81302,1,825,0,-1403.1892,-339.81302,1,192,0,183
active,14,255,model2B,3,-1384.499,-359.06571,1,824,0,-1384.499,-359.06608,1,195,0,192
active,14,255,model2B,4,-1407.428,-335.95889,1,1120,0,-1407.428,-335.95889,1,180,0,190
active,14,255,model3,0,-1385.6729,-355.40447,1,585,0,-1385.6675,-355.4055,1,9252,0,182
active,14,255,model3,1,-1384.5581,-357.17605,0,1400,0,-1384.5581,-357.17605,1,201,0,187
active,14,255,model3,2,-1399.5737,-341.24413,1,511,0,-1399.5737,-341.24414,1,188,0,183
active,14,255,model3,3,-1383.2924,-358.42115,0,1400,0,-1383.2861,-358.4745,1,1232,0,192
active,14,255,model3,4,-1405.5324,-335.58161,1,524,0,-1405.5261,-335.58486,1,9352,0,190
active,14,285,model2B,0,-1481.5423,-370.60109,1,843,0,-1481.5423,-370.60116,1,193,0,182
active,14,285,model2B,1,-1473.3359,-379.39215,1,648,0,-1473.3359,-379.392,1,205,0,187
active,14,285,model2B,2,-1496.246,-355.25295,1,753,0,-1496.246,-355.25299,1,182,0,183
active,14,285,model2B,3,-1477.733,-374.70968,1,889,0,-1477.733,-374.70968,1,190,0,192
active,14,285,model2B,4,-1472.9973,-378.9042,1,489,0,-1472.9973,-378.9042,1,191,0,190
active,14,285,model3,0,-1481.0334,-369.33756,1,519,0,-1481.0297,-369.3508,0,14000,0,182
active,14,285,model3,1,-1475.5989,-375.71414,0,1400,0,-1475.3709,-376.64531,1,1557,0,187
active,14,285,model3,2,-1493.5931,-356.48556,1,466,0,-1493.5931,-356.48552,1,194,0,183
active,14,285,model3,3,-1477.8649,-373.32653,1,706,0,-1477.8237,-373.25856,1,2098,0,192
active,14,285,model3,4,-1468.3972,-382.03286,1,566,0,-1468.3972,-382.03284,1,212,0,190
active,14,315,model2B,0,-1559.0056,-371.00023,1,924,0,-1559.0056,-371.00023,1,211,0,182
active,14,315,model2B,1,-1514.9015,-418.22824,1,767,0,-1514.9015,-418.22824,1,212,0,187
active,14,315,model2B,2,-1555.7954,-373.8538,1,749,0,-1555.7954,-373.85355,1,196,0,183
active,14,315,model2B,3,-1547.2798,-383.45517,1,846,0,-1547.2798,-383.45517,1,202,0,192
active,14,315,model2B,4,-1534.5544,-395.54351,1,885,0,-1534.5544,-395.54379,1,211,0,190
active,14,315,model3,0,-1557.0412,-369.30733,0,1400,0,-1557.0368,-369.33443,1,9449,0,182
active,14,315,model3,1,-1512.6555,-415.97435,1,443,0,-1512.6555,-415.97404,1,169,0,187
active,14,315,model3,2,-1552.4662,-373.16279,1,677,0,-1552.4662,-373.16298,1,181,0,183
active,14,315,model3,3,-1544.0428,-382.62806,1,541,0,-1544.0423,-382.63,1,2312,0,192
active,14,315,model3,4,-1527.5472,-398.39093,1,551,0,-1527.5469,-398.39297,1,6671,0,190
active,14,435,model2B,0,-1639.3223,-384.56061,1,450,0,-1639.3223,-384.56054,1,195,0,182
active,14,435,model2B,1,-1618.9141,-405.65405,1,484,0,-1618.9141,-405.65373,1,204,0,187
active,14,435,model2B,2,-1631.517,-391.88943,1,544,0,-1631.517,-391.88943,1,182,0,183
active,14,435,model2B,3,-1615.2104,-408.24877,1,727,0,-1615.2104,-408.24877,1,188,0,192
active,14,435,model2B,4,-1582.9907,-443.45697,1,521,0,-1582.9907,-443.45688,1,181,0,190
active,14,435,model3,0,-1628.4189,-384.3535,1,1078,0,-1628.4189,-384.3535,1,213,0,182
active,14,435,model3,1,-1607.7215,-404.89285,0,1400,0,-1607.7215,-404.89288,1,248,0,187
active,14,435,model3,2,-1622.8131,-388.89532,1,1096,0,-1622.8131,-388.89532,1,218,0,183
active,14,435,model3,3,-1608.6655,-403.19572,1,461,0,-1608.4971,-403.17419,1,951,0,192
active,14,435,model3,4,-1571.7211,-444.5668,1,637,0,-1571.5936,-444.47748,1,1117,0,190
active,14,465,model2B,0,-1518.9471,-367.43099,1,711,0,-1518.9471,-367.43097,1,183,0,182
active,14,465,model2B,1,-1503.1022,-384.26106,1,673,0,-1503.1022,-384.26106,1,172,0,187
active,14,465,model2B,2,-1519.8176,-366.30955,1,776,0,-1519.8176,-366.3096,1,188,0,183
active,14,465,model2B,3,-1507.566,-378.5019,1,815,0,-1507.566,-378.5019,1,181,0,192
active,14,465,model2B,4,-1489.1889,-399.09445,1,847,0,-1489.1889,-399.09445,1,171,0,190
active,14,465,model3,0,-1510.822,-366.8697,1,1334,0,-1510.822,-366.8697,1,271,0,182
active,14,465,model3,1,-1494.9835,-383.14562,0,1400,0,-1494.9835,-383.14562,1,268,0,187
active,14,465,model3,2,-1512.49,-365.06889,1,888,0,-1512.49,-365.06884,1,231,0,183
active,14,465,model3,3,-1500.127,-378.22627,1,428,0,-1500.127,-378.22691,1,206,0,192
active,14,465,model3,4,-1484.6503,-394.98344,0,1400,0,-1484.6449,-394.92991,1,411,0,190
active,14,495,model2B,0,-1420.1897,-371.29216,1,987,0,-1420.1897,-371.29216,1,185,0,182
active,14,495,model2B,1,-1431.2375,-359.47825,1,676,0,-1431.2375,-359.47794,1,183,0,187
active,14,495,model2B,2,-1445.678,-344.76069,1,815,0,-1445.678,-344.76062,1,192,0,183
active,14,495,model2B,3,-1434.0239,-356.57263,1,723,0,-1434.0239,-356.57263,1,180,0,192
active,14,495,model2B,4,-1423.3717,-368.57753,0,1200,0,-1423.3717,-368.56798,1,242,0,190
active,14,495,model3,0,-1413.6497,-369.54077,1,858,0,-1413.6497,-369.54077,1,263,0,182
active,14,495,model3,1,-1425.8866,-356.57228,1,1298,0,-1425.8866,-356.57234,1,239,0,187
active,14,495,model3,2,-1439.761,-342.57075,1,1173,0,-1439.761,-342.57078,1,266,0,183
active,14,495,model3,3,-1426.0029,-357.7739,1,527,0,-1426.0004,-357.78949,0,14000,0,192
active,14,495,model3,4,-1416.1715,-368.27425,0,1400,0,-1416.1158,-368.06736,1,487,0,190
active,15,255,model2B,0,-1090.4384,-258.73589,0,1200,0,-1090.4384,-258.73756,1,192,0,184
active,15,255,model2B,1,-1079.8364,-267.70393,0,1200,0,-1079.8362,-267.69346,1,543,0,186
active,15,255,model2B,2,-1074.1498,-273.60755,0,1200,0,-1074.1369,-273.54214,1,849,0,186
active,15,255,model2B,3,-1076.9126,-270.50061,1,759,0,-1076.9012,-270.60592,1,337,0,190
active,15,255,model2B,4,-1060.9198,-286.73458,0,1200,0,-1060.472,-287.10064,1,586,0,192
active,15,255,model3,0,-1089.3366,-258.62333,1,1319,0,-1089.3366,-258.62333,1,218,0,184
active,15,255,model3,1,-1078.89,-267.35809,0,1400,0,-1078.8713,-267.3348,0,14000,0,186
active,15,255,model3,2,-1072.5365,-274.16759,0,1400,0,-1072.5083,-274.14523,0,14000,0,186
active,15,255,model3,3,-1077.0193,-269.4564,0,1400,0,-1076.9974,-269.48177,1,10823,0,190
active,15,255,model3,4,-1059.4211,-286.88024,0,1400,0,-1059.3857,-286.77072,0,14000,0,192
active,15,285,model2B,0,-1099.8127,-265.86625,1,747,0,-1099.8126,-265.84684,1,245,0,184
active,15,285,model2B,1,-1110.7714,-254.51286,0,1200,0,-1110.7707,-254.51858,1,522,0,186
active,15,285,model2B,2,-1088.8102,-277.0084,0,1200,0,-1088.8073,-277.02559,1,801,0,186
active,15,285,model2B,3,-1082.6213,-282.8031,0,1200,0,-1082.6213,-282.80345,1,201,0,190
active,15,285,model2B,4,-1069.9962,-295.13417,0,1200,0,-1069.9962,-295.13432,1,239,0,192
active,15,285,model3,0,-1097.9061,-267.09136,1,632,0,-1097.8499,-267.25419,1,878,0,184
active,15,285,model3,1,-1110.1954,-254.60749,0,1400,0,-1110.1723,-254.53229,1,10348,0,186
active,15,285,model3,2,-1089.4027,-275.66561,0,1400,0,-1089.3964,-275.59723,1,212,0,186
active,15,285,model3,3,-1082.5573,-281.90108,0,1400,0,-1082.5509,-281.93336,0,14000,0,190
active,15,285,model3,4,-1069.4109,-295.27479,0,1400,0,-1069.3955,-295.17539,0,14000,0,192
active,15,315,model2B,0,-1084.5941,-261.16623,1,1184,0,-1084.5941,-261.16623,1,201,0,184
active,15,315,model2B,1,-1085.4249,-259.60035,1,988,0,-1085.4249,-259.60047,1,188,0,186
active,15,315,model2B,2,-1064.8617,-281.28119,0,1200,0,-1064.8617,-281.28137,1,178,0,186
active,15,315,model2B,3,-1082.8977,-262.07774,0,1200,0,-1082.8956,-262.09871,1,341,0,190
active,15,315,model2B,4,-1054.2496,-291.42373,0,1200,0,-1053.9337,-291.87915,1,1088,0,192
active,15,315,model3,0,-1083.2594,-261.30909,0,1400,0,-1083.259,-261.30502,1,1035,0,184
active,15,315,model3,1,-1085.1353,-259.73605,1,1146,0,-1085.1353,-259.73605,1,219,0,186
active,15,315,model3,2,-1066.1078,-279.82662,0,1400,0,-1066.0361,-280.08234,1,7267,0,186
active,15,315,model3,3,-1082.414,-262.23196,1,1209,0,-1082.414,-262.23196,1,230,0,190
active,15,315,model3,4,-1052.7486,-291.77193,0,1400,0,-1052.7358,-291.8297,1,4263,0,192
active,15,435,model2B,0,-1159.1798,-262.34648,0,1200,0,-1156.7572,-262.31453,1,879,0,184
active,15,435,model2B,1,-1130.9546,-287.61923,0,1200,0,-1130.9546,-287.61983,1,189,0,186
active,15,435,model2B,2,-1131.8742,-288.2415,0,1200,0,-1131.7839,-287.85113,1,273,0,186
active,15,435,model2B,3,-1131.5296,-287.94685,1,835,0,-1131.5296,-287.94665,1,188,0,190
active,15,435,model2B,4,-1117.9067,-300.93636,1,829,0,-1117.9067,-300.93636,1,179,0,192
active,15,435,model3,0,-1156.3825,-261.24523,1,650,0,-1156.3043,-261.28256,1,796,0,184
active,15,435,model3,1,-1129.7808,-287.50235,0,1400,0,-1129.7764,-287.52236,1,4454,0,186
active,15,435,model3,2,-1132.2929,-286.13412,1,589,0,-1132.2467,-286.19872,1,1138,0,186
active,15,435,model3,3,-1127.5461,-291.24194,1,768,0,-1127.5461,-291.24149,1,215,0,190
active,15,435,model3,4,-1115.9878,-300.9743,1,568,0,-1115.036,-301.84089,0,14000,0,192
active,15,465,model2B,0,-1206.5246,-297.11795,0,1200,0,-1206.5246,-297.11785,1,204,0,184
active,15,465,model2B,1,-1193.7777,-309.92631,1,764,0,-1193.7777,-309.92726,1,186,0,186
active,15,465,model2B,2,-1198.6992,-305.25806,1,927,0,-1198.6992,-305.25806,1,183,0,186
active,15,465,model2B,3,-1195.4256,-308.79992,1,937,0,-1195.4256,-308.79992,1,171,0,190
active,15,465,model2B,4,-1212.6108,-291.31234,1,1064,0,-1212.6108,-291.31234,1,161,0,192
active,15,465,model3,0,-1207.2096,-296.7242,1,1214,0,-1207.2096,-296.72424,1,223,0,184
active,15,465,model3,1,-1193.8967,-309.72514,0,1400,0,-1193.8966,-309.72607,1,565,0,186
active,15,465,model3,2,-1198.3403,-305.95653,0,1400,0,-1198.3402,-305.95915,1,297,0,186
active,15,465,model3,3,-1194.8374,-311.44576,0,1400,0,-1194.8374,-311.44764,1,191,0,190
active,15,465,model3,4,-1212.3967,-291.2395,0,1400,0,-1212.2833,-291.3678,1,861,0,192
active,15,495,model2B,0,-1221.334,-318.91721,1,777,0,-1221.334,-318.91687,1,181,0,184
active,15,495,model2B,1,-1229.8089,-309.69589,1,656,0,-1229.8089,-309.69589,1,188,0,186
active,15,495,model2B,2,-1241.284,-298.60746,1,1110,0,-1241.284,-298.60746,1,169,0,186
active,15,495,model2B,3,-1219.1788,-321.18939,1,907,0,-1219.1788,-321.18939,1,183,0,190
active,15,495,model2B,4,-1241.1729,-299.24181,1,749,0,-1241.1729,-299.24181,1,189,0,192
active,15,495,model3,0,-1221.7463,-318.02052,0,1400,0,-1221.7452,-317.99111,1,513,0,184
active,15,495,model3,1,-1229.1893,-309.92647,0,1400,0,-1228.9837,-310.37205,0,14000,0,186
active,15,495,model3,2,-1240.6671,-298.69557,0,1400,0,-1240.4756,-298.8696,0,14000,0,186
active,15,495,model3,3,-1218.7337,-322.25884,0,1400,0,-1218.7252,-322.25979,0,14000,0,190
active,15,495,model3,4,-1240.4734,-299.21172,0,1400,0,-1240.4635,-299.23596,1,1749,0,192
active,16,255,model2B,0,-973.28673,-243.88404,0,1200,0,-972.82447,-243.84158,0,14000,0,192
active,16,255,model2B,1,-960.24911,-257.23575,0,1200,0,-960.1425,-257.32695,0,14000,0,186
active,16,255,model2B,2,-968.99177,-247.71551,0,1200,0,-968.95193,-247.74569,0,14000,0,191
active,16,255,model2B,3,-984.82215,-232.4026,0,1200,0,-984.82208,-232.3923,1,584,0,191
active,16,255,model2B,4,-976.09094,-240.47883,1,835,0,-976.03978,-240.47951,0,14000,0,190
active,16,255,model3,0,-974.46607,-245.16389,0,1400,0,-974.46602,-245.16237,1,960,0,192
active,16,255,model3,1,-961.36008,-257.92427,0,1400,0,-961.31484,-257.75259,1,13284,0,186
active,16,255,model3,2,-970.67836,-247.90559,0,1400,0,-970.60411,-247.93805,1,2481,0,191
active,16,255,model3,3,-985.41363,-233.41362,0,1400,0,-985.385,-233.37574,1,2172,0,191
active,16,255,model3,4,-977.47444,-240.78901,0,1400,0,-977.44804,-240.79005,0,14000,0,190
active,16,285,model2B,0,-1025.9527,-252.99065,0,1200,0,-1025.8664,-253.07074,0,14000,0,192
active,16,285,model2B,1,-1022.9746,-255.18948,0,1200,0,-1022.9591,-255.22028,0,14000,0,186
active,16,285,model2B,2,-1015.7708,-264.1479,0,1200,0,-1015.4792,-264.01687,1,985,0,191
active,16,285,model2B,3,-1008.847,-271.2148,0,1200,0,-1008.8262,-271.31948,1,388,0,191
active,16,285,model2B,4,-1033.5198,-245.31703,0,1200,0,-1033.4672,-245.3094,0,14000,0,190
active,16,285,model3,0,-1027.406,-254.26085,1,888,0,-1026.6422,-252.51171,0,14000,0,192
active,16,285,model3,1,-1022.7712,-255.63146,0,1400,0,-1022.7362,-255.65137,0,14000,0,186
active,16,285,model3,2,-1016.4024,-263.78145,1,693,0,-1015.4741,-264.55106,0,14000,0,191
active,16,285,model3,3,-1008.1348,-271.81682,0,1400,0,-1008.1333,-271.82116,1,726,0,191
active,16,285,model3,4,-1032.7187,-247.1588,0,1400,0,-1032.7187,-247.15868,1,195,0,190
active,16,315,model2B,0,-1020.2046,-283.90732,0,1200,0,-1020.1782,-283.97566,0,14000,0,192
active,16,315,model2B,1,-1056.5165,-244.79833,1,1053,0,-1056.5165,-244.79833,1,191,0,186
active,16,315,model2B,2,-1043.5982,-258.64798,1,1154,0,-1043.5982,-258.64798,1,184,0,191
active,16,315,model2B,3,-1031.7411,-271.44343,0,1200,0,-1031.7411,-271.44385,1,192,0,191
active,16,315,model2B,4,-1045.7275,-256.56134,0,1200,0,-1045.7275,-256.56095,1,177,0,190
active,16,315,model3,0,-1022.2772,-280.14832,0,1400,0,-1022.2198,-280.10276,1,12735,0,192
active,16,315,model3,1,-1056.6816,-244.68742,0,1400,0,-1056.6362,-244.65481,0,14000,0,186
active,16,315,model3,2,-1043.0725,-259.73997,0,1400,0,-1043.0058,-259.61805,1,4163,0,191
active,16,315,model3,3,-1032.0679,-270.22068,0,1400,0,-1032.0611,-270.09255,0,14000,0,191
active,16,315,model3,4,-1046.4104,-256.42487,0,1400,0,-1046.2996,-256.07914,0,14000,0,190
active,16,435,model2B,0,-1057.0976,-283.36594,0,1200,0,-1057.0976,-283.37318,1,235,0,192
active,16,435,model2B,1,-1074.5462,-262.82663,1,1199,0,-1074.5462,-262.82663,1,176,0,186
active,16,435,model2B,2,-1083.6875,-254.8725,1,984,0,-1083.3688,-254.84517,1,309,0,191
active,16,435,model2B,3,-1071.1981,-267.14691,1,877,0,-1070.9754,-267.41912,1,380,0,191
active,16,435,model2B,4,-1059.1017,-278.65954,1,917,0,-1058.5704,-279.23038,1,317,0,190
active,16,435,model3,0,-1056.6544,-280.11492,0,1400,0,-1056.6212,-280.14316,1,13345,0,192
active,16,435,model3,1,-1072.388,-262.44227,0,1400,0,-1072.3682,-262.45038,0,14000,0,186
active,16,435,model3,2,-1081.2005,-254.49855,0,1400,0,-1081.1673,-254.52096,0,14000,0,191
active,16,435,model3,3,-1068.5054,-267.2323,0,1400,0,-1068.4989,-267.25354,0,14000,0,191
active,16,435,model3,4,-1056.3424,-279.54628,1,785,0,-1056.3292,-279.42576,0,14000,0,190
active,16,465,model2B,0,-1015.998,-266.87138,0,1200,0,-1014.6228,-266.1454,1,535,0,192
active,16,465,model2B,1,-1023.5819,-256.49593,1,935,0,-1023.5819,-256.49593,1,192,0,186
active,16,465,model2B,2,-1039.0773,-242.17204,0,1200,0,-1038.5526,-241.86359,1,353,0,191
active,16,465,model2B,3,-1040.0222,-262.7503,0,1200,0,-1018.6899,-261.07308,1,4118,0,191
active,16,465,model2B,4,-1017.8515,-261.885,0,1200,0,-1017.8515,-261.885,1,198,0,190
active,16,465,model3,0,-1012.2548,-265.46009,1,576,0,-1012.1268,-265.42108,0,14000,0,192
active,16,465,model3,1,-1021.7389,-255.25983,1,966,0,-1021.7241,-255.21493,0,14000,0,186
active,16,465,model3,2,-1036.8275,-241.02614,0,1400,0,-1036.8219,-241.0259,1,8863,0,191
active,16,465,model3,3,-1016.057,-261.17153,1,612,0,-1016.0025,-261.09606,0,14000,0,191
active,16,465,model3,4,-1015.8881,-261.56997,1,869,0,-1015.8881,-261.5702,1,182,0,190
active,16,495,model2B,0,-995.19615,-248.14281,1,1092,0,-995.19615,-248.14281,1,196,0,192
active,16,495,model2B,1,-1001.2291,-243.30455,1,958,0,-1001.1169,-243.05411,1,514,0,186
active,16,495,model2B,2,-983.71474,-260.40993,0,1200,0,-982.54851,-261.40323,1,390,0,191
active,16,495,model2B,3,-1004.2466,-239.62153,1,827,0,-1003.6798,-239.62071,1,392,0,191
active,16,495,model2B,4,-995.70658,-260.25167,0,1200,0,-986.52192,-257.25248,1,1198,0,190
active,16,495,model3,0,-993.82021,-247.95117,1,669,0,-993.76581,-247.85253,0,14000,0,192
active,16,495,model3,1,-1000.4299,-242.42072,1,955,0,-999.62392,-242.69043,0,14000,0,186
active,16,495,model3,2,-983.70284,-258.32916,1,692,0,-981.59784,-259.82989,1,12899,0,191
active,16,495,model3,3,-1002.163,-239.77378,0,1400,0,-1002.1586,-239.76574,1,10626,0,191
active,16,495,model3,4,-984.75863,-257.75461,1,1048,0,-984.75753,-257.73921,1,10073,0,190
active,17,255,model2B,0,-948.4891,-240.66327,0,1200,0,-948.48857,-240.653,1,949,0,177
active,17,255,model2B,1,-955.46927,-232.71205,0,1200,0,-955.46194,-232.73075,1,418,0,190
active,17,255,model2B,2,-958.64235,-230.00769,0,1200,0,-958.62271,-230.04993,0,14000,0,187
active,17,255,model2B,3,-923.28946,-266.19771,0,1200,0,-922.31979,-267.16133,1,1662,0,191
active,17,255,model2B,4,-959.01769,-228.71249,0,1200,0,-958.90774,-228.81514,1,763,0,190
active,17,255,model3,0,-948.95442,-240.28787,0,1400,0,-948.81002,-240.25309,0,14000,0,177
active,17,255,model3,1,-955.1363,-233.41877,0,1400,0,-955.11726,-233.34553,1,852,0,190
active,17,255,model3,2,-957.75541,-231.15309,0,1400,0,-957.75505,-231.1502,1,5909,0,187
active,17,255,model3,3,-922.1567,-267.24158,1,1005,0,-922.1566,-267.24145,1,4748,0,191
active,17,255,model3,4,-958.84079,-228.84047,1,698,0,-958.82122,-228.82155,0,14000,0,190
active,17,285,model2B,0,-1008.091,-240.08039,0,1200,0,-1008.0328,-240.40458,1,422,0,177
active,17,285,model2B,1,-1002.1586,-245.42284,0,1200,0,-1001.8846,-245.52772,1,763,0,190
active,17,285,model2B,2,-954.4388,-299.26741,0,1200,0,-954.27541,-299.47196,1,1258,0,187
active,17,285,model2B,3,-1011.3352,-237.11023,0,1200,0,-1009.6816,-238.72473,1,574,0,191
active,17,285,model2B,4,-1007.0402,-240.91376,1,901,0,-1007.0402,-240.91376,1,178,0,190
active,17,285,model3,0,-1006.8927,-241.78495,0,1400,0,-1005.7153,-241.70724,0,14000,0,177
active,17,285,model3,1,-999.55418,-246.72355,0,1400,0,-999.51187,-246.65023,0,14000,0,190
active,17,285,model3,2,-952.65828,-301.06057,1,844,0,-952.65828,-301.06052,1,215,0,187
active,17,285,model3,3,-1009.0259,-237.89965,0,1400,0,-1008.9068,-237.80377,1,695,0,191
active,17,285,model3,4,-1005.5972,-241.40169,0,1400,0,-1004.958,-242.07513,0,14000,0,190
active,17,315,model2B,0,-1139.2815,-271.1571,1,1156,0,-1139.2815,-271.1571,1,175,0,177
active,17,315,model2B,1,-1131.9098,-277.79771,0,1200,0,-1131.3243,-277.9766,1,593,0,190
active,17,315,model2B,2,-1080.9022,-335.26307,1,1181,0,-1080.9022,-335.26312,1,184,0,187
active,17,315,model2B,3,-1141.9442,-268.56553,0,1200,0,-1141.6585,-268.67235,1,279,0,191
active,17,315,model2B,4,-1134.5271,-275.41297,0,1200,0,-1134.524,-275.36644,1,320,0,190
active,17,315,model3,0,-1137.2384,-271.73025,1,864,0,-1137.2334,-271.76782,1,846,0,177
active,17,315,model3,1,-1129.9853,-277.80796,1,553,0,-1129.9842,-277.79612,1,9774,0,190
active,17,315,model3,2,-1079.5961,-334.42535,1,746,0,-1079.596,-334.42403,1,9420,0,187
active,17,315,model3,3,-1140.3917,-267.85476,0,1400,0,-1140.3279,-267.93795,1,653,0,191
active,17,315,model3,4,-1132.6524,-275.31331,0,1400,0,-1132.6507,-275.34485,1,533,0,190
active,17,435,model2B,0,-1226.6804,-324.55645,0,1200,0,-1224.6668,-323.05863,1,979,0,177
active,17,435,model2B,1,-1245.8359,-303.02973,0,1200,0,-1243.11,-303.35893,1,910,0,190
active,17,435,model2B,2,-1232.3592,-320.08124,0,1200,0,-1228.9805,-319.97025,1,5138,0,187
active,17,435,model2B,3,-1241.6777,-305.46016,0,1200,0,-1241.0826,-304.78401,1,416,0,191
active,17,435,model2B,4,-1242.5022,-304.03181,1,926,0,-1242.5022,-304.0318,1,238,0,190
active,17,435,model3,0,-1222.5774,-322.41008,1,611,0,-1222.5774,-322.41008,1,204,0,177
active,17,435,model3,1,-1241.679,-302.07452,1,425,0,-1241.6721,-302.07593,1,7635,0,190
active,17,435,model3,2,-1225.0717,-318.87846,1,769,0,-1225.0191,-318.80744,1,897,0,187
active,17,435,model3,3,-1239.5672,-304.1758,1,529,0,-1239.5592,-304.18403,0,14000,0,191
active,17,435,model3,4,-1240.6502,-303.11166,0,1400,0,-1240.6458,-303.11975,0,14000,0,190
active,17,465,model2B,0,-1152.7069,-314.10144,1,839,0,-1152.7069,-314.10188,1,180,0,177
active,17,465,model2B,1,-1175.273,-289.14053,1,765,0,-1175.2729,-289.14227,1,208,0,190
active,17,465,model2B,2,-1173.4849,-291.35941,0,1200,0,-1173.4849,-291.35968,1,196,0,187
active,17,465,model2B,3,-1167.9206,-297.52471,0,1200,0,-1167.5817,-297.02322,1,357,0,191
active,17,465,model2B,4,-1183.4923,-281.71738,1,1198,0,-1183.4923,-281.71738,1,213,0,190
active,17,465,model3,0,-1148.0687,-315.76732,1,822,0,-1147.9568,-315.86079,1,923,0,177
active,17,465,model3,1,-1171.2049,-290.13587,1,519,0,-1170.7187,-290.47346,1,1450,0,190
active,17,465,model3,2,-1172.2653,-289.01439,1,662,0,-1172.1322,-289.03517,1,2100,0,187
active,17,465,model3,3,-1166.5493,-295.37782,1,530,0,-1166.5239,-295.5839,1,1818,0,191
active,17,465,model3,4,-1182.1592,-281.09745,0,1400,0,-1182.1463,-281.06557,0,14000,0,190
active,17,495,model2B,0,-1026.4046,-308.35958,0,1200,0,-1026.4035,-308.41,1,250,0,177
active,17,495,model2B,1,-1067.8017,-259.71512,0,1200,0,-1067.7174,-259.93538,1,331,0,190
active,17,495,model2B,2,-1077.1309,-251.50768,0,1200,0,-1077.1309,-251.51431,1,275,0,187
active,17,495,model2B,3,-1064.9762,-263.15781,1,1006,0,-1064.9762,-263.15781,1,176,0,191
active,17,495,model2B,4,-1065.3848,-262.40911,0,1200,0,-1065.3848,-262.40905,1,198,0,190
active,17,495,model3,0,-1024.6657,-305.47593,1,626,0,-1024.6596,-305.50191,0,14000,0,177
active,17,495,model3,1,-1065.0921,-260.59135,0,1400,0,-1065.091,-260.57701,1,556,0,190
active,17,495,model3,2,-1075.8973,-249.85977,0,1400,0,-1075.8973,-249.85964,1,258,0,187
active,17,495,model3,3,-1063.7431,-262.18797,1,584,0,-1063.738,-262.06795,1,575,0,191
active,17,495,model3,4,-1063.7146,-261.43943,0,1400,0,-1063.7079,-261.45497,1,5163,0,190
active,18,255,model2B,0,-988.5373,-223.69035,0,1200,0,-988.53375,-223.69955,0,14000,0,191
active,18,255,model2B,1,-946.8132,-266.37903,0,1200,0,-946.76186,-266.60378,1,859,0,191
active,18,255,model2B,2,-966.3713,-245.81696,0,1200,0,-966.35998,-245.83818,0,14000,0,189
active,18,255,model2B,3,-978.9139,-232.93079,0,1200,0,-978.90151,-233.03828,1,1330,0,192
active,18,255,model2B,4,-962.08425,-249.72964,0,1200,0,-962.0579,-249.79504,0,14000,0,192
active,18,255,model3,0,-988.40706,-223.59514,0,1400,0,-988.39562,-223.60122,0,14000,0,191
active,18,255,model3,1,-946.16738,-266.81347,0,1400,0,-946.16479,-266.75869,1,572,0,191
active,18,255,model3,2,-966.55581,-245.20681,0,1400,0,-966.53452,-245.24796,0,14000,0,189
active,18,255,model3,3,-978.57222,-233.10677,1,1223,0,-978.57222,-233.10677,1,200,0,192
active,18,255,model3,4,-961.62021,-250.003,0,1400,0,-961.55055,-250.06521,0,14000,0,192
active,18,285,model2B,0,-1030.1664,-241.18621,0,1200,0,-1030.0968,-241.23754,0,14000,0,191
active,18,285,model2B,1,-978.27881,-295.78309,1,987,0,-976.38409,-301.55633,1,605,0,191
active,18,285,model2B,2,-1024.9176,-246.22199,1,1094,0,-1024.9041,-246.21555,0,14000,0,189
active,18,285,model2B,3,-1036.7877,-235.00847,0,1200,0,-1036.746,-235.00171,1,310,0,192
active,18,285,model2B,4,-1008.817,-262.6135,0,1200,0,-1008.7691,-262.43595,0,14000,0,192
active,18,285,model3,0,-1031.3928,-240.62736,0,1400,0,-1031.3506,-240.62364,0,14000,0,191
active,18,285,model3,1,-976.88397,-298.60913,0,1400,0,-976.87733,-298.59859,0,14000,0,191
active,18,285,model3,2,-1025.9037,-245.92298,0,1400,0,-1025.8626,-245.87582,1,7133,0,189
active,18,285,model3,3,-1036.822,-235.74398,0,1400,0,-1036.7972,-235.68571,0,14000,0,192
active,18,285,model3,4,-1010.5464,-261.2822,0,1400,0,-1010.4983,-261.32026,0,14000,0,192
active,18,315,model2B,0,-1026.2618,-255.05689,1,1110,0,-1026.2618,-255.05689,1,183,0,191
active,18,315,model2B,1,-1016.604,-266.44347,1,999,0,-1016.604,-266.4433,1,199,0,191
active,18,315,model2B,2,-1017.791,-263.95829,1,964,0,-1017.7838,-263.80818,1,241,0,189
active,18,315,model2B,3,-1032.9301,-248.18116,0,1200,0,-1032.9301,-248.18128,1,166,0,192
active,18,315,model2B,4,-1024.4759,-256.38926,0,1200,0,-1024.4608,-256.34899,1,391,0,192
active,18,315,model3,0,-1026.3533,-255.08923,0,1400,0,-1026.3341,-255.11918,0,14000,0,191
active,18,315,model3,1,-1018.0553,-264.12271,0,1400,0,-1018.0519,-264.13581,1,3553,0,191
active,18,315,model3,2,-1017.4283,-263.9514,0,1400,0,-1017.4283,-263.94707,1,532,0,189
active,18,315,model3,3,-1032.5983,-248.60676,0,1400,0,-1032.5982,-248.6056,1,422,0,192
active,18,315,model3,4,-1024.9478,-256.37187,0,1400,0,-1024.8627,-256.50212,0,14000,0,192
active,18,435,model2B,0,-1052.0642,-246.62634,1,845,0,-1052.0642,-246.62634,1,165,0,191
active,18,435,model2B,1,-1027.6229,-270.43919,1,796,0,-1027.6229,-270.43907,1,183,0,191
active,18,435,model2B,2,-1042.8274,-254.95468,1,1075,0,-1042.8274,-254.95468,1,178,0,189
active,18,435,model2B,3,-1047.9951,-249.87679,1,1123,0,-1047.9951,-249.87674,1,177,0,192
active,18,435,model2B,4,-1015.5961,-283.18221,1,1049,0,-1015.5766,-283.05781,1,304,0,192
active,18,435,model3,0,-1052.1741,-245.81011,0,1400,0,-1052.165,-245.84238,0,14000,0,191
active,18,435,model3,1,-1026.4725,-270.78255,1,541,0,-1025.7453,-271.04728,1,5679,0,191
active,18,435,model3,2,-1041.6952,-254.87563,0,1400,0,-1041.6877,-254.88243,0,14000,0,189
active,18,435,model3,3,-1048.1024,-249.5045,0,1400,0,-1048.0063,-249.33738,1,729,0,192
active,18,435,model3,4,-1014.8692,-283.72563,1,599,0,-1014.8686,-283.73243,1,9632,0,192
active,18,465,model2B,0,-1004.0486,-260.69397,0,1200,0,-1003.7321,-260.32198,1,572,0,191
active,18,465,model2B,1,-1011.2307,-253.25191,0,1200,0,-1009.7066,-253.65017,1,1058,0,191
active,18,465,model2B,2,-1013.9813,-249.64024,1,940,0,-1012.7383,-250.83288,1,289,0,189
active,18,465,model2B,3,-1023.5159,-240.00678,1,1149,0,-1023.5159,-240.00678,1,166,0,192
active,18,465,model2B,4,-999.20704,-264.12764,0,1200,0,-999.1833,-264.22829,1,219,0,192
active,18,465,model3,0,-1003.445,-260.85283,0,1400,0,-1003.4439,-260.89652,1,648,0,191
active,18,465,model3,1,-1008.5659,-254.36674,1,1245,0,-1008.5659,-254.36676,1,251,0,191
active,18,465,model3,2,-1012.8068,-250.93122,1,967,0,-1012.2048,-250.61308,1,1778,0,189
active,18,465,model3,3,-1023.6173,-239.56758,1,1369,0,-1023.6173,-239.56754,1,260,0,192
active,18,465,model3,4,-999.23317,-263.62628,1,1399,0,-999.23317,-263.62629,1,280,0,192
active,18,495,model2B,0,-890.11639,-229.0158,1,1140,0,-890.11639,-229.01567,1,160,0,191
active,18,495,model2B,1,-889.09079,-229.75206,0,1200,0,-888.76504,-229.45859,1,494,0,191
active,18,495,model2B,2,-902.0104,-216.53536,0,1200,0,-902.00807,-216.54207,1,211,0,189
active,18,495,model2B,3,-903.23053,-214.87006,0,1200,0,-903.23052,-214.86997,1,168,0,192
active,18,495,model2B,4,-884.26035,-235.32594,0,1200,0,-883.95436,-235.32068,1,524,0,192
active,18,495,model3,0,-890.42217,-229.666,1,1114,0,-890.37161,-229.62967,1,4931,0,191
active,18,495,model3,1,-889.06652,-229.63418,1,1141,0,-888.33043,-229.17462,1,2398,0,191
active,18,495,model3,2,-902.32297,-216.13471,0,1400,0,-902.14733,-215.81483,0,14000,0,189
active,18,495,model3,3,-903.33427,-214.35593,0,1400,0,-903.21593,-214.27689,0,14000,0,192
active,18,495,model3,4,-883.78532,-236.9598,0,1400,0,-882.51468,-236.10317,0,14000,0,192
active,19,255,model2B,0,-1038.172,-285.64682,0,1200,0,-1038.1685,-285.58433,1,373,0,180
active,19,255,model2B,1,-1046.7464,-276.51914,0,1200,0,-1046.7464,-276.51952,1,204,0,182
active,19,255,model2B,2,-1075.6359,-248.40007,1,739,0,-1075.6359,-248.40003,1,190,0,186
active,19,255,model2B,3,-1065.0274,-258.34546,1,693,0,-1064.8253,-258.40118,1,495,0,187
active,19,255,model2B,4,-1059.1783,-263.9639,0,1200,0,-1059.0288,-263.65199,1,409,0,182
active,19,255,model3,0,-1038.9769,-285.18764,1,722,0,-1038.6405,-285.17321,0,14000,0,180
active,19,255,model3,1,-1048.8359,-274.49878,1,662,0,-1047.7186,-275.6168,0,14000,0,182
active,19,255,model3,2,-1075.3938,-248.9013,1,684,0,-1075.3905,-248.9315,1,557,0,186
active,19,255,model3,3,-1064.0647,-259.50894,1,404,0,-1063.8872,-259.73258,1,1013,0,187
active,19,255,model3,4,-1058.7448,-264.28627,1,692,0,-1058.373,-264.45834,0,14000,0,182
active,19,285,model2B,0,-1108.5124,-288.01263,0,1200,0,-1107.9404,-287.98304,1,768,0,180
active,19,285,model2B,1,-1111.9394,-284.2992,0,1200,0,-1111.2067,-284.27698,1,488,0,182
active,19,285,model2B,2,-1128.3726,-267.20499,1,976,0,-1128.3126,-267.53673,1,310,0,186
active,19,285,model2B,3,-1116.9421,-279.00214,1,1014,0,-1116.2277,-278.70168,1,1565,0,187
active,19,285,model2B,4,-1113.0776,-282.46489,1,1195,0,-1111.9201,-283.04377,1,839,0,182
active,19,285,model3,0,-1108.8404,-288.92542,0,1400,0,-1108.8362,-288.83017,1,744,0,180
active,19,285,model3,1,-1113.1001,-283.87492,0,1400,0,-1112.6518,-284.22928,1,12931,0,182
active,19,285,model3,2,-1128.9527,-268.08681,0,1400,0,-1128.5771,-267.94921,1,2039,0,186
active,19,285,model3,3,-1117.3894,-278.96889,0,1400,0,-1117.254,-278.99249,0,14000,0,187
active,19,285,model3,4,-1112.932,-283.4555,0,1400,0,-1112.9038,-283.47357,0,14000,0,182
active,19,315,model2B,0,-1163.023,-303.42052,1,899,0,-1163.023,-303.42052,1,187,0,180
active,19,315,model2B,1,-1170.6634,-294.31081,1,1137,0,-1170.6634,-294.3108,1,181,0,182
active,19,315,model2B,2,-1188.7055,-276.90003,1,1063,0,-1188.7055,-276.90011,1,185,0,186
active,19,315,model2B,3,-1168.8374,-296.02177,1,923,0,-1168.8374,-296.02167,1,183,0,187
active,19,315,model2B,4,-1161.6687,-303.26602,0,1200,0,-1161.6687,-303.26619,1,199,0,182
active,19,315,model3,0,-1162.088,-304.34912,0,1400,0,-1162.0705,-304.31757,1,1732,0,180
active,19,315,model3,1,-1171.3872,-292.96761,0,1400,0,-1171.3872,-292.96768,1,251,0,182
active,19,315,model3,2,-1187.7294,-277.33598,0,1400,0,-1187.7271,-277.33767,1,694,0,186
active,19,315,model3,3,-1168.2866,-296.31274,0,1400,0,-1168.2159,-296.24132,1,996,0,187
active,19,315,model3,4,-1161.4881,-303.32187,0,1400,0,-1161.4677,-303.42518,1,2302,0,182
active,19,435,model2B,0,-1382.0927,-368.35042,0,1200,0,-1381.9776,-368.84212,1,371,0,180
active,19,435,model2B,1,-1399.2894,-348.72224,1,1101,0,-1399.2894,-348.72224,1,199,0,182
active,19,435,model2B,2,-1403.4511,-344.90924,1,772,0,-1403.4511,-344.90924,1,189,0,186
active,19,435,model2B,3,-1397.3496,-351.53704,1,960,0,-1397.3496,-351.53658,1,199,0,187
active,19,435,model2B,4,-1403.2871,-344.63262,1,621,0,-1403.2871,-344.63257,1,196,0,182
active,19,435,model3,0,-1380.7235,-364.50123,0,1400,0,-1380.7156,-364.56293,1,11397,0,180
active,19,435,model3,1,-1392.83,-349.9235,1,497,0,-1392.83,-349.92359,1,203,0,182
active,19,435,model3,2,-1395.5012,-347.07529,1,483,0,-1395.4984,-347.07747,0,14000,0,186
active,19,435,model3,3,-1394.3946,-348.22196,1,732,0,-1394.3942,-348.22112,1,5925,0,187
active,19,435,model3,4,-1397.295,-344.42735,1,455,0,-1397.2899,-344.43513,0,14000,0,182
active,19,465,model2B,0,-1371.7749,-367.36211,0,1200,0,-1371.2127,-365.97261,1,578,0,180
active,19,465,model2B,1,-1400.5292,-334.51525,1,1031,0,-1400.5292,-334.51525,1,178,0,182
active,19,465,model2B,2,-1394.3531,-341.31942,1,884,0,-1394.3531,-341.31941,1,196,0,186
active,19,465,model2B,3,-1381.087,-353.98899,1,832,0,-1381.087,-353.98882,1,185,0,187
active,19,465,model2B,4,-1386.9721,-348.112,1,736,0,-1386.9721,-348.11186,1,204,0,182
active,19,465,model3,0,-1365.0991,-359.83689,1,609,0,-1365.0948,-359.84511,1,11636,0,180
active,19,465,model3,1,-1389.1363,-333.09274,1,542,0,-1389.0834,-333.06464,1,2640,0,182
active,19,465,model3,2,-1381.7262,-340.89848,1,466,0,-1381.6941,-340.88547,1,1991,0,186
active,19,465,model3,3,-1370.3235,-351.929,1,449,0,-1370.0346,-352.27961,1,3714,0,187
active,19,465,model3,4,-1376.3187,-345.92646,1,689,0,-1376.3187,-345.92643,1,233,0,182
active,19,495,model2B,0,-1312.6006,-362.18908,0,1200,0,-1311.2988,-361.4815,1,348,0,180
active,19,495,model2B,1,-1350.0835,-320.45862,0,1200,0,-1350.0835,-320.45783,1,193,0,182
active,19,495,model2B,2,-1342.2396,-329.24451,0,1200,0,-1342.2117,-329.05453,1,234,0,186
active,19,495,model2B,3,-1330.3862,-339.99391,1,1085,0,-1330.3862,-339.99391,1,175,0,187
active,19,495,model2B,4,-1342.4861,-328.54994,1,957,0,-1342.4861,-328.55027,1,182,0,182
active,19,495,model3,0,-1308.2887,-353.62199,1,743,0,-1308.1756,-354.27508,1,1605,0,180
active,19,495,model3,1,-1338.9136,-320.3986,1,924,0,-1338.4849,-320.5148,1,1282,0,182
active,19,495,model3,2,-1330.8245,-328.88033,1,530,0,-1330.5568,-328.97552,1,1680,0,186
active,19,495,model3,3,-1317.8291,-341.31301,1,502,0,-1316.5399,-342.59812,1,1490,0,187
active,19,495,model3,4,-1334.8733,-324.92957,1,520,0,-1334.8733,-324.92927,1,181,0,182
active,20,255,model2B,0,-1000.2136,-237.91534,0,1200,0,-1000.167,-237.98991,1,436,0,187
active,20,255,model2B,1,-970.03771,-269.33644,0,1200,0,-970.02711,-269.44778,1,918,0,188
active,20,255,model2B,2,-989.73573,-248.53209,0,1200,0,-989.41063,-249.54608,1,790,0,189
active,20,255,model2B,3,-994.38021,-244.13846,0,1200,0,-994.38021,-244.13906,1,155,0,185
active,20,255,model2B,4,-991.56479,-246.43684,0,1200,0,-991.56479,-246.43683,1,180,0,186
active,20,255,model3,0,-1000.7429,-237.57571,0,1400,0,-1000.7176,-237.60074,0,14000,0,187
active,20,255,model3,1,-970.60659,-268.81155,0,1400,0,-970.58358,-268.88051,0,14000,0,188
active,20,255,model3,2,-989.85042,-249.27431,0,1400,0,-989.85037,-249.27552,1,891,0,189
active,20,255,model3,3,-994.48943,-244.34753,0,1400,0,-994.44728,-244.30333,0,14000,0,185
active,20,255,model3,4,-991.84292,-246.52022,0,1400,0,-991.79461,-246.49569,0,14000,0,186
active,20,285,model2B,0,-1105.6875,-254.94008,0,1200,0,-1105.6875,-254.94011,1,185,0,187
active,20,285,model2B,1,-1073.6003,-287.47293,1,726,0,-1073.3215,-287.15912,1,318,0,188
active,20,285,model2B,2,-1071.2198,-291.83455,1,824,0,-1071.2198,-291.83485,1,201,0,189
active,20,285,model2B,3,-1088.6128,-271.89748,0,1200,0,-1088.6112,-271.92407,1,235,0,185
active,20,285,model2B,4,-1095.3421,-265.00981,0,1200,0,-1095.342,-264.99935,1,217,0,186
active,20,285,model3,0,-1104.8702,-254.31267,1,1216,0,-1104.8702,-254.31275,1,219,0,187
active,20,285,model3,1,-1070.8323,-288.56712,1,692,0,-1070.74,-288.73874,1,1175,0,188
active,20,285,model3,2,-1071.5752,-288.83447,1,1363,0,-1071.5752,-288.83448,1,233,0,189
active,20,285,model3,3,-1087.3402,-271.44437,0,1400,0,-1087.3402,-271.44449,1,198,0,185
active,20,285,model3,4,-1094.6831,-264.22612,0,1400,0,-1094.683,-264.22362,1,257,0,186
active,20,315,model2B,0,-1054.3245,-248.38214,0,1200,0,-1054.0875,-248.33962,1,426,0,187
active,20,315,model2B,1,-1029.2244,-272.51202,1,1080,0,-1029.2244,-272.51194,1,155,0,188
active,20,315,model2B,2,-1032.3018,-270.92611,1,1179,0,-1032.3018,-270.92611,1,199,0,189
active,20,315,model2B,3,-1047.8237,-254.42142,1,1110,0,-1047.8237,-254.42155,1,197,0,185
active,20,315,model2B,4,-1038.0225,-263.95322,1,767,0,-1038.0225,-263.95322,1,154,0,186
active,20,315,model3,0,-1053.4648,-248.16079,0,1400,0,-1053.4259,-248.18966,1,786,0,187
active,20,315,model3,1,-1028.4293,-272.50703,0,1400,0,-1028.427,-272.48734,1,496,0,188
active,20,315,model3,2,-1033.5023,-267.89038,0,1400,0,-1033.4592,-268.24845,1,583,0,189
active,20,315,model3,3,-1046.4459,-254.78159,0,1400,0,-1046.4456,-254.78711,1,4299,0,185
active,20,315,model3,4,-1036.7079,-264.84232,0,1400,0,-1036.5843,-264.60215,1,1314,0,186
active,20,435,model2B,0,-936.672,-203.89807,0,1200,0,-936.40099,-204.1982,1,1072,0,187
active,20,435,model2B,1,-913.45715,-226.14545,0,1200,0,-913.44889,-226.13437,1,571,0,188
active,20,435,model2B,2,-900.25044,-239.57324,0,1200,0,-900.214,-239.74549,1,302,0,189
active,20,435,model2B,3,-897.4186,-244.30501,0,1200,0,-895.87183,-244.55678,1,4317,0,185
active,20,435,model2B,4,-907.71417,-232.10563,0,1200,0,-907.71252,-232.12368,1,381,0,186
active,20,435,model3,0,-936.2146,-203.44719,1,835,0,-936.2146,-203.44724,1,208,0,187
active,20,435,model3,1,-912.16046,-226.38044,1,889,0,-911.84955,-226.71529,1,1866,0,188
active,20,435,model3,2,-899.84333,-239.64908,0,1400,0,-899.81005,-239.89903,1,601,0,189
active,20,435,model3,3,-894.75856,-244.7774,1,779,0,-894.48015,-245.14293,1,2820,0,185
active,20,435,model3,4,-906.45649,-232.19055,1,1070,0,-906.09742,-232.66388,1,1679,0,186
active,20,465,model2B,0,-962.15903,-203.62013,0,1200,0,-962.11522,-203.65009,0,14000,0,187
active,20,465,model2B,1,-938.3548,-226.14827,0,1200,0,-938.29988,-226.12958,0,14000,0,188
active,20,465,model2B,2,-916.49284,-248.54813,0,1200,0,-916.45621,-248.5529,0,14000,0,189
active,20,465,model2B,3,-903.03959,-262.95885,0,1200,0,-903.01846,-263.00964,0,14000,0,185
active,20,465,model2B,4,-931.65307,-232.92016,0,1200,0,-931.65053,-232.88568,1,4330,0,186
active,20,465,model3,0,-962.22935,-203.54925,0,1400,0,-962.22704,-203.55404,1,11863,0,187
active,20,465,model3,1,-938.42345,-226.01921,0,1400,0,-938.41558,-226.01513,0,14000,0,188
active,20,465,model3,2,-916.19105,-248.83961,0,1400,0,-916.15895,-248.88566,0,14000,0,189
active,20,465,model3,3,-903.44586,-262.76494,1,1178,0,-903.02884,-263.75106,1,8945,0,185
active,20,465,model3,4,-930.95797,-234.15633,1,1050,0,-930.95797,-234.15636,1,196,0,186
active,20,495,model2B,0,-933.58541,-203.2293,0,1200,0,-933.56553,-203.25203,0,14000,0,187
active,20,495,model2B,1,-915.45109,-220.83941,0,1200,0,-915.40658,-220.77685,0,14000,0,188
active,20,495,model2B,2,-902.06253,-233.9683,0,1200,0,-902.05427,-233.95406,0,14000,0,189
active,20,495,model2B,3,-878.73386,-258.87438,0,1200,0,-878.72657,-258.86889,1,10343,0,185
active,20,495,model2B,4,-907.1879,-229.95101,0,1200,0,-906.5074,-231.10089,1,3080,0,186
active,20,495,model3,0,-934.63896,-202.96924,0,1400,0,-934.59028,-203.01302,1,7918,0,187
active,20,495,model3,1,-915.68961,-221.36991,0,1400,0,-915.60852,-221.31165,0,14000,0,188
active,20,495,model3,2,-902.35376,-234.32816,0,1400,0,-902.29288,-234.41849,0,14000,0,189
active,20,495,model3,3,-879.77522,-258.71112,0,1400,0,-879.77118,-258.62148,1,351,0,185
active,20,495,model3,4,-905.74301,-231.83447,1,1333,0,-905.73771,-231.86637,1,6342,0,186
active_lbfgs,1,255,model2B,0,-753.81012,-205.00821,0,1200,0,-753.09974,-205.35664,1,2270,0,166
active_lbfgs,1,255,model2B,1,-767.21659,-189.53929,1,1059,0,-766.86558,-189.88421,1,709,0,168
active_lbfgs,1,255,model2B,2,-790.1769,-166.72191,0,1200,0,-790.16371,-166.64873,1,459,0,149
active_lbfgs,1,255,model2B,3,-763.39031,-194.24913,0,1200,0,-762.90664,-194.32365,1,2616,0,178
active_lbfgs,1,255,model2B,4,-750.04886,-206.64736,0,1200,0,-750.04835,-206.64976,0,14000,0,186
active_lbfgs,1,255,model3,0,-753.1807,-205.31465,0,1400,0,-753.16656,-205.27541,1,4476,0,166
active_lbfgs,1,255,model3,1,-766.81254,-189.46258,1,1291,0,-765.87669,-188.88264,1,1523,0,168
active_lbfgs,1,255,model3,2,-789.31096,-165.60993,0,1400,0,-789.30897,-165.60076,1,5173,0,149
active_lbfgs,1,255,model3,3,-761.05435,-194.20056,1,742,0,-761.03608,-194.20256,1,9205,0,178
active_lbfgs,1,255,model3,4,-748.36842,-206.30529,1,613,0,-748.35819,-206.29384,1,6897,0,186
active_lbfgs,1,285,model2B,0,-861.54801,-218.59485,0,1200,0,-861.53052,-218.55253,0,14000,0,166
active_lbfgs,1,285,model2B,1,-872.48685,-210.75576,0,1200,0,-867.92493,-210.07864,1,2859,0,168
active_lbfgs,1,285,model2B,2,-888.61797,-190.79201,0,1200,0,-888.09156,-190.38357,1,1061,0,149
active_lbfgs,1,285,model2B,3,-846.35742,-233.92147,0,1200,0,-845.51005,-234.4226,1,612,0,178
active_lbfgs,1,285,model2B,4,-843.40413,-234.80576,0,1200,0,-843.40408,-234.806,1,422,0,186
active_lbfgs,1,285,model3,0,-862.29673,-217.49086,0,1400,0,-862.29673,-217.49155,1,3476,0,166
active_lbfgs,1,285,model3,1,-867.10834,-210.59265,1,846,0,-867.10749,-210.58771,1,1402,0,168
active_lbfgs,1,285,model3,2,-887.49325,-190.59783,1,521,0,-887.46587,-190.59884,0,14000,0,149
active_lbfgs,1,285,model3,3,-845.23358,-233.65625,1,1295,0,-845.23245,-233.65732,0,14000,0,178
active_lbfgs,1,285,model3,4,-842.99715,-234.74352,1,476,0,-842.99687,-234.7406,0,14000,0,186
active_lbfgs,1,315,model2B,0,-939.76326,-222.8316,0,1200,0,-933.36316,-224.09466,0,14000,0,166
active_lbfgs,1,315,model2B,1,-940.805,-215.9152,1,1195,0,-940.805,-215.91519,1,175,0,168
active_lbfgs,1,315,model2B,2,-939.06041,-218.34509,0,1200,0,-938.94624,-218.40483,1,470,0,149
active_lbfgs,1,315,model2B,3,-907.07668,-250.86481,0,1200,0,-906.45578,-251.98292,1,702,0,178
active_lbfgs,1,315,model2B,4,-900.45769,-256.98692,0,1200,0,-900.36093,-256.73414,1,1325,0,186
active_lbfgs,1,315,model3,0,-934.02534,-225.14895,0,1400,0,-934.02534,-225.14887,1,620,0,166
active_lbfgs,1,315,model3,1,-940.89436,-215.95446,1,994,0,-940.65894,-215.59493,1,7622,0,168
active_lbfgs,1,315,model3,2,-938.40996,-219.16093,1,979,0,-938.19407,-218.85557,0,14000,0,149
active_lbfgs,1,315,model3,3,-906.07013,-251.93957,0,1400,0,-905.97703,-251.96156,0,14000,0,178
active_lbfgs,1,315,model3,4,-900.3826,-257.76682,1,873,0,-900.37547,-257.83518,1,10041,0,186
active_lbfgs,1,435,model2B,0,-1166.6745,-298.9397,0,1200,0,-1166.5951,-299.0502,0,14000,0,166
active_lbfgs,1,435,model2B,1,-1194.4082,-271.10798,1,1031,0,-1194.4082,-271.1079,1,201,0,168
active_lbfgs,1,435,model2B,2,-1201.8276,-262.96942,0,1200,0,-1201.7881,-262.946,0,14000,0,149
active_lbfgs,1,435,model2B,3,-1144.7894,-320.01954,0,1200,0,-1144.763,-319.99707,0,14000,0,178
active_lbfgs,1,435,model2B,4,-1147.0181,-317.45042,0,1200,0,-1146.8988,-317.53256,0,14000,0,186
active_lbfgs,1,435,model3,0,-1168.1886,-298.71311,0,1400,0,-1168.1782,-298.73496,0,14000,0,166
active_lbfgs,1,435,model3,1,-1194.9771,-271.72003,1,516,0,-1194.9771,-271.71954,1,336,0,168
active_lbfgs,1,435,model3,2,-1202.7315,-263.50333,0,1400,0,-1202.7259,-263.50731,0,14000,0,149
active_lbfgs,1,435,model3,3,-1145.4276,-320.76887,0,1400,0,-1145.4107,-320.74413,0,14000,0,178
active_lbfgs,1,435,model3,4,-1148.3124,-317.64293,0,1400,0,-1148.2973,-317.6649,0,14000,0,186
active_lbfgs,1,465,model2B,0,-1109.9311,-278.99515,0,1200,0,-1109.9145,-279.05799,0,14000,0,166
active_lbfgs,1,465,model2B,1,-1130.5555,-258.90832,0,1200,0,-1130.5555,-258.91149,1,215,0,168
active_lbfgs,1,465,model2B,2,-1141.1867,-247.51386,1,1088,0,-1141.1867,-247.51386,1,183,0,149
active_lbfgs,1,465,model2B,3,-1090.9266,-297.79052,1,1159,0,-1090.9266,-297.7905,1,207,0,178
active_lbfgs,1,465,model2B,4,-1079.2777,-309.4037,0,1200,0,-1079.2748,-309.43333,1,1380,0,186
active_lbfgs,1,465,model3,0,-1108.2924,-277.18433,1,573,0,-1108.2914,-277.18904,1,11961,0,166
active_lbfgs,1,465,model3,1,-1126.3169,-259.49755,1,520,0,-1126.3159,-259.50359,0,14000,0,168
active_lbfgs,1,465,model3,2,-1135.2934,-250.49406,1,647,0,-1135.1525,-250.64603,1,2549,0,149
active_lbfgs,1,465,model3,3,-1088.7771,-296.36891,1,523,0,-1088.7771,-296.36881,1,176,0,178
active_lbfgs,1,465,model3,4,-1077.7364,-307.62716,1,570,0,-1077.729,-307.66521,0,14000,0,186
active_lbfgs,1,495,model2B,0,-1017.3837,-260.72895,1,1074,0,-1017.3837,-260.72895,1,183,0,166
active_lbfgs,1,495,model2B,1,-1031.019,-246.88381,0,1200,0,-1031.0189,-246.88843,1,223,0,168
active_lbfgs,1,495,model2B,2,-1066.1505,-211.66897,1,893,0,-1066.1505,-211.66897,1,197,0,149
active_lbfgs,1,495,model2B,3,-1016.0722,-261.56829,0,1200,0,-1015.6822,-262.07439,1,344,0,178
active_lbfgs,1,495,model2B,4,-974.9192,-303.64797,0,1200,0,-974.9192,-303.64816,1,199,0,186
active_lbfgs,1,495,model3,0,-1015.3331,-259.0067,1,575,0,-1015.3327,-259.01013,1,7974,0,166
active_lbfgs,1,495,model3,1,-1025.9447,-249.1598,1,575,0,-1025.9447,-249.1598,1,151,0,168
active_lbfgs,1,495,model3,2,-1062.698,-211.7131,1,724,0,-1062.6976,-211.71724,1,12008,0,149
active_lbfgs,1,495,model3,3,-1014.0155,-260.27107,1,707,0,-1014.0155,-260.27097,1,170,0,178
active_lbfgs,1,495,model3,4,-971.9979,-302.96543,1,711,0,-971.9979,-302.96558,1,170,0,186
active_lbfgs,2,255,model2B,0,-1117.8032,-315.69508,1,1085,0,-1117.8032,-315.69503,1,175,0,179
active_lbfgs,2,255,model2B,1,-1163.5195,-269.6786,1,925,0,-1163.5195,-269.6786,1,176,0,167
active_lbfgs,2,255,model2B,2,-1157.6454,-275.0779,1,903,0,-1157.6454,-275.0779,1,193,0,167
active_lbfgs,2,255,model2B,3,-1148.7952,-284.22955,1,1054,0,-1148.7952,-284.22955,1,192,0,171
active_lbfgs,2,255,model2B,4,-1138.0199,-295.93555,1,980,0,-1138.0199,-295.93555,1,166,0,184
active_lbfgs,2,255,model3,0,-1113.2955,-315.94174,1,860,0,-1112.1917,-316.94871,1,2060,0,179
active_lbfgs,2,255,model3,1,-1158.6782,-270.21459,1,1337,0,-1158.6782,-270.21461,1,265,0,167
active_lbfgs,2,255,model3,2,-1154.2292,-273.6104,0,1400,0,-1154.2232,-273.6423,1,977,0,167
active_lbfgs,2,255,model3,3,-1145.307,-283.05634,1,434,0,-1144.8479,-282.91096,1,2410,0,171
active_lbfgs,2,255,model3,4,-1135.6102,-294.65802,1,776,0,-1135.2881,-294.54384,1,2243,0,184
active_lbfgs,2,285,model2B,0,-1052.8414,-297.34609,0,1200,0,-1052.7952,-297.56188,1,299,0,179
active_lbfgs,2,285,model2B,1,-1087.287,-263.67679,0,1200,0,-1087.1878,-263.16893,1,673,0,167
active_lbfgs,2,285,model2B,2,-1090.5632,-258.57639,0,1200,0,-1090.5113,-258.66498,0,14000,0,167
active_lbfgs,2,285,model2B,3,-1089.1564,-260.19497,0,1200,0,-1088.5507,-261.00763,0,14000,0,171
active_lbfgs,2,285,model2B,4,-1074.6068,-276.97854,0,1200,0,-1073.3506,-277.02118,1,2295,0,184
active_lbfgs,2,285,model3,0,-1050.7464,-296.74505,1,693,0,-1050.719,-296.79037,0,14000,0,179
active_lbfgs,2,285,model3,1,-1084.4013,-263.48655,1,969,0,-1084.1015,-264.24637,1,2047,0,167
active_lbfgs,2,285,model3,2,-1089.6246,-257.57621,1,761,0,-1089.6246,-257.57614,1,162,0,167
active_lbfgs,2,285,model3,3,-1085.7236,-261.43281,1,737,0,-1085.7065,-261.48524,0,14000,0,171
active_lbfgs,2,285,model3,4,-1072.1029,-276.28831,1,747,0,-1072.0784,-276.34724,1,1074,0,184
active_lbfgs,2,315,model2B,0,-1121.1534,-320.36263,0,1200,0,-1121.1534,-320.36359,1,190,0,179
active_lbfgs,2,315,model2B,1,-1158.7288,-281.94004,0,1200,0,-1158.7094,-281.87285,0,14000,0,167
active_lbfgs,2,315,model2B,2,-1165.1814,-274.0847,0,1200,0,-1165.1532,-274.11803,0,14000,0,167
active_lbfgs,2,315,model2B,3,-1156.9143,-282.89229,0,1200,0,-1156.893,-282.9273,0,14000,0,171
active_lbfgs,2,315,model2B,4,-1150.4688,-289.84581,0,1200,0,-1150.4688,-289.84582,1,237,0,184
active_lbfgs,2,315,model3,0,-1120.5265,-319.96091,1,621,0,-1120.5237,-319.92017,1,7557,0,179
active_lbfgs,2,315,model3,1,-1158.2346,-281.809,0,1400,0,-1158.222,-281.81201,0,14000,0,167
active_lbfgs,2,315,model3,2,-1164.8632,-273.85047,0,1400,0,-1164.8273,-273.8935,1,10556,0,167
active_lbfgs,2,315,model3,3,-1156.3106,-282.86797,0,1400,0,-1156.3034,-282.87671,0,14000,0,171
active_lbfgs,2,315,model3,4,-1149.6214,-290.40856,0,1400,0,-1149.5443,-290.32841,0,14000,0,184
active_lbfgs,2,435,model2B,0,-1137.8599,-314.18845,1,883,0,-1137.8599,-314.18845,1,188,0,179
active_lbfgs,2,435,model2B,1,-1180.3764,-270.24078,1,997,0,-1180.3764,-270.24078,1,178,0,167
active_lbfgs,2,435,model2B,2,-1184.1182,-267.09662,1,1157,0,-1184.1182,-267.09669,1,187,0,167
active_lbfgs,2,435,model2B,3,-1164.6234,-287.23756,1,901,0,-1164.6234,-287.23756,1,176,0,171
active_lbfgs,2,435,model2B,4,-1128.7383,-324.82268,1,1177,0,-1128.7383,-324.82252,1,214,0,184
active_lbfgs,2,435,model3,0,-1137.4171,-313.98255,0,1400,0,-1137.3962,-313.71461,1,1101,0,179
active_lbfgs,2,435,model3,1,-1179.9053,-270.419,0,1400,0,-1179.8453,-270.43255,1,4671,0,167
active_lbfgs,2,435,model3,2,-1184.2112,-267.28978,1,867,0,-1184.2112,-267.28982,1,200,0,167
active_lbfgs,2,435,model3,3,-1164,-288.14081,1,589,0,-1163.5571,-287.94738,1,6118,0,171
active_lbfgs,2,435,model3,4,-1130.4323,-321.18972,0,1400,0,-1130.4134,-321.36009,1,1140,0,184
active_lbfgs,2,465,model2B,0,-1173.7406,-312.67798,0,1200,0,-1173.7399,-312.6881,1,761,0,179
active_lbfgs,2,465,model2B,1,-1210.5644,-275.16801,0,1200,0,-1210.5636,-275.1674,1,386,0,167
active_lbfgs,2,465,model2B,2,-1214.3275,-272.27984,0,1200,0,-1214.3232,-272.30348,0,14000,0,167
active_lbfgs,2,465,model2B,3,-1187.0053,-299.56658,0,1200,0,-1187.0029,-299.5964,0,14000,0,171
active_lbfgs,2,465,model2B,4,-1152.2657,-334.27998,0,1200,0,-1150.9799,-337.42966,1,855,0,184
active_lbfgs,2,465,model3,0,-1173.042,-312.31763,0,1400,0,-1173.0411,-312.303,1,12853,0,179
active_lbfgs,2,465,model3,1,-1209.6981,-275.40622,1,1319,0,-1209.6981,-275.40622,1,259,0,167
active_lbfgs,2,465,model3,2,-1213.8124,-272.07628,0,1400,0,-1213.8074,-272.07637,1,4816,0,167
active_lbfgs,2,465,model3,3,-1186.2211,-299.47097,0,1400,0,-1186.2164,-299.49906,0,14000,0,171
active_lbfgs,2,465,model3,4,-1151.342,-336.2187,0,1400,0,-1151.3407,-336.21132,0,14000,0,184
active_lbfgs,2,495,model2B,0,-1142.0729,-315.54672,0,1200,0,-1142.0724,-315.57795,1,1288,0,179
active_lbfgs,2,495,model2B,1,-1185.7047,-271.33859,1,1165,0,-1185.7047,-271.33857,1,171,0,167
active_lbfgs,2,495,model2B,2,-1193.1973,-264.8806,0,1200,0,-1193.1716,-264.79936,1,1074,0,167
active_lbfgs,2,495,model2B,3,-1153.873,-303.90219,0,1200,0,-1153.873,-303.9015,1,279,0,171
active_lbfgs,2,495,model2B,4,-1147.4868,-309.57724,1,1073,0,-1147.0908,-310.50381,1,385,0,184
active_lbfgs,2,495,model3,0,-1141.4816,-314.78324,0,1400,0,-1141.4623,-314.66686,1,3171,0,179
active_lbfgs,2,495,model3,1,-1184.234,-271.13309,0,1400,0,-1184.2339,-271.13823,1,382,0,167
active_lbfgs,2,495,model3,2,-1192.0275,-264.26847,1,1279,0,-1192.0275,-264.26847,1,258,0,167
active_lbfgs,2,495,model3,3,-1152.3766,-303.65563,0,1400,0,-1152.3762,-303.66513,1,3500,0,171
active_lbfgs,2,495,model3,4,-1145.8388,-309.40104,0,1400,0,-1145.8388,-309.40061,1,858,0,184
active_lbfgs,3,255,model2B,0,-1098.4843,-280.19114,0,1200,0,-1098.4836,-280.17694,1,257,0,181
active_lbfgs,3,255,model2B,1,-1082.3508,-295.45707,0,1200,0,-1082.3347,-295.44201,1,243,0,183
active_lbfgs,3,255,model2B,2,-1093.2483,-284.04741,1,1055,0,-1093.2483,-284.04741,1,177,0,186
active_lbfgs,3,255,model2B,3,-1131.0124,-249.03295,0,1200,0,-1128.9752,-249.0841,1,966,0,180
active_lbfgs,3,255,model2B,4,-1100.4746,-277.17326,1,1034,0,-1100.4746,-277.17316,1,189,0,180
active_lbfgs,3,255,model3,0,-1098.2298,-281.70018,1,1180,0,-1098.2297,-281.69946,1,7251,0,181
active_lbfgs,3,255,model3,1,-1083.3826,-295.35418,0,1400,0,-1083.3805,-295.34774,1,504,0,183
active_lbfgs,3,255,model3,2,-1093.6713,-283.97108,0,1400,0,-1093.6038,-283.99952,1,1997,0,186
active_lbfgs,3,255,model3,3,-1129.5444,-249.57041,1,518,0,-1129.1921,-249.21511,1,1981,0,180
active_lbfgs,3,255,model3,4,-1101.6179,-276.75297,0,1400,0,-1101.061,-276.695,1,4543,0,180
active_lbfgs,3,285,model2B,0,-1111.0467,-281.15793,0,1200,0,-1109.6589,-279.97303,1,2874,0,181
active_lbfgs,3,285,model2B,1,-1084.9096,-303.58704,0,1200,0,-1084.4724,-303.38772,1,285,0,183
active_lbfgs,3,285,model2B,2,-1103.2452,-284.86839,0,1200,0,-1102.5803,-284.28902,1,893,0,186
active_lbfgs,3,285,model2B,3,-1129.4076,-257.69298,1,861,0,-1129.4076,-257.69291,1,196,0,180
active_lbfgs,3,285,model2B,4,-1117.5719,-268.98646,0,1200,0,-1117.5369,-269.042,1,245,0,180
active_lbfgs,3,285,model3,0,-1105.8109,-283.78683,1,705,0,-1105.798,-283.62822,1,685,0,181
active_lbfgs,3,285,model3,1,-1084.3307,-303.1051,1,1148,0,-1084.1165,-303.24359,1,9779,0,183
active_lbfgs,3,285,model3,2,-1102.3442,-284.09447,1,955,0,-1102.2573,-284.09055,1,11149,0,186
active_lbfgs,3,285,model3,3,-1128.8673,-257.7517,1,1328,0,-1128.7856,-257.90907,1,1036,0,180
active_lbfgs,3,285,model3,4,-1118.3489,-267.88035,1,1063,0,-1118.2838,-268.11222,1,1172,0,180
active_lbfgs,3,315,model2B,0,-1178.211,-311.22106,0,1200,0,-1176.5865,-312.01449,1,410,0,181
active_lbfgs,3,315,model2B,1,-1173.3438,-315.63251,0,1200,0,-1172.6554,-315.43055,1,805,0,183
active_lbfgs,3,315,model2B,2,-1182.2041,-305.43545,0,1200,0,-1182.2041,-305.43428,1,163,0,186
active_lbfgs,3,315,model2B,3,-1212.6649,-275.45049,0,1200,0,-1212.4812,-275.36673,1,447,0,180
active_lbfgs,3,315,model2B,4,-1201.044,-286.39922,1,1177,0,-1201.044,-286.39922,1,183,0,180
active_lbfgs,3,315,model3,0,-1175.9274,-311.05709,0,1400,0,-1175.9273,-311.0713,1,258,0,181
active_lbfgs,3,315,model3,1,-1170.7908,-315.53617,0,1400,0,-1170.778,-315.60137,0,14000,0,183
active_lbfgs,3,315,model3,2,-1180.7144,-304.77823,1,1192,0,-1180.7144,-304.77823,1,224,0,186
active_lbfgs,3,315,model3,3,-1210.1622,-275.7222,0,1400,0,-1210.1622,-275.72042,1,348,0,180
active_lbfgs,3,315,model3,4,-1199.7,-285.78494,1,1324,0,-1199.7,-285.78494,1,289,0,180
active_lbfgs,3,435,model2B,0,-1211.0409,-358.17347,0,1200,0,-1211.0118,-358.35258,0,14000,0,181
active_lbfgs,3,435,model2B,1,-1237.599,-328.89846,1,1051,0,-1237.599,-328.89863,1,171,0,183
active_lbfgs,3,435,model2B,2,-1256.1503,-310.34184,1,1024,0,-1256.1503,-310.34184,1,196,0,186
active_lbfgs,3,435,model2B,3,-1272.702,-293.24415,0,1200,0,-1272.702,-293.24415,1,189,0,180
active_lbfgs,3,435,model2B,4,-1276.9837,-289.3967,1,917,0,-1276.9837,-289.3967,1,199,0,180
active_lbfgs,3,435,model3,0,-1210.6292,-356.40929,0,1400,0,-1210.6274,-356.49523,1,445,0,181
active_lbfgs,3,435,model3,1,-1236.3795,-328.00258,0,1400,0,-1236.3795,-328.0023,1,228,0,183
active_lbfgs,3,435,model3,2,-1255.333,-309.58029,1,1053,0,-1255.3324,-309.59146,0,14000,0,186
active_lbfgs,3,435,model3,3,-1270.6309,-293.76357,0,1400,0,-1270.63,-293.77499,0,14000,0,180
active_lbfgs,3,435,model3,4,-1276.0421,-288.72291,1,678,0,-1276.0414,-288.70013,1,11561,0,180
active_lbfgs,3,465,model2B,0,-1227.6708,-350.52374,0,1200,0,-1227.659,-350.61851,1,12756,0,181
active_lbfgs,3,465,model2B,1,-1226.5616,-351.13719,0,1200,0,-1226.5573,-351.07491,1,378,0,183
active_lbfgs,3,465,model2B,2,-1255.2429,-321.37392,1,1028,0,-1255.2429,-321.37376,1,197,0,186
active_lbfgs,3,465,model2B,3,-1293.6514,-283.34605,0,1200,0,-1293.6075,-283.26346,1,484,0,180
active_lbfgs,3,465,model2B,4,-1288.965,-287.34101,0,1200,0,-1288.6975,-287.80605,1,452,0,180
active_lbfgs,3,465,model3,0,-1228.482,-349.07337,0,1400,0,-1228.4211,-349.34093,0,14000,0,181
active_lbfgs,3,465,model3,1,-1227.1622,-350.05877,0,1400,0,-1227.1202,-350.18256,1,13411,0,183
active_lbfgs,3,465,model3,2,-1255.1452,-320.69413,0,1400,0,-1254.7309,-321.26711,1,505,0,186
active_lbfgs,3,465,model3,3,-1293.3456,-283.21041,0,1400,0,-1293.3454,-283.22857,1,856,0,180
active_lbfgs,3,465,model3,4,-1287.973,-288.19383,1,1229,0,-1287.973,-288.19378,1,256,0,180
active_lbfgs,3,495,model2B,0,-1203.5321,-345.34616,0,1200,0,-1203.5321,-345.34278,1,276,0,181
active_lbfgs,3,495,model2B,1,-1197.4529,-351.83126,1,1036,0,-1197.4529,-351.83126,1,177,0,183
active_lbfgs,3,495,model2B,2,-1235.3741,-311.79107,1,941,0,-1235.3041,-312.20403,1,288,0,186
active_lbfgs,3,495,model2B,3,-1266.4467,-280.69627,1,1020,0,-1266.4361,-280.71942,1,340,0,180
active_lbfgs,3,495,model2B,4,-1271.5542,-276.67027,1,862,0,-1271.479,-276.70394,1,290,0,180
active_lbfgs,3,495,model3,0,-1204.1345,-345.76762,0,1400,0,-1204.0299,-346.04769,0,14000,0,181
active_lbfgs,3,495,model3,1,-1199.0373,-351.1284,1,717,0,-1199.0175,-351.19136,0,14000,0,183
active_lbfgs,3,495,model3,2,-1235.5584,-312.90373,0,1400,0,-1235.522,-312.7677,1,1805,0,186
active_lbfgs,3,495,model3,3,-1267.1942,-281.05129,0,1400,0,-1267.1817,-281.06817,0,14000,0,180
active_lbfgs,3,495,model3,4,-1272.7339,-276.4659,0,1400,0,-1272.7002,-276.50904,1,1425,0,180
active_lbfgs,4,255,model2B,0,-849.78849,-235.51483,0,1200,0,-849.78849,-235.51458,1,213,0,135
active_lbfgs,4,255,model2B,1,-862.72575,-217.4059,0,1200,0,-862.6427,-217.09295,1,710,0,157
active_lbfgs,4,255,model2B,2,-876.42011,-204.90346,0,1200,0,-874.14367,-205.52845,1,3482,0,173
active_lbfgs,4,255,model2B,3,-873.11193,-206.30405,0,1200,0,-872.84633,-206.16182,1,566,0,171
active_lbfgs,4,255,model2B,4,-890.98059,-190.34634,0,1200,0,-890.11316,-190.84105,1,790,0,175
active_lbfgs,4,255,model3,0,-849.60645,-236.83152,1,1358,0,-848.76934,-236.12112,0,14000,0,135
active_lbfgs,4,255,model3,1,-863.02843,-216.40925,1,1093,0,-862.44228,-216.15866,1,2631,0,157
active_lbfgs,4,255,model3,2,-873.75713,-205.77346,0,1400,0,-873.74799,-205.68423,0,14000,0,173
active_lbfgs,4,255,model3,3,-873.09389,-205.89807,1,1106,0,-872.48352,-206.15631,1,2441,0,171
active_lbfgs,4,255,model3,4,-890.03503,-190.89408,0,1400,0,-890.03503,-190.89397,1,462,0,175
active_lbfgs,4,285,model2B,0,-891.39147,-218.53311,0,1200,0,-891.39133,-218.49999,1,1469,0,135
active_lbfgs,4,285,model2B,1,-891.42688,-215.34443,1,1122,0,-891.42688,-215.34443,1,198,0,157
active_lbfgs,4,285,model2B,2,-890.93102,-217.16075,1,932,0,-889.87703,-216.41085,1,1917,0,173
active_lbfgs,4,285,model2B,3,-888.82247,-217.16067,0,1200,0,-888.82247,-217.16094,1,189,0,171
active_lbfgs,4,285,model2B,4,-902.01223,-204.85404,0,1200,0,-901.9901,-204.86978,1,3729,0,175
active_lbfgs,4,285,model3,0,-891.53601,-217.56159,0,1400,0,-891.53417,-217.56743,1,2280,0,135
active_lbfgs,4,285,model3,1,-892.60451,-213.96904,0,1400,0,-892.6032,-213.96616,0,14000,0,157
active_lbfgs,4,285,model3,2,-890.7376,-216.19341,0,1400,0,-890.54727,-215.91519,1,2403,0,173
active_lbfgs,4,285,model3,3,-889.20922,-217.14613,1,1232,0,-889.18223,-217.14724,1,948,0,171
active_lbfgs,4,285,model3,4,-902.67374,-205.35739,0,1400,0,-902.67374,-205.35738,1,3130,0,175
active_lbfgs,4,315,model2B,0,-896.69054,-194.13034,0,1200,0,-895.14308,-192.998,1,2048,0,135
active_lbfgs,4,315,model2B,1,-858.24328,-227.48067,1,1020,0,-858.24328,-227.4806,1,209,0,157
active_lbfgs,4,315,model2B,2,-871.32523,-213.32281,0,1200,0,-870.62714,-213.96813,1,884,0,173
active_lbfgs,4,315,model2B,3,-877.03903,-207.33819,0,1200,0,-877.0388,-207.34626,1,215,0,171
active_lbfgs,4,315,model2B,4,-883.64127,-206.89739,0,1200,0,-878.81497,-206.25392,1,5240,0,175
active_lbfgs,4,315,model3,0,-891.37058,-194.25616,0,1400,0,-891.33909,-194.22828,1,3699,0,135
active_lbfgs,4,315,model3,1,-858.37149,-227.96631,0,1400,0,-858.01699,-227.34962,1,1051,0,157
active_lbfgs,4,315,model3,2,-870.573,-214.17301,0,1400,0,-870.57299,-214.17359,1,4569,0,173
active_lbfgs,4,315,model3,3,-877.51215,-207.29866,0,1400,0,-877.13054,-207.47607,0,14000,0,171
active_lbfgs,4,315,model3,4,-878.91467,-206.46425,1,1257,0,-878.88463,-206.62486,1,2599,0,175
active_lbfgs,4,435,model2B,0,-888.21919,-194.7922,0,1200,0,-888.21862,-194.79468,1,391,0,135
active_lbfgs,4,435,model2B,1,-878.96643,-202.81462,0,1200,0,-878.96643,-202.81461,1,212,0,157
active_lbfgs,4,435,model2B,2,-834.20032,-249.42171,0,1200,0,-834.1781,-249.53267,1,356,0,173
active_lbfgs,4,435,model2B,3,-880.10137,-202.48288,1,1159,0,-880.10137,-202.48281,1,190,0,171
active_lbfgs,4,435,model2B,4,-887.6193,-195.69963,0,1200,0,-887.6166,-195.71153,1,5689,0,175
active_lbfgs,4,435,model3,0,-888.77713,-194.5793,0,1400,0,-888.41384,-194.27154,1,1949,0,135
active_lbfgs,4,435,model3,1,-878.34454,-203.49782,0,1400,0,-878.19468,-203.50322,1,2787,0,157
active_lbfgs,4,435,model3,2,-834.26162,-249.48446,0,1400,0,-834.26134,-249.47819,1,935,0,173
active_lbfgs,4,435,model3,3,-880.92802,-201.94653,1,1335,0,-879.92857,-202.53708,1,6903,0,171
active_lbfgs,4,435,model3,4,-887.59206,-196.04719,1,1143,0,-887.58501,-195.96828,0,14000,0,175
active_lbfgs,4,465,model2B,0,-909.98763,-240.67898,0,1200,0,-909.98555,-240.68035,0,14000,0,135
active_lbfgs,4,465,model2B,1,-936.36888,-206.91074,0,1200,0,-936.35296,-206.91354,1,404,0,157
active_lbfgs,4,465,model2B,2,-903.24106,-240.5593,0,1200,0,-901.68803,-242.12676,1,1386,0,173
active_lbfgs,4,465,model2B,3,-930.80793,-212.74915,0,1200,0,-930.71242,-212.93302,1,2198,0,171
active_lbfgs,4,465,model2B,4,-934.51186,-210.1212,0,1200,0,-934.42221,-210.02759,1,687,0,175
active_lbfgs,4,465,model3,0,-911.57512,-238.81564,1,697,0,-911.57495,-238.78287,1,568,0,135
active_lbfgs,4,465,model3,1,-936.82249,-208.23729,0,1400,0,-936.58052,-208.38151,0,14000,0,157
active_lbfgs,4,465,model3,2,-903.85188,-240.928,1,1034,0,-902.90902,-242.64097,0,14000,0,173
active_lbfgs,4,465,model3,3,-934.34005,-214.20951,0,1400,0,-931.93065,-214.01912,0,14000,0,171
active_lbfgs,4,465,model3,4,-935.54122,-210.71807,1,1228,0,-935.53219,-210.71943,1,2037,0,175
active_lbfgs,4,495,model2B,0,-968.18886,-241.1545,1,770,0,-968.17121,-241.1849,1,431,0,135
active_lbfgs,4,495,model2B,1,-984.45992,-219.8642,1,1120,0,-984.45992,-219.86419,1,196,0,157
active_lbfgs,4,495,model2B,2,-964.91697,-239.52616,0,1200,0,-964.90867,-239.5824,1,325,0,173
active_lbfgs,4,495,model2B,3,-970.52133,-234.19998,0,1200,0,-970.50395,-234.13631,1,2943,0,171
active_lbfgs,4,495,model2B,4,-974.64546,-230.43339,0,1200,0,-974.64394,-230.39206,1,533,0,175
active_lbfgs,4,495,model3,0,-966.1806,-236.61282,0,1400,0,-966.13228,-235.55043,1,11021,0,135
active_lbfgs,4,495,model3,1,-978.87858,-219.18055,0,1400,0,-978.79982,-219.12383,1,5433,0,157
active_lbfgs,4,495,model3,2,-962.58813,-237.33806,0,1400,0,-960.22635,-237.71628,1,12705,0,173
active_lbfgs,4,495,model3,3,-964.07734,-233.85407,0,1400,0,-963.95031,-233.79044,0,14000,0,171
active_lbfgs,4,495,model3,4,-968.43134,-230.02708,0,1400,0,-968.36386,-229.96889,0,14000,0,175
active_lbfgs,5,255,model2B,0,-1113.3966,-241.78215,0,1200,0,-1109.7974,-242.18217,1,1252,0,147
active_lbfgs,5,255,model2B,1,-1057.3803,-296.07889,0,1200,0,-1056.209,-294.82635,1,692,0,184
active_lbfgs,5,255,model2B,2,-1074.1248,-280.92301,1,1120,0,-1072.5355,-279.71293,1,385,0,180
active_lbfgs,5,255,model2B,3,-1080.3795,-272.13745,0,1200,0,-1078.1231,-273.067,1,488,0,182
active_lbfgs,5,255,model2B,4,-1082.6032,-268.84811,0,1200,0,-1082.2469,-268.98979,1,322,0,185
active_lbfgs,5,255,model3,0,-1110.7951,-241.4391,1,778,0,-1110.7948,-241.43694,0,14000,0,147
active_lbfgs,5,255,model3,1,-1055.7977,-294.58729,0,1400,0,-1055.7905,-294.5967,1,13140,0,184
active_lbfgs,5,255,model3,2,-1072.1844,-279.03363,0,1400,0,-1072.1688,-279.02058,0,14000,0,180
active_lbfgs,5,255,model3,3,-1078.35,-273.08088,0,1400,0,-1078.35,-273.08082,1,264,0,182
active_lbfgs,5,255,model3,4,-1079.8137,-270.51608,1,641,0,-1079.8084,-270.49166,1,1375,0,185
active_lbfgs,5,285,model2B,0,-1159.2075,-266.6782,1,1001,0,-1159.2075,-266.67815,1,205,0,147
active_lbfgs,5,285,model2B,1,-1114.1024,-311.14325,1,983,0,-1114.1024,-311.14332,1,174,0,184
active_lbfgs,5,285,model2B,2,-1148.032,-288.80248,0,1200,0,-1139.8805,-289.20052,1,2179,0,180
active_lbfgs,5,285,model2B,3,-1135.0264,-289.32387,0,1200,0,-1135.0261,-289.33606,1,215,0,182
active_lbfgs,5,285,model2B,4,-1145.2008,-279.82682,1,1096,0,-1145.2008,-279.82682,1,212,0,185
active_lbfgs,5,285,model3,0,-1159.8587,-264.45434,1,532,0,-1159.7628,-264.54116,0,14000,0,147
active_lbfgs,5,285,model3,1,-1112.0328,-311.80047,1,547,0,-1111.9978,-311.76564,1,11420,0,184
active_lbfgs,5,285,model3,2,-1136.7444,-286.83127,1,558,0,-1136.7377,-286.80914,0,14000,0,180
active_lbfgs,5,285,model3,3,-1134.4009,-289.69305,0,1400,0,-1134.3864,-289.7039,1,8879,0,182
active_lbfgs,5,285,model3,4,-1144.5765,-279.06007,1,837,0,-1144.5003,-279.10273,0,14000,0,185
active_lbfgs,5,315,model2B,0,-1177.8427,-259.6695,1,998,0,-1177.8427,-259.66955,1,211,0,147
active_lbfgs,5,315,model2B,1,-1118.888,-319.66575,1,896,0,-1118.888,-319.66597,1,181,0,184
active_lbfgs,5,315,model2B,2,-1148.1138,-289.91968,1,1055,0,-1148.1138,-289.91958,1,173,0,180
active_lbfgs,5,315,model2B,3,-1135.12,-301.84768,0,1200,0,-1135.12,-301.84771,1,195,0,182
active_lbfgs,5,315,model2B,4,-1161.9673,-277.28755,0,1200,0,-1161.3689,-276.8437,1,326,0,185
active_lbfgs,5,315,model3,0,-1178.2262,-258.60301,1,628,0,-1178.2057,-258.69889,0,14000,0,147
active_lbfgs,5,315,model3,1,-1118.5789,-319.37226,1,761,0,-1118.5785,-319.37504,1,11720,0,184
active_lbfgs,5,315,model3,2,-1146.4089,-290.04467,1,768,0,-1146.4089,-290.04456,1,192,0,180
active_lbfgs,5,315,model3,3,-1134.0839,-302.46441,1,533,0,-1134.0834,-302.46691,0,14000,0,182
active_lbfgs,5,315,model3,4,-1161.9153,-275.66162,0,1400,0,-1161.9142,-275.66511,1,1046,0,185
active_lbfgs,5,435,model2B,0,-1216.1609,-236.32217,0,1200,0,-1216.1608,-236.32233,1,296,0,147
active_lbfgs,5,435,model2B,1,-1142.9543,-309.41586,0,1200,0,-1142.9543,-309.41588,1,201,0,184
active_lbfgs,5,435,model2B,2,-1147.5524,-304.87762,1,1152,0,-1147.5524,-304.87762,1,207,0,180
active_lbfgs,5,435,model2B,3,-1145.5058,-307.00847,0,1200,0,-1145.5045,-307.02939,1,260,0,182
active_lbfgs,5,435,model2B,4,-1154.8375,-297.51262,1,820,0,-1154.8375,-297.51262,1,226,0,185
active_lbfgs,5,435,model3,0,-1216.3658,-235.91785,0,1400,0,-1216.3658,-235.91827,1,3922,0,147
active_lbfgs,5,435,model3,1,-1140.9027,-310.56408,0,1400,0,-1140.8943,-310.57051,0,14000,0,184
active_lbfgs,5,435,model3,2,-1146.8445,-305.84559,0,1400,0,-1146.8393,-305.82014,0,14000,0,180
active_lbfgs,5,435,model3,3,-1145.0223,-307.2474,1,1275,0,-1145.0223,-307.2474,1,271,0,182
active_lbfgs,5,435,model3,4,-1155.0711,-297.13252,0,1400,0,-1155.0711,-297.13294,1,484,0,185
active_lbfgs,5,465,model2B,0,-1237.381,-261.47398,0,1200,0,-1237.3786,-261.49939,1,290,0,147
active_lbfgs,5,465,model2B,1,-1184.5195,-314.75687,1,1040,0,-1184.5195,-314.75688,1,164,0,184
active_lbfgs,5,465,model2B,2,-1189.7725,-308.43757,1,755,0,-1189.7718,-308.42442,1,250,0,180
active_lbfgs,5,465,model2B,3,-1191.2487,-307.14254,0,1200,0,-1191.2487,-307.14254,1,241,0,182
active_lbfgs,5,465,model2B,4,-1186.7492,-311.38691,1,968,0,-1186.7492,-311.38693,1,228,0,185
active_lbfgs,5,465,model3,0,-1237.7097,-260.10351,0,1400,0,-1237.5343,-260.31918,1,801,0,147
active_lbfgs,5,465,model3,1,-1183.7142,-314.34444,0,1400,0,-1183.712,-314.34969,1,3094,0,184
active_lbfgs,5,465,model3,2,-1188.9501,-309.47438,1,1047,0,-1188.9411,-309.41032,1,10653,0,180
active_lbfgs,5,465,model3,3,-1190.7575,-306.85857,0,1400,0,-1190.756,-306.85752,1,865,0,182
active_lbfgs,5,465,model3,4,-1186.5701,-311.09783,1,1247,0,-1186.5541,-311.04166,1,3761,0,185
active_lbfgs,5,495,model2B,0,-1211.8234,-278.16234,0,1200,0,-1211.7749,-277.58296,1,874,0,147
active_lbfgs,5,495,model2B,1,-1165.6528,-323.58201,0,1200,0,-1165.641,-323.69153,0,14000,0,184
active_lbfgs,5,495,model2B,2,-1182.5593,-304.08373,0,1200,0,-1182.5593,-304.08347,1,184,0,180
active_lbfgs,5,495,model2B,3,-1192.532,-294.51301,0,1200,0,-1192.4995,-294.8181,1,390,0,182
active_lbfgs,5,495,model2B,4,-1186.3556,-300.8473,0,1200,0,-1186.3553,-300.86565,1,241,0,185
active_lbfgs,5,495,model3,0,-1212.2122,-277.8579,0,1400,0,-1212.2055,-277.91775,0,14000,0,147
active_lbfgs,5,495,model3,1,-1165.9508,-322.74646,0,1400,0,-1165.9124,-322.77301,0,14000,0,184
active_lbfgs,5,495,model3,2,-1181.6374,-304.64744,0,1400,0,-1181.5656,-304.58747,0,14000,0,180
active_lbfgs,5,495,model3,3,-1192.0354,-295.04266,0,1400,0,-1191.8381,-294.86595,1,10254,0,182
active_lbfgs,5,495,model3,4,-1184.8382,-301.74584,0,1400,0,-1184.7879,-301.66261,1,7855,0,185
active_lbfgs,6,255,model2B,0,-959.33498,-277.94913,1,857,0,-959.33498,-277.94843,1,168,0,173
active_lbfgs,6,255,model2B,1,-979.98543,-257.31258,0,1200,0,-979.90123,-258.28411,1,299,0,173
active_lbfgs,6,255,model2B,2,-995.72551,-238.5286,0,1200,0,-995.72551,-238.5294,1,194,0,181
active_lbfgs,6,255,model2B,3,-980.36777,-254.93844,0,1200,0,-980.30575,-255.29803,1,385,0,184
active_lbfgs,6,255,model2B,4,-1011.4633,-225.17541,0,1200,0,-1010.9943,-225.02936,1,1196,0,188
active_lbfgs,6,255,model3,0,-957.70973,-280.51687,1,592,0,-957.2809,-281.13079,1,1358,0,173
active_lbfgs,6,255,model3,1,-981.73385,-254.13305,0,1400,0,-981.69763,-253.73085,1,10928,0,173
active_lbfgs,6,255,model3,2,-996.21909,-237.93031,0,1400,0,-996.13933,-237.8605,0,14000,0,181
active_lbfgs,6,255,model3,3,-979.21305,-256.00025,0,1400,0,-978.98006,-256.36427,0,14000,0,184
active_lbfgs,6,255,model3,4,-1010.0109,-225.97826,1,848,0,-1009.9953,-225.9491,1,8273,0,188
active_lbfgs,6,285,model2B,0,-1054.0024,-271.06624,1,1068,0,-1054.0024,-271.06624,1,189,0,173
active_lbfgs,6,285,model2B,1,-1051.8468,-274.89368,1,979,0,-1051.8468,-274.89366,1,216,0,173
active_lbfgs,6,285,model2B,2,-1067.6669,-256.88875,0,1200,0,-1067.6668,-256.90124,1,278,0,181
active_lbfgs,6,285,model2B,3,-1049.096,-275.70358,1,896,0,-1049.096,-275.70358,1,169,0,184
active_lbfgs,6,285,model2B,4,-1069.6603,-255.7103,1,696,0,-1069.6599,-255.6975,1,288,0,188
active_lbfgs,6,285,model3,0,-1052.69,-271.04383,1,744,0,-1052.6899,-271.04203,1,12841,0,173
active_lbfgs,6,285,model3,1,-1050.9412,-274.50074,1,1248,0,-1050.9412,-274.50067,1,249,0,173
active_lbfgs,6,285,model3,2,-1066.7604,-256.48664,0,1400,0,-1066.7593,-256.4871,0,14000,0,181
active_lbfgs,6,285,model3,3,-1048.3967,-275.27468,0,1400,0,-1048.3613,-275.28108,0,14000,0,184
active_lbfgs,6,285,model3,4,-1067.3029,-256.87033,1,754,0,-1067.2978,-256.87003,1,10576,0,188
active_lbfgs,6,315,model2B,0,-1152.7707,-277.02504,1,970,0,-1152.7707,-277.02504,1,198,0,173
active_lbfgs,6,315,model2B,1,-1146.6211,-284.07781,0,1200,0,-1146.6204,-284.03729,1,274,0,173
active_lbfgs,6,315,model2B,2,-1139.0764,-290.81353,0,1200,0,-1139.0752,-290.82005,1,582,0,181
active_lbfgs,6,315,model2B,3,-1137.5799,-292.07998,1,937,0,-1137.5799,-292.07998,1,184,0,184
active_lbfgs,6,315,model2B,4,-1140.3636,-289.59771,0,1200,0,-1140.319,-289.6868,1,10911,0,188
active_lbfgs,6,315,model3,0,-1153.0821,-278.28338,1,856,0,-1153.081,-278.27884,1,10194,0,173
active_lbfgs,6,315,model3,1,-1147.4926,-284.29291,0,1400,0,-1147.489,-284.29859,0,14000,0,173
active_lbfgs,6,315,model3,2,-1141.5617,-289.76125,0,1400,0,-1141.5201,-289.84804,0,14000,0,181
active_lbfgs,6,315,model3,3,-1138.3092,-292.61991,0,1400,0,-1138.3037,-292.61981,1,6264,0,184
active_lbfgs,6,315,model3,4,-1141.1183,-290.13119,1,656,0,-1141.1135,-290.12809,0,14000,0,188
active_lbfgs,6,435,model2B,0,-1034.5228,-261.51489,0,1200,0,-1033.2112,-262.65149,1,1842,0,173
active_lbfgs,6,435,model2B,1,-1022.9922,-272.78743,0,1200,0,-1022.1304,-274.11203,1,722,0,173
active_lbfgs,6,435,model2B,2,-1048.5434,-246.51956,1,1148,0,-1048.5434,-246.51956,1,188,0,181
active_lbfgs,6,435,model2B,3,-1037.8856,-257.12091,0,1200,0,-1037.8838,-257.13585,1,500,0,184
active_lbfgs,6,435,model2B,4,-1032.8806,-262.52947,1,1061,0,-1032.8806,-262.5294,1,187,0,188
active_lbfgs,6,435,model3,0,-1033.5846,-261.77398,1,990,0,-1033.5846,-261.77412,1,10639,0,173
active_lbfgs,6,435,model3,1,-1019.6767,-276.50072,1,1241,0,-1019.5049,-276.75936,1,3029,0,173
active_lbfgs,6,435,model3,2,-1045.943,-246.96012,0,1400,0,-1045.8206,-246.77213,0,14000,0,181
active_lbfgs,6,435,model3,3,-1036.3693,-256.32501,0,1400,0,-1036.1494,-256.34081,1,4741,0,184
active_lbfgs,6,435,model3,4,-1032.8553,-263.19778,0,1400,0,-1032.8553,-263.19784,1,222,0,188
active_lbfgs,6,465,model2B,0,-1032.7332,-270.54632,0,1200,0,-1032.6321,-270.63088,1,475,0,173
active_lbfgs,6,465,model2B,1,-1043.3239,-262.27151,0,1200,0,-1039.5265,-262.97359,1,1388,0,173
active_lbfgs,6,465,model2B,2,-1032.747,-269.98476,0,1200,0,-1032.1569,-270.10185,1,515,0,181
active_lbfgs,6,465,model2B,3,-1038.9748,-263.06379,0,1200,0,-1038.962,-263.07305,0,14000,0,184
active_lbfgs,6,465,model2B,4,-1057.5368,-245.97278,0,1200,0,-1057.5294,-246.01159,1,684,0,188
active_lbfgs,6,465,model3,0,-1032.7264,-269.22147,1,929,0,-1031.1177,-268.22321,0,14000,0,173
active_lbfgs,6,465,model3,1,-1037.5465,-262.93622,1,912,0,-1037.5465,-262.93636,1,2651,0,173
active_lbfgs,6,465,model3,2,-1029.0389,-271.28298,0,1400,0,-1029.0389,-271.28434,1,2042,0,181
active_lbfgs,6,465,model3,3,-1037.1075,-263.41011,0,1400,0,-1037.1074,-263.41031,1,3786,0,184
active_lbfgs,6,465,model3,4,-1055.4841,-246.18011,0,1400,0,-1055.4839,-246.17694,1,4844,0,188
active_lbfgs,6,495,model2B,0,-958.06451,-251.88436,0,1200,0,-956.12093,-250.27811,1,2705,0,173
active_lbfgs,6,495,model2B,1,-971.90337,-236.29529,0,1200,0,-965.62585,-237.43835,1,5565,0,173
active_lbfgs,6,495,model2B,2,-941.81792,-264.24178,0,1200,0,-939.1603,-264.16886,1,4818,0,181
active_lbfgs,6,495,model2B,3,-963.61608,-246.28599,0,1200,0,-960.55157,-244.37138,1,5982,0,184
active_lbfgs,6,495,model2B,4,-982.35201,-221.86033,0,1200,0,-982.35013,-221.82462,1,5184,0,188
active_lbfgs,6,495,model3,0,-954.87946,-248.22643,1,828,0,-954.87945,-248.22284,1,375,0,173
active_lbfgs,6,495,model3,1,-965.64093,-237.14451,0,1400,0,-965.64093,-237.14363,1,5790,0,173
active_lbfgs,6,495,model3,2,-937.82613,-265.50702,0,1400,0,-937.82607,-265.5087,1,5582,0,181
active_lbfgs,6,495,model3,3,-957.68392,-245.08604,1,932,0,-957.43484,-245.0255,1,3288,0,184
active_lbfgs,6,495,model3,4,-981.02325,-222.58272,1,1214,0,-981.02323,-222.58348,1,12906,0,188
active_lbfgs,7,255,model2B,0,-1153.9929,-291.78729,0,1200,0,-1153.9929,-291.78718,1,189,0,175
active_lbfgs,7,255,model2B,1,-1154.1743,-292.40508,0,1200,0,-1154.0244,-292.03707,1,335,0,179
active_lbfgs,7,255,model2B,2,-1141.7286,-304.29002,0,1200,0,-1141.7073,-304.36454,0,14000,0,179
active_lbfgs,7,255,model2B,3,-1157.0859,-289.08012,1,1040,0,-1157.0859,-289.08012,1,179,0,176
active_lbfgs,7,255,model2B,4,-1169.6818,-276.28032,0,1200,0,-1169.681,-276.30616,1,275,0,181
active_lbfgs,7,255,model3,0,-1153.5259,-292.07793,0,1400,0,-1153.4869,-292.03554,1,467,0,175
active_lbfgs,7,255,model3,1,-1152.2061,-291.91798,1,915,0,-1150.9248,-293.90898,1,1907,0,179
active_lbfgs,7,255,model3,2,-1141.1796,-303.16462,1,646,0,-1141.1787,-303.16497,1,3630,0,179
active_lbfgs,7,255,model3,3,-1155.8953,-288.20597,1,1225,0,-1155.6492,-288.13571,1,1390,0,176
active_lbfgs,7,255,model3,4,-1166.6738,-277.82382,1,1282,0,-1166.6738,-277.82374,1,245,0,181
active_lbfgs,7,285,model2B,0,-1047.0013,-267.43778,1,984,0,-1047.0013,-267.43778,1,192,0,175
active_lbfgs,7,285,model2B,1,-1049.3995,-265.22155,1,1040,0,-1049.3995,-265.22158,1,186,0,179
active_lbfgs,7,285,model2B,2,-1061.2118,-253.60715,0,1200,0,-1061.2059,-253.64185,1,510,0,179
active_lbfgs,7,285,model2B,3,-1046.5406,-269.31517,0,1200,0,-1046.1261,-269.27462,1,1231,0,176
active_lbfgs,7,285,model2B,4,-1049.0309,-265.28957,1,1177,0,-1049.0265,-265.31174,1,320,0,181
active_lbfgs,7,285,model3,0,-1045.8226,-267.44371,0,1400,0,-1045.8125,-267.46374,1,2113,0,175
active_lbfgs,7,285,model3,1,-1049.0347,-264.944,0,1400,0,-1048.9403,-265.01907,0,14000,0,179
active_lbfgs,7,285,model3,2,-1061.2251,-253.07037,0,1400,0,-1060.6582,-252.78489,0,14000,0,179
active_lbfgs,7,285,model3,3,-1045.8562,-269.32892,1,749,0,-1045.8214,-269.27244,0,14000,0,176
active_lbfgs,7,285,model3,4,-1047.0448,-267.2433,0,1400,0,-1047.0322,-267.2462,1,10780,0,181
active_lbfgs,7,315,model2B,0,-1064.2627,-278.71688,1,895,0,-1064.2627,-278.71688,1,199,0,175
active_lbfgs,7,315,model2B,1,-1081.6016,-266.29473,0,1200,0,-1081.4239,-266.16686,0,14000,0,179
active_lbfgs,7,315,model2B,2,-1079.5946,-263.68856,0,1200,0,-1079.5533,-263.62671,1,2144,0,179
active_lbfgs,7,315,model2B,3,-1080.0078,-263.0144,0,1200,0,-1079.941,-263.0335,1,413,0,176
active_lbfgs,7,315,model2B,4,-1065.4171,-278.59559,0,1200,0,-1064.4494,-278.01741,1,823,0,181
active_lbfgs,7,315,model3,0,-1064.381,-278.74366,0,1400,0,-1063.2863,-279.5491,1,545,0,175
active_lbfgs,7,315,model3,1,-1077.9257,-265.06947,0,1400,0,-1077.7765,-264.85844,1,574,0,179
active_lbfgs,7,315,model3,2,-1079.1448,-263.10897,0,1400,0,-1079.009,-263.10433,0,14000,0,179
active_lbfgs,7,315,model3,3,-1079.5915,-263.40221,0,1400,0,-1079.5756,-263.36534,0,14000,0,176
active_lbfgs,7,315,model3,4,-1064.0633,-278.72925,1,447,0,-1064.0633,-278.73189,1,243,0,181
active_lbfgs,7,435,model2B,0,-1341.8668,-327.00903,1,879,0,-1341.8668,-327.00919,1,196,0,175
active_lbfgs,7,435,model2B,1,-1337.8754,-331.86961,1,904,0,-1337.8754,-331.86961,1,177,0,179
active_lbfgs,7,435,model2B,2,-1328.1775,-341.18175,1,911,0,-1328.1775,-341.18168,1,183,0,179
active_lbfgs,7,435,model2B,3,-1324.2713,-344.69907,1,996,0,-1324.2713,-344.69925,1,187,0,176
active_lbfgs,7,435,model2B,4,-1332.9551,-335.90829,1,802,0,-1332.9551,-335.90841,1,175,0,181
active_lbfgs,7,435,model3,0,-1341.2842,-324.44626,1,476,0,-1341.2842,-324.44618,1,200,0,175
active_lbfgs,7,435,model3,1,-1337.2397,-330.07871,1,729,0,-1337.2395,-330.08171,1,9823,0,179
active_lbfgs,7,435,model3,2,-1325.9489,-340.39925,1,529,0,-1325.927,-340.39606,1,1158,0,179
active_lbfgs,7,435,model3,3,-1322.2487,-343.76769,1,525,0,-1322.2487,-343.76771,1,178,0,176
active_lbfgs,7,435,model3,4,-1330.1918,-336.4353,1,517,0,-1330.147,-336.46759,1,1710,0,181
active_lbfgs,7,465,model2B,0,-1366.4033,-329.46806,1,761,0,-1366.4033,-329.46795,1,213,0,175
active_lbfgs,7,465,model2B,1,-1342.222,-355.01259,1,1162,0,-1342.222,-355.01279,1,201,0,179
active_lbfgs,7,465,model2B,2,-1352.6667,-343.59053,1,1179,0,-1352.6667,-343.59046,1,186,0,179
active_lbfgs,7,465,model2B,3,-1351.537,-343.85862,1,716,0,-1351.537,-343.85895,1,183,0,176
active_lbfgs,7,465,model2B,4,-1359.8902,-336.11079,1,557,0,-1359.8902,-336.11079,1,191,0,181
active_lbfgs,7,465,model3,0,-1369.6188,-326.01685,1,497,0,-1369.1562,-326.26159,1,2056,0,175
active_lbfgs,7,465,model3,1,-1342.1415,-355.15092,1,466,0,-1342.1402,-355.15411,1,6398,0,179
active_lbfgs,7,465,model3,2,-1351.3746,-344.24155,1,456,0,-1351.3746,-344.24159,1,211,0,179
active_lbfgs,7,465,model3,3,-1352.1408,-343.28323,1,442,0,-1352.1385,-343.29188,1,8370,0,176
active_lbfgs,7,465,model3,4,-1358.7191,-337.65266,1,624,0,-1358.719,-337.65351,1,11827,0,181
active_lbfgs,7,495,model2B,0,-1370.0363,-334.40581,1,579,0,-1370.0363,-334.40581,1,192,0,175
active_lbfgs,7,495,model2B,1,-1355.3962,-349.64689,1,619,0,-1355.3962,-349.64689,1,188,0,179
active_lbfgs,7,495,model2B,2,-1365.4035,-339.93261,0,1200,0,-1365.4035,-339.93245,1,190,0,179
active_lbfgs,7,495,model2B,3,-1349.3918,-355.63922,1,1072,0,-1349.3918,-355.63922,1,181,0,176
active_lbfgs,7,495,model2B,4,-1370.6055,-334.4222,1,679,0,-1370.6055,-334.4222,1,180,0,181
active_lbfgs,7,495,model3,0,-1370.5662,-334.84395,1,594,0,-1370.0693,-335.14385,1,2752,0,175
active_lbfgs,7,495,model3,1,-1356.2345,-349.62495,1,380,0,-1356.2345,-349.62501,1,165,0,179
active_lbfgs,7,495,model3,2,-1364.7162,-340.82989,0,1400,0,-1364.7143,-340.83591,1,12556,0,179
active_lbfgs,7,495,model3,3,-1352.611,-352.87371,1,866,0,-1352.6011,-352.84876,0,14000,0,176
active_lbfgs,7,495,model3,4,-1369.8695,-335.79927,1,543,0,-1369.8656,-335.80523,1,4026,0,181
active_lbfgs,8,255,model2B,0,-1181.9435,-313.44326,1,1115,0,-1181.9435,-313.44326,1,195,0,162
active_lbfgs,8,255,model2B,1,-1210.705,-281.01638,1,851,0,-1210.705,-281.01632,1,175,0,172
active_lbfgs,8,255,model2B,2,-1194.678,-296.52204,1,852,0,-1194.678,-296.5222,1,180,0,179
active_lbfgs,8,255,model2B,3,-1199.6024,-292.53324,1,933,0,-1199.6024,-292.53355,1,183,0,176
active_lbfgs,8,255,model2B,4,-1170.8391,-323.2931,0,1200,0,-1167.6591,-325.44716,1,664,0,183
active_lbfgs,8,255,model3,0,-1179.1594,-316.83992,1,800,0,-1177.7184,-318.49132,1,2337,0,162
active_lbfgs,8,255,model3,1,-1211.0998,-280.66715,1,1326,0,-1211.0998,-280.66715,1,220,0,172
active_lbfgs,8,255,model3,2,-1194.9575,-296.3081,0,1400,0,-1194.9575,-296.30822,1,214,0,179
active_lbfgs,8,255,model3,3,-1199.4535,-292.49946,1,1305,0,-1199.4535,-292.49937,1,242,0,176
active_lbfgs,8,255,model3,4,-1168.1295,-324.10712,1,895,0,-1168.1292,-324.11474,1,347,0,183
active_lbfgs,8,285,model2B,0,-1131.5097,-288.07436,1,1188,0,-1131.5097,-288.07502,1,193,0,162
active_lbfgs,8,285,model2B,1,-1156.8051,-261.61894,1,824,0,-1156.8051,-261.61841,1,174,0,172
active_lbfgs,8,285,model2B,2,-1134.4889,-282.88387,1,997,0,-1134.4889,-282.88364,1,173,0,179
active_lbfgs,8,285,model2B,3,-1138.8381,-279.45887,1,1052,0,-1138.8381,-279.45887,1,185,0,176
active_lbfgs,8,285,model2B,4,-1095.7402,-324.01018,0,1200,0,-1095.7402,-324.00297,1,189,0,183
active_lbfgs,8,285,model3,0,-1130.3605,-291.1548,1,566,0,-1130.3603,-291.15689,0,14000,0,162
active_lbfgs,8,285,model3,1,-1157.5668,-261.69682,0,1400,0,-1157.5634,-261.76516,1,971,0,172
active_lbfgs,8,285,model3,2,-1135.1938,-282.7841,1,854,0,-1134.9786,-283.13881,1,672,0,179
active_lbfgs,8,285,model3,3,-1138.9029,-280.11468,0,1400,0,-1138.9029,-280.11481,1,278,0,176
active_lbfgs,8,285,model3,4,-1097.1622,-321.97052,0,1400,0,-1096.941,-322.19163,1,1244,0,183
active_lbfgs,8,315,model2B,0,-1145.646,-270.32096,0,1200,0,-1145.0031,-268.86371,1,3067,0,162
active_lbfgs,8,315,model2B,1,-1151.6657,-264.2594,1,925,0,-1151.6657,-264.25975,1,173,0,172
active_lbfgs,8,315,model2B,2,-1135.3042,-278.84701,1,824,0,-1135.3042,-278.84709,1,202,0,179
active_lbfgs,8,315,model2B,3,-1128.6602,-286.05942,1,863,0,-1128.6602,-286.05951,1,204,0,176
active_lbfgs,8,315,model2B,4,-1085.548,-329.81243,1,962,0,-1085.548,-329.81243,1,179,0,183
active_lbfgs,8,315,model3,0,-1146.1858,-268.55646,0,1400,0,-1146.1702,-268.69649,0,14000,0,162
active_lbfgs,8,315,model3,1,-1152.7067,-264.95633,1,638,0,-1152.2272,-264.53655,1,1795,0,172
active_lbfgs,8,315,model3,2,-1136.3626,-278.86745,0,1400,0,-1136.3623,-278.86389,1,369,0,179
active_lbfgs,8,315,model3,3,-1129.3558,-286.86467,0,1400,0,-1129.3528,-286.80456,1,453,0,176
active_lbfgs,8,315,model3,4,-1084.9233,-331.94792,0,1400,0,-1084.841,-331.40965,1,574,0,183
active_lbfgs,8,435,model2B,0,-987.86201,-362.13348,0,1200,0,-987.86201,-362.1325,1,2510,0,162
active_lbfgs,8,435,model2B,1,-1089.2558,-237.14612,1,997,0,-1089.2558,-237.14595,1,195,0,172
active_lbfgs,8,435,model2B,2,-1055.8603,-269.50413,1,1138,0,-1055.8603,-269.50427,1,204,0,179
active_lbfgs,8,435,model2B,3,-1079.5617,-246.36234,1,1041,0,-1079.5617,-246.36234,1,180,0,176
active_lbfgs,8,435,model2B,4,-1062.9836,-263.15138,0,1200,0,-1062.9836,-263.152,1,815,0,183
active_lbfgs,8,435,model3,0,-994.15024,-356.0251,1,987,0,-994.12972,-355.97725,0,14000,0,162
active_lbfgs,8,435,model3,1,-1088.5039,-240.04093,0,1400,0,-1088.4821,-240.10021,0,14000,0,172
active_lbfgs,8,435,model3,2,-1056.6876,-269.95015,0,1400,0,-1055.7727,-269.17141,1,2197,0,179
active_lbfgs,8,435,model3,3,-1080.3067,-246.89592,0,1400,0,-1080.3067,-246.89562,1,750,0,176
active_lbfgs,8,435,model3,4,-1063.9566,-263.05263,1,989,0,-1062.2263,-262.29332,0,14000,0,183
active_lbfgs,8,465,model2B,0,-1102.1201,-342.22761,0,1200,0,-1102.1201,-342.22208,1,178,0,162
active_lbfgs,8,465,model2B,1,-1169.1747,-265.96087,1,697,0,-1169.1747,-265.96087,1,199,0,172
active_lbfgs,8,465,model2B,2,-1149.4563,-284.85438,1,1015,0,-1149.4563,-284.8545,1,199,0,179
active_lbfgs,8,465,model2B,3,-1152.2161,-281.9907,1,834,0,-1152.2161,-281.9907,1,177,0,176
active_lbfgs,8,465,model2B,4,-1151.6339,-284.35151,1,916,0,-1151.6339,-284.35151,1,172,0,183
active_lbfgs,8,465,model3,0,-1102.0137,-340.34779,1,596,0,-1102.0001,-340.24136,1,10150,0,162
active_lbfgs,8,465,model3,1,-1167.8801,-266.60685,1,488,0,-1167.8801,-266.60693,1,180,0,172
active_lbfgs,8,465,model3,2,-1148.1823,-284.29957,0,1400,0,-1148.1753,-284.32561,1,448,0,179
active_lbfgs,8,465,model3,3,-1150.578,-281.79182,0,1400,0,-1150.5754,-281.81791,1,285,0,176
active_lbfgs,8,465,model3,4,-1151.4012,-283.15027,1,696,0,-1151.4007,-283.14438,0,14000,0,183
active_lbfgs,8,495,model2B,0,-1236.8905,-313.22719,1,895,0,-1236.8905,-313.22719,1,183,0,162
active_lbfgs,8,495,model2B,1,-1250.5687,-298.71072,1,784,0,-1250.5687,-298.71065,1,194,0,172
active_lbfgs,8,495,model2B,2,-1237.2694,-311.57652,0,1200,0,-1237.2693,-311.58035,1,392,0,179
active_lbfgs,8,495,model2B,3,-1231.7443,-316.74713,1,1044,0,-1231.7443,-316.74713,1,200,0,176
active_lbfgs,8,495,model2B,4,-1231.8856,-318.15313,1,941,0,-1231.8856,-318.15313,1,169,0,183
active_lbfgs,8,495,model3,0,-1233.6002,-313.90529,0,1400,0,-1233.5955,-313.93614,0,14000,0,162
active_lbfgs,8,495,model3,1,-1248.0276,-298.95484,1,683,0,-1248.0247,-298.95558,1,807,0,172
active_lbfgs,8,495,model3,2,-1235.0667,-310.77694,0,1400,0,-1235.0639,-310.77663,1,11557,0,179
active_lbfgs,8,495,model3,3,-1229.6218,-316.399,1,990,0,-1229.6218,-316.399,1,210,0,176
active_lbfgs,8,495,model3,4,-1230.076,-317.24171,0,1400,0,-1230.0749,-317.23468,0,14000,0,183
active_lbfgs,9,255,model2B,0,-843.685,-283.4283,0,1200,0,-843.57235,-284.23934,1,273,0,183
active_lbfgs,9,255,model2B,1,-902.09851,-222.14546,1,773,0,-899.0734,-223.67835,1,4589,0,189
active_lbfgs,9,255,model2B,2,-892.05542,-232.32343,0,1200,0,-890.59508,-232.16013,1,5531,0,188
active_lbfgs,9,255,model2B,3,-919.24873,-205.29829,0,1200,0,-919.22759,-205.43549,0,14000,0,188
active_lbfgs,9,255,model2B,4,-928.67362,-198.49325,0,1200,0,-926.76029,-197.60556,1,1888,0,181
active_lbfgs,9,255,model3,0,-844.08183,-281.69246,1,1378,0,-844.06823,-281.63786,1,423,0,183
active_lbfgs,9,255,model3,1,-893.77786,-227.29175,1,1345,0,-893.77786,-227.29172,1,242,0,189
active_lbfgs,9,255,model3,2,-892.19713,-228.9915,1,821,0,-892.19047,-228.95028,0,14000,0,188
active_lbfgs,9,255,model3,3,-916.10856,-204.16134,0,1400,0,-916.10856,-204.1629,1,351,0,188
active_lbfgs,9,255,model3,4,-921.29544,-198.86115,1,1185,0,-921.29541,-198.86264,1,569,0,181
active_lbfgs,9,285,model2B,0,-980.77192,-303.37859,0,1200,0,-979.54199,-303.1591,1,711,0,183
active_lbfgs,9,285,model2B,1,-1043.08,-240.48193,0,1200,0,-1042.109,-240.49337,1,1288,0,189
active_lbfgs,9,285,model2B,2,-1010.8153,-273.37335,0,1200,0,-1006.4136,-273.776,1,5499,0,188
active_lbfgs,9,285,model2B,3,-1033.5879,-245.82371,1,1042,0,-1033.5879,-245.82385,1,190,0,188
active_lbfgs,9,285,model2B,4,-1055.7219,-237.32673,0,1200,0,-1046.2505,-233.19788,1,2751,0,181
active_lbfgs,9,285,model3,0,-981.69543,-306.06983,0,1400,0,-980.52426,-307.33017,0,14000,0,183
active_lbfgs,9,285,model3,1,-1037.4121,-240.73955,0,1400,0,-1037.4119,-240.75751,1,632,0,189
active_lbfgs,9,285,model3,2,-1004.8711,-273.85868,0,1400,0,-1003.528,-273.87752,1,1503,0,188
active_lbfgs,9,285,model3,3,-1031.1771,-246.10655,1,580,0,-1031.1766,-246.10919,1,498,0,188
active_lbfgs,9,285,model3,4,-1043.2196,-234.40296,0,1400,0,-1043.2196,-234.40306,1,226,0,181
active_lbfgs,9,315,model2B,0,-1084.7065,-322.11114,1,1030,0,-1084.7065,-322.11111,1,201,0,183
active_lbfgs,9,315,model2B,1,-1130.9796,-272.70923,0,1200,0,-1130.9794,-272.68998,1,212,0,189
active_lbfgs,9,315,model2B,2,-1112.1773,-291.19112,0,1200,0,-1112.1773,-291.19136,1,194,0,188
active_lbfgs,9,315,model2B,3,-1137.094,-266.85225,1,947,0,-1136.8884,-266.6383,1,408,0,188
active_lbfgs,9,315,model2B,4,-1140.8565,-263.59788,1,1042,0,-1140.526,-264.18743,1,334,0,181
active_lbfgs,9,315,model3,0,-1083.6537,-320.62273,1,799,0,-1083.6517,-320.62944,1,8017,0,183
active_lbfgs,9,315,model3,1,-1128.6601,-272.58051,1,951,0,-1126.6672,-272.66335,1,2436,0,189
active_lbfgs,9,315,model3,2,-1110.8529,-290.07698,0,1400,0,-1110.8516,-290.08324,0,14000,0,188
active_lbfgs,9,315,model3,3,-1134.7979,-266.26418,1,931,0,-1133.0259,-266.11779,1,3516,0,188
active_lbfgs,9,315,model3,4,-1137.6965,-264.26415,1,584,0,-1136.486,-263.53706,1,2082,0,181
active_lbfgs,9,435,model2B,0,-1196.5332,-316.8648,1,1107,0,-1196.5332,-316.86513,1,202,0,183
active_lbfgs,9,435,model2B,1,-1199.0011,-310.91508,1,813,0,-1199.0011,-310.91458,1,182,0,189
active_lbfgs,9,435,model2B,2,-1208.423,-300.5257,0,1200,0,-1208.423,-300.5257,1,191,0,188
active_lbfgs,9,435,model2B,3,-1206.7013,-303.30058,1,885,0,-1206.7013,-303.30058,1,197,0,188
active_lbfgs,9,435,model2B,4,-1216.461,-293.30652,1,926,0,-1216.461,-293.30631,1,190,0,181
active_lbfgs,9,435,model3,0,-1199.4674,-310.89815,0,1400,0,-1199.3907,-310.76105,0,14000,0,183
active_lbfgs,9,435,model3,1,-1197.529,-311.56365,0,1400,0,-1197.529,-311.5633,1,223,0,189
active_lbfgs,9,435,model3,2,-1208.691,-300.32117,1,1305,0,-1208.691,-300.32117,1,228,0,188
active_lbfgs,9,435,model3,3,-1206.4622,-303.45687,0,1400,0,-1206.457,-303.43811,0,14000,0,188
active_lbfgs,9,435,model3,4,-1217.1104,-292.39872,1,1222,0,-1217.1104,-292.39872,1,216,0,181
active_lbfgs,9,465,model2B,0,-1113.0205,-296.92437,0,1200,0,-1113.0205,-296.92394,1,192,0,183
active_lbfgs,9,465,model2B,1,-1124.0494,-283.71501,1,878,0,-1124.0494,-283.715,1,183,0,189
active_lbfgs,9,465,model2B,2,-1124.9872,-282.06699,0,1200,0,-1124.9318,-282.16934,0,14000,0,188
active_lbfgs,9,465,model2B,3,-1117.2896,-290.99753,1,612,0,-1117.2895,-290.99787,1,314,0,188
active_lbfgs,9,465,model2B,4,-1141.7164,-266.38676,0,1200,0,-1141.7164,-266.38693,1,223,0,181
active_lbfgs,9,465,model3,0,-1115.0175,-296.37519,1,634,0,-1115.0175,-296.37596,1,3271,0,183
active_lbfgs,9,465,model3,1,-1124.8296,-285.74734,0,1400,0,-1124.8211,-285.74124,1,8251,0,189
active_lbfgs,9,465,model3,2,-1127.449,-282.57885,0,1400,0,-1127.3386,-282.68347,1,13479,0,188
active_lbfgs,9,465,model3,3,-1119.9313,-291.7883,0,1400,0,-1119.8506,-291.68816,0,14000,0,188
active_lbfgs,9,465,model3,4,-1144.1182,-267.07467,0,1400,0,-1144.057,-266.99024,0,14000,0,181
active_lbfgs,9,495,model2B,0,-1148.2713,-316.41175,1,982,0,-1148.2713,-316.41175,1,180,0,183
active_lbfgs,9,495,model2B,1,-1165.6588,-297.62839,0,1200,0,-1165.6437,-297.67471,1,3783,0,189
active_lbfgs,9,495,model2B,2,-1179.3999,-282.61794,0,1200,0,-1179.3228,-282.68035,0,14000,0,188
active_lbfgs,9,495,model2B,3,-1177.4124,-285.30512,0,1200,0,-1177.2656,-285.35185,0,14000,0,188
active_lbfgs,9,495,model2B,4,-1168.9763,-294.37356,1,1194,0,-1168.9763,-294.37356,1,194,0,181
active_lbfgs,9,495,model3,0,-1146.4682,-317.90382,0,1400,0,-1146.4629,-317.83644,1,13663,0,183
active_lbfgs,9,495,model3,1,-1164.8231,-298.65709,0,1400,0,-1164.8139,-298.62565,0,14000,0,189
active_lbfgs,9,495,model3,2,-1180.7117,-281.30989,0,1400,0,-1180.6926,-281.31203,0,14000,0,188
active_lbfgs,9,495,model3,3,-1176.4135,-286.25141,0,1400,0,-1176.4004,-286.26535,0,14000,0,188
active_lbfgs,9,495,model3,4,-1169.8279,-293.1677,0,1400,0,-1169.8105,-293.17042,1,7283,0,181
active_lbfgs,10,255,model2B,0,-1001.0488,-255.58404,0,1200,0,-997.26945,-255.31456,1,764,0,182
active_lbfgs,10,255,model2B,1,-1003.0975,-249.29353,0,1200,0,-1002.9033,-249.36398,1,1976,0,187
active_lbfgs,10,255,model2B,2,-999.9793,-252.4226,0,1200,0,-999.93388,-252.51123,1,2855,0,186
active_lbfgs,10,255,model2B,3,-1009.954,-242.80406,0,1200,0,-1009.9517,-242.80794,1,436,0,189
active_lbfgs,10,255,model2B,4,-996.91457,-255.88865,1,1048,0,-996.58438,-256.08832,1,371,0,186
active_lbfgs,10,255,model3,0,-997.402,-254.89608,0,1400,0,-997.40199,-254.89557,1,3597,0,182
active_lbfgs,10,255,model3,1,-1000.3518,-251.23014,0,1400,0,-1000.3517,-251.23052,1,8429,0,187
active_lbfgs,10,255,model3,2,-1000.844,-250.91323,0,1400,0,-1000.6848,-251.01666,1,8930,0,186
active_lbfgs,10,255,model3,3,-1008.6906,-243.51363,0,1400,0,-1008.6906,-243.51375,1,5848,0,189
active_lbfgs,10,255,model3,4,-996.1258,-255.73214,0,1400,0,-996.12574,-255.73187,1,6300,0,186
active_lbfgs,10,285,model2B,0,-1110.2592,-300.45959,0,1200,0,-1110.1581,-300.50654,0,14000,0,182
active_lbfgs,10,285,model2B,1,-1125.1739,-284.58532,0,1200,0,-1125.1169,-284.64431,1,1139,0,187
active_lbfgs,10,285,model2B,2,-1136.3409,-273.61175,0,1200,0,-1136.2732,-273.72354,0,14000,0,186
active_lbfgs,10,285,model2B,3,-1138.5571,-271.52762,0,1200,0,-1138.5058,-271.51512,0,14000,0,189
active_lbfgs,10,285,model2B,4,-1124.2132,-286.40489,0,1200,0,-1124.2041,-286.34988,1,4083,0,186
active_lbfgs,10,285,model3,0,-1109.687,-301.25401,0,1400,0,-1109.1672,-301.66989,1,11839,0,182
active_lbfgs,10,285,model3,1,-1124.9722,-285.09371,0,1400,0,-1124.972,-285.09808,1,481,0,187
active_lbfgs,10,285,model3,2,-1136.6787,-273.19003,0,1400,0,-1136.663,-273.29148,1,10468,0,186
active_lbfgs,10,285,model3,3,-1138.9433,-271.06568,1,774,0,-1138.8845,-271.05175,0,14000,0,189
active_lbfgs,10,285,model3,4,-1122.6046,-288.26239,1,584,0,-1122.5666,-288.20893,0,14000,0,186
active_lbfgs,10,315,model2B,0,-1279.5531,-352.03439,0,1200,0,-1279.506,-352.15288,0,14000,0,182
active_lbfgs,10,315,model2B,1,-1305.9199,-324.29986,1,1199,0,-1305.9199,-324.29986,1,207,0,187
active_lbfgs,10,315,model2B,2,-1314.4203,-315.69554,1,947,0,-1314.4203,-315.6955,1,222,0,186
active_lbfgs,10,315,model2B,3,-1306.6426,-323.11048,0,1200,0,-1306.6426,-323.1104,1,285,0,189
active_lbfgs,10,315,model2B,4,-1304.5286,-325.9023,1,867,0,-1304.5286,-325.90231,1,209,0,186
active_lbfgs,10,315,model3,0,-1281.409,-351.38763,1,630,0,-1281.2811,-351.27486,0,14000,0,182
active_lbfgs,10,315,model3,1,-1305.442,-326.00697,0,1400,0,-1305.4385,-326.00919,1,9585,0,187
active_lbfgs,10,315,model3,2,-1316.528,-314.65854,0,1400,0,-1316.4873,-314.59151,1,4932,0,186
active_lbfgs,10,315,model3,3,-1307.5883,-322.89093,0,1400,0,-1307.5769,-322.89587,1,3869,0,189
active_lbfgs,10,315,model3,4,-1303.3755,-328.30175,1,492,0,-1303.3741,-328.28682,0,14000,0,186
active_lbfgs,10,435,model2B,0,-1622.8384,-441.10945,1,630,0,-1622.8384,-441.10887,1,198,0,182
active_lbfgs,10,435,model2B,1,-1643.9445,-415.35148,1,595,0,-1643.9445,-415.35148,1,201,0,187
active_lbfgs,10,435,model2B,2,-1655.6933,-404.05729,1,692,0,-1655.6933,-404.05729,1,215,0,186
active_lbfgs,10,435,model2B,3,-1647.8182,-411.44908,1,634,0,-1647.8182,-411.44908,1,200,0,189
active_lbfgs,10,435,model2B,4,-1660.2023,-400.49485,1,518,0,-1660.2023,-400.49428,1,186,0,186
active_lbfgs,10,435,model3,0,-1616.6099,-433.34965,1,578,0,-1616.6051,-433.40508,0,14000,0,182
active_lbfgs,10,435,model3,1,-1633.1278,-409.86454,1,515,0,-1633.1278,-409.86446,1,7185,0,187
active_lbfgs,10,435,model3,2,-1640.9144,-402.55868,1,524,0,-1640.9144,-402.55856,1,204,0,186
active_lbfgs,10,435,model3,3,-1628.3685,-414.68011,1,480,0,-1628.3674,-414.68129,1,7641,0,189
active_lbfgs,10,435,model3,4,-1644.0082,-399.67947,1,432,0,-1644.0078,-399.68002,1,5600,0,186
active_lbfgs,10,465,model2B,0,-1515.8067,-406.82309,1,713,0,-1515.8067,-406.82309,1,184,0,182
active_lbfgs,10,465,model2B,1,-1514.8399,-405.10662,1,532,0,-1514.8399,-405.10693,1,191,0,187
active_lbfgs,10,465,model2B,2,-1543.1311,-376.50443,0,1200,0,-1543.1311,-376.50364,1,186,0,186
active_lbfgs,10,465,model2B,3,-1536.7361,-382.54729,1,622,0,-1536.7361,-382.54729,1,187,0,189
active_lbfgs,10,465,model2B,4,-1560.6583,-360.80362,0,1200,0,-1560.2437,-360.50276,1,414,0,186
active_lbfgs,10,465,model3,0,-1508.463,-403.92935,1,666,0,-1508.4561,-404.03818,1,1764,0,182
active_lbfgs,10,465,model3,1,-1508.0247,-400.43483,1,430,0,-1508.0133,-400.4315,1,1174,0,187
active_lbfgs,10,465,model3,2,-1535.7781,-372.70884,1,454,0,-1535.7534,-372.71676,1,1158,0,186
active_lbfgs,10,465,model3,3,-1522.8004,-385.58157,1,495,0,-1522.8004,-385.58173,1,225,0,189
active_lbfgs,10,465,model3,4,-1550.2294,-359.08505,1,453,0,-1550.2041,-359.11201,1,1910,0,186
active_lbfgs,10,495,model2B,0,-1381.5199,-350.37225,1,879,0,-1381.5199,-350.37257,1,200,0,182
active_lbfgs,10,495,model2B,1,-1363.6204,-367.48147,1,982,0,-1363.6204,-367.48147,1,185,0,187
active_lbfgs,10,495,model2B,2,-1390.323,-340.59251,1,1042,0,-1390.323,-340.59259,1,188,0,186
active_lbfgs,10,495,model2B,3,-1364.2795,-366.48451,1,878,0,-1364.2795,-366.48493,1,176,0,189
active_lbfgs,10,495,model2B,4,-1414.1717,-317.60803,1,838,0,-1414.1717,-317.60803,1,192,0,186
active_lbfgs,10,495,model3,0,-1382.1214,-350.60282,1,968,0,-1382.1182,-350.58853,1,8671,0,182
active_lbfgs,10,495,model3,1,-1364.5585,-365.73107,0,1400,0,-1364.5157,-365.71937,0,14000,0,187
active_lbfgs,10,495,model3,2,-1390.0206,-341.59842,0,1400,0,-1389.9673,-341.69508,1,13060,0,186
active_lbfgs,10,495,model3,3,-1362.8349,-368.63428,1,674,0,-1362.8333,-368.62198,1,7391,0,189
active_lbfgs,10,495,model3,4,-1413.5637,-317.74977,1,1255,0,-1413.5349,-317.84068,1,1533,0,186
active_lbfgs,11,255,model2B,0,-862.36877,-191.46551,0,1200,0,-862.36671,-191.45924,1,3059,0,161
active_lbfgs,11,255,model2B,1,-863.49843,-189.89162,0,1200,0,-863.43474,-190.07076,0,14000,0,148
active_lbfgs,11,255,model2B,2,-818.17357,-234.55972,0,1200,0,-818.1428,-234.65126,1,13193,0,172
active_lbfgs,11,255,model2B,3,-853.97945,-198.9339,0,1200,0,-853.9585,-198.90893,1,11982,0,155
active_lbfgs,11,255,model2B,4,-869.98542,-183.44942,0,1200,0,-869.98173,-183.44188,0,14000,0,122
active_lbfgs,11,255,model3,0,-863.6142,-190.75823,0,1400,0,-863.5778,-190.75536,0,14000,0,161
active_lbfgs,11,255,model3,1,-863.62024,-190.38279,0,1400,0,-863.57741,-190.29949,1,4464,0,148
active_lbfgs,11,255,model3,2,-818.41476,-235.08416,0,1400,0,-818.29907,-235.18573,0,14000,0,172
active_lbfgs,11,255,model3,3,-854.81984,-198.70984,0,1400,0,-854.78899,-198.68277,0,14000,0,155
active_lbfgs,11,255,model3,4,-870.62746,-183.98645,0,1400,0,-870.45327,-183.60192,0,14000,0,122
active_lbfgs,11,285,model2B,0,-845.18154,-203.36502,0,1200,0,-845.13181,-203.42354,1,4157,0,161
active_lbfgs,11,285,model2B,1,-858.44192,-193.07847,0,1200,0,-855.47315,-192.80621,0,14000,0,148
active_lbfgs,11,285,model2B,2,-820.16109,-227.99496,1,1063,0,-820.11815,-228.01187,0,14000,0,172
active_lbfgs,11,285,model2B,3,-842.67229,-206.28011,0,1200,0,-842.67134,-206.25244,1,777,0,155
active_lbfgs,11,285,model2B,4,-876.00875,-176.51882,0,1200,0,-872.73437,-177.04411,1,1210,0,122
active_lbfgs,11,285,model3,0,-845.87115,-204.85126,0,1400,0,-845.8675,-204.84423,1,864,0,161
active_lbfgs,11,285,model3,1,-856.9925,-193.22587,0,1400,0,-856.88451,-193.29039,1,5555,0,148
active_lbfgs,11,285,model3,2,-821.67602,-228.27054,0,1400,0,-821.61755,-228.27837,0,14000,0,172
active_lbfgs,11,285,model3,3,-843.41479,-207.51449,0,1400,0,-843.0549,-207.34998,1,7274,0,155
active_lbfgs,11,285,model3,4,-876.19669,-174.34772,0,1400,0,-876.02323,-173.92199,0,14000,0,122
active_lbfgs,11,315,model2B,0,-919.92221,-220.50816,0,1200,0,-914.44384,-218.09291,1,3337,0,161
active_lbfgs,11,315,model2B,1,-937.677,-203.31613,0,1200,0,-932.0747,-201.25216,0,14000,0,148
active_lbfgs,11,315,model2B,2,-905.80789,-228.25571,0,1200,0,-904.75295,-228.27687,1,280,0,172
active_lbfgs,11,315,model2B,3,-907.88237,-224.50616,0,1200,0,-907.88076,-224.51833,1,1362,0,155
active_lbfgs,11,315,model2B,4,-918.88405,-216.93219,0,1200,0,-917.54426,-217.85514,1,1885,0,122
active_lbfgs,11,315,model3,0,-914.45206,-218.38698,0,1400,0,-914.45202,-218.38697,1,723,0,161
active_lbfgs,11,315,model3,1,-933.92588,-199.17661,0,1400,0,-933.92568,-199.17452,1,3699,0,148
active_lbfgs,11,315,model3,2,-904.83408,-228.66209,1,1043,0,-904.78996,-228.50995,1,6177,0,172
active_lbfgs,11,315,model3,3,-907.94507,-224.68028,1,1123,0,-907.9435,-224.67332,1,2020,0,155
active_lbfgs,11,315,model3,4,-917.32897,-219.13848,0,1400,0,-917.27728,-218.97199,0,14000,0,122
active_lbfgs,11,435,model2B,0,-1270.909,-343.3147,0,1200,0,-1270.7555,-343.73278,1,339,0,161
active_lbfgs,11,435,model2B,1,-1315.1938,-298.85075,1,910,0,-1315.1938,-298.85075,1,217,0,148
active_lbfgs,11,435,model2B,2,-1282.9699,-331.70724,0,1200,0,-1282.9535,-331.73127,1,285,0,172
active_lbfgs,11,435,model2B,3,-1294.5319,-320.09084,0,1200,0,-1294.4209,-319.95455,1,522,0,155
active_lbfgs,11,435,model2B,4,-1356.5049,-258.38945,1,735,0,-1356.5049,-258.38935,1,188,0,122
active_lbfgs,11,435,model3,0,-1269.4736,-341.19708,1,652,0,-1269.4654,-341.29571,1,2016,0,161
active_lbfgs,11,435,model3,1,-1311.4272,-298.11169,1,596,0,-1311.4183,-298.13088,1,2278,0,148
active_lbfgs,11,435,model3,2,-1278.2652,-332.33903,1,618,0,-1278.2652,-332.33911,1,210,0,172
active_lbfgs,11,435,model3,3,-1286.7247,-324.28385,1,726,0,-1286.7246,-324.2846,1,7855,0,155
active_lbfgs,11,435,model3,4,-1354.7224,-255.56831,1,539,0,-1354.7176,-255.57945,1,2375,0,122
active_lbfgs,11,465,model2B,0,-1194.987,-291.03661,1,1131,0,-1194.987,-291.03661,1,209,0,161
active_lbfgs,11,465,model2B,1,-1208.0909,-277.54653,0,1200,0,-1208.0907,-277.5533,1,271,0,148
active_lbfgs,11,465,model2B,2,-1178.084,-308.57001,1,795,0,-1178.084,-308.57001,1,182,0,172
active_lbfgs,11,465,model2B,3,-1191.6256,-294.48457,0,1200,0,-1191.6256,-294.48404,1,179,0,155
active_lbfgs,11,465,model2B,4,-1229.2233,-258.73632,0,1200,0,-1229.2223,-258.77217,1,228,0,122
active_lbfgs,11,465,model3,0,-1192.7092,-289.78786,1,1282,0,-1192.7092,-289.78785,1,215,0,161
active_lbfgs,11,465,model3,1,-1204.6852,-277.38349,1,592,0,-1204.6831,-277.37874,1,13781,0,148
active_lbfgs,11,465,model3,2,-1174.5726,-308.69662,1,517,0,-1174.5713,-308.6934,0,14000,0,172
active_lbfgs,11,465,model3,3,-1187.5658,-295.35419,1,554,0,-1187.5657,-295.35235,1,6349,0,155
active_lbfgs,11,465,model3,4,-1228.6151,-255.0147,1,623,0,-1228.6015,-255.02978,0,14000,0,122
active_lbfgs,11,495,model2B,0,-1126.5436,-264.50071,1,938,0,-1126.5436,-264.50071,1,224,0,161
active_lbfgs,11,495,model2B,1,-1140.8169,-250.19643,0,1200,0,-1140.5927,-250.28617,1,359,0,148
active_lbfgs,11,495,model2B,2,-1104.4179,-288.97803,0,1200,0,-1102.4514,-288.68785,1,1561,0,172
active_lbfgs,11,495,model2B,3,-1099.3664,-292.83115,0,1200,0,-1099.1915,-292.50559,1,459,0,155
active_lbfgs,11,495,model2B,4,-1152.0742,-241.06803,0,1200,0,-1151.4718,-240.45921,1,638,0,122
active_lbfgs,11,495,model3,0,-1126.3439,-263.42221,1,603,0,-1126.3394,-263.4268,1,11372,0,161
active_lbfgs,11,495,model3,1,-1140.1897,-249.00579,1,806,0,-1139.1537,-248.82672,1,3810,0,148
active_lbfgs,11,495,model3,2,-1099.205,-290.68227,1,596,0,-1097.3929,-291.29235,1,3005,0,172
active_lbfgs,11,495,model3,3,-1098.7385,-291.7532,0,1400,0,-1098.736,-291.76587,1,9844,0,155
active_lbfgs,11,495,model3,4,-1148.4727,-242.32939,1,652,0,-1147.0575,-242.47062,1,3382,0,122
active_lbfgs,12,255,model2B,0,-951.6922,-232.33908,0,1200,0,-951.10043,-232.12075,1,894,0,176
active_lbfgs,12,255,model2B,1,-943.60525,-241.16035,1,980,0,-943.04089,-240.72452,1,1590,0,184
active_lbfgs,12,255,model2B,2,-966.48066,-217.24492,1,982,0,-966.48066,-217.2448,1,192,0,184
active_lbfgs,12,255,model2B,3,-935.59881,-247.97737,1,1014,0,-935.59881,-247.97728,1,185,0,187
active_lbfgs,12,255,model2B,4,-932.83692,-251.01295,0,1200,0,-932.83691,-251.01322,1,181,0,188
active_lbfgs,12,255,model3,0,-949.80091,-231.86996,0,1400,0,-949.79649,-231.87876,0,14000,0,176
active_lbfgs,12,255,model3,1,-941.96891,-240.23587,0,1400,0,-941.96806,-240.23186,1,7466,0,184
active_lbfgs,12,255,model3,2,-965.55517,-216.89487,0,1400,0,-965.54451,-216.8691,1,7812,0,184
active_lbfgs,12,255,model3,3,-935.11234,-247.16157,0,1400,0,-935.09901,-247.13188,1,6688,0,187
active_lbfgs,12,255,model3,4,-931.42407,-251.15901,0,1400,0,-931.41934,-251.13256,1,13627,0,188
active_lbfgs,12,285,model2B,0,-938.20122,-221.96056,0,1200,0,-937.17809,-222.305,1,663,0,176
active_lbfgs,12,285,model2B,1,-935.17378,-233.47139,0,1200,0,-930.59106,-231.35517,1,2828,0,184
active_lbfgs,12,285,model2B,2,-951.68031,-213.30884,0,1200,0,-947.61041,-212.38469,1,1553,0,184
active_lbfgs,12,285,model2B,3,-912.3601,-247.03242,0,1200,0,-912.35994,-247.03928,1,174,0,187
active_lbfgs,12,285,model2B,4,-906.16216,-254.28215,1,1012,0,-906.16216,-254.2822,1,199,0,188
active_lbfgs,12,285,model3,0,-937.79362,-221.02811,0,1400,0,-937.51209,-221.45724,1,3934,0,176
active_lbfgs,12,285,model3,1,-929.28801,-230.44512,0,1400,0,-929.22221,-230.38324,1,561,0,184
active_lbfgs,12,285,model3,2,-947.48478,-212.2837,0,1400,0,-947.05156,-213.10157,1,12892,0,184
active_lbfgs,12,285,model3,3,-911.8804,-247.44542,0,1400,0,-911.87724,-247.42128,1,404,0,187
active_lbfgs,12,285,model3,4,-905.99429,-254.03168,0,1400,0,-905.67796,-254.71891,1,652,0,188
active_lbfgs,12,315,model2B,0,-946.37831,-234.0266,1,1095,0,-946.37831,-234.0266,1,196,0,176
active_lbfgs,12,315,model2B,1,-965.608,-215.93521,1,1126,0,-965.608,-215.9354,1,200,0,184
active_lbfgs,12,315,model2B,2,-963.88797,-217.01051,1,1117,0,-963.88797,-217.01058,1,180,0,184
active_lbfgs,12,315,model2B,3,-922.60499,-258.5009,1,969,0,-922.59543,-258.55971,1,288,0,187
active_lbfgs,12,315,model2B,4,-920.34116,-262.66919,0,1200,0,-918.89671,-263.55813,1,896,0,188
active_lbfgs,12,315,model3,0,-946.59862,-233.27364,0,1400,0,-946.53636,-233.30953,0,14000,0,176
active_lbfgs,12,315,model3,1,-965.48465,-216.31449,0,1400,0,-964.96746,-215.86696,0,14000,0,184
active_lbfgs,12,315,model3,2,-963.78986,-216.77783,0,1400,0,-963.61567,-216.41082,1,3096,0,184
active_lbfgs,12,315,model3,3,-921.40283,-259.73749,0,1400,0,-921.26867,-259.44867,1,1962,0,187
active_lbfgs,12,315,model3,4,-916.24732,-265.42878,0,1400,0,-916.24286,-265.4702,1,1470,0,188
active_lbfgs,12,435,model2B,0,-1370.1223,-330.64407,1,1126,0,-1369.4602,-331.82385,1,372,0,176
active_lbfgs,12,435,model2B,1,-1359.0901,-341.87611,1,1064,0,-1359.0901,-341.87595,1,184,0,184
active_lbfgs,12,435,model2B,2,-1362.1628,-338.71195,1,1001,0,-1362.1628,-338.71195,1,175,0,184
active_lbfgs,12,435,model2B,3,-1355.5042,-345.01997,1,1116,0,-1355.5042,-345.02002,1,180,0,187
active_lbfgs,12,435,model2B,4,-1351.6823,-349.85564,1,1074,0,-1351.6823,-349.85564,1,188,0,188
active_lbfgs,12,435,model3,0,-1368.1128,-329.8597,1,629,0,-1367.9475,-330.22485,1,1506,0,176
active_lbfgs,12,435,model3,1,-1356.3747,-341.87759,1,647,0,-1356.3684,-341.86951,1,4640,0,184
active_lbfgs,12,435,model3,2,-1361.3065,-336.91246,1,727,0,-1361.1728,-337.2112,0,14000,0,184
active_lbfgs,12,435,model3,3,-1353.0801,-344.71294,1,615,0,-1353.0709,-344.71301,0,14000,0,187
active_lbfgs,12,435,model3,4,-1349.2895,-349.3052,1,722,0,-1349.2895,-349.30516,1,160,0,188
active_lbfgs,12,465,model2B,0,-1395.0169,-328.96967,0,1200,0,-1394.9969,-329.06778,1,328,0,176
active_lbfgs,12,465,model2B,1,-1368.9419,-355.56154,1,573,0,-1368.9418,-355.57025,1,168,0,184
active_lbfgs,12,465,model2B,2,-1371.4131,-352.50429,1,977,0,-1371.4131,-352.50429,1,177,0,184
active_lbfgs,12,465,model2B,3,-1373.0057,-350.5429,1,693,0,-1373.0057,-350.54289,1,164,0,187
active_lbfgs,12,465,model2B,4,-1382.7133,-341.97066,0,1200,0,-1382.7132,-341.97753,1,163,0,188
active_lbfgs,12,465,model3,0,-1389.2821,-327.99178,1,572,0,-1389.2742,-327.99718,1,8983,0,176
active_lbfgs,12,465,model3,1,-1363.2255,-354.64706,1,494,0,-1363.2134,-354.66046,1,1511,0,184
active_lbfgs,12,465,model3,2,-1368.6651,-349.23417,0,1400,0,-1368.6574,-349.28506,0,14000,0,184
active_lbfgs,12,465,model3,3,-1366.3997,-350.94555,1,509,0,-1366.3997,-350.94597,1,428,0,187
active_lbfgs,12,465,model3,4,-1378.1843,-339.69411,1,704,0,-1378.1402,-339.82143,1,1766,0,188
active_lbfgs,12,495,model2B,0,-1251.6305,-288.1233,1,1069,0,-1251.6305,-288.12323,1,209,0,176
active_lbfgs,12,495,model2B,1,-1226.2009,-313.90073,1,987,0,-1226.2009,-313.90065,1,184,0,184
active_lbfgs,12,495,model2B,2,-1208.0907,-332.74914,0,1200,0,-1208.0907,-332.7491,1,204,0,184
active_lbfgs,12,495,model2B,3,-1216.4069,-323.18177,1,1056,0,-1216.4069,-323.18177,1,192,0,187
active_lbfgs,12,495,model2B,4,-1249.7928,-291.02313,1,1135,0,-1249.7928,-291.02347,1,197,0,188
active_lbfgs,12,495,model3,0,-1252.4472,-287.04621,0,1400,0,-1252.442,-287.03823,1,9748,0,176
active_lbfgs,12,495,model3,1,-1225.2244,-315.70976,1,739,0,-1225.2201,-315.9021,1,1435,0,184
active_lbfgs,12,495,model3,2,-1208.1414,-332.40279,0,1400,0,-1208.0842,-332.53283,0,14000,0,184
active_lbfgs,12,495,model3,3,-1216.3219,-323.32024,0,1400,0,-1216.2332,-323.26743,1,12758,0,187
active_lbfgs,12,495,model3,4,-1249.4593,-291.2267,0,1400,0,-1249.4442,-291.24148,0,14000,0,188
active_lbfgs,13,255,model2B,0,-1205.0142,-306.80999,1,1128,0,-1205.0142,-306.81009,1,215,0,170
active_lbfgs,13,255,model2B,1,-1204.2158,-305.74507,1,1136,0,-1204.2158,-305.74507,1,198,0,183
active_lbfgs,13,255,model2B,2,-1218.3465,-291.96391,1,877,0,-1218.3465,-291.96391,1,205,0,183
active_lbfgs,13,255,model2B,3,-1202.8966,-309.01199,0,1200,0,-1202.8777,-308.78608,1,1040,0,184
active_lbfgs,13,255,model2B,4,-1203.9517,-306.96012,1,787,0,-1203.9517,-306.96012,1,179,0,183
active_lbfgs,13,255,model3,0,-1207.895,-303.57436,1,537,0,-1207.8916,-303.56829,1,13566,0,170
active_lbfgs,13,255,model3,1,-1206.3752,-303.7637,0,1400,0,-1206.375,-303.76386,1,264,0,183
active_lbfgs,13,255,model3,2,-1220.3441,-290.41399,1,706,0,-1220.3236,-290.43718,1,11542,0,183
active_lbfgs,13,255,model3,3,-1199.1029,-312.43703,1,626,0,-1199.0991,-312.43669,0,14000,0,184
active_lbfgs,13,255,model3,4,-1202.3916,-308.91251,1,743,0,-1202.3812,-308.91539,0,14000,0,183
active_lbfgs,13,285,model2B,0,-1309.3069,-319.3269,0,1200,0,-1309.3069,-319.33201,1,291,0,170
active_lbfgs,13,285,model2B,1,-1303.0696,-323.99759,1,722,0,-1303.0696,-323.99759,1,191,0,183
active_lbfgs,13,285,model2B,2,-1312.6734,-314.37516,1,835,0,-1312.6734,-314.37522,1,191,0,183
active_lbfgs,13,285,model2B,3,-1287.5416,-340.23748,1,686,0,-1287.5416,-340.23748,1,194,0,184
active_lbfgs,13,285,model2B,4,-1288.6504,-339.71211,1,827,0,-1288.5198,-339.91153,1,278,0,183
active_lbfgs,13,285,model3,0,-1308.3956,-314.09205,1,591,0,-1308.3956,-314.09171,1,205,0,170
active_lbfgs,13,285,model3,1,-1296.6738,-324.43526,1,736,0,-1296.6708,-324.4338,0,14000,0,183
active_lbfgs,13,285,model3,2,-1311.2405,-310.32466,1,474,0,-1311.2361,-310.32755,1,10838,0,183
active_lbfgs,13,285,model3,3,-1278.6173,-344.04364,1,454,0,-1278.6173,-344.04345,1,191,0,184
active_lbfgs,13,285,model3,4,-1281.8001,-340.62248,1,556,0,-1281.7876,-340.63783,0,14000,0,183
active_lbfgs,13,315,model2B,0,-1304.7704,-320.47336,1,982,0,-1304.7704,-320.47336,1,233,0,170
active_lbfgs,13,315,model2B,1,-1305.2246,-318.70197,1,1131,0,-1305.2246,-318.70193,1,211,0,183
active_lbfgs,13,315,model2B,2,-1302.8863,-321.04335,1,874,0,-1302.8863,-321.04335,1,196,0,183
active_lbfgs,13,315,model2B,3,-1293.4126,-330.42817,1,863,0,-1293.4126,-330.42817,1,177,0,184
active_lbfgs,13,315,model2B,4,-1282.5172,-343.26482,1,953,0,-1282.5172,-343.2646,1,195,0,183
active_lbfgs,13,315,model3,0,-1303.3715,-317.13321,1,673,0,-1303.3712,-317.13206,0,14000,0,170
active_lbfgs,13,315,model3,1,-1300.3485,-318.82135,1,508,0,-1300.3482,-318.81989,0,14000,0,183
active_lbfgs,13,315,model3,2,-1298.5312,-320.53731,1,757,0,-1298.5275,-320.53375,1,7652,0,183
active_lbfgs,13,315,model3,3,-1288.6957,-330.1128,1,626,0,-1288.6915,-330.11132,0,14000,0,184
active_lbfgs,13,315,model3,4,-1277.6191,-343.69727,0,1400,0,-1277.6131,-343.66967,0,14000,0,183
active_lbfgs,13,435,model2B,0,-1139.5002,-274.39705,0,1200,0,-1138.769,-274.38911,1,420,0,170
active_lbfgs,13,435,model2B,1,-1122.702,-288.69452,0,1200,0,-1122.1932,-289.00403,1,579,0,183
active_lbfgs,13,435,model2B,2,-1129.7787,-281.9172,0,1200,0,-1129.7753,-281.96454,1,310,0,183
active_lbfgs,13,435,model2B,3,-1131.794,-280.4355,1,1154,0,-1131.794,-280.4355,1,164,0,184
active_lbfgs,13,435,model2B,4,-1118.0844,-293.37222,0,1200,0,-1118.0843,-293.36714,1,248,0,183
active_lbfgs,13,435,model3,0,-1138.3272,-274.4278,1,1364,0,-1138.3272,-274.4278,1,209,0,170
active_lbfgs,13,435,model3,1,-1121.3962,-289.38443,0,1400,0,-1121.3801,-289.38208,1,773,0,183
active_lbfgs,13,435,model3,2,-1129.1275,-282.25747,1,1094,0,-1129.1275,-282.25747,1,210,0,183
active_lbfgs,13,435,model3,3,-1131.323,-280.44543,0,1400,0,-1131.323,-280.44543,1,235,0,184
active_lbfgs,13,435,model3,4,-1117.5181,-293.47799,0,1400,0,-1117.4969,-293.68566,1,2875,0,183
active_lbfgs,13,465,model2B,0,-1129.092,-259.64338,0,1200,0,-1129.0339,-259.62626,1,381,0,170
active_lbfgs,13,465,model2B,1,-1104.6859,-283.41969,0,1200,0,-1104.6413,-283.33812,1,279,0,183
active_lbfgs,13,465,model2B,2,-1096.7772,-291.90094,1,1022,0,-1096.7772,-291.90102,1,173,0,183
active_lbfgs,13,465,model2B,3,-1102.6406,-286.34047,1,1072,0,-1102.6406,-286.34039,1,194,0,184
active_lbfgs,13,465,model2B,4,-1113.264,-275.24569,1,548,0,-1113.264,-275.24543,1,246,0,183
active_lbfgs,13,465,model3,0,-1128.2476,-259.79362,1,1367,0,-1128.2476,-259.79362,1,207,0,170
active_lbfgs,13,465,model3,1,-1104.3944,-283.00494,0,1400,0,-1104.394,-283.00697,1,468,0,183
active_lbfgs,13,465,model3,2,-1095.5395,-292.84156,1,651,0,-1095.5344,-292.83055,0,14000,0,183
active_lbfgs,13,465,model3,3,-1102.9823,-285.16886,0,1400,0,-1102.9703,-285.22521,1,2591,0,184
active_lbfgs,13,465,model3,4,-1112.4248,-275.35917,0,1400,0,-1112.4172,-275.4055,0,14000,0,183
active_lbfgs,13,495,model2B,0,-1133.2179,-282.5951,0,1200,0,-1133.2179,-282.5951,1,185,0,170
active_lbfgs,13,495,model2B,1,-1138.1281,-276.6475,1,1039,0,-1138.1281,-276.6475,1,184,0,183
active_lbfgs,13,495,model2B,2,-1124.8753,-289.79985,0,1200,0,-1124.8738,-289.83176,1,501,0,183
active_lbfgs,13,495,model2B,3,-1115.2032,-299.47378,0,1200,0,-1115.191,-299.55215,1,865,0,184
active_lbfgs,13,495,model2B,4,-1140.6541,-274.83304,1,1072,0,-1140.6541,-274.83301,1,210,0,183
active_lbfgs,13,495,model3,0,-1132.4772,-282.72095,0,1400,0,-1132.47,-282.7545,0,14000,0,170
active_lbfgs,13,495,model3,1,-1138.115,-276.08234,1,731,0,-1137.9664,-275.88229,1,2518,0,183
active_lbfgs,13,495,model3,2,-1123.1355,-291.54826,1,644,0,-1123.1355,-291.54846,1,198,0,183
active_lbfgs,13,495,model3,3,-1114.0817,-300.21637,0,1400,0,-1113.7712,-300.3843,0,14000,0,184
active_lbfgs,13,495,model3,4,-1140.8753,-274.29043,0,1400,0,-1140.8683,-274.31361,1,8436,0,183
active_lbfgs,14,255,model2B,0,-1388.9551,-354.4533,1,930,0,-1388.9551,-354.4533,1,185,0,182
active_lbfgs,14,255,model2B,1,-1384.451,-359.21431,1,784,0,-1384.451,-359.21369,1,181,0,187
active_lbfgs,14,255,model2B,2,-1403.2672,-339.8123,1,1057,0,-1403.2672,-339.81239,1,176,0,183
active_lbfgs,14,255,model2B,3,-1384.5433,-359.10214,1,786,0,-1384.5433,-359.10214,1,194,0,192
active_lbfgs,14,255,model2B,4,-1407.4788,-335.98269,0,1200,0,-1407.4788,-335.98473,1,177,0,190
active_lbfgs,14,255,model3,0,-1385.7499,-355.39986,1,690,0,-1385.7449,-355.40077,0,14000,0,182
active_lbfgs,14,255,model3,1,-1384.611,-357.19837,1,1365,0,-1384.611,-357.1984,1,217,0,187
active_lbfgs,14,255,model3,2,-1399.6501,-341.24069,1,471,0,-1399.6501,-341.24065,1,190,0,183
active_lbfgs,14,255,model3,3,-1383.4114,-358.45376,0,1400,0,-1383.334,-358.42002,1,837,0,192
active_lbfgs,14,255,model3,4,-1405.5822,-335.60601,1,421,0,-1405.5755,-335.60882,1,12065,0,190
active_lbfgs,14,285,model2B,0,-1481.6855,-370.60071,1,885,0,-1481.6855,-370.60079,1,204,0,182
active_lbfgs,14,285,model2B,1,-1473.4385,-379.4366,1,701,0,-1473.4385,-379.4366,1,201,0,187
active_lbfgs,14,285,model2B,2,-1496.3484,-355.29502,1,709,0,-1496.3484,-355.29505,1,179,0,183
active_lbfgs,14,285,model2B,3,-1477.852,-374.73718,1,619,0,-1477.852,-374.73718,1,177,0,192
active_lbfgs,14,285,model2B,4,-1473.1043,-378.94284,1,470,0,-1473.1043,-378.94284,1,183,0,190
active_lbfgs,14,285,model3,0,-1481.1783,-369.33882,1,592,0,-1481.1746,-369.35236,0,14000,0,182
active_lbfgs,14,285,model3,1,-1475.4803,-376.68688,0,1400,0,-1475.4803,-376.68729,1,696,0,187
active_lbfgs,14,285,model3,2,-1493.696,-356.52981,1,485,0,-1493.696,-356.52986,1,174,0,183
active_lbfgs,14,285,model3,3,-1477.9848,-373.35586,1,728,0,-1477.9848,-373.35586,1,166,0,192
active_lbfgs,14,285,model3,4,-1468.5045,-382.0738,1,687,0,-1468.5045,-382.07371,1,212,0,190
active_lbfgs,14,315,model2B,0,-1559.0291,-370.98254,1,743,0,-1559.0291,-370.98256,1,210,0,182
active_lbfgs,14,315,model2B,1,-1514.9056,-418.23542,1,664,0,-1514.9056,-418.23542,1,223,0,187
active_lbfgs,14,315,model2B,2,-1555.7923,-373.86205,1,728,0,-1555.7923,-373.86205,1,191,0,183
active_lbfgs,14,315,model2B,3,-1547.2736,-383.46792,1,734,0,-1547.2736,-383.46792,1,204,0,192
active_lbfgs,14,315,model2B,4,-1534.5545,-395.5514,1,962,0,-1534.5545,-395.5515,1,206,0,190
active_lbfgs,14,315,model3,0,-1557.0905,-369.1974,1,552,0,-1557.0676,-369.31603,0,14000,0,182
active_lbfgs,14,315,model3,1,-1512.6655,-415.98159,1,469,0,-1512.6655,-415.98161,1,198,0,187
active_lbfgs,14,315,model3,2,-1552.4651,-373.17545,1,816,0,-1552.3909,-373.16216,1,1709,0,183
active_lbfgs,14,315,model3,3,-1544.0406,-382.64302,1,463,0,-1544.0401,-382.64506,1,1919,0,192
active_lbfgs,14,315,model3,4,-1527.5548,-398.39633,1,696,0,-1527.5544,-398.39821,0,14000,0,190
active_lbfgs,14,435,model2B,0,-1639.8981,-384.67309,1,589,0,-1639.8981,-384.67309,1,193,0,182
active_lbfgs,14,435,model2B,1,-1619.4581,-405.79666,1,489,0,-1619.4581,-405.79702,1,196,0,187
active_lbfgs,14,435,model2B,2,-1632.0816,-392.01319,1,722,0,-1632.0816,-392.01319,1,197,0,183
active_lbfgs,14,435,model2B,3,-1615.7816,-408.36517,1,521,0,-1615.7816,-408.36509,1,181,0,192
active_lbfgs,14,435,model2B,4,-1583.473,-443.6752,1,406,0,-1583.473,-443.67655,1,191,0,190
active_lbfgs,14,435,model3,0,-1629.0107,-384.47041,1,945,0,-1629.0107,-384.4706,1,229,0,182
active_lbfgs,14,435,model3,1,-1608.2936,-405.09196,1,484,0,-1608.2874,-405.0343,1,594,0,187
active_lbfgs,14,435,model3,2,-1623.392,-389.02453,1,975,0,-1623.392,-389.02454,1,213,0,183
active_lbfgs,14,435,model3,3,-1609.0873,-403.2927,1,1303,0,-1609.0873,-403.29272,1,245,0,192
active_lbfgs,14,435,model3,4,-1572.2088,-444.80284,1,576,0,-1572.0819,-444.71444,1,1187,0,190
active_lbfgs,14,465,model2B,0,-1519.0995,-367.45476,1,836,0,-1519.0995,-367.45476,1,191,0,182
active_lbfgs,14,465,model2B,1,-1503.2593,-384.28523,1,684,0,-1503.2593,-384.28493,1,179,0,187
active_lbfgs,14,465,model2B,2,-1519.9725,-366.33179,1,730,0,-1519.9725,-366.33177,1,176,0,183
active_lbfgs,14,465,model2B,3,-1507.7011,-378.54287,1,625,0,-1507.7011,-378.54263,1,189,0,192
active_lbfgs,14,465,model2B,4,-1489.2817,-399.18769,1,763,0,-1489.2817,-399.18769,1,186,0,190
active_lbfgs,14,465,model3,0,-1510.9859,-366.88967,1,1276,0,-1510.9859,-366.88968,1,273,0,182
active_lbfgs,14,465,model3,1,-1495.146,-383.17079,0,1400,0,-1495.146,-383.17099,1,260,0,187
active_lbfgs,14,465,model3,2,-1512.6494,-365.09328,1,852,0,-1512.6494,-365.09328,1,234,0,183
active_lbfgs,14,465,model3,3,-1500.2686,-378.26859,1,455,0,-1499.8874,-377.49567,1,2732,0,192
active_lbfgs,14,465,model3,4,-1484.7389,-395.03027,1,1360,0,-1484.7389,-395.03027,1,272,0,190
active_lbfgs,14,495,model2B,0,-1420.2117,-371.30892,1,660,0,-1420.2117,-371.30892,1,171,0,182
active_lbfgs,14,495,model2B,1,-1431.2797,-359.47656,1,685,0,-1431.2797,-359.47669,1,187,0,187
active_lbfgs,14,495,model2B,2,-1445.726,-344.75253,1,793,0,-1445.726,-344.75253,1,180,0,183
active_lbfgs,14,495,model2B,3,-1434.0534,-356.58197,1,791,0,-1434.0534,-356.58197,1,168,0,192
active_lbfgs,14,495,model2B,4,-1423.3798,-368.60181,1,978,0,-1423.3798,-368.60171,1,172,0,190
active_lbfgs,14,495,model3,0,-1413.681,-369.55386,1,825,0,-1413.681,-369.5539,1,257,0,182
active_lbfgs,14,495,model3,1,-1425.9318,-356.57373,1,1055,0,-1425.9318,-356.5738,1,230,0,187
active_lbfgs,14,495,model3,2,-1439.8118,-342.56518,1,1003,0,-1439.8118,-342.56518,1,278,0,183
active_lbfgs,14,495,model3,3,-1426.0353,-357.79644,0,1400,0,-1426.0349,-357.79951,0,14000,0,192
active_lbfgs,14,495,model3,4,-1416.3009,-368.37533,1,448,0,-1416.1271,-368.10508,1,1291,0,190
active_lbfgs,15,255,model2B,0,-1090.5964,-258.19502,0,1200,0,-1090.5325,-258.74036,1,407,0,184
active_lbfgs,15,255,model2B,1,-1079.8995,-267.77892,0,1200,0,-1079.8962,-267.72903,1,792,0,186
active_lbfgs,15,255,model2B,2,-1074.227,-273.58749,0,1200,0,-1074.2215,-273.55449,1,943,0,186
active_lbfgs,15,255,model2B,3,-1076.9697,-270.63279,1,1106,0,-1076.9697,-270.6327,1,180,0,190
active_lbfgs,15,255,model2B,4,-1060.5534,-287.10702,0,1200,0,-1060.5533,-287.11416,1,153,0,192
active_lbfgs,15,255,model3,0,-1089.4332,-258.65979,1,712,0,-1089.4311,-258.62454,1,675,0,184
active_lbfgs,15,255,model3,1,-1078.9631,-267.46825,0,1400,0,-1078.9285,-267.37346,0,14000,0,186
active_lbfgs,15,255,model3,2,-1072.606,-274.13073,0,1400,0,-1072.5935,-274.15428,0,14000,0,186
active_lbfgs,15,255,model3,3,-1077.0856,-269.4703,0,1400,0,-1077.0645,-269.5066,1,12122,0,190
active_lbfgs,15,255,model3,4,-1059.4773,-286.79921,0,1400,0,-1059.4672,-286.78412,0,14000,0,192
active_lbfgs,15,285,model2B,0,-1099.833,-265.82764,1,1065,0,-1099.833,-265.82764,1,180,0,184
active_lbfgs,15,285,model2B,1,-1110.7569,-254.5815,0,1200,0,-1110.7505,-254.53969,1,1071,0,186
active_lbfgs,15,285,model2B,2,-1089.486,-276.84762,0,1200,0,-1088.804,-277.03093,1,1277,0,186
active_lbfgs,15,285,model2B,3,-1082.6193,-282.80761,0,1200,0,-1082.6193,-282.80731,1,194,0,190
active_lbfgs,15,285,model2B,4,-1070.0079,-295.12383,1,970,0,-1070.0079,-295.12384,1,188,0,192
active_lbfgs,15,285,model3,0,-1097.9173,-267.06549,1,656,0,-1097.8698,-267.23683,1,943,0,184
active_lbfgs,15,285,model3,1,-1110.1712,-254.53402,0,1400,0,-1110.1537,-254.55029,1,5000,0,186
active_lbfgs,15,285,model3,2,-1089.4379,-275.46724,0,1400,0,-1089.3634,-275.65712,1,11749,0,186
active_lbfgs,15,285,model3,3,-1082.556,-281.92245,0,1400,0,-1082.5469,-281.93948,0,14000,0,190
active_lbfgs,15,285,model3,4,-1069.418,-295.18746,0,1400,0,-1069.4055,-295.16672,0,14000,0,192
active_lbfgs,15,315,model2B,0,-1084.6133,-261.14955,0,1200,0,-1084.6052,-261.19697,1,240,0,184
active_lbfgs,15,315,model2B,1,-1085.6488,-259.88697,0,1200,0,-1085.4482,-259.61827,1,1035,0,186
active_lbfgs,15,315,model2B,2,-1064.9078,-281.27776,0,1200,0,-1064.9078,-281.27538,1,167,0,186
active_lbfgs,15,315,model2B,3,-1082.9267,-262.10858,1,1056,0,-1082.9267,-262.10858,1,191,0,190
active_lbfgs,15,315,model2B,4,-1053.8419,-291.2677,0,1200,0,-1053.6424,-291.35965,1,467,0,192
active_lbfgs,15,315,model3,0,-1083.2767,-261.38065,0,1400,0,-1083.2692,-261.33724,1,1006,0,184
active_lbfgs,15,315,model3,1,-1085.1608,-259.75181,1,1170,0,-1085.1608,-259.75182,1,220,0,186
active_lbfgs,15,315,model3,2,-1066.171,-279.73477,0,1400,0,-1066.0838,-280.07431,1,8073,0,186
active_lbfgs,15,315,model3,3,-1082.4455,-262.24179,1,1303,0,-1082.4455,-262.24185,1,238,0,190
active_lbfgs,15,315,model3,4,-1052.7906,-291.78585,0,1400,0,-1052.7855,-291.82055,1,4560,0,192
active_lbfgs,15,435,model2B,0,-1156.8498,-262.34288,1,853,0,-1156.8498,-262.34279,1,192,0,184
active_lbfgs,15,435,model2B,1,-1131.0571,-287.63668,1,941,0,-1131.0571,-287.63668,1,183,0,186
active_lbfgs,15,435,model2B,2,-1131.8602,-287.8903,1,723,0,-1131.8598,-287.89747,1,210,0,186
active_lbfgs,15,435,model2B,3,-1133.4865,-290.2862,0,1200,0,-1131.6219,-287.91188,1,1910,0,190
active_lbfgs,15,435,model2B,4,-1118.0307,-300.95629,0,1200,0,-1118.0302,-300.93106,1,170,0,192
active_lbfgs,15,435,model3,0,-1156.4008,-261.33103,1,953,0,-1156.3969,-261.31153,1,474,0,184
active_lbfgs,15,435,model3,1,-1129.8821,-287.55654,0,1400,0,-1129.879,-287.54279,0,14000,0,186
active_lbfgs,15,435,model3,2,-1132.3721,-286.17816,1,745,0,-1132.324,-286.24279,1,1005,0,186
active_lbfgs,15,435,model3,3,-1127.6278,-291.28013,1,537,0,-1127.6278,-291.27998,1,158,0,190
active_lbfgs,15,435,model3,4,-1115.7897,-301.51528,0,1400,0,-1115.1607,-301.83559,1,5061,0,192
active_lbfgs,15,465,model2B,0,-1206.6461,-297.15621,1,970,0,-1206.6461,-297.15612,1,194,0,184
active_lbfgs,15,465,model2B,1,-1193.9196,-309.9431,1,921,0,-1193.9196,-309.94283,1,179,0,186
active_lbfgs,15,465,model2B,2,-1198.7997,-305.31827,1,1181,0,-1198.7997,-305.31827,1,172,0,186
active_lbfgs,15,465,model2B,3,-1195.5439,-308.83905,1,778,0,-1195.5439,-308.83907,1,180,0,190
active_lbfgs,15,465,model2B,4,-1212.7577,-291.32437,1,981,0,-1212.7577,-291.32441,1,163,0,192
active_lbfgs,15,465,model3,0,-1207.3302,-296.76025,1,1104,0,-1207.3302,-296.76019,1,222,0,184
active_lbfgs,15,465,model3,1,-1194.0364,-309.71914,0,1400,0,-1194.0357,-309.74326,1,759,0,186
active_lbfgs,15,465,model3,2,-1198.4394,-306.01959,0,1400,0,-1198.4394,-306.01965,1,235,0,186
active_lbfgs,15,465,model3,3,-1194.9544,-311.49227,0,1400,0,-1194.9543,-311.48377,1,204,0,190
active_lbfgs,15,465,model3,4,-1212.4307,-291.38441,0,1400,0,-1212.4304,-291.37828,1,467,0,192
active_lbfgs,15,495,model2B,0,-1221.3979,-318.94569,1,1186,0,-1221.3979,-318.94604,1,166,0,184
active_lbfgs,15,495,model2B,1,-1229.8927,-309.7025,1,630,0,-1229.8927,-309.70246,1,184,0,186
active_lbfgs,15,495,model2B,2,-1241.3529,-298.62952,1,959,0,-1241.3529,-298.6296,1,174,0,186
active_lbfgs,15,495,model2B,3,-1219.2457,-321.21155,1,724,0,-1219.2457,-321.21167,1,182,0,190
active_lbfgs,15,495,model2B,4,-1241.2474,-299.25896,1,804,0,-1241.2474,-299.25896,1,171,0,192
active_lbfgs,15,495,model3,0,-1221.8106,-318.01913,1,1136,0,-1221.8106,-318.0191,1,230,0,184
active_lbfgs,15,495,model3,1,-1229.1812,-310.18034,0,1400,0,-1229.0663,-310.38023,0,14000,0,186
active_lbfgs,15,495,model3,2,-1240.8276,-298.84303,0,1400,0,-1240.5442,-298.89284,0,14000,0,186
active_lbfgs,15,495,model3,3,-1218.8124,-322.24632,0,1400,0,-1218.7943,-322.27721,1,9747,0,190
active_lbfgs,15,495,model3,4,-1240.5421,-299.25072,0,1400,0,-1240.5379,-299.25383,1,1611,0,192
active_lbfgs,16,255,model2B,0,-973.00238,-243.88855,1,1009,0,-972.95682,-243.8637,0,14000,0,192
active_lbfgs,16,255,model2B,1,-960.29708,-257.35887,0,1200,0,-960.27118,-257.35295,0,14000,0,186
active_lbfgs,16,255,model2B,2,-969.09482,-247.82069,0,1200,0,-969.06034,-247.79108,0,14000,0,191
active_lbfgs,16,255,model2B,3,-984.95263,-232.47095,0,1200,0,-984.95108,-232.41783,1,1112,0,191
active_lbfgs,16,255,model2B,4,-976.19369,-240.52084,0,1200,0,-976.16096,-240.51353,1,8501,0,190
active_lbfgs,16,255,model3,0,-974.41372,-244.34113,0,1400,0,-974.26807,-244.36823,0,14000,0,192
active_lbfgs,16,255,model3,1,-961.49868,-257.9804,1,1215,0,-961.44312,-257.77249,1,6386,0,186
active_lbfgs,16,255,model3,2,-970.38272,-247.6683,0,1400,0,-970.29537,-247.62345,1,4017,0,191
active_lbfgs,16,255,model3,3,-985.61236,-232.87598,0,1400,0,-985.58932,-232.81655,1,4116,0,191
active_lbfgs,16,255,model3,4,-977.36268,-240.32449,0,1400,0,-977.33783,-240.30557,1,8190,0,190
active_lbfgs,16,285,model2B,0,-1025.9821,-253.05266,0,1200,0,-1025.948,-253.08112,0,14000,0,192
active_lbfgs,16,285,model2B,1,-1023.0511,-255.19793,0,1200,0,-1023.0129,-255.2593,0,14000,0,186
active_lbfgs,16,285,model2B,2,-1018.1647,-265.21901,0,1200,0,-1015.5531,-264.03459,1,958,0,191
active_lbfgs,16,285,model2B,3,-1008.92,-271.39074,0,1200,0,-1008.9147,-271.32325,1,380,0,191
active_lbfgs,16,285,model2B,4,-1034.6951,-246.16357,0,1200,0,-1033.5359,-245.33265,0,14000,0,190
active_lbfgs,16,285,model3,0,-1026.8616,-252.35323,0,1400,0,-1026.7238,-252.52292,0,14000,0,192
active_lbfgs,16,285,model3,1,-1023.2036,-255.53106,1,679,0,-1023.1756,-255.37096,0,14000,0,186
active_lbfgs,16,285,model3,2,-1016.5015,-263.89503,1,855,0,-1016.0835,-263.91972,0,14000,0,191
active_lbfgs,16,285,model3,3,-1008.2236,-271.83056,0,1400,0,-1008.2236,-271.82345,1,221,0,191
active_lbfgs,16,285,model3,4,-1032.7843,-247.18602,1,1153,0,-1032.7843,-247.18604,1,228,0,190
active_lbfgs,16,315,model2B,0,-1020.5604,-282.99795,1,734,0,-1020.1876,-283.96674,1,11798,0,192
active_lbfgs,16,315,model2B,1,-1056.5349,-244.90518,0,1200,0,-1056.4941,-244.81797,1,696,0,186
active_lbfgs,16,315,model2B,2,-1043.6104,-258.63272,1,1045,0,-1043.6104,-258.63268,1,170,0,191
active_lbfgs,16,315,model2B,3,-1031.7089,-271.47539,0,1200,0,-1031.7089,-271.47539,1,206,0,191
active_lbfgs,16,315,model2B,4,-1045.7504,-256.53349,0,1200,0,-1045.7503,-256.53662,1,461,0,190
active_lbfgs,16,315,model3,0,-1022.2987,-280.15303,0,1400,0,-1022.2232,-280.09349,1,11108,0,192
active_lbfgs,16,315,model3,1,-1056.6328,-244.69152,0,1400,0,-1056.6112,-244.67365,0,14000,0,186
active_lbfgs,16,315,model3,2,-1043.0625,-259.58178,0,1400,0,-1043.0169,-259.60004,1,13373,0,191
active_lbfgs,16,315,model3,3,-1032.046,-270.29164,0,1400,0,-1032.0293,-270.12036,0,14000,0,191
active_lbfgs,16,315,model3,4,-1046.3548,-256.05907,0,1400,0,-1046.3183,-256.05483,1,6164,0,190
active_lbfgs,16,435,model2B,0,-1057.3,-282.55783,1,768,0,-1057.0627,-283.36619,1,607,0,192
active_lbfgs,16,435,model2B,1,-1074.508,-262.82319,0,1200,0,-1074.5077,-262.82654,1,184,0,186
active_lbfgs,16,435,model2B,2,-1083.6944,-254.8579,1,941,0,-1083.3422,-254.83373,1,344,0,191
active_lbfgs,16,435,model2B,3,-1071.8599,-266.81626,1,1019,0,-1070.948,-267.40612,1,303,0,191
active_lbfgs,16,435,model2B,4,-1059.0127,-278.68205,1,1143,0,-1058.5492,-279.21294,1,364,0,190
active_lbfgs,16,435,model3,0,-1056.7903,-280.36467,0,1400,0,-1056.5862,-280.14058,0,14000,0,192
active_lbfgs,16,435,model3,1,-1072.3531,-262.43587,0,1400,0,-1072.3322,-262.4504,0,14000,0,186
active_lbfgs,16,435,model3,2,-1081.1708,-254.47311,0,1400,0,-1081.1429,-254.50946,0,14000,0,191
active_lbfgs,16,435,model3,3,-1068.4857,-267.28163,0,1400,0,-1068.4734,-267.24152,0,14000,0,191
active_lbfgs,16,435,model3,4,-1056.3244,-279.52778,1,780,0,-1056.311,-279.40506,0,14000,0,190
active_lbfgs,16,465,model2B,0,-1015.1181,-265.43494,0,1200,0,-1014.5891,-266.12601,1,554,0,192
active_lbfgs,16,465,model2B,1,-1023.5401,-256.48531,0,1200,0,-1023.5401,-256.48558,1,187,0,186
active_lbfgs,16,465,model2B,2,-1038.8199,-242.104,0,1200,0,-1038.4994,-241.86459,1,325,0,191
active_lbfgs,16,465,model2B,3,-1018.661,-261.0138,0,1200,0,-1018.66,-261.04991,1,295,0,191
active_lbfgs,16,465,model2B,4,-1017.9858,-261.77928,0,1200,0,-1017.8057,-261.8805,1,329,0,190
active_lbfgs,16,465,model3,0,-1012.2226,-265.44288,1,642,0,-1012.0923,-265.40126,0,14000,0,192
active_lbfgs,16,465,model3,1,-1021.7085,-255.27332,1,860,0,-1021.6804,-255.20524,1,11128,0,186
active_lbfgs,16,465,model3,2,-1036.7729,-241.04861,0,1400,0,-1036.7678,-241.03436,1,1664,0,191
active_lbfgs,16,465,model3,3,-1016.0258,-261.14822,1,553,0,-1015.9708,-261.07238,0,14000,0,191
active_lbfgs,16,465,model3,4,-1015.8391,-261.5692,1,720,0,-1015.8391,-261.56941,1,185,0,190
active_lbfgs,16,495,model2B,0,-1006.2051,-251.23301,0,1200,0,-997.72162,-249.85301,1,1397,0,192
active_lbfgs,16,495,model2B,1,-1001.086,-243.05059,1,1130,0,-1001.086,-243.05059,1,173,0,186
active_lbfgs,16,495,model2B,2,-985.10185,-260.38713,0,1200,0,-982.493,-261.42497,1,850,0,191
active_lbfgs,16,495,model2B,3,-1004.2647,-239.6089,1,923,0,-1003.6619,-239.60358,1,389,0,191
active_lbfgs,16,495,model2B,4,-986.59648,-257.55869,1,884,0,-986.51029,-257.22923,1,361,0,190
active_lbfgs,16,495,model3,0,-993.79694,-247.94611,1,727,0,-993.7407,-247.84456,1,8548,0,192
active_lbfgs,16,495,model3,1,-999.97074,-243.00924,0,1400,0,-999.59179,-242.69012,1,11599,0,186
active_lbfgs,16,495,model3,2,-981.59976,-260.05813,0,1400,0,-981.54539,-259.85038,1,4763,0,191
active_lbfgs,16,495,model3,3,-1002.1878,-239.87144,1,767,0,-1002.1431,-239.74755,0,14000,0,191
active_lbfgs,16,495,model3,4,-984.74709,-257.73546,1,808,0,-984.74594,-257.71973,1,11038,0,190
active_lbfgs,17,255,model2B,0,-948.58962,-240.58455,1,668,0,-948.58449,-240.62363,1,801,0,177
active_lbfgs,17,255,model2B,1,-955.83722,-232.47824,0,1200,0,-955.48178,-232.7804,1,1572,0,190
active_lbfgs,17,255,model2B,2,-958.69854,-229.98991,0,1200,0,-958.66961,-230.0731,0,14000,0,187
active_lbfgs,17,255,model2B,3,-922.38265,-267.19432,0,1200,0,-922.36849,-267.18301,1,232,0,191
active_lbfgs,17,255,model2B,4,-959.06709,-228.8754,0,1200,0,-958.96484,-228.82563,1,533,0,190
active_lbfgs,17,255,model3,0,-948.95438,-240.06544,0,1400,0,-948.90525,-240.22304,0,14000,0,177
active_lbfgs,17,255,model3,1,-955.1464,-233.43349,0,1400,0,-955.13304,-233.39782,0,14000,0,190
active_lbfgs,17,255,model3,2,-957.81787,-231.42422,0,1400,0,-957.80027,-231.17391,1,9909,0,187
active_lbfgs,17,255,model3,3,-922.20878,-267.19983,0,1400,0,-922.2042,-267.26379,0,14000,0,191
active_lbfgs,17,255,model3,4,-958.88125,-228.8328,1,841,0,-958.87821,-228.83199,1,10292,0,190
active_lbfgs,17,285,model2B,0,-1008.2734,-240.53363,1,1068,0,-1008.1028,-240.41756,1,849,0,177
active_lbfgs,17,285,model2B,1,-1003.9094,-245.47466,0,1200,0,-1001.9118,-245.54992,1,771,0,190
active_lbfgs,17,285,model2B,2,-954.32976,-299.40037,0,1200,0,-954.30792,-299.48861,1,1109,0,187
active_lbfgs,17,285,model2B,3,-1013.9482,-241.42218,0,1200,0,-1009.8338,-238.49321,1,869,0,191
active_lbfgs,17,285,model2B,4,-1007.0913,-240.91082,0,1200,0,-1007.0913,-240.91076,1,172,0,190
active_lbfgs,17,285,model3,0,-1005.9932,-241.20417,0,1400,0,-1005.7855,-241.68732,0,14000,0,177
active_lbfgs,17,285,model3,1,-999.59227,-246.71953,0,1400,0,-999.53978,-246.67397,0,14000,0,190
active_lbfgs,17,285,model3,2,-952.69328,-301.07437,1,917,0,-952.69328,-301.07432,1,202,0,187
active_lbfgs,17,285,model3,3,-1009.1525,-237.93568,0,1400,0,-1008.9252,-237.83574,1,535,0,191
active_lbfgs,17,285,model3,4,-1005.6009,-241.12677,0,1400,0,-1005.0106,-242.07096,1,13271,0,190
active_lbfgs,17,315,model2B,0,-1139.2918,-271.19161,0,1200,0,-1139.2918,-271.19225,1,165,0,177
active_lbfgs,17,315,model2B,1,-1131.3566,-277.98602,1,1135,0,-1131.3566,-277.98602,1,171,0,190
active_lbfgs,17,315,model2B,2,-1081.0963,-336.14175,0,1200,0,-1080.9513,-335.25064,1,773,0,187
active_lbfgs,17,315,model2B,3,-1141.6764,-268.69522,0,1200,0,-1141.6764,-268.69522,1,185,0,191
active_lbfgs,17,315,model2B,4,-1135.3252,-275.47012,0,1200,0,-1134.582,-275.34936,1,1064,0,190
active_lbfgs,17,315,model3,0,-1137.2461,-271.76618,1,658,0,-1137.2411,-271.80403,1,897,0,177
active_lbfgs,17,315,model3,1,-1130.0164,-277.81733,1,630,0,-1130.0152,-277.80583,1,10571,0,190
active_lbfgs,17,315,model3,2,-1079.6443,-334.41336,1,750,0,-1079.6443,-334.4133,1,210,0,187
active_lbfgs,17,315,model3,3,-1140.3465,-267.95079,0,1400,0,-1140.3454,-267.96096,1,405,0,191
active_lbfgs,17,315,model3,4,-1132.7673,-275.21714,0,1400,0,-1132.7092,-275.32688,1,845,0,190
active_lbfgs,17,435,model2B,0,-1225.7936,-323.67661,0,1200,0,-1224.6519,-323.02792,1,554,0,177
active_lbfgs,17,435,model2B,1,-1243.2806,-303.389,0,1200,0,-1243.0674,-303.35577,1,307,0,190
active_lbfgs,17,435,model2B,2,-1227.1256,-318.9069,1,1158,0,-1227.1256,-318.90692,1,211,0,187
active_lbfgs,17,435,model2B,3,-1241.0521,-304.85356,0,1200,0,-1241.011,-304.80851,1,262,0,191
active_lbfgs,17,435,model2B,4,-1242.4602,-304.02764,0,1200,0,-1242.4602,-304.02752,1,215,0,190
active_lbfgs,17,435,model3,0,-1222.56,-322.37506,1,595,0,-1222.56,-322.37503,1,219,0,177
active_lbfgs,17,435,model3,1,-1241.6282,-302.07457,1,462,0,-1241.6202,-302.07574,0,14000,0,190
active_lbfgs,17,435,model3,2,-1224.8032,-318.33524,0,1400,0,-1224.8015,-318.33777,0,14000,0,187
active_lbfgs,17,435,model3,3,-1239.4889,-304.20041,1,493,0,-1239.4811,-304.20924,0,14000,0,191
active_lbfgs,17,435,model3,4,-1240.6066,-303.09038,0,1400,0,-1240.6018,-303.11192,0,14000,0,190
active_lbfgs,17,465,model2B,0,-1152.7076,-314.08422,1,966,0,-1152.7076,-314.08394,1,174,0,177
active_lbfgs,17,465,model2B,1,-1175.2431,-289.15459,1,1186,0,-1175.2431,-289.15459,1,193,0,190
active_lbfgs,17,465,model2B,2,-1173.4829,-291.34603,1,1062,0,-1173.4829,-291.34603,1,217,0,187
active_lbfgs,17,465,model2B,3,-1167.5548,-297.03303,1,1051,0,-1167.5548,-297.03266,1,180,0,191
active_lbfgs,17,465,model2B,4,-1184.2175,-280.40906,0,1200,0,-1183.484,-281.70914,1,441,0,190
active_lbfgs,17,465,model3,0,-1147.9521,-315.84446,1,718,0,-1147.9521,-315.84151,1,372,0,177
active_lbfgs,17,465,model3,1,-1171.1663,-290.1515,1,543,0,-1170.6785,-290.48905,1,1242,0,190
active_lbfgs,17,465,model3,2,-1172.2537,-289.00264,1,670,0,-1172.1066,-288.99687,1,1928,0,187
active_lbfgs,17,465,model3,3,-1166.5179,-295.38329,1,606,0,-1166.493,-295.58421,1,1183,0,191
active_lbfgs,17,465,model3,4,-1181.6555,-280.28315,1,851,0,-1181.5928,-280.21715,1,1409,0,190
active_lbfgs,17,495,model2B,0,-1028.5209,-308.55525,0,1200,0,-1026.4514,-308.4274,1,839,0,177
active_lbfgs,17,495,model2B,1,-1067.9139,-259.79225,0,1200,0,-1067.7532,-259.96584,1,313,0,190
active_lbfgs,17,495,model2B,2,-1077.2574,-251.24571,0,1200,0,-1077.1893,-251.5216,1,372,0,187
active_lbfgs,17,495,model2B,3,-1065.0398,-263.15967,1,930,0,-1065.0398,-263.15961,1,189,0,191
active_lbfgs,17,495,model2B,4,-1065.4444,-262.40527,0,1200,0,-1065.4418,-262.41683,1,225,0,190
active_lbfgs,17,495,model3,0,-1024.7216,-305.48489,1,699,0,-1024.7164,-305.50846,0,14000,0,177
active_lbfgs,17,495,model3,1,-1065.0219,-260.14836,0,1400,0,-1065.0213,-260.14907,1,11925,0,190
active_lbfgs,17,495,model3,2,-1075.9573,-249.89253,0,1400,0,-1075.9548,-249.86787,1,493,0,187
active_lbfgs,17,495,model3,3,-1063.8013,-262.07005,1,1139,0,-1063.8013,-262.06998,1,216,0,191
active_lbfgs,17,495,model3,4,-1063.9879,-261.18113,0,1400,0,-1063.9877,-261.16643,1,428,0,190
active_lbfgs,18,255,model2B,0,-988.49096,-223.70335,0,1200,0,-988.47838,-223.70413,0,14000,0,191
active_lbfgs,18,255,model2B,1,-946.71842,-266.59634,1,1106,0,-946.71842,-266.59634,1,177,0,191
active_lbfgs,18,255,model2B,2,-966.35113,-245.62924,0,1200,0,-966.32469,-245.82098,0,14000,0,189
active_lbfgs,18,255,model2B,3,-978.86424,-233.02333,1,1062,0,-978.86424,-233.02333,1,192,0,192
active_lbfgs,18,255,model2B,4,-962.22888,-249.43657,0,1200,0,-962.02368,-249.77648,1,11621,0,192
active_lbfgs,18,255,model3,0,-988.42494,-223.76539,0,1400,0,-988.34144,-223.60303,1,1334,0,191
active_lbfgs,18,255,model3,1,-946.12512,-266.79137,0,1400,0,-946.12209,-266.74891,1,543,0,191
active_lbfgs,18,255,model3,2,-966.65675,-245.207,0,1400,0,-966.49786,-245.23091,1,5043,0,189
active_lbfgs,18,255,model3,3,-978.53383,-233.09234,1,1399,0,-978.53383,-233.09234,1,201,0,192
active_lbfgs,18,255,model3,4,-961.74755,-250.02112,0,1400,0,-961.51432,-250.04846,0,14000,0,192
active_lbfgs,18,285,model2B,0,-1030.2031,-241.26723,0,1200,0,-1030.1315,-241.23897,0,14000,0,191
active_lbfgs,18,285,model2B,1,-976.60106,-300.83119,0,1200,0,-976.39794,-301.5852,1,1905,0,191
active_lbfgs,18,285,model2B,2,-1025.9097,-246.53555,0,1200,0,-1024.952,-246.20598,0,14000,0,189
active_lbfgs,18,285,model2B,3,-1036.8159,-235.01116,0,1200,0,-1036.7931,-235.00672,1,3203,0,192
active_lbfgs,18,285,model2B,4,-1008.8487,-262.47783,0,1200,0,-1008.77,-262.47351,0,14000,0,192
active_lbfgs,18,285,model3,0,-1031.4568,-240.6572,0,1400,0,-1031.3836,-240.62759,0,14000,0,191
active_lbfgs,18,285,model3,1,-976.90293,-298.63012,0,1400,0,-976.8933,-298.62167,0,14000,0,191
active_lbfgs,18,285,model3,2,-1025.9572,-245.88251,0,1400,0,-1025.9089,-245.86595,0,14000,0,189
active_lbfgs,18,285,model3,3,-1036.8781,-235.70811,0,1400,0,-1036.8436,-235.67687,0,14000,0,192
active_lbfgs,18,285,model3,4,-1010.5372,-261.36602,0,1400,0,-1010.4975,-261.35856,1,9920,0,192
active_lbfgs,18,315,model2B,0,-1026.346,-255.06451,1,657,0,-1026.3459,-255.06973,1,223,0,191
active_lbfgs,18,315,model2B,1,-1016.6847,-266.45871,1,1049,0,-1016.6847,-266.45854,1,196,0,191
active_lbfgs,18,315,model2B,2,-1017.8626,-263.82984,0,1200,0,-1017.8626,-263.82563,1,184,0,189
active_lbfgs,18,315,model2B,3,-1033.0251,-248.18388,0,1200,0,-1033.0251,-248.18242,1,187,0,192
active_lbfgs,18,315,model2B,4,-1024.5101,-256.39614,1,1096,0,-1024.5101,-256.39614,1,170,0,192
active_lbfgs,18,315,model3,0,-1026.4572,-255.07702,0,1400,0,-1026.418,-255.13525,1,3432,0,191
active_lbfgs,18,315,model3,1,-1018.1342,-264.14887,0,1400,0,-1018.134,-264.1482,1,3636,0,191
active_lbfgs,18,315,model3,2,-1017.5064,-263.96721,1,1348,0,-1017.5064,-263.96721,1,238,0,189
active_lbfgs,18,315,model3,3,-1032.6935,-248.60735,0,1400,0,-1032.6935,-248.60738,1,206,0,192
active_lbfgs,18,315,model3,4,-1024.9525,-256.5483,0,1400,0,-1024.9118,-256.54965,0,14000,0,192
active_lbfgs,18,435,model2B,0,-1052.0776,-246.65657,0,1200,0,-1052.0776,-246.65659,1,152,0,191
active_lbfgs,18,435,model2B,1,-1027.6671,-270.43826,1,835,0,-1027.6671,-270.43852,1,181,0,191
active_lbfgs,18,435,model2B,2,-1042.9039,-254.83672,0,1200,0,-1042.8757,-254.95072,1,255,0,189
active_lbfgs,18,435,model2B,3,-1048.3234,-249.98249,0,1200,0,-1048.0186,-249.89671,1,678,0,192
active_lbfgs,18,435,model2B,4,-1015.6929,-282.90429,0,1200,0,-1015.626,-283.05139,1,345,0,192
active_lbfgs,18,435,model3,0,-1052.1929,-245.72351,0,1400,0,-1052.1796,-245.87107,1,12725,0,191
active_lbfgs,18,435,model3,1,-1026.5183,-270.77953,1,545,0,-1025.7895,-271.04405,1,6060,0,191
active_lbfgs,18,435,model3,2,-1041.7407,-254.87712,0,1400,0,-1041.7347,-254.87748,0,14000,0,189
active_lbfgs,18,435,model3,3,-1048.0287,-249.35745,0,1400,0,-1048.0287,-249.35744,1,374,0,192
active_lbfgs,18,435,model3,4,-1014.9145,-283.72585,1,615,0,-1014.9141,-283.73082,1,13661,0,192
active_lbfgs,18,465,model2B,0,-1003.7354,-260.34332,0,1200,0,-1003.7352,-260.3562,1,158,0,191
active_lbfgs,18,465,model2B,1,-1009.729,-253.66489,1,1125,0,-1009.729,-253.66477,1,188,0,191
active_lbfgs,18,465,model2B,2,-1013.7067,-250.61802,0,1200,0,-1012.7918,-250.81715,1,523,0,189
active_lbfgs,18,465,model2B,3,-1023.5513,-239.90167,0,1200,0,-1023.5352,-240.02373,1,295,0,192
active_lbfgs,18,465,model2B,4,-999.23257,-264.19259,1,1016,0,-999.23195,-264.21585,1,242,0,192
active_lbfgs,18,465,model3,0,-1003.4485,-260.86815,0,1400,0,-1003.4472,-260.93096,1,756,0,191
active_lbfgs,18,465,model3,1,-1009.0834,-254.62678,1,696,0,-1008.5867,-254.38019,1,1567,0,191
active_lbfgs,18,465,model3,2,-1012.8592,-250.90864,1,872,0,-1012.2452,-250.54034,1,1775,0,189
active_lbfgs,18,465,model3,3,-1023.6339,-239.58445,1,1252,0,-1023.6339,-239.58445,1,240,0,192
active_lbfgs,18,465,model3,4,-999.28074,-263.61214,0,1400,0,-999.28074,-263.61201,1,332,0,192
active_lbfgs,18,495,model2B,0,-890.14152,-229.03518,1,1074,0,-890.14152,-229.03472,1,173,0,191
active_lbfgs,18,495,model2B,1,-888.80488,-229.46302,0,1200,0,-888.80488,-229.46251,1,172,0,191
active_lbfgs,18,495,model2B,2,-902.03974,-216.55414,1,1050,0,-902.03974,-216.55414,1,165,0,189
active_lbfgs,18,495,model2B,3,-903.44386,-214.74346,0,1200,0,-903.26125,-214.88266,1,329,0,192
active_lbfgs,18,495,model2B,4,-884.1501,-235.27796,0,1200,0,-884.00018,-235.3181,1,363,0,192
active_lbfgs,18,495,model3,0,-890.4442,-229.71317,0,1400,0,-890.44415,-229.70966,1,243,0,191
active_lbfgs,18,495,model3,1,-888.47732,-229.15674,0,1400,0,-888.37135,-229.18396,1,2556,0,191
active_lbfgs,18,495,model3,2,-902.35051,-216.03858,0,1400,0,-902.17948,-215.82486,0,14000,0,189
active_lbfgs,18,495,model3,3,-903.45513,-214.41843,0,1400,0,-903.246,-214.28202,0,14000,0,192
active_lbfgs,18,495,model3,4,-882.83572,-235.9226,0,1400,0,-882.56838,-236.1272,0,14000,0,192
active_lbfgs,19,255,model2B,0,-1038.1957,-285.58936,0,1200,0,-1038.1957,-285.58936,1,189,0,180
active_lbfgs,19,255,model2B,1,-1046.7827,-276.51603,0,1200,0,-1046.7827,-276.51651,1,187,0,182
active_lbfgs,19,255,model2B,2,-1075.6535,-248.41525,1,941,0,-1075.6535,-248.41525,1,186,0,186
active_lbfgs,19,255,model2B,3,-1064.8197,-258.44116,1,1115,0,-1064.8197,-258.44116,1,182,0,187
active_lbfgs,19,255,model2B,4,-1059.0821,-263.63187,1,986,0,-1059.0821,-263.63187,1,183,0,182
active_lbfgs,19,255,model3,0,-1039.0039,-285.19227,1,828,0,-1038.6658,-285.18011,0,14000,0,180
active_lbfgs,19,255,model3,1,-1048.871,-274.49627,1,721,0,-1047.755,-275.6141,1,9053,0,182
active_lbfgs,19,255,model3,2,-1075.4094,-248.91745,1,700,0,-1075.4059,-248.9485,1,634,0,186
active_lbfgs,19,255,model3,3,-1064.0601,-259.53273,1,744,0,-1063.883,-259.76986,1,1092,0,187
active_lbfgs,19,255,model3,4,-1058.7998,-264.26524,1,748,0,-1058.4263,-264.43736,0,14000,0,182
active_lbfgs,19,285,model2B,0,-1108.3978,-288.05365,0,1200,0,-1108.0024,-288.01453,1,376,0,180
active_lbfgs,19,285,model2B,1,-1112.5844,-284.34296,0,1200,0,-1111.2996,-284.27072,1,1721,0,182
active_lbfgs,19,285,model2B,2,-1128.4161,-267.30408,1,845,0,-1128.3819,-267.56148,1,237,0,186
active_lbfgs,19,285,model2B,3,-1116.2819,-278.74071,0,1200,0,-1116.2819,-278.74089,1,179,0,187
active_lbfgs,19,285,model2B,4,-1112.8686,-283.2558,0,1200,0,-1112.1392,-283.03386,1,1571,0,182
active_lbfgs,19,285,model3,0,-1108.9042,-288.96701,0,1400,0,-1108.8981,-288.86538,1,710,0,180
active_lbfgs,19,285,model3,1,-1113.1322,-284.07238,0,1400,0,-1112.749,-284.23073,1,6407,0,182
active_lbfgs,19,285,model3,2,-1128.7972,-268.07616,0,1400,0,-1128.6468,-267.97596,1,1932,0,186
active_lbfgs,19,285,model3,3,-1117.3184,-279.03122,0,1400,0,-1117.3103,-279.03209,0,14000,0,187
active_lbfgs,19,285,model3,4,-1113.049,-283.42371,0,1400,0,-1112.9992,-283.47513,0,14000,0,182
active_lbfgs,19,315,model2B,0,-1163.7539,-303.09811,0,1200,0,-1163.1182,-303.45366,1,999,0,180
active_lbfgs,19,315,model2B,1,-1170.7748,-294.32855,0,1200,0,-1170.7748,-294.32852,1,184,0,182
active_lbfgs,19,315,model2B,2,-1188.8051,-276.93042,1,955,0,-1188.8051,-276.93042,1,174,0,186
active_lbfgs,19,315,model2B,3,-1168.9217,-296.06669,1,777,0,-1168.9217,-296.06666,1,165,0,187
active_lbfgs,19,315,model2B,4,-1161.7973,-303.26608,1,976,0,-1161.7973,-303.26569,1,178,0,182
active_lbfgs,19,315,model3,0,-1163.1236,-304.56558,0,1400,0,-1162.1665,-304.34999,1,2071,0,180
active_lbfgs,19,315,model3,1,-1171.5848,-292.83296,0,1400,0,-1171.4992,-292.98541,1,1348,0,182
active_lbfgs,19,315,model3,2,-1187.831,-277.44915,0,1400,0,-1187.8286,-277.36653,1,297,0,186
active_lbfgs,19,315,model3,3,-1168.3061,-296.24991,0,1400,0,-1168.3008,-296.28572,1,902,0,187
active_lbfgs,19,315,model3,4,-1161.6255,-303.39329,1,1247,0,-1161.5955,-303.42632,1,2477,0,182
active_lbfgs,19,435,model2B,0,-1382.0396,-368.84393,1,930,0,-1382.0396,-368.84393,1,202,0,180
active_lbfgs,19,435,model2B,1,-1399.3297,-348.74584,1,977,0,-1399.3297,-348.74584,1,198,0,182
active_lbfgs,19,435,model2B,2,-1403.4804,-344.94184,1,704,0,-1403.4804,-344.94174,1,186,0,186
active_lbfgs,19,435,model2B,3,-1397.399,-351.55556,0,1200,0,-1397.399,-351.55123,1,188,0,187
active_lbfgs,19,435,model2B,4,-1403.362,-344.62188,0,1200,0,-1403.362,-344.62156,1,176,0,182
active_lbfgs,19,435,model3,0,-1380.7824,-364.57088,0,1400,0,-1380.7728,-364.56157,0,14000,0,180
active_lbfgs,19,435,model3,1,-1392.867,-349.94571,1,586,0,-1392.867,-349.94585,1,200,0,182
active_lbfgs,19,435,model3,2,-1395.5261,-347.10745,1,550,0,-1395.5233,-347.10941,1,9290,0,186
active_lbfgs,19,435,model3,3,-1394.4437,-348.23187,1,568,0,-1394.4433,-348.23087,1,12463,0,187
active_lbfgs,19,435,model3,4,-1397.3662,-344.41553,1,502,0,-1397.361,-344.42331,0,14000,0,182
active_lbfgs,19,465,model2B,0,-1371.404,-366.28359,0,1200,0,-1371.3461,-365.96332,1,349,0,180
active_lbfgs,19,465,model2B,1,-1400.6164,-334.55382,0,1200,0,-1400.6164,-334.55367,1,194,0,182
active_lbfgs,19,465,model2B,2,-1394.4583,-341.33792,1,951,0,-1394.4583,-341.33823,1,203,0,186
active_lbfgs,19,465,model2B,3,-1381.1726,-354.03151,1,905,0,-1381.1726,-354.03151,1,197,0,187
active_lbfgs,19,465,model2B,4,-1387.0666,-348.14333,0,1200,0,-1387.0666,-348.14361,1,196,0,182
active_lbfgs,19,465,model3,0,-1365.2289,-359.82882,1,590,0,-1365.2246,-359.83684,0,14000,0,180
active_lbfgs,19,465,model3,1,-1389.2192,-333.13191,1,519,0,-1389.2192,-333.13207,1,220,0,182
active_lbfgs,19,465,model3,2,-1381.8291,-340.9166,1,466,0,-1381.7971,-340.90362,1,2496,0,186
active_lbfgs,19,465,model3,3,-1370.407,-351.9702,1,392,0,-1370.407,-351.97018,1,218,0,187
active_lbfgs,19,465,model3,4,-1376.411,-345.95692,1,660,0,-1376.411,-345.95696,1,216,0,182
active_lbfgs,19,495,model2B,0,-1311.4485,-361.48997,0,1200,0,-1311.4485,-361.49233,1,192,0,180
active_lbfgs,19,495,model2B,1,-1351.2198,-320.69948,0,1200,0,-1350.2014,-320.50055,1,352,0,182
active_lbfgs,19,495,model2B,2,-1344.3051,-329.71976,0,1200,0,-1342.3644,-329.06154,1,465,0,186
active_lbfgs,19,495,model2B,3,-1330.4971,-340.04554,1,946,0,-1330.4971,-340.04554,1,177,0,187
active_lbfgs,19,495,model2B,4,-1342.6011,-328.59567,1,933,0,-1342.6011,-328.59537,1,184,0,182
active_lbfgs,19,495,model3,0,-1308.4339,-353.62681,1,1032,0,-1308.3209,-354.28048,1,1643,0,180
active_lbfgs,19,495,model3,1,-1339.0217,-320.44225,1,738,0,-1338.5924,-320.5602,1,1659,0,182
active_lbfgs,19,495,model3,2,-1330.9726,-328.88301,1,506,0,-1330.7059,-328.97698,1,2227,0,186
active_lbfgs,19,495,model3,3,-1317.9308,-341.3653,1,510,0,-1316.6452,-342.64638,1,1645,0,187
active_lbfgs,19,495,model3,4,-1334.9836,-324.97142,1,482,0,-1334.9269,-324.85825,1,1669,0,182
active_lbfgs,20,255,model2B,0,-1000.1821,-237.99214,0,1200,0,-1000.1821,-237.99214,1,187,0,187
active_lbfgs,20,255,model2B,1,-970.03342,-269.41955,1,841,0,-970.03207,-269.46169,1,614,0,188
active_lbfgs,20,255,model2B,2,-989.47148,-249.569,0,1200,0,-989.42245,-249.55065,1,307,0,189
active_lbfgs,20,255,model2B,3,-994.39864,-244.08838,0,1200,0,-994.39676,-244.13918,1,349,0,185
active_lbfgs,20,255,model2B,4,-991.58344,-246.41571,0,1200,0,-991.58331,-246.42594,1,138,0,186
active_lbfgs,20,255,model3,0,-1000.7474,-237.58969,0,1400,0,-1000.7337,-237.60262,0,14000,0,187
active_lbfgs,20,255,model3,1,-970.6109,-268.93613,0,1400,0,-970.59151,-268.8902,0,14000,0,188
active_lbfgs,20,255,model3,2,-989.9426,-248.9338,0,1400,0,-989.86276,-249.2785,1,495,0,189
active_lbfgs,20,255,model3,3,-994.48985,-244.32961,0,1400,0,-994.46388,-244.30437,0,14000,0,185
active_lbfgs,20,255,model3,4,-991.98725,-246.46685,0,1400,0,-991.8133,-246.49262,0,14000,0,186
active_lbfgs,20,285,model2B,0,-1105.997,-255.46954,1,732,0,-1105.6956,-254.92653,1,335,0,187
active_lbfgs,20,285,model2B,1,-1073.303,-287.1726,1,1065,0,-1073.303,-287.1726,1,194,0,188
active_lbfgs,20,285,model2B,2,-1071.2085,-291.84118,1,996,0,-1071.2085,-291.84092,1,205,0,189
active_lbfgs,20,285,model2B,3,-1088.6114,-271.91925,0,1200,0,-1088.6114,-271.91823,1,178,0,185
active_lbfgs,20,285,model2B,4,-1095.3457,-264.99699,0,1200,0,-1095.3456,-264.99041,1,217,0,186
active_lbfgs,20,285,model3,0,-1104.878,-254.29841,1,1262,0,-1104.878,-254.2985,1,224,0,187
active_lbfgs,20,285,model3,1,-1070.8147,-288.57884,1,568,0,-1070.7219,-288.74926,1,1452,0,188
active_lbfgs,20,285,model3,2,-1071.5626,-288.84005,1,1242,0,-1071.5626,-288.84008,1,236,0,189
active_lbfgs,20,285,model3,3,-1087.3393,-271.43547,1,876,0,-1087.3391,-271.43969,1,1155,0,185
active_lbfgs,20,285,model3,4,-1094.6852,-264.21992,0,1400,0,-1094.6852,-264.21475,1,218,0,186
active_lbfgs,20,315,model2B,0,-1054.1395,-248.32123,1,1127,0,-1054.1395,-248.3212,1,202,0,187
active_lbfgs,20,315,model2B,1,-1029.2436,-272.52593,0,1200,0,-1029.2436,-272.52558,1,149,0,188
active_lbfgs,20,315,model2B,2,-1032.3145,-270.94803,1,1145,0,-1032.3145,-270.94803,1,178,0,189
active_lbfgs,20,315,model2B,3,-1047.8463,-254.43152,1,1103,0,-1047.8463,-254.43164,1,195,0,185
active_lbfgs,20,315,model2B,4,-1038.0476,-263.96167,1,1192,0,-1038.0476,-263.96167,1,163,0,186
active_lbfgs,20,315,model3,0,-1053.6021,-248.11957,0,1400,0,-1052.3992,-249.15232,1,2465,0,187
active_lbfgs,20,315,model3,1,-1028.4428,-272.49961,1,847,0,-1028.4427,-272.50192,1,363,0,188
active_lbfgs,20,315,model3,2,-1033.5637,-268.17215,0,1400,0,-1033.4729,-268.34231,1,1778,0,189
active_lbfgs,20,315,model3,3,-1046.4656,-254.7916,0,1400,0,-1046.4655,-254.79677,1,6941,0,185
active_lbfgs,20,315,model3,4,-1036.6436,-264.35847,0,1400,0,-1036.6098,-264.60903,1,675,0,186
active_lbfgs,20,435,model2B,0,-936.87373,-204.03807,0,1200,0,-936.78357,-204.1014,1,1079,0,187
active_lbfgs,20,435,model2B,1,-913.60661,-226.32586,0,1200,0,-913.54813,-226.14847,1,832,0,188
active_lbfgs,20,435,model2B,2,-900.50017,-239.7847,0,1200,0,-900.29864,-239.77557,1,671,0,189
active_lbfgs,20,435,model2B,3,-894.92757,-245.74493,0,1200,0,-894.79018,-246.5708,1,322,0,185
active_lbfgs,20,435,model2B,4,-907.78959,-232.15393,0,1200,0,-907.78954,-232.15934,1,281,0,186
active_lbfgs,20,435,model3,0,-936.33142,-203.44515,1,788,0,-936.33142,-203.4451,1,184,0,187
active_lbfgs,20,435,model3,1,-912.17901,-226.29074,0,1400,0,-911.94841,-226.73098,1,771,0,188
active_lbfgs,20,435,model3,2,-899.93255,-239.79483,0,1400,0,-899.89513,-239.92862,1,554,0,189
active_lbfgs,20,435,model3,3,-894.82621,-244.82553,1,861,0,-894.54676,-245.19412,1,2721,0,185
active_lbfgs,20,435,model3,4,-906.5282,-232.23275,1,1015,0,-906.17581,-232.69985,1,1146,0,186
active_lbfgs,20,465,model2B,0,-962.27919,-203.63638,0,1200,0,-962.23027,-203.66188,0,14000,0,187
active_lbfgs,20,465,model2B,1,-938.42063,-226.14754,0,1200,0,-938.40349,-226.15232,0,14000,0,188
active_lbfgs,20,465,model2B,2,-916.58847,-248.58547,0,1200,0,-916.54976,-248.58485,0,14000,0,189
active_lbfgs,20,465,model2B,3,-903.16395,-263.09376,1,720,0,-903.11066,-263.04452,0,14000,0,185
active_lbfgs,20,465,model2B,4,-931.75146,-232.93649,1,962,0,-931.74936,-232.90966,1,12220,0,186
active_lbfgs,20,465,model3,0,-962.3458,-203.57681,0,1400,0,-962.34316,-203.5651,1,8591,0,187
active_lbfgs,20,465,model3,1,-938.56623,-226.04884,1,997,0,-938.51993,-226.03646,0,14000,0,188
active_lbfgs,20,465,model3,2,-916.26947,-248.91161,0,1400,0,-916.25221,-248.91807,0,14000,0,189
active_lbfgs,20,465,model3,3,-903.30085,-263.50977,0,1400,0,-903.11938,-263.78817,1,9995,0,185
active_lbfgs,20,465,model3,4,-931.05858,-234.17976,1,863,0,-930.81343,-234.611,1,3933,0,186
active_lbfgs,20,495,model2B,0,-933.69352,-203.29212,0,1200,0,-933.6647,-203.29514,1,10358,0,187
active_lbfgs,20,495,model2B,1,-915.56538,-220.83944,0,1200,0,-915.53418,-220.79316,0,14000,0,188
active_lbfgs,20,495,model2B,2,-902.18996,-233.98941,0,1200,0,-902.17804,-233.97198,0,14000,0,189
active_lbfgs,20,495,model2B,3,-878.85375,-258.8878,0,1200,0,-878.84851,-258.89515,1,4584,0,185
active_lbfgs,20,495,model2B,4,-907.54306,-229.48447,1,1192,0,-906.61614,-231.13376,1,4471,0,186
active_lbfgs,20,495,model3,0,-934.75695,-203.10243,0,1400,0,-934.69112,-203.05769,0,14000,0,187
active_lbfgs,20,495,model3,1,-915.84822,-221.36944,0,1400,0,-915.73772,-221.3279,0,14000,0,188
active_lbfgs,20,495,model3,2,-902.55445,-234.33621,0,1400,0,-902.41778,-234.4379,0,14000,0,189
active_lbfgs,20,495,model3,3,-879.87956,-258.64766,1,1131,0,-879.48904,-258.57761,1,4576,0,185
active_lbfgs,20,495,model3,4,-903.7518,-232.51989,1,1145,0,-903.38375,-232.79714,1,1508,0,186
passive,1,255,model2B,0,-729.78687,-242.47939,0,1200,0,-729.26011,-243.43934,1,3984,0,171
passive,1,255,model2B,1,-788.80837,-178.0545,0,1200,0,-786.87054,-178.69994,1,3920,0,167
passive,1,255,model2B,2,-759.31218,-207.49896,0,1200,0,-758.50643,-207.12305,1,1582,0,186
passive,1,255,model2B,3,-782.04275,-184.49951,1,990,0,-781.69571,-184.05199,1,1428,0,186
passive,1,255,model2B,4,-796.43759,-170.55368,0,1200,0,-795.69564,-170.96776,1,3544,0,183
passive,1,255,model3,0,-729.67885,-241.36725,0,1400,0,-728.65159,-242.44113,1,5694,0,171
passive,1,255,model3,1,-787.73041,-177.91853,1,1152,0,-785.3425,-178.11548,1,2838,0,167
passive,1,255,model3,2,-759.3368,-207.09715,0,1400,0,-758.70028,-206.90387,1,1362,0,186
passive,1,255,model3,3,-782.33888,-184.50981,1,1231,0,-781.65264,-184.06525,0,14000,0,186
passive,1,255,model3,4,-797.72291,-170.12249,0,1400,0,-797.23673,-169.88757,1,2608,0,183
passive,1,285,model2B,0,-668.92994,-243.06153,0,1200,0,-667.46681,-245.33982,1,2665,0,171
passive,1,285,model2B,1,-740.4901,-161.66239,0,1200,0,-740.40167,-161.52658,1,7288,0,167
passive,1,285,model2B,2,-698.30962,-204.19473,0,1200,0,-697.84555,-204.13434,1,766,0,186
passive,1,285,model2B,3,-742.47755,-163.33826,0,1200,0,-740.1153,-164.69547,1,3928,0,186
passive,1,285,model2B,4,-753.52626,-152.45685,0,1200,0,-753.5195,-152.49665,1,2047,0,183
passive,1,285,model3,0,-664.21102,-247.771,0,1400,0,-662.70638,-249.37286,1,922,0,171
passive,1,285,model3,1,-742.42823,-160.39037,1,1385,0,-742.40876,-160.34496,1,1912,0,167
passive,1,285,model3,2,-698.29357,-204.7383,0,1400,0,-698.24243,-204.62551,0,14000,0,186
passive,1,285,model3,3,-740.54174,-163.10564,0,1400,0,-740.54174,-163.10564,1,397,0,186
passive,1,285,model3,4,-751.66501,-152.77662,0,1400,0,-751.66501,-152.77662,1,400,0,183
passive,1,315,model2B,0,-646.18766,-214.44813,0,1200,0,-645.48736,-214.63922,1,1912,0,171
passive,1,315,model2B,1,-681.94241,-172.77565,0,1200,0,-681.94154,-172.77474,1,4400,0,167
passive,1,315,model2B,2,-671.48531,-181.78358,0,1200,0,-670.84835,-182.09916,1,3475,0,186
passive,1,315,model2B,3,-703.40531,-151.05305,0,1200,0,-703.08272,-150.90199,1,3598,0,186
passive,1,315,model2B,4,-704.1409,-150.12354,0,1200,0,-703.75704,-150.0601,1,2619,0,183
passive,1,315,model3,0,-644.2178,-213.57621,0,1400,0,-640.90717,-213.52073,1,2176,0,171
passive,1,315,model3,1,-681.70826,-171.72956,0,1400,0,-680.78462,-170.68589,0,14000,0,167
passive,1,315,model3,2,-670.86362,-182.24421,0,1400,0,-670.86184,-182.24363,1,6532,0,186
passive,1,315,model3,3,-703.22045,-150.75153,1,1198,0,-701.61492,-150.53116,1,11408,0,186
passive,1,315,model3,4,-704.67108,-150.23904,0,1400,0,-704.66599,-150.1842,1,2958,0,183
passive,1,435,model2B,0,-884.48112,-246.17447,0,1200,0,-884.47736,-246.19264,1,2317,0,171
passive,1,435,model2B,1,-888.53869,-237.38228,0,1200,0,-888.52706,-237.47137,1,1674,0,167
passive,1,435,model2B,2,-908.0914,-219.35111,0,1200,0,-906.00613,-218.91585,1,5791,0,186
passive,1,435,model2B,3,-913.07356,-214.32871,0,1200,0,-910.44728,-214.38036,1,4032,0,186
passive,1,435,model2B,4,-908.03794,-219.06502,1,926,0,-907.23317,-218.92091,1,1366,0,183
passive,1,435,model3,0,-882.52359,-244.36059,0,1400,0,-881.72381,-244.07241,1,1295,0,171
passive,1,435,model3,1,-888.47429,-237.31044,0,1400,0,-885.14751,-237.24259,1,11391,0,167
passive,1,435,model3,2,-905.37575,-219.59015,0,1400,0,-905.37555,-219.59175,1,351,0,186
passive,1,435,model3,3,-910.95821,-215.39025,0,1400,0,-909.64,-215.21147,1,1119,0,186
passive,1,435,model3,4,-902.98189,-221.23329,0,1400,0,-902.47844,-221.15737,1,1446,0,183
passive,1,465,model2B,0,-918.27007,-252.71361,0,1200,0,-917.96489,-252.17008,1,1475,0,171
passive,1,465,model2B,1,-937.34137,-232.89911,0,1200,0,-935.75892,-230.78204,1,3692,0,167
passive,1,465,model2B,2,-942.08099,-224.6122,0,1200,0,-941.29359,-224.93286,1,4557,0,186
passive,1,465,model2B,3,-938.1658,-229.76192,0,1200,0,-935.72929,-229.73371,1,3995,0,186
passive,1,465,model2B,4,-928.29363,-237.13087,0,1200,0,-928.21468,-237.07389,1,1465,0,183
passive,1,465,model3,0,-915.39124,-251.63547,1,1212,0,-915.38523,-251.63739,1,3220,0,171
passive,1,465,model3,1,-935.59367,-230.62037,0,1400,0,-935.58549,-230.57108,1,7554,0,167
passive,1,465,model3,2,-939.64637,-226.11006,1,1211,0,-939.646,-226.15103,1,396,0,186
passive,1,465,model3,3,-934.35338,-229.7801,0,1400,0,-934.10108,-229.75859,0,14000,0,186
passive,1,465,model3,4,-928.54724,-237.06364,0,1400,0,-928.52133,-236.98381,1,4909,0,183
passive,1,495,model2B,0,-901.84663,-238.81212,0,1200,0,-901.70377,-238.93152,1,411,0,171
passive,1,495,model2B,1,-913.32001,-229.04228,0,1200,0,-913.26384,-229.20818,1,1800,0,167
passive,1,495,model2B,2,-912.57973,-228.93077,1,1075,0,-912.46916,-229.15673,1,6079,0,186
passive,1,495,model2B,3,-915.21492,-225.71514,0,1200,0,-914.83738,-226.22641,0,14000,0,186
passive,1,495,model2B,4,-917.42288,-225.34719,0,1200,0,-914.60826,-225.78307,1,1448,0,183
passive,1,495,model3,0,-903.36753,-239.22153,1,1017,0,-903.09003,-239.39813,1,10133,0,171
passive,1,495,model3,1,-912.75156,-229.45001,1,1269,0,-912.69521,-229.36659,0,14000,0,167
passive,1,495,model3,2,-912.62948,-229.3963,0,1400,0,-912.61505,-229.46429,1,535,0,186
passive,1,495,model3,3,-916.51113,-224.93956,0,1400,0,-916.47682,-225.05411,1,661,0,186
passive,1,495,model3,4,-916.62158,-225.0988,0,1400,0,-916.59591,-225.05492,1,6971,0,183
passive,2,255,model2B,0,-834.97205,-233.9781,0,1200,0,-834.87978,-234.05628,1,2835,0,132
passive,2,255,model2B,1,-852.81341,-208.78599,0,1200,0,-851.02098,-208.1986,1,9156,0,181
passive,2,255,model2B,2,-833.05688,-228.3748,0,1200,0,-832.22023,-228.01244,1,1895,0,174
passive,2,255,model2B,3,-892.67295,-169.62355,0,1200,0,-890.9589,-169.59599,1,2361,0,165
passive,2,255,model2B,4,-867.9639,-194.97183,0,1200,0,-865.4279,-195.14978,1,7586,0,184
passive,2,255,model3,0,-833.59273,-235.28279,0,1400,0,-833.43306,-235.02066,1,1677,0,132
passive,2,255,model3,1,-852.70696,-208.93476,0,1400,0,-850.92012,-209.067,1,7158,0,181
passive,2,255,model3,2,-830.96769,-222.46285,0,1400,0,-830.87462,-222.18202,1,7567,0,174
passive,2,255,model3,3,-893.47161,-169.83033,0,1400,0,-891.79593,-169.64434,1,7464,0,165
passive,2,255,model3,4,-867.49316,-194.95748,0,1400,0,-865.39789,-195.87044,1,2727,0,184
passive,2,285,model2B,0,-926.66916,-206.76252,0,1200,0,-926.63739,-206.81817,0,14000,0,132
passive,2,285,model2B,1,-895.97246,-236.12969,1,1153,0,-895.09571,-237.05899,1,2431,0,181
passive,2,285,model2B,2,-900.98001,-231.68465,1,914,0,-900.96778,-231.70166,0,14000,0,174
passive,2,285,model2B,3,-942.50781,-190.30771,0,1200,0,-941.88713,-190.36238,0,14000,0,165
passive,2,285,model2B,4,-910.16544,-221.90312,0,1200,0,-910.09097,-221.90388,0,14000,0,184
passive,2,285,model3,0,-926.74296,-206.93187,0,1400,0,-926.74287,-206.93103,1,743,0,132
passive,2,285,model3,1,-893.28601,-234.58117,0,1400,0,-893.279,-234.60124,1,7672,0,181
passive,2,285,model3,2,-900.24208,-232.25374,1,761,0,-899.72526,-231.42486,0,14000,0,174
passive,2,285,model3,3,-942.20421,-190.35735,0,1400,0,-941.7692,-191.00669,0,14000,0,165
passive,2,285,model3,4,-910.36299,-221.82235,0,1400,0,-910.36268,-221.81937,1,1070,0,184
passive,2,315,model2B,0,-991.39221,-224.62313,0,1200,0,-989.72883,-224.56605,1,1968,0,132
passive,2,315,model2B,1,-952.32779,-260.54412,0,1200,0,-952.32223,-260.48783,0,14000,0,181
passive,2,315,model2B,2,-976.59716,-237.18307,0,1200,0,-975.80898,-236.6556,0,14000,0,174
passive,2,315,model2B,3,-1003.4749,-210.24606,0,1200,0,-1001.504,-210.11445,0,14000,0,165
passive,2,315,model2B,4,-985.06156,-228.51882,0,1200,0,-983.59051,-228.81036,1,13385,0,184
passive,2,315,model3,0,-990.24962,-225.37268,0,1400,0,-990.24206,-225.34643,1,1347,0,132
passive,2,315,model3,1,-952.41192,-261.95208,0,1400,0,-952.33743,-262.1584,1,559,0,181
passive,2,315,model3,2,-976.3361,-237.16915,0,1400,0,-976.27611,-237.12766,0,14000,0,174
passive,2,315,model3,3,-1004.6635,-209.4056,0,1400,0,-1004.2923,-209.93834,1,9285,0,165
passive,2,315,model3,4,-985.06753,-228.62996,1,828,0,-985.06753,-228.62997,1,1092,0,184
passive,2,435,model2B,0,-963.17365,-248.78426,1,997,0,-963.14655,-248.82653,1,1266,0,132
passive,2,435,model2B,1,-954.18536,-252.02562,0,1200,0,-953.83876,-251.553,1,2444,0,181
passive,2,435,model2B,2,-963.29641,-242.62964,0,1200,0,-963.18401,-242.50369,0,14000,0,174
passive,2,435,model2B,3,-994.8682,-211.07258,1,980,0,-994.86752,-211.07061,1,10599,0,165
passive,2,435,model2B,4,-989.73213,-217.50081,0,1200,0,-989.70904,-217.76796,1,551,0,184
passive,2,435,model3,0,-962.11927,-250.73429,1,1245,0,-962.11418,-250.73602,1,11798,0,132
passive,2,435,model3,1,-951.192,-251.94878,1,948,0,-948.12015,-251.5259,1,11297,0,181
passive,2,435,model3,2,-958.90282,-244.25443,0,1400,0,-955.49524,-244.86015,1,13097,0,174
passive,2,435,model3,3,-993.87994,-209.73508,0,1400,0,-991.9866,-208.3936,1,8765,0,165
passive,2,435,model3,4,-986.53374,-217.47016,0,1400,0,-984.57658,-216.80049,1,12558,0,184
passive,2,465,model2B,0,-1017.4853,-264.36862,0,1200,0,-1017.433,-264.31516,0,14000,0,132
passive,2,465,model2B,1,-1013.6448,-259.9492,1,639,0,-1013.6052,-260.00411,1,10716,0,181
passive,2,465,model2B,2,-1015.6458,-258.79119,1,1148,0,-1015.0707,-258.98513,1,9434,0,174
passive,2,465,model2B,3,-1053.268,-221.63573,0,1200,0,-1053.2504,-221.86403,0,14000,0,165
passive,2,465,model2B,4,-1042.4426,-233.14712,0,1200,0,-1042.4407,-233.14897,1,2292,0,184
passive,2,465,model3,0,-1017.2662,-260.53283,1,1212,0,-1017.2607,-260.38464,1,10907,0,132
passive,2,465,model3,1,-1007.0017,-261.84918,1,1266,0,-1006.9029,-261.62728,0,14000,0,181
passive,2,465,model3,2,-1009.9781,-259.53448,0,1400,0,-1008.7772,-260.33098,1,10767,0,174
passive,2,465,model3,3,-1050.104,-222.26705,1,1204,0,-1050.1022,-222.21158,1,4953,0,165
passive,2,465,model3,4,-1037.5602,-232.8414,0,1400,0,-1037.3304,-232.62252,0,14000,0,184
passive,2,495,model2B,0,-1026.2776,-277.55,1,947,0,-1026.1145,-277.92893,1,464,0,132
passive,2,495,model2B,1,-1032.6596,-260.63741,0,1200,0,-1031.8453,-261.74725,1,1510,0,181
passive,2,495,model2B,2,-1036.4011,-257.49153,0,1200,0,-1036.2662,-257.46174,1,1893,0,174
passive,2,495,model2B,3,-1071.7407,-222.49229,1,719,0,-1071.7387,-222.50437,1,482,0,165
passive,2,495,model2B,4,-1054.3314,-241.53901,0,1200,0,-1054.1486,-240.9409,0,14000,0,184
passive,2,495,model3,0,-1025.5855,-280.81742,0,1400,0,-1024.906,-280.89897,1,1105,0,132
passive,2,495,model3,1,-1024.6856,-263.72014,0,1400,0,-1024.6183,-263.65996,0,14000,0,181
passive,2,495,model3,2,-1031.5763,-258.59457,1,1014,0,-1029.8061,-258.74961,0,14000,0,174
passive,2,495,model3,3,-1069.1498,-221.14765,1,1348,0,-1068.0544,-221.17512,0,14000,0,165
passive,2,495,model3,4,-1049.5858,-241.13701,1,1057,0,-1048.7995,-240.58607,0,14000,0,184
passive,3,255,model2B,0,-880.68749,-250.49739,0,1200,0,-879.72014,-249.53382,0,14000,0,174
passive,3,255,model2B,1,-895.59772,-234.4258,0,1200,0,-892.2354,-235.9175,1,3434,0,182
passive,3,255,model2B,2,-910.99335,-219.16871,0,1200,0,-910.60283,-217.97125,1,3828,0,178
passive,3,255,model2B,3,-908.95706,-221.00967,0,1200,0,-905.91581,-222.19692,0,14000,0,179
passive,3,255,model2B,4,-918.60378,-212.22937,0,1200,0,-916.71655,-211.79577,0,14000,0,184
passive,3,255,model3,0,-880.39941,-250.26214,1,770,0,-880.3983,-250.26416,0,14000,0,174
passive,3,255,model3,1,-892.27702,-235.99453,0,1400,0,-891.19592,-235.97339,1,5274,0,182
passive,3,255,model3,2,-910.98124,-219.00141,1,819,0,-910.90271,-219.02411,0,14000,0,178
passive,3,255,model3,3,-906.17886,-222.34826,1,955,0,-905.41091,-221.57771,1,6387,0,179
passive,3,255,model3,4,-918.13565,-211.92409,1,847,0,-918.09099,-212.00605,0,14000,0,184
passive,3,285,model2B,0,-961.1695,-282.46571,0,1200,0,-959.67873,-281.88513,1,2797,0,174
passive,3,285,model2B,1,-981.82086,-255.78842,0,1200,0,-981.75878,-255.76957,0,14000,0,182
passive,3,285,model2B,2,-999.29976,-241.60772,0,1200,0,-997.44233,-239.81963,1,6416,0,178
passive,3,285,model2B,3,-1003.7809,-233.50176,0,1200,0,-1003.7316,-233.52743,0,14000,0,179
passive,3,285,model2B,4,-998.58984,-238.82969,0,1200,0,-998.51742,-238.88661,0,14000,0,184
passive,3,285,model3,0,-959.81924,-283.58601,1,868,0,-959.81924,-283.58596,1,187,0,174
passive,3,285,model3,1,-983.46552,-254.93554,0,1400,0,-983.44895,-254.94204,1,4466,0,182
passive,3,285,model3,2,-998.2299,-240.84417,0,1400,0,-998.21568,-240.86233,1,12932,0,178
passive,3,285,model3,3,-1004.7297,-234.23702,0,1400,0,-1004.7297,-234.23695,1,2195,0,179
passive,3,285,model3,4,-999.83747,-239.52126,0,1400,0,-999.83623,-239.538,1,2631,0,184
passive,3,315,model2B,0,-989.27715,-309.03554,0,1200,0,-989.24555,-309.0092,0,14000,0,174
passive,3,315,model2B,1,-1033.9195,-257.80835,0,1200,0,-1033.8204,-257.64386,0,14000,0,182
passive,3,315,model2B,2,-1031.6928,-259.32203,0,1200,0,-1031.6928,-259.32039,1,194,0,178
passive,3,315,model2B,3,-1048.4924,-242.9066,1,742,0,-1048.455,-242.88237,0,14000,0,179
passive,3,315,model2B,4,-1050.4244,-241.74479,1,1093,0,-1050.4024,-241.73719,0,14000,0,184
passive,3,315,model3,0,-989.42549,-313.99529,0,1400,0,-989.40211,-314.09928,0,14000,0,174
passive,3,315,model3,1,-1039.473,-257.05654,0,1400,0,-1039.2588,-256.94546,0,14000,0,182
passive,3,315,model3,2,-1034.9283,-261.46255,0,1400,0,-1034.9014,-261.45879,1,13125,0,178
passive,3,315,model3,3,-1052.5322,-243.91853,0,1400,0,-1052.436,-243.6625,1,13932,0,179
passive,3,315,model3,4,-1054.9686,-242.33579,1,1061,0,-1054.5086,-242.30391,0,14000,0,184
passive,3,435,model2B,0,-970.40014,-287.44818,0,1200,0,-970.39819,-287.53099,1,259,0,174
passive,3,435,model2B,1,-1002.9947,-250.96975,0,1200,0,-1002.9944,-250.97662,1,261,0,182
passive,3,435,model2B,2,-1006.7172,-247.83626,0,1200,0,-1005.9042,-248.25211,1,557,0,178
passive,3,435,model2B,3,-1012.2229,-241.82709,0,1200,0,-1012.2229,-241.82759,1,196,0,179
passive,3,435,model2B,4,-1018.3429,-236.31031,0,1200,0,-1018.3427,-236.30704,1,242,0,184
passive,3,435,model3,0,-969.03859,-288.50056,1,1213,0,-966.43527,-288.48737,1,1830,0,174
passive,3,435,model3,1,-1001.9059,-250.59519,0,1400,0,-1001.9038,-250.59031,0,14000,0,182
passive,3,435,model3,2,-1004.4326,-248.20238,1,1254,0,-1004.4115,-248.22468,1,7030,0,178
passive,3,435,model3,3,-1011.3526,-241.55731,0,1400,0,-1011.3344,-241.56501,0,14000,0,179
passive,3,435,model3,4,-1017.4973,-235.98865,0,1400,0,-1017.3884,-235.80753,1,4957,0,184
passive,3,465,model2B,0,-964.78056,-307.65903,1,1116,0,-964.78056,-307.65835,1,163,0,174
passive,3,465,model2B,1,-1017.3848,-249.655,0,1200,0,-1016.7653,-248.93576,1,798,0,182
passive,3,465,model2B,2,-1026.667,-243.76204,0,1200,0,-1022.8489,-242.37059,1,3669,0,178
passive,3,465,model2B,3,-1023.0261,-243.09325,0,1200,0,-1021.8203,-243.57654,1,768,0,179
passive,3,465,model2B,4,-1025.8534,-240.26158,0,1200,0,-1025.8204,-240.14256,1,256,0,184
passive,3,465,model3,0,-964.33519,-305.74234,0,1400,0,-964.32828,-305.7741,1,4295,0,174
passive,3,465,model3,1,-1015.9292,-248.68991,0,1400,0,-1015.911,-248.73006,1,11290,0,182
passive,3,465,model3,2,-1022.1228,-242.46184,0,1400,0,-1022.12,-242.46319,1,4773,0,178
passive,3,465,model3,3,-1021.2218,-244.81682,1,653,0,-1019.9326,-246.06817,1,3071,0,179
passive,3,465,model3,4,-1024.633,-240.43771,0,1400,0,-1024.5373,-240.60001,0,14000,0,184
passive,3,495,model2B,0,-990.77922,-305.60455,0,1200,0,-989.94457,-305.2417,1,1042,0,174
passive,3,495,model2B,1,-1044.0966,-245.88952,0,1200,0,-1044.0548,-245.8267,1,646,0,182
passive,3,495,model2B,2,-1036.4864,-252.34711,0,1200,0,-1036.4864,-252.34717,1,191,0,178
passive,3,495,model2B,3,-1038.4223,-250.84022,1,705,0,-1038.4223,-250.84022,1,186,0,179
passive,3,495,model2B,4,-1041.5452,-250.24622,0,1200,0,-1039.1481,-250.67834,1,2147,0,184
passive,3,495,model3,0,-989.7846,-303.93861,0,1400,0,-989.67433,-303.61802,1,1433,0,174
passive,3,495,model3,1,-1043.2757,-251.44978,0,1400,0,-1042.9163,-251.66602,0,14000,0,182
passive,3,495,model3,2,-1036.557,-252.24876,0,1400,0,-1036.516,-252.30552,1,960,0,178
passive,3,495,model3,3,-1039.4282,-250.60286,1,1029,0,-1039.0903,-250.59071,0,14000,0,179
passive,3,495,model3,4,-1038.1869,-251.25572,0,1400,0,-1038.1709,-251.30638,1,1194,0,184
passive,4,255,model2B,0,-827.89604,-222.01312,0,1200,0,-827.87178,-221.96949,0,14000,0,178
passive,4,255,model2B,1,-834.51623,-216.00458,1,889,0,-834.50225,-215.98885,0,14000,0,184
passive,4,255,model2B,2,-832.37612,-217.36573,0,1200,0,-832.34771,-217.60859,1,735,0,182
passive,4,255,model2B,3,-850.3337,-199.34515,0,1200,0,-850.30508,-199.35533,1,9888,0,174
passive,4,255,model2B,4,-849.79004,-202.12613,0,1200,0,-848.58856,-200.83404,0,14000,0,173
passive,4,255,model3,0,-826.24559,-223.43798,0,1400,0,-826.21753,-223.43067,0,14000,0,178
passive,4,255,model3,1,-837.00548,-213.15585,1,1085,0,-836.85872,-213.49397,1,9877,0,184
passive,4,255,model3,2,-831.71816,-218.36922,1,747,0,-831.71816,-218.36919,1,188,0,182
passive,4,255,model3,3,-850.89942,-198.66671,1,850,0,-850.45926,-198.50991,0,14000,0,174
passive,4,255,model3,4,-847.2558,-202.19598,1,1089,0,-846.30727,-202.5986,0,14000,0,173
passive,4,285,model2B,0,-807.60313,-202.7824,0,1200,0,-807.60282,-202.80197,1,270,0,178
passive,4,285,model2B,1,-799.68867,-211.97586,0,1200,0,-796.5979,-214.74255,1,1075,0,184
passive,4,285,model2B,2,-802.36183,-207.99552,0,1200,0,-802.2445,-208.21983,1,468,0,182
passive,4,285,model2B,3,-800.95731,-214.41046,0,1200,0,-797.32705,-213.64981,1,2236,0,174
passive,4,285,model2B,4,-832.07007,-178.95698,0,1200,0,-832.06999,-178.94399,1,307,0,173
passive,4,285,model3,0,-806.7926,-202.50158,0,1400,0,-806.67939,-202.39564,1,10602,0,178
passive,4,285,model3,1,-796.67196,-213.70582,1,1131,0,-796.37752,-213.031,1,6106,0,184
passive,4,285,model3,2,-801.34348,-208.03076,1,950,0,-801.27978,-207.95558,1,7216,0,182
passive,4,285,model3,3,-796.85741,-213.31605,1,978,0,-796.84728,-213.54986,1,2056,0,174
passive,4,285,model3,4,-831.11035,-178.85686,0,1400,0,-831.08235,-178.90471,1,9266,0,173
passive,4,315,model2B,0,-806.37828,-199.11747,0,1200,0,-806.08902,-199.33087,1,399,0,178
passive,4,315,model2B,1,-797.60671,-208.45629,0,1200,0,-797.60671,-208.45626,1,193,0,184
passive,4,315,model2B,2,-801.45532,-203.73248,0,1200,0,-801.45517,-203.73256,1,3845,0,182
passive,4,315,model2B,3,-796.62323,-210.40706,1,870,0,-796.52892,-209.87776,1,751,0,174
passive,4,315,model2B,4,-814.35273,-191.70122,0,1200,0,-813.89185,-191.83383,1,4770,0,173
passive,4,315,model3,0,-806.14329,-198.6829,0,1400,0,-806.10878,-198.64478,1,11576,0,178
passive,4,315,model3,1,-797.1321,-208.49861,1,1017,0,-796.96139,-208.57577,1,760,0,184
passive,4,315,model3,2,-801.48751,-203.46055,0,1400,0,-801.48691,-203.4653,0,14000,0,182
passive,4,315,model3,3,-796.51231,-209.77235,0,1400,0,-796.50676,-209.9042,1,584,0,174
passive,4,315,model3,4,-813.98002,-191.1607,1,1032,0,-813.73012,-191.24184,1,3589,0,173
passive,4,435,model2B,0,-885.19329,-215.65825,0,1200,0,-885.11367,-215.26932,1,357,0,178
passive,4,435,model2B,1,-891.17641,-209.98292,0,1200,0,-890.53442,-209.80271,1,2109,0,184
passive,4,435,model2B,2,-865.22567,-235.12061,1,807,0,-864.7102,-235.57675,1,352,0,182
passive,4,435,model2B,3,-870.66964,-230.20607,1,1107,0,-870.45479,-230.03723,1,468,0,174
passive,4,435,model2B,4,-886.32597,-214.71203,1,1021,0,-885.87022,-215.05149,1,1052,0,173
passive,4,435,model3,0,-881.57517,-215.22583,0,1400,0,-881.49939,-215.01079,1,8720,0,178
passive,4,435,model3,1,-887.77778,-209.60394,1,1175,0,-886.40288,-209.99377,0,14000,0,184
passive,4,435,model3,2,-860.98111,-236.05461,1,862,0,-860.4566,-236.08328,0,14000,0,182
passive,4,435,model3,3,-869.53818,-228.34382,1,815,0,-869.4867,-228.05266,1,506,0,174
passive,4,435,model3,4,-881.26607,-215.38511,0,1400,0,-881.07144,-215.25393,0,14000,0,173
passive,4,465,model2B,0,-895.35064,-224.68408,0,1200,0,-893.832,-226.04985,1,812,0,178
passive,4,465,model2B,1,-904.09871,-215.94179,0,1200,0,-904.03904,-215.91018,1,1101,0,184
passive,4,465,model2B,2,-889.39883,-230.70436,0,1200,0,-888.98044,-230.9889,1,533,0,182
passive,4,465,model2B,3,-885.06082,-234.90244,0,1200,0,-884.91934,-235.32042,0,14000,0,174
passive,4,465,model2B,4,-902.91786,-216.92433,0,1200,0,-902.2671,-217.65887,1,1325,0,173
passive,4,465,model3,0,-893.27082,-226.14797,1,1355,0,-893.23169,-226.14575,0,14000,0,178
passive,4,465,model3,1,-903.92653,-215.30519,1,1078,0,-903.92274,-215.27595,0,14000,0,184
passive,4,465,model3,2,-888.36672,-230.66898,1,881,0,-888.36455,-230.65069,1,547,0,182
passive,4,465,model3,3,-885.16502,-234.30915,0,1400,0,-884.86003,-234.90542,0,14000,0,174
passive,4,465,model3,4,-901.24547,-217.85516,1,872,0,-901.24547,-217.85516,1,188,0,173
passive,4,495,model2B,0,-888.84275,-238.10976,0,1200,0,-886.36851,-238.19116,1,907,0,178
passive,4,495,model2B,1,-911.72189,-219.48009,0,1200,0,-911.64114,-219.44336,0,14000,0,184
passive,4,495,model2B,2,-906.33042,-217.96978,0,1200,0,-905.86373,-218.12723,1,2027,0,182
passive,4,495,model2B,3,-891.70602,-232.7657,0,1200,0,-891.69978,-232.85823,1,651,0,174
passive,4,495,model2B,4,-905.64124,-224.08901,0,1200,0,-900.36195,-223.39253,1,1698,0,173
passive,4,495,model3,0,-887.11865,-238.12598,1,544,0,-887.10435,-238.10072,1,590,0,178
passive,4,495,model3,1,-905.32316,-220.00389,1,1015,0,-905.13799,-220.42341,1,788,0,184
passive,4,495,model3,2,-907.49581,-217.20011,1,1013,0,-906.95094,-218.18058,1,1301,0,182
passive,4,495,model3,3,-892.77314,-232.49796,1,1110,0,-891.77937,-233.75075,1,410,0,174
passive,4,495,model3,4,-900.50202,-224.22435,1,797,0,-900.50202,-224.2243,1,152,0,173
passive,5,255,model2B,0,-1134.2414,-277.31974,0,1200,0,-1134.1349,-277.27063,0,14000,0,158
passive,5,255,model2B,1,-1127.2929,-283.91378,0,1200,0,-1127.132,-283.85249,0,14000,0,168
passive,5,255,model2B,2,-1116.2182,-295.45863,0,1200,0,-1116.1237,-295.17687,0,14000,0,179
passive,5,255,model2B,3,-1120.0885,-292.06688,0,1200,0,-1119.8369,-291.82501,0,14000,0,177
passive,5,255,model2B,4,-1144.3732,-267.47021,0,1200,0,-1143.9951,-267.639,0,14000,0,165
passive,5,255,model3,0,-1134.801,-278.35974,1,884,0,-1134.7941,-278.36043,1,10162,0,158
passive,5,255,model3,1,-1128.892,-284.1682,0,1400,0,-1127.3471,-284.38705,0,14000,0,168
passive,5,255,model3,2,-1117.6223,-295.50796,0,1400,0,-1117.6215,-295.50263,0,14000,0,179
passive,5,255,model3,3,-1120.492,-292.38285,0,1400,0,-1120.4844,-292.37198,1,7097,0,177
passive,5,255,model3,4,-1141.6027,-271.81179,0,1400,0,-1141.585,-271.86013,0,14000,0,165
passive,5,285,model2B,0,-1207.1686,-308.30869,0,1200,0,-1207.1542,-308.29006,0,14000,0,158
passive,5,285,model2B,1,-1211.8984,-302.67754,0,1200,0,-1211.8982,-302.65907,1,399,0,168
passive,5,285,model2B,2,-1201.6809,-312.91548,0,1200,0,-1201.6465,-312.88097,0,14000,0,179
passive,5,285,model2B,3,-1198.7473,-316.59185,0,1200,0,-1198.6948,-316.58594,0,14000,0,177
passive,5,285,model2B,4,-1233.6185,-281.10077,0,1200,0,-1233.5704,-281.17503,1,6835,0,165
passive,5,285,model3,0,-1208.8466,-309.3416,0,1400,0,-1208.8034,-309.39667,0,14000,0,158
passive,5,285,model3,1,-1213.9327,-303.06882,0,1400,0,-1213.9066,-303.03601,1,12092,0,168
passive,5,285,model3,2,-1203.0995,-314.04598,0,1400,0,-1203.0821,-314.06201,1,13766,0,179
passive,5,285,model3,3,-1201.4978,-315.98077,0,1400,0,-1201.4681,-315.96634,0,14000,0,177
passive,5,285,model3,4,-1235.617,-287.68923,0,1400,0,-1235.6016,-287.76188,0,14000,0,165
passive,5,315,model2B,0,-1208.9962,-315.84439,0,1200,0,-1208.9962,-315.84461,1,201,0,158
passive,5,315,model2B,1,-1218.6171,-305.2937,1,976,0,-1218.6171,-305.29349,1,204,0,168
passive,5,315,model2B,2,-1213.2589,-310.23034,0,1200,0,-1213.2477,-310.26198,0,14000,0,179
passive,5,315,model2B,3,-1199.7489,-324.2963,0,1200,0,-1199.715,-324.32308,0,14000,0,177
passive,5,315,model2B,4,-1243.5248,-279.6122,0,1200,0,-1243.477,-279.68842,0,14000,0,165
passive,5,315,model3,0,-1211.8438,-314.56194,0,1400,0,-1211.4865,-314.44935,0,14000,0,158
passive,5,315,model3,1,-1220.5305,-304.18546,0,1400,0,-1220.4996,-303.82292,1,2902,0,168
passive,5,315,model3,2,-1213.6842,-311.3374,0,1400,0,-1213.5844,-311.30934,1,6116,0,179
passive,5,315,model3,3,-1201.7589,-325.26227,0,1400,0,-1201.7324,-325.21874,1,7672,0,177
passive,5,315,model3,4,-1245.97,-279.5494,0,1400,0,-1245.9185,-279.42839,0,14000,0,165
passive,5,435,model2B,0,-951.68171,-229.72325,0,1200,0,-951.67711,-229.71895,0,14000,0,158
passive,5,435,model2B,1,-929.56368,-253.34279,0,1200,0,-929.46004,-253.23308,1,2927,0,168
passive,5,435,model2B,2,-952.51962,-230.1294,0,1200,0,-951.29834,-231.09879,1,3639,0,179
passive,5,435,model2B,3,-925.79962,-256.45814,0,1200,0,-925.72706,-256.29073,0,14000,0,177
passive,5,435,model2B,4,-962.73087,-218.78458,0,1200,0,-962.71,-218.80157,0,14000,0,165
passive,5,435,model3,0,-951.26667,-229.39828,0,1400,0,-951.24419,-229.39119,1,5308,0,158
passive,5,435,model3,1,-928.75243,-252.65553,0,1400,0,-928.75027,-252.63885,1,6554,0,168
passive,5,435,model3,2,-950.96532,-230.62568,0,1400,0,-950.96531,-230.62489,1,11707,0,179
passive,5,435,model3,3,-925.70531,-256.73104,0,1400,0,-925.65975,-256.81787,0,14000,0,177
passive,5,435,model3,4,-963.12752,-218.84847,0,1400,0,-963.07828,-218.82697,0,14000,0,165
passive,5,465,model2B,0,-986.29893,-243.00248,1,699,0,-986.29692,-242.94688,1,418,0,158
passive,5,465,model2B,1,-970.77163,-259.4191,0,1200,0,-970.15668,-259.25842,1,1252,0,168
passive,5,465,model2B,2,-992.18342,-238.62887,0,1200,0,-991.43203,-238.55712,1,1704,0,179
passive,5,465,model2B,3,-959.34417,-270.10842,0,1200,0,-959.32499,-270.11071,0,14000,0,177
passive,5,465,model2B,4,-1003.7862,-225.38818,0,1200,0,-1003.7468,-225.40785,0,14000,0,165
passive,5,465,model3,0,-984.76734,-242.48875,0,1400,0,-984.7672,-242.48891,1,2680,0,158
passive,5,465,model3,1,-968.62045,-258.91763,0,1400,0,-968.61732,-258.93393,1,4320,0,168
passive,5,465,model3,2,-989.79695,-238.39327,0,1400,0,-989.79163,-238.36133,1,3014,0,179
passive,5,465,model3,3,-958.98281,-272.60573,0,1400,0,-958.89586,-272.92917,1,5796,0,177
passive,5,465,model3,4,-1003.8132,-225.36392,0,1400,0,-1003.7635,-225.38247,0,14000,0,165
passive,5,495,model2B,0,-976.33488,-246.71661,0,1200,0,-975.55324,-246.58821,1,4402,0,158
passive,5,495,model2B,1,-983.60843,-239.2022,0,1200,0,-983.59825,-239.22654,1,9435,0,168
passive,5,495,model2B,2,-974.71816,-247.66153,0,1200,0,-974.34237,-247.65823,1,3485,0,179
passive,5,495,model2B,3,-957.8735,-265.96271,0,1200,0,-957.86473,-266.02153,0,14000,0,177
passive,5,495,model2B,4,-992.66189,-230.19264,0,1200,0,-992.54451,-230.38179,1,586,0,165
passive,5,495,model3,0,-975.21249,-246.20783,0,1400,0,-975.14308,-246.17591,1,2515,0,158
passive,5,495,model3,1,-983.80727,-238.54947,0,1400,0,-982.40183,-238.63975,1,5006,0,168
passive,5,495,model3,2,-974.688,-249.13973,0,1400,0,-974.45379,-248.98425,0,14000,0,179
passive,5,495,model3,3,-957.07742,-268.64563,0,1400,0,-956.2687,-268.59019,1,13099,0,177
passive,5,495,model3,4,-992.20458,-230.31388,0,1400,0,-990.97505,-230.39949,1,6431,0,165
passive,6,255,model2B,0,-769.54331,-204.24107,0,1200,0,-767.7839,-203.02853,1,8277,0,184
passive,6,255,model2B,1,-780.48562,-196.72028,0,1200,0,-777.38255,-193.88478,1,2477,0,185
passive,6,255,model2B,2,-768.34557,-203.22364,0,1200,0,-768.14582,-202.98077,1,5904,0,186
passive,6,255,model2B,3,-779.30657,-192.45464,0,1200,0,-778.4494,-192.06557,1,3564,0,188
passive,6,255,model2B,4,-790.99838,-186.39916,0,1200,0,-786.59179,-184.78235,1,3646,0,190
passive,6,255,model3,0,-772.38852,-204.40185,0,1400,0,-772.20735,-204.37871,1,1938,0,184
passive,6,255,model3,1,-776.76338,-193.81655,0,1400,0,-776.2516,-194.04843,0,14000,0,185
passive,6,255,model3,2,-770.0355,-202.70031,0,1400,0,-770.0316,-202.74061,1,415,0,186
passive,6,255,model3,3,-777.5709,-193.01467,1,1037,0,-777.51257,-193.10058,0,14000,0,188
passive,6,255,model3,4,-786.49464,-184.25377,0,1400,0,-786.18724,-184.45641,1,936,0,190
passive,6,285,model2B,0,-876.91581,-221.6729,0,1200,0,-876.77548,-221.59028,1,1473,0,184
passive,6,285,model2B,1,-886.92296,-212.54589,1,823,0,-886.76562,-212.22553,1,1169,0,185
passive,6,285,model2B,2,-875.66649,-223.4383,1,983,0,-875.33797,-223.26626,1,1261,0,186
passive,6,285,model2B,3,-875.61695,-222.30187,0,1200,0,-875.20178,-222.67117,1,2698,0,188
passive,6,285,model2B,4,-874.60313,-224.74701,1,853,0,-874.02699,-225.0279,1,1500,0,190
passive,6,285,model3,0,-876.83693,-221.65633,0,1400,0,-876.83683,-221.65656,1,2597,0,184
passive,6,285,model3,1,-887.14187,-211.81377,0,1400,0,-887.14178,-211.80887,1,1777,0,185
passive,6,285,model3,2,-875.18156,-223.52889,1,558,0,-875.17626,-223.51166,1,5135,0,186
passive,6,285,model3,3,-875.26015,-222.74531,0,1400,0,-875.26014,-222.74519,1,2563,0,188
passive,6,285,model3,4,-874.94949,-223.71681,0,1400,0,-874.94316,-223.73627,1,1797,0,190
passive,6,315,model2B,0,-970.79084,-257.33282,0,1200,0,-963.56453,-257.88909,1,5481,0,184
passive,6,315,model2B,1,-999.19315,-222.06218,0,1200,0,-999.18645,-221.97128,1,345,0,185
passive,6,315,model2B,2,-960.813,-259.96799,0,1200,0,-960.62869,-259.50188,1,436,0,186
passive,6,315,model2B,3,-982.99336,-236.50122,0,1200,0,-982.99333,-236.50325,1,220,0,188
passive,6,315,model2B,4,-965.19398,-256.06412,0,1200,0,-965.19391,-256.05869,1,217,0,190
passive,6,315,model3,0,-959.75109,-256.66458,0,1400,0,-959.62806,-256.50275,0,14000,0,184
passive,6,315,model3,1,-993.87448,-223.69475,0,1400,0,-993.82397,-223.77657,0,14000,0,185
passive,6,315,model3,2,-955.30594,-259.42142,0,1400,0,-955.30312,-259.44772,1,465,0,186
passive,6,315,model3,3,-979.88747,-235.73847,0,1400,0,-979.75899,-235.74926,0,14000,0,188
passive,6,315,model3,4,-965.46397,-251.51734,0,1400,0,-965.45239,-251.47537,1,8444,0,190
passive,6,435,model2B,0,-804.35754,-235.97524,0,1200,0,-804.35683,-235.93062,1,274,0,184
passive,6,435,model2B,1,-840.2819,-200.15811,0,1200,0,-839.41693,-199.56219,1,3276,0,185
passive,6,435,model2B,2,-823.56898,-215.1194,0,1200,0,-823.56891,-215.11885,1,3565,0,186
passive,6,435,model2B,3,-838.3059,-202.11664,0,1200,0,-837.00652,-201.84638,1,4052,0,188
passive,6,435,model2B,4,-847.35523,-194.1631,0,1200,0,-846.01509,-193.17675,1,4365,0,190
passive,6,435,model3,0,-804.42088,-235.62979,0,1400,0,-804.42075,-235.6343,1,2990,0,184
passive,6,435,model3,1,-839.45438,-200.00283,0,1400,0,-839.45437,-200.00089,1,874,0,185
passive,6,435,model3,2,-823.73478,-215.17345,0,1400,0,-823.73477,-215.17353,1,2323,0,186
passive,6,435,model3,3,-839.69143,-202.21642,0,1400,0,-837.13468,-202.144,1,4746,0,188
passive,6,435,model3,4,-846.57788,-192.84055,0,1400,0,-846.5772,-192.84402,0,14000,0,190
passive,6,465,model2B,0,-919.40901,-270.42854,0,1200,0,-918.76448,-272.37638,1,707,0,184
passive,6,465,model2B,1,-957.62019,-230.17292,1,914,0,-957.61996,-230.17784,1,347,0,185
passive,6,465,model2B,2,-935.6632,-252.26927,0,1200,0,-935.65759,-252.28412,1,5619,0,186
passive,6,465,model2B,3,-951.67462,-235.87986,0,1200,0,-951.66103,-235.88485,0,14000,0,188
passive,6,465,model2B,4,-979.46165,-209.97696,0,1200,0,-979.4591,-209.95098,0,14000,0,190
passive,6,465,model3,0,-919.13487,-272.41678,0,1400,0,-919.07305,-272.39969,0,14000,0,184
passive,6,465,model3,1,-957.70029,-230.08566,0,1400,0,-957.24702,-230.17856,0,14000,0,185
passive,6,465,model3,2,-935.39237,-252.38224,0,1400,0,-935.36393,-252.16659,1,557,0,186
passive,6,465,model3,3,-951.11866,-236.32824,0,1400,0,-950.92151,-236.37382,0,14000,0,188
passive,6,465,model3,4,-979.26955,-210.32832,0,1400,0,-979.08748,-210.09195,1,1897,0,190
passive,6,495,model2B,0,-889.24023,-269.66344,0,1200,0,-887.51081,-271.53595,1,1461,0,184
passive,6,495,model2B,1,-924.20549,-231.57595,0,1200,0,-924.16906,-231.54233,1,1193,0,185
passive,6,495,model2B,2,-915.25776,-240.96548,0,1200,0,-915.25498,-240.97424,1,886,0,186
passive,6,495,model2B,3,-933.52773,-222.12561,1,861,0,-933.5252,-222.09292,1,822,0,188
passive,6,495,model2B,4,-953.51926,-204.10477,0,1200,0,-953.45189,-204.06864,1,1247,0,190
passive,6,495,model3,0,-889.28768,-271.29379,1,830,0,-888.32995,-271.30762,1,10989,0,184
passive,6,495,model3,1,-925.24862,-230.85621,0,1400,0,-922.68295,-231.09047,0,14000,0,185
passive,6,495,model3,2,-915.26687,-240.51556,0,1400,0,-915.18922,-240.69351,1,5152,0,186
passive,6,495,model3,3,-932.67441,-222.84574,1,712,0,-932.52494,-222.79797,0,14000,0,188
passive,6,495,model3,4,-953.04485,-206.92819,0,1400,0,-950.96935,-204.63896,1,6997,0,190
passive,7,255,model2B,0,-943.96606,-225.73451,0,1200,0,-941.16567,-225.18372,1,5311,0,176
passive,7,255,model2B,1,-954.71137,-211.46583,0,1200,0,-954.6971,-211.52187,1,297,0,181
passive,7,255,model2B,2,-910.28493,-259.18089,1,959,0,-910.16994,-257.97203,1,1246,0,183
passive,7,255,model2B,3,-923.82242,-245.63192,0,1200,0,-922.00964,-246.14745,1,3098,0,186
passive,7,255,model2B,4,-934.19327,-235.39007,0,1200,0,-929.18968,-236.13883,1,5964,0,183
passive,7,255,model3,0,-942.57483,-226.60403,0,1400,0,-942.45913,-226.70719,1,3387,0,176
passive,7,255,model3,1,-953.552,-213.69745,1,1336,0,-953.55024,-213.74398,1,337,0,181
passive,7,255,model3,2,-909.30128,-259.63647,0,1400,0,-908.81638,-259.84573,1,883,0,183
passive,7,255,model3,3,-920.49293,-244.99821,0,1400,0,-920.45041,-245.19504,1,510,0,186
passive,7,255,model3,4,-929.92228,-239.65543,0,1400,0,-929.92227,-239.65794,1,2815,0,183
passive,7,285,model2B,0,-1104.9234,-261.14472,0,1200,0,-1104.9233,-261.15032,1,251,0,176
passive,7,285,model2B,1,-1105.1994,-260.79822,0,1200,0,-1104.9707,-261.18999,1,416,0,181
passive,7,285,model2B,2,-1061.8169,-305.87108,1,656,0,-1061.7937,-306.19652,1,1604,0,183
passive,7,285,model2B,3,-1089.7291,-276.33945,0,1200,0,-1089.7204,-276.26904,1,446,0,186
passive,7,285,model2B,4,-1097.1977,-268.94725,0,1200,0,-1096.8646,-269.68654,1,286,0,183
passive,7,285,model3,0,-1104.3687,-261.36472,0,1400,0,-1104.2553,-261.40693,1,434,0,176
passive,7,285,model3,1,-1104.372,-263.31145,0,1400,0,-1103.2484,-263.15386,1,575,0,181
passive,7,285,model3,2,-1062.3931,-305.30322,0,1400,0,-1062.3931,-305.30302,1,209,0,183
passive,7,285,model3,3,-1088.8272,-276.70746,0,1400,0,-1088.5341,-277.08686,1,9936,0,186
passive,7,285,model3,4,-1096.8918,-269.85435,0,1400,0,-1096.8836,-269.90254,0,14000,0,183
passive,7,315,model2B,0,-1169.7483,-288.99435,1,928,0,-1169.7483,-288.99441,1,184,0,176
passive,7,315,model2B,1,-1177.0008,-288.10398,0,1200,0,-1171.5928,-287.4266,1,2033,0,181
passive,7,315,model2B,2,-1156.3832,-302.35836,0,1200,0,-1156.3831,-302.36611,1,439,0,183
passive,7,315,model2B,3,-1162.34,-296.30575,1,1069,0,-1162.34,-296.30574,1,202,0,186
passive,7,315,model2B,4,-1171.9593,-287.14102,1,1054,0,-1171.9593,-287.14107,1,179,0,183
passive,7,315,model3,0,-1170.2337,-289.00865,1,1361,0,-1170.2337,-289.00865,1,216,0,176
passive,7,315,model3,1,-1172.1557,-287.39193,0,1400,0,-1172.1171,-287.50769,0,14000,0,181
passive,7,315,model3,2,-1156.9933,-302.62759,1,1183,0,-1156.9933,-302.62759,1,217,0,183
passive,7,315,model3,3,-1162.3841,-296.88311,0,1400,0,-1162.3718,-296.94461,0,14000,0,186
passive,7,315,model3,4,-1172.053,-287.58926,1,1249,0,-1172.053,-287.58926,1,230,0,183
passive,7,435,model2B,0,-1146.1886,-275.37922,1,1093,0,-1146.1886,-275.37928,1,191,0,176
passive,7,435,model2B,1,-1125.5537,-296.02422,0,1200,0,-1125.5228,-296.05758,0,14000,0,181
passive,7,435,model2B,2,-1152.2749,-269.83386,0,1200,0,-1152.2696,-269.85263,0,14000,0,183
passive,7,435,model2B,3,-1135.3444,-286.04982,0,1200,0,-1135.3262,-286.07236,0,14000,0,186
passive,7,435,model2B,4,-1121.1255,-300.73839,0,1200,0,-1121.1159,-300.72048,0,14000,0,183
passive,7,435,model3,0,-1147.0101,-276.29674,0,1400,0,-1147.0095,-276.29776,1,6424,0,176
passive,7,435,model3,1,-1128.734,-295.34065,0,1400,0,-1128.7191,-295.31355,0,14000,0,181
passive,7,435,model3,2,-1153.0713,-271.38885,0,1400,0,-1153.0391,-271.37468,0,14000,0,183
passive,7,435,model3,3,-1138.1307,-285.84836,0,1400,0,-1138.0971,-285.90198,1,9637,0,186
passive,7,435,model3,4,-1121.8611,-302.73132,0,1400,0,-1121.8446,-302.66779,0,14000,0,183
passive,7,465,model2B,0,-1082.9176,-260.64078,0,1200,0,-1081.2846,-262.78432,1,5101,0,176
passive,7,465,model2B,1,-1062.0432,-282.74294,0,1200,0,-1059.8832,-284.45584,1,3159,0,181
passive,7,465,model2B,2,-1089.5445,-254.55177,0,1200,0,-1089.541,-254.45945,1,364,0,183
passive,7,465,model2B,3,-1077.9565,-266.92824,0,1200,0,-1076.6454,-267.32302,1,4303,0,186
passive,7,465,model2B,4,-1061.0416,-283.09152,0,1200,0,-1060.4708,-284.32159,1,3574,0,183
passive,7,465,model3,0,-1080.919,-262.83902,0,1400,0,-1080.9115,-262.84317,1,4404,0,176
passive,7,465,model3,1,-1061.8591,-283.80899,0,1400,0,-1061.5951,-283.96253,1,9491,0,181
passive,7,465,model3,2,-1089.7825,-256.61549,0,1400,0,-1089.5962,-256.23618,1,1326,0,183
passive,7,465,model3,3,-1077.8293,-267.47645,0,1400,0,-1077.8293,-267.47652,1,217,0,186
passive,7,465,model3,4,-1060.3975,-283.71751,0,1400,0,-1060.3593,-283.86784,1,1009,0,183
passive,7,495,model2B,0,-1033.2267,-259.37504,0,1200,0,-1033.2267,-259.38015,1,171,0,176
passive,7,495,model2B,1,-1021.6799,-271.18688,1,1128,0,-1021.6799,-271.18688,1,197,0,181
passive,7,495,model2B,2,-1042.9678,-249.90217,0,1200,0,-1042.8682,-249.70741,1,791,0,183
passive,7,495,model2B,3,-1029.3893,-263.40872,0,1200,0,-1029.3535,-263.31208,1,475,0,186
passive,7,495,model2B,4,-1036.747,-256.63137,0,1200,0,-1036.6988,-256.73941,1,3304,0,183
passive,7,495,model3,0,-1032.2417,-259.11906,0,1400,0,-1032.2413,-259.11646,1,8590,0,176
passive,7,495,model3,1,-1022.1039,-270.90061,0,1400,0,-1021.8177,-270.74363,1,4448,0,181
passive,7,495,model3,2,-1042.6056,-249.57551,0,1400,0,-1042.2647,-249.27613,1,2352,0,183
passive,7,495,model3,3,-1028.1571,-263.52402,0,1400,0,-1028.1466,-263.57524,1,3611,0,186
passive,7,495,model3,4,-1036.585,-256.57186,0,1400,0,-1036.3361,-255.92703,1,5294,0,183
passive,8,255,model2B,0,-767.6736,-212.64937,0,1200,0,-766.49739,-212.72617,1,956,0,165
passive,8,255,model2B,1,-786.68829,-190.53316,0,1200,0,-786.18078,-191.00379,1,1147,0,161
passive,8,255,model2B,2,-771.46995,-208.5384,0,1200,0,-768.95851,-209.39112,0,14000,0,180
passive,8,255,model2B,3,-787.99664,-189.15122,0,1200,0,-787.97905,-189.17342,1,573,0,174
passive,8,255,model2B,4,-793.54726,-187.51057,0,1200,0,-792.30315,-185.80645,1,4250,0,180
passive,8,255,model3,0,-765.86931,-212.46986,0,1400,0,-765.83811,-212.52323,1,3032,0,165
passive,8,255,model3,1,-785.97219,-191.03348,0,1400,0,-785.34316,-190.89417,1,5854,0,161
passive,8,255,model3,2,-769.56954,-209.50014,1,1021,0,-768.99182,-210.59924,1,12540,0,180
passive,8,255,model3,3,-787.00718,-189.1957,0,1400,0,-787.00294,-189.18898,1,3350,0,174
passive,8,255,model3,4,-792.25973,-186.07236,0,1400,0,-790.98804,-186.25115,1,2071,0,180
passive,8,285,model2B,0,-866.89621,-231.87771,1,1076,0,-866.89599,-231.8851,1,759,0,165
passive,8,285,model2B,1,-893.21514,-204.35565,0,1200,0,-893.18644,-204.33602,0,14000,0,161
passive,8,285,model2B,2,-866.33437,-231.62547,0,1200,0,-866.31875,-231.61893,0,14000,0,180
passive,8,285,model2B,3,-883.02018,-221.53546,0,1200,0,-878.48682,-219.034,1,3297,0,174
passive,8,285,model2B,4,-880.90553,-216.96447,0,1200,0,-880.90511,-216.95225,1,993,0,180
passive,8,285,model3,0,-867.66986,-233.09123,0,1400,0,-867.65163,-232.95895,0,14000,0,165
passive,8,285,model3,1,-894.06165,-204.86782,1,761,0,-893.99187,-204.78658,0,14000,0,161
passive,8,285,model3,2,-866.76572,-232.09875,0,1400,0,-866.72208,-232.07484,1,5168,0,180
passive,8,285,model3,3,-879.03593,-219.86937,0,1400,0,-879.02272,-219.8349,0,14000,0,174
passive,8,285,model3,4,-881.4352,-218.16736,1,1287,0,-881.4352,-218.16734,1,209,0,180
passive,8,315,model2B,0,-939.76316,-231.19493,0,1200,0,-939.756,-231.20092,1,1083,0,165
passive,8,315,model2B,1,-949.5796,-221.44915,1,1188,0,-949.5796,-221.44915,1,198,0,161
passive,8,315,model2B,2,-918.70352,-252.4418,0,1200,0,-918.703,-252.40654,1,483,0,180
passive,8,315,model2B,3,-940.4282,-230.39622,0,1200,0,-940.37483,-230.41841,0,14000,0,174
passive,8,315,model2B,4,-930.72535,-239.87348,0,1200,0,-930.67725,-239.88843,0,14000,0,180
passive,8,315,model3,0,-941.41282,-231.52154,0,1400,0,-941.33897,-231.57829,1,7775,0,165
passive,8,315,model3,1,-950.95295,-221.78718,0,1400,0,-950.94053,-221.76558,0,14000,0,161
passive,8,315,model3,2,-920.60356,-252.54502,0,1400,0,-920.58713,-252.53533,0,14000,0,180
passive,8,315,model3,3,-940.60632,-232.53927,0,1400,0,-940.5975,-232.49002,0,14000,0,174
passive,8,315,model3,4,-932.67727,-239.95241,0,1400,0,-932.63524,-239.90409,1,13058,0,180
passive,8,435,model2B,0,-866.94581,-245.99335,0,1200,0,-866.93988,-246.1527,1,529,0,165
passive,8,435,model2B,1,-907.03862,-203.57964,0,1200,0,-907.01777,-203.57087,1,314,0,161
passive,8,435,model2B,2,-888.97301,-222.10857,0,1200,0,-888.83982,-221.93368,1,1378,0,180
passive,8,435,model2B,3,-885.34153,-225.9071,0,1200,0,-885.33252,-225.83244,1,774,0,174
passive,8,435,model2B,4,-890.50152,-220.74948,0,1200,0,-889.30924,-221.72767,1,936,0,180
passive,8,435,model3,0,-864.51516,-247.49354,0,1400,0,-864.40905,-247.65756,0,14000,0,165
passive,8,435,model3,1,-905.26294,-204.05105,0,1400,0,-905.23281,-204.0154,0,14000,0,161
passive,8,435,model3,2,-887.92177,-221.46347,0,1400,0,-887.79194,-221.52858,0,14000,0,180
passive,8,435,model3,3,-885.70269,-224.37635,0,1400,0,-885.42604,-224.17489,1,9179,0,174
passive,8,435,model3,4,-889.48378,-221.0507,0,1400,0,-889.0132,-220.53936,1,1667,0,180
passive,8,465,model2B,0,-801.13022,-228.61017,0,1200,0,-800.60616,-228.8712,1,1295,0,165
passive,8,465,model2B,1,-840.56751,-186.05363,0,1200,0,-840.53371,-186.34685,1,2135,0,161
passive,8,465,model2B,2,-822.29019,-204.61014,0,1200,0,-822.28809,-204.64117,1,296,0,180
passive,8,465,model2B,3,-836.18239,-191.64375,0,1200,0,-836.10636,-191.7475,1,441,0,174
passive,8,465,model2B,4,-801.15061,-226.20509,0,1200,0,-801.15061,-226.20511,1,195,0,180
passive,8,465,model3,0,-798.6704,-229.53231,0,1400,0,-798.66722,-229.55178,1,2913,0,165
passive,8,465,model3,1,-839.32498,-186.44613,0,1400,0,-839.27161,-186.44489,0,14000,0,161
passive,8,465,model3,2,-821.74016,-204.12819,0,1400,0,-821.73904,-204.12636,1,6465,0,180
passive,8,465,model3,3,-835.36621,-191.28877,0,1400,0,-835.3351,-191.33714,0,14000,0,174
passive,8,465,model3,4,-802.26034,-224.62985,1,1329,0,-802.26034,-224.62983,1,5460,0,180
passive,8,495,model2B,0,-777.44799,-238.35546,0,1200,0,-777.44798,-238.3603,1,219,0,165
passive,8,495,model2B,1,-840.28556,-172.51493,0,1200,0,-839.03059,-172.95071,1,5324,0,161
passive,8,495,model2B,2,-811.00461,-201.3521,0,1200,0,-810.99956,-201.30986,1,2204,0,180
passive,8,495,model2B,3,-826.96341,-185.83721,0,1200,0,-826.95608,-185.86861,1,337,0,174
passive,8,495,model2B,4,-782.6847,-230.13478,0,1200,0,-782.62014,-229.90414,1,1106,0,180
passive,8,495,model3,0,-778.25464,-237.2575,1,1327,0,-777.77961,-237.47138,0,14000,0,165
passive,8,495,model3,1,-840.43128,-172.37637,0,1400,0,-839.16268,-172.59567,0,14000,0,161
passive,8,495,model3,2,-810.89786,-201.18567,0,1400,0,-810.89015,-201.13985,1,445,0,180
passive,8,495,model3,3,-826.34172,-186.09197,0,1400,0,-826.33089,-186.11146,1,5070,0,174
passive,8,495,model3,4,-782.40065,-230.41107,1,1029,0,-782.13741,-230.15195,1,8346,0,180
passive,9,255,model2B,0,-752.74924,-266.901,0,1200,0,-752.71736,-266.93074,1,3866,2,171
passive,9,255,model2B,1,-797.45281,-216.72424,0,1200,0,-797.44875,-216.80786,1,2979,0,177
passive,9,255,model2B,2,-829.95297,-184.23904,0,1200,0,-829.61452,-184.00382,1,1434,0,166
passive,9,255,model2B,3,-837.03164,-177.86094,0,1200,0,-836.70755,-177.25819,1,1727,0,159
passive,9,255,model2B,4,-831.65763,-182.92508,0,1200,0,-831.63249,-182.77859,1,2565,0,165
passive,9,255,model3,0,-751.18207,-264.58225,0,1400,0,-751.11103,-264.56178,1,957,0,171
passive,9,255,model3,1,-793.12298,-217.30332,1,1355,0,-793.06275,-217.29655,0,14000,0,177
passive,9,255,model3,2,-825.84444,-184.60543,1,1149,0,-825.84444,-184.60543,1,302,0,166
passive,9,255,model3,3,-833.59003,-176.92413,0,1400,0,-833.59003,-176.92386,1,519,0,159
passive,9,255,model3,4,-828.53481,-182.12595,0,1400,0,-828.52356,-182.11491,1,1840,0,165
passive,9,285,model2B,0,-746.4484,-264.5222,0,1200,0,-746.32593,-264.77777,1,1599,2,171
passive,9,285,model2B,1,-805.31619,-200.20951,0,1200,0,-805.00516,-200.87777,1,1701,0,177
passive,9,285,model2B,2,-824.12202,-181.38727,0,1200,0,-823.80262,-181.21128,1,1480,0,166
passive,9,285,model2B,3,-819.7483,-185.53925,0,1200,0,-819.21384,-185.48984,1,9066,2,159
passive,9,285,model2B,4,-817.08428,-187.02134,0,1200,0,-815.93064,-187.3343,1,13081,0,165
passive,9,285,model3,0,-745.52544,-261.46543,0,1400,0,-745.4335,-261.41998,1,7683,0,171
passive,9,285,model3,1,-798.57254,-199.89278,0,1400,0,-798.56521,-199.8816,1,1489,0,177
passive,9,285,model3,2,-820.67913,-180.85632,1,1281,0,-820.52496,-180.54768,1,1413,0,166
passive,9,285,model3,3,-815.36618,-185.83003,0,1400,0,-815.36618,-185.83003,1,412,0,159
passive,9,285,model3,4,-812.95279,-188.57857,1,1059,0,-812.95267,-188.57943,1,1485,0,165
passive,9,315,model2B,0,-855.91881,-268.93336,0,1200,0,-854.30873,-268.66074,1,6413,0,171
passive,9,315,model2B,1,-882.86501,-238.78217,0,1200,0,-882.86459,-238.7822,1,5786,0,177
passive,9,315,model2B,2,-913.33163,-208.85663,0,1200,0,-913.24226,-208.67853,1,2039,0,166
passive,9,315,model2B,3,-922.49487,-199.55033,0,1200,0,-920.69358,-199.9766,1,11574,0,159
passive,9,315,model2B,4,-907.08748,-214.4713,0,1200,0,-906.27916,-214.12737,1,11055,0,165
passive,9,315,model3,0,-854.13929,-268.80897,0,1400,0,-853.64667,-268.70671,1,1653,0,171
passive,9,315,model3,1,-884.23722,-236.59186,1,1109,0,-882.48186,-235.30462,1,6044,0,177
passive,9,315,model3,2,-911.985,-208.91867,0,1400,0,-911.983,-208.91454,1,3653,0,166
passive,9,315,model3,3,-920.55649,-200.12575,0,1400,0,-918.89062,-199.70317,1,2501,0,159
passive,9,315,model3,4,-906.02854,-214.43683,0,1400,0,-905.01368,-214.91169,1,1383,0,165
passive,9,435,model2B,0,-818.41749,-230.7669,0,1200,0,-817.61511,-231.46214,1,2262,0,171
passive,9,435,model2B,1,-809.27841,-240.66315,0,1200,0,-809.2559,-240.65145,0,14000,0,177
passive,9,435,model2B,2,-853.64521,-195.58746,0,1200,0,-852.73916,-196.34399,1,2667,0,166
passive,9,435,model2B,3,-859.01624,-190.13191,0,1200,0,-858.98178,-190.09462,0,14000,0,159
passive,9,435,model2B,4,-851.1333,-197.6597,0,1200,0,-850.94694,-198.02337,1,5168,0,165
passive,9,435,model3,0,-817.28637,-231.29181,0,1400,0,-817.20504,-231.13685,1,1422,0,171
passive,9,435,model3,1,-808.63313,-240.75171,0,1400,0,-808.44994,-240.45474,1,5025,0,177
passive,9,435,model3,2,-852.78987,-195.88545,0,1400,0,-852.73242,-195.77053,0,14000,0,166
passive,9,435,model3,3,-858.78808,-189.7115,0,1400,0,-858.02154,-189.3969,1,1842,0,159
passive,9,435,model3,4,-850.29819,-197.83468,0,1400,0,-850.28978,-197.81602,1,1704,0,165
passive,9,465,model2B,0,-874.85989,-231.23789,0,1200,0,-874.83502,-231.19457,1,1621,0,171
passive,9,465,model2B,1,-849.85523,-258.22122,0,1200,0,-849.84881,-258.24178,0,14000,0,177
passive,9,465,model2B,2,-888.75712,-217.5943,0,1200,0,-888.7543,-217.59686,0,14000,0,166
passive,9,465,model2B,3,-916.19524,-190.54914,0,1200,0,-916.15222,-190.68405,1,1556,0,159
passive,9,465,model2B,4,-890.56168,-215.7867,0,1200,0,-890.56168,-215.78677,1,198,0,165
passive,9,465,model3,0,-874.12224,-231.36124,0,1400,0,-874.09043,-231.44115,0,14000,0,171
passive,9,465,model3,1,-846.72806,-260.34331,0,1400,0,-846.70434,-260.42217,0,14000,0,177
passive,9,465,model3,2,-889.37045,-217.88627,0,1400,0,-889.3231,-218.12106,1,1220,0,166
passive,9,465,model3,3,-917.86823,-190.14029,0,1400,0,-916.10099,-189.93829,1,1449,0,159
passive,9,465,model3,4,-890.763,-215.81412,1,810,0,-888.70755,-216.90347,1,1448,0,165
passive,9,495,model2B,0,-876.6671,-240.48934,1,1095,0,-876.66256,-240.48413,1,11102,0,171
passive,9,495,model2B,1,-869.39475,-248.30314,0,1200,0,-869.39358,-248.28955,1,12071,0,177
passive,9,495,model2B,2,-883.99326,-233.79082,0,1200,0,-883.82478,-233.47161,0,14000,0,166
passive,9,495,model2B,3,-927.2075,-190.33588,0,1200,0,-927.16519,-190.333,0,14000,0,159
passive,9,495,model2B,4,-906.16316,-210.64757,0,1200,0,-906.15546,-210.65344,0,14000,0,165
passive,9,495,model3,0,-877.41754,-239.92417,0,1400,0,-877.41564,-239.95144,0,14000,0,171
passive,9,495,model3,1,-869.55471,-248.53324,0,1400,0,-869.54739,-248.5755,0,14000,0,177
passive,9,495,model3,2,-883.19382,-235.1118,0,1400,0,-883.13133,-235.67124,1,2024,0,166
passive,9,495,model3,3,-927.11654,-190.5668,0,1400,0,-926.68189,-191.45942,1,2829,0,159
passive,9,495,model3,4,-904.29265,-213.20973,1,1254,0,-904.23321,-213.24172,1,1052,0,165
passive,10,255,model2B,0,-847.576,-233.90537,1,895,0,-847.51495,-233.99531,1,1907,0,173
passive,10,255,model2B,1,-887.23185,-196.32577,0,1200,0,-884.95644,-196.31371,1,1179,0,178
passive,10,255,model2B,2,-857.23925,-226.62629,0,1200,0,-855.42289,-225.28876,1,1285,0,179
passive,10,255,model2B,3,-857.76727,-223.39721,0,1200,0,-857.74525,-223.3586,1,7618,0,182
passive,10,255,model2B,4,-877.39186,-206.78068,0,1200,0,-877.35697,-206.72914,1,5996,0,182
passive,10,255,model3,0,-847.60919,-234.11069,0,1400,0,-847.07282,-234.56934,1,876,0,173
passive,10,255,model3,1,-884.26693,-197.00377,0,1400,0,-884.26692,-197.00453,1,13438,0,178
passive,10,255,model3,2,-854.94016,-225.98842,0,1400,0,-854.94006,-225.99136,1,8055,0,179
passive,10,255,model3,3,-858.42712,-222.5805,1,922,0,-858.14402,-224.78119,1,6461,0,182
passive,10,255,model3,4,-873.04255,-208.21671,0,1400,0,-873.03488,-208.1822,1,1714,0,182
passive,10,285,model2B,0,-934.87684,-238.62362,0,1200,0,-929.92821,-239.01414,1,7255,0,173
passive,10,285,model2B,1,-951.35411,-218.36345,0,1200,0,-950.9614,-217.89276,0,14000,0,178
passive,10,285,model2B,2,-928.57667,-240.6134,0,1200,0,-928.53755,-240.64151,0,14000,0,179
passive,10,285,model2B,3,-928.73842,-240.99496,0,1200,0,-927.46119,-241.15626,0,14000,0,182
passive,10,285,model2B,4,-933.97145,-234.95787,0,1200,0,-933.96509,-235.00322,1,1488,0,182
passive,10,285,model3,0,-930.10145,-239.10099,1,978,0,-929.78253,-238.79774,0,14000,0,173
passive,10,285,model3,1,-951.1591,-218.1182,0,1400,0,-950.57931,-217.9967,0,14000,0,178
passive,10,285,model3,2,-929.26095,-240.25362,1,914,0,-929.23487,-240.29914,0,14000,0,179
passive,10,285,model3,3,-928.0647,-240.80081,1,1222,0,-927.14264,-241.3653,0,14000,0,182
passive,10,285,model3,4,-933.79403,-235.9095,0,1400,0,-933.75251,-235.91474,1,10919,0,182
passive,10,315,model2B,0,-992.86931,-255.73352,0,1200,0,-992.80199,-255.73667,0,14000,0,173
passive,10,315,model2B,1,-1007.7592,-240.63563,0,1200,0,-1007.6775,-240.54758,0,14000,0,178
passive,10,315,model2B,2,-1001.2652,-247.90194,0,1200,0,-1001.1593,-247.91338,0,14000,0,179
passive,10,315,model2B,3,-991.31391,-257.89858,0,1200,0,-991.17174,-257.89597,0,14000,0,182
passive,10,315,model2B,4,-997.17356,-254.49567,1,847,0,-997.17266,-254.52832,1,2121,0,182
passive,10,315,model3,0,-992.26645,-254.70969,0,1400,0,-992.24947,-254.73612,1,4838,0,173
passive,10,315,model3,1,-1005.3777,-241.37174,0,1400,0,-1005.3527,-241.31818,0,14000,0,178
passive,10,315,model3,2,-999.91117,-247.57783,0,1400,0,-999.91,-247.52742,1,563,0,179
passive,10,315,model3,3,-990.16989,-257.02195,0,1400,0,-990.1463,-256.94785,0,14000,0,182
passive,10,315,model3,4,-994.7635,-252.02401,0,1400,0,-994.60688,-252.40166,0,14000,0,182
passive,10,435,model2B,0,-1095.519,-257.26572,0,1200,0,-1094.2364,-256.8444,1,842,0,173
passive,10,435,model2B,1,-1079.4573,-272.48105,0,1200,0,-1079.3972,-272.45001,0,14000,0,178
passive,10,435,model2B,2,-1085.9177,-265.83631,0,1200,0,-1085.8965,-265.79017,0,14000,0,179
passive,10,435,model2B,3,-1073.7236,-277.99922,0,1200,0,-1073.702,-277.84702,0,14000,0,182
passive,10,435,model2B,4,-1069.2903,-286.13826,0,1200,0,-1065.3987,-286.35188,1,1414,0,182
passive,10,435,model3,0,-1095.3657,-257.37068,0,1400,0,-1095.3578,-257.36473,1,8967,0,173
passive,10,435,model3,1,-1080.567,-272.69413,0,1400,0,-1080.5409,-272.69938,0,14000,0,178
passive,10,435,model3,2,-1085.0803,-269.1819,1,631,0,-1084.7462,-268.83867,1,1345,0,179
passive,10,435,model3,3,-1074.3036,-278.45057,1,1129,0,-1074.3036,-278.45055,1,221,0,182
passive,10,435,model3,4,-1068.1533,-285.03108,0,1400,0,-1068.1319,-284.85841,0,14000,0,182
passive,10,465,model2B,0,-987.97322,-235.91739,0,1200,0,-987.94992,-235.9314,0,14000,0,173
passive,10,465,model2B,1,-972.2006,-251.58801,0,1200,0,-972.18195,-251.56289,0,14000,0,178
passive,10,465,model2B,2,-984.0909,-239.78913,0,1200,0,-984.08161,-239.7616,0,14000,0,179
passive,10,465,model2B,3,-978.15201,-245.24432,0,1200,0,-978.10419,-245.23335,0,14000,0,182
passive,10,465,model2B,4,-969.02771,-254.26972,0,1200,0,-968.91443,-254.35822,0,14000,0,182
passive,10,465,model3,0,-986.62838,-236.27859,1,1178,0,-986.62838,-236.27859,1,214,0,173
passive,10,465,model3,1,-970.74077,-252.57399,1,589,0,-970.71447,-252.5057,1,1171,0,178
passive,10,465,model3,2,-982.78241,-240.48516,1,733,0,-982.71341,-240.30694,1,6317,0,179
passive,10,465,model3,3,-977.2968,-245.42476,1,525,0,-977.28935,-245.36021,1,1280,0,182
passive,10,465,model3,4,-968.8194,-253.93594,0,1400,0,-968.8194,-253.93594,1,234,0,182
passive,10,495,model2B,0,-905.44642,-218.36815,1,812,0,-905.44622,-218.34326,1,323,0,173
passive,10,495,model2B,1,-860.93902,-265.87518,0,1200,0,-860.9274,-265.80479,0,14000,0,178
passive,10,495,model2B,2,-905.86214,-218.13304,1,1041,0,-905.86214,-218.13304,1,184,0,179
passive,10,495,model2B,3,-904.76105,-219.07991,0,1200,0,-904.73662,-219.06412,0,14000,0,182
passive,10,495,model2B,4,-910.67065,-213.08792,0,1200,0,-910.65935,-213.08078,0,14000,0,182
passive,10,495,model3,0,-904.61575,-219.13132,0,1400,0,-904.09142,-219.60505,1,6032,0,173
passive,10,495,model3,1,-861.8286,-266.45859,0,1400,0,-861.8171,-266.49347,1,4420,0,178
passive,10,495,model3,2,-905.57105,-219.42608,0,1400,0,-905.33648,-219.2395,1,983,0,179
passive,10,495,model3,3,-905.30111,-219.42316,0,1400,0,-904.8601,-220.09595,1,1862,0,182
passive,10,495,model3,4,-910.41665,-214.95453,1,1106,0,-910.01773,-215.09749,0,14000,0,182
passive,11,255,model2B,0,-1221.3654,-249.86558,0,1200,0,-1221.3043,-250.02366,0,14000,0,185
passive,11,255,model2B,1,-1196.786,-275.08855,1,601,0,-1196.7852,-275.08797,1,916,0,205
passive,11,255,model2B,2,-1162.164,-309.55445,1,957,0,-1161.9153,-310.17212,1,2268,0,202
passive,11,255,model2B,3,-1151.9826,-319.96959,1,625,0,-1151.9125,-320.01024,0,14000,0,217
passive,11,255,model2B,4,-1148.5295,-323.02482,1,1100,0,-1148.4985,-323.09419,1,2172,0,217
passive,11,255,model3,0,-1221.4465,-249.99492,1,1022,0,-1220.4364,-249.65978,1,1122,0,185
passive,11,255,model3,1,-1196.989,-274.93623,1,1011,0,-1195.6415,-274.99534,1,1836,0,205
passive,11,255,model3,2,-1161.6869,-310.24598,1,1200,0,-1160.6503,-310.26817,1,9276,0,202
passive,11,255,model3,3,-1151.6934,-320.03116,1,1193,0,-1151.344,-320.5407,0,14000,0,217
passive,11,255,model3,4,-1147.7555,-323.57294,0,1400,0,-1146.9248,-325.00464,0,14000,0,217
passive,11,285,model2B,0,-1266.1418,-250.03229,1,1032,0,-1266.1418,-250.03247,1,183,0,185
passive,11,285,model2B,1,-1242.3242,-274.60385,0,1200,0,-1241.7928,-274.27925,1,2220,0,205
passive,11,285,model2B,2,-1205.3042,-310.16474,0,1200,0,-1205.3042,-310.16459,1,204,0,202
passive,11,285,model2B,3,-1184.421,-330.84393,0,1200,0,-1184.421,-330.84471,1,182,0,217
passive,11,285,model2B,4,-1161.0673,-364.39814,0,1200,0,-1155.7192,-362.51626,1,3422,0,217
passive,11,285,model3,0,-1265.8619,-249.85348,1,1305,0,-1265.8619,-249.85342,1,249,0,185
passive,11,285,model3,1,-1241.3897,-274.61561,1,980,0,-1241.1646,-274.4279,1,812,0,205
passive,11,285,model3,2,-1205.0943,-310.24643,0,1400,0,-1204.8587,-310.22647,1,596,0,202
passive,11,285,model3,3,-1183.9268,-330.85332,1,1220,0,-1183.9268,-330.85348,1,208,0,217
passive,11,285,model3,4,-1154.9615,-362.1524,0,1400,0,-1154.9273,-361.91453,1,388,0,217
passive,11,315,model2B,0,-1253.7662,-273.19873,0,1200,0,-1253.5919,-272.30992,1,606,0,185
passive,11,315,model2B,1,-1255.8231,-271.05964,0,1200,0,-1255.823,-271.0574,1,232,0,205
passive,11,315,model2B,2,-1213.4021,-312.72527,0,1200,0,-1213.4021,-312.72526,1,221,0,202
passive,11,315,model2B,3,-1197.4872,-328.452,0,1200,0,-1196.9391,-328.51037,1,378,0,217
passive,11,315,model2B,4,-1174.2582,-352.28731,0,1200,0,-1174.2348,-352.31535,1,300,0,217
passive,11,315,model3,0,-1253.8593,-272.28146,1,1198,0,-1253.5866,-272.00501,0,14000,0,185
passive,11,315,model3,1,-1255.3823,-271.22042,0,1400,0,-1255.3647,-271.448,0,14000,0,205
passive,11,315,model3,2,-1214.7061,-314.54864,1,1024,0,-1214.7052,-314.52997,1,724,0,202
passive,11,315,model3,3,-1199.5813,-328.57681,1,707,0,-1199.5778,-328.58044,1,3231,0,217
passive,11,315,model3,4,-1175.3586,-353.8031,1,716,0,-1175.0096,-353.34883,1,1882,0,217
passive,11,435,model2B,0,-1085.7903,-246.31548,0,1200,0,-1085.7903,-246.31496,1,204,0,185
passive,11,435,model2B,1,-1079.6014,-252.43895,0,1200,0,-1079.6014,-252.43907,1,273,0,205
passive,11,435,model2B,2,-1082.9222,-249.50452,1,1084,0,-1082.7124,-249.2612,1,638,0,202
passive,11,435,model2B,3,-1058.7258,-273.62262,0,1200,0,-1058.0487,-273.78167,1,274,0,217
passive,11,435,model2B,4,-1013.2263,-324.28137,1,1119,0,-1013.2117,-324.04985,1,1914,0,217
passive,11,435,model3,0,-1083.0151,-246.31554,0,1400,0,-1081.4255,-246.0503,0,14000,0,185
passive,11,435,model3,1,-1077.6832,-251.02871,0,1400,0,-1076.7947,-250.48714,1,10133,0,205
passive,11,435,model3,2,-1078.2917,-249.03995,0,1400,0,-1078.1626,-249.0716,1,7600,0,202
passive,11,435,model3,3,-1056.8446,-272.85867,1,1018,0,-1054.7,-272.5789,0,14000,0,217
passive,11,435,model3,4,-1013.3572,-318.24067,1,1252,0,-1013.1955,-315.82099,1,12573,0,217
passive,11,465,model2B,0,-1143.468,-253.21224,0,1200,0,-1142.8739,-253.66448,1,442,0,185
passive,11,465,model2B,1,-1132.3198,-265.0296,0,1200,0,-1131.7728,-265.329,1,655,0,205
passive,11,465,model2B,2,-1117.931,-280.38626,1,973,0,-1117.8328,-279.79016,1,1428,0,202
passive,11,465,model2B,3,-1106.114,-292.40686,0,1200,0,-1105.107,-291.70797,1,451,0,217
passive,11,465,model2B,4,-1084.0648,-313.50282,0,1200,0,-1084.0349,-313.776,1,358,0,217
passive,11,465,model3,0,-1139.6305,-256.68718,0,1400,0,-1139.3805,-256.83026,1,9073,0,185
passive,11,465,model3,1,-1133.6596,-265.29733,0,1400,0,-1132.9045,-265.59426,0,14000,0,205
passive,11,465,model3,2,-1115.8147,-280.5597,0,1400,0,-1115.2645,-280.81601,0,14000,0,202
passive,11,465,model3,3,-1106.4539,-291.2665,0,1400,0,-1105.0238,-291.00782,0,14000,0,217
passive,11,465,model3,4,-1086.5474,-313.06927,0,1400,0,-1086.4376,-313.13174,1,1768,0,217
passive,11,495,model2B,0,-1206.6757,-245.68265,0,1200,0,-1206.6757,-245.6822,1,220,0,185
passive,11,495,model2B,1,-1176.5295,-275.87083,0,1200,0,-1176.4946,-275.93694,0,14000,0,205
passive,11,495,model2B,2,-1148.0585,-306.62096,0,1200,0,-1148.0398,-306.50016,1,641,0,202
passive,11,495,model2B,3,-1138.4709,-314.19395,1,937,0,-1138.4576,-314.24199,1,523,0,217
passive,11,495,model2B,4,-1133.0377,-321.59393,0,1200,0,-1132.8881,-321.71156,0,14000,0,217
passive,11,495,model3,0,-1209.6384,-246.95379,0,1400,0,-1209.4192,-247.14839,0,14000,0,185
passive,11,495,model3,1,-1181.6757,-275.79229,0,1400,0,-1181.6497,-276.0342,1,1920,0,205
passive,11,495,model3,2,-1147.3125,-310.33872,0,1400,0,-1146.9146,-310.74375,0,14000,0,202
passive,11,495,model3,3,-1144.8812,-312.03363,1,1011,0,-1144.8113,-311.9583,0,14000,0,217
passive,11,495,model3,4,-1136.8437,-320.86574,1,1248,0,-1136.6995,-320.88718,1,551,0,217
passive,12,255,model2B,0,-928.45642,-227.0129,0,1200,0,-928.04735,-227.89733,1,1744,0,208
passive,12,255,model2B,1,-910.35511,-245.68805,0,1200,0,-910.31261,-245.69837,0,14000,0,213
passive,12,255,model2B,2,-928.74576,-228.0542,0,1200,0,-927.64401,-227.77626,1,2446,0,206
passive,12,255,model2B,3,-938.88924,-216.83929,0,1200,0,-938.25676,-217.82173,1,5756,0,210
passive,12,255,model2B,4,-914.92485,-241.55458,0,1200,0,-914.09325,-241.33105,1,1932,0,212
passive,12,255,model3,0,-928.26364,-227.70572,0,1400,0,-927.48806,-227.2529,1,5975,0,208
passive,12,255,model3,1,-910.38047,-245.80909,1,1083,0,-910.00541,-245.57127,1,4775,0,213
passive,12,255,model3,2,-927.55408,-228.14266,0,1400,0,-927.1875,-227.79737,1,2792,0,206
passive,12,255,model3,3,-938.45947,-217.67761,0,1400,0,-938.45947,-217.67785,1,3198,0,210
passive,12,255,model3,4,-914.13927,-241.43028,1,886,0,-913.91052,-240.93699,1,5491,0,212
passive,12,285,model2B,0,-1084.1791,-250.35301,0,1200,0,-1083.837,-250.83843,1,442,0,208
passive,12,285,model2B,1,-1047.443,-289.73388,0,1200,0,-1047.2254,-288.73698,1,1235,0,213
passive,12,285,model2B,2,-1056.4925,-278.50346,0,1200,0,-1056.4601,-278.4647,1,419,0,206
passive,12,285,model2B,3,-1077.4654,-258.22836,0,1200,0,-1076.2114,-258.34712,1,735,0,210
passive,12,285,model2B,4,-1071.1826,-264.59213,0,1200,0,-1069.8178,-264.59774,1,667,0,212
passive,12,285,model3,0,-1084.1129,-251.11841,0,1400,0,-1084.0657,-251.05316,1,4722,0,208
passive,12,285,model3,1,-1047.4402,-288.67208,0,1400,0,-1046.7958,-289.85409,1,5126,0,213
passive,12,285,model3,2,-1056.5071,-278.5702,0,1400,0,-1056.5066,-278.57096,1,838,0,206
passive,12,285,model3,3,-1077.0967,-257.531,1,1189,0,-1077.0944,-257.52762,1,1119,0,210
passive,12,285,model3,4,-1070.4525,-264.16717,0,1400,0,-1070.4525,-264.16717,1,679,0,212
passive,12,315,model2B,0,-1225.2458,-293.98446,0,1200,0,-1224.6651,-294.4799,1,324,0,208
passive,12,315,model2B,1,-1195.532,-323.98242,0,1200,0,-1195.532,-323.98101,1,167,0,213
passive,12,315,model2B,2,-1209.7758,-319.0197,0,1200,0,-1203.043,-316.22053,1,6312,0,206
passive,12,315,model2B,3,-1223.8521,-295.93699,0,1200,0,-1223.0488,-295.38672,1,572,0,210
passive,12,315,model2B,4,-1223.6067,-295.11523,0,1200,0,-1223.5161,-295.16521,1,444,0,212
passive,12,315,model3,0,-1224.8247,-294.81448,0,1400,0,-1224.8106,-294.85616,1,1212,0,208
passive,12,315,model3,1,-1197.1412,-324.18824,0,1400,0,-1196.8375,-324.23862,1,4754,0,213
passive,12,315,model3,2,-1204.4141,-315.67524,0,1400,0,-1204.3695,-315.6815,0,14000,0,206
passive,12,315,model3,3,-1223.6121,-295.77615,0,1400,0,-1223.4577,-295.77693,1,4711,0,210
passive,12,315,model3,4,-1224.5972,-295.33788,0,1400,0,-1224.3429,-295.274,1,1971,0,212
passive,12,435,model2B,0,-1161.374,-293.34923,0,1200,0,-1159.8804,-294.52892,1,611,0,208
passive,12,435,model2B,1,-1108.734,-350.60711,0,1200,0,-1108.734,-350.61659,1,189,0,213
passive,12,435,model2B,2,-1182.2664,-272.6609,0,1200,0,-1182.2664,-272.66188,1,192,0,206
passive,12,435,model2B,3,-1187.1824,-267.72294,0,1200,0,-1187.0898,-267.77306,1,301,0,210
passive,12,435,model2B,4,-1169.289,-285.2429,0,1200,0,-1169.197,-285.12201,1,422,0,212
passive,12,435,model3,0,-1160.9614,-295.09655,0,1400,0,-1160.4909,-295.12571,1,4782,0,208
passive,12,435,model3,1,-1107.9998,-350.3471,0,1400,0,-1107.9998,-350.34154,1,200,0,213
passive,12,435,model3,2,-1181.3487,-271.2878,0,1400,0,-1180.0341,-273.19014,1,580,0,206
passive,12,435,model3,3,-1186.7435,-267.46423,0,1400,0,-1185.6816,-267.4006,1,923,0,210
passive,12,435,model3,4,-1167.1999,-286.85665,0,1400,0,-1166.332,-286.43624,1,897,0,212
passive,12,465,model2B,0,-1224.0186,-316.03877,0,1200,0,-1223.78,-316.70228,1,418,0,208
passive,12,465,model2B,1,-1199.1788,-342.77698,0,1200,0,-1197.7656,-342.93109,1,537,0,213
passive,12,465,model2B,2,-1243.0889,-296.79356,1,1001,0,-1243.0889,-296.79356,1,155,0,206
passive,12,465,model2B,3,-1256.966,-293.24101,0,1200,0,-1251.3483,-291.49966,1,2106,0,210
passive,12,465,model2B,4,-1238.8398,-300.76933,1,1138,0,-1238.838,-300.78916,1,220,0,212
passive,12,465,model3,0,-1223.4761,-316.0655,1,1256,0,-1223.4609,-315.9235,1,454,0,208
passive,12,465,model3,1,-1197.1098,-342.60689,0,1400,0,-1197.0155,-342.61303,0,14000,0,213
passive,12,465,model3,2,-1242.2261,-296.69928,0,1400,0,-1241.7666,-296.86148,1,3790,0,206
passive,12,465,model3,3,-1249.5655,-289.6674,0,1400,0,-1249.4065,-289.74031,1,12218,0,210
passive,12,465,model3,4,-1236.6767,-302.31479,0,1400,0,-1236.5839,-302.31528,1,874,0,212
passive,12,495,model2B,0,-1245.0493,-315.64493,1,961,0,-1245.0493,-315.64493,1,178,0,208
passive,12,495,model2B,1,-1234.0993,-325.71663,1,1069,0,-1234.0993,-325.71663,1,191,0,213
passive,12,495,model2B,2,-1262.647,-297.4659,0,1200,0,-1262.2885,-297.34427,1,629,0,206
passive,12,495,model2B,3,-1256.1073,-304.19685,0,1200,0,-1256.0337,-304.07137,1,527,0,210
passive,12,495,model2B,4,-1238.134,-321.50047,1,1179,0,-1238.134,-321.50059,1,179,0,212
passive,12,495,model3,0,-1244.7029,-314.99623,0,1400,0,-1244.6388,-314.93552,1,844,0,208
passive,12,495,model3,1,-1233.5899,-325.094,0,1400,0,-1233.4939,-325.1163,0,14000,0,213
passive,12,495,model3,2,-1259.6469,-299.71119,0,1400,0,-1259.4962,-299.54127,1,11699,0,206
passive,12,495,model3,3,-1255.7825,-303.40782,0,1400,0,-1255.6327,-303.37577,1,11795,0,210
passive,12,495,model3,4,-1237.5125,-321.12733,0,1400,0,-1237.4342,-321.28684,1,977,0,212
passive,13,255,model2B,0,-1605.395,-333.34371,1,955,0,-1605.395,-333.34369,1,205,0,170
passive,13,255,model2B,1,-1551.5289,-386.19874,1,973,0,-1551.5289,-386.19874,1,213,0,212
passive,13,255,model2B,2,-1554.9152,-382.26054,0,1200,0,-1554.8548,-382.40391,0,14000,0,217
passive,13,255,model2B,3,-1555.4265,-382.24208,0,1200,0,-1555.4224,-382.25358,1,724,0,218
passive,13,255,model2B,4,-1570.597,-366.96184,0,1200,0,-1570.5795,-367.03063,0,14000,0,218
passive,13,255,model3,0,-1607.975,-333.98941,0,1400,0,-1607.9068,-333.96691,1,9787,0,170
passive,13,255,model3,1,-1554.1565,-386.36442,0,1400,0,-1554.1448,-386.36753,0,14000,0,212
passive,13,255,model3,2,-1558.1547,-382.27158,0,1400,0,-1558.1413,-382.22459,1,13027,0,217
passive,13,255,model3,3,-1557.8817,-383.20735,1,687,0,-1557.8258,-383.00577,0,14000,0,218
passive,13,255,model3,4,-1573.6415,-367.03156,0,1400,0,-1573.6321,-367.01338,1,4787,0,218
passive,13,285,model2B,0,-1561.2606,-333.06436,1,850,0,-1561.2606,-333.06436,1,205,0,170
passive,13,285,model2B,1,-1513.131,-378.71749,1,994,0,-1513.131,-378.71749,1,204,0,212
passive,13,285,model2B,2,-1524.9835,-367.56593,1,1104,0,-1524.9835,-367.56593,1,226,0,217
passive,13,285,model2B,3,-1516.7057,-375.38167,1,1029,0,-1516.7057,-375.38167,1,191,0,218
passive,13,285,model2B,4,-1533.5998,-358.73274,1,898,0,-1533.5998,-358.73274,1,235,0,218
passive,13,285,model3,0,-1564.5821,-334.32351,0,1400,0,-1564.43,-334.58222,1,12043,0,170
passive,13,285,model3,1,-1513.8642,-382.61062,0,1400,0,-1513.862,-382.60234,1,2360,0,212
passive,13,285,model3,2,-1530.5772,-365.60655,0,1400,0,-1530.5137,-365.74994,0,14000,0,217
passive,13,285,model3,3,-1518.3842,-378.72463,0,1400,0,-1518.3831,-378.68507,1,702,0,218
passive,13,285,model3,4,-1537.6419,-358.33607,0,1400,0,-1537.5844,-358.40648,1,9216,0,218
passive,13,315,model2B,0,-1434.5378,-330.08312,1,987,0,-1434.5378,-330.08312,1,167,0,170
passive,13,315,model2B,1,-1418.0483,-342.25887,1,944,0,-1418.0483,-342.25887,1,178,0,212
passive,13,315,model2B,2,-1420.4263,-340.75465,1,986,0,-1420.4263,-340.75506,1,193,0,217
passive,13,315,model2B,3,-1412.1668,-348.28298,1,768,0,-1412.1668,-348.2828,1,185,0,218
passive,13,315,model2B,4,-1433.893,-327.33664,1,918,0,-1433.893,-327.33669,1,188,0,218
passive,13,315,model3,0,-1434.846,-331.89635,1,1182,0,-1434.846,-331.89633,1,231,0,170
passive,13,315,model3,1,-1418.5437,-343.80385,1,1213,0,-1418.5437,-343.80385,1,209,0,212
passive,13,315,model3,2,-1424.4967,-338.59141,1,1396,0,-1424.4967,-338.59148,1,231,0,217
passive,13,315,model3,3,-1411.607,-351.73094,1,1353,0,-1411.607,-351.7307,1,232,0,218
passive,13,315,model3,4,-1435.0851,-327.97385,0,1400,0,-1435.0248,-327.9763,1,7582,0,218
passive,13,435,model2B,0,-1038.4302,-196.06728,0,1200,0,-1038.4302,-196.06709,1,194,0,170
passive,13,435,model2B,1,-994.15744,-244.86986,0,1200,0,-992.04015,-242.80512,1,444,0,212
passive,13,435,model2B,2,-975.52878,-262.49041,0,1200,0,-972.37178,-263.17139,1,450,0,217
passive,13,435,model2B,3,-987.92492,-251.866,0,1200,0,-984.33131,-250.1376,1,1093,0,218
passive,13,435,model2B,4,-1007.9044,-232.69868,0,1200,0,-1004.6686,-230.71584,1,1314,0,218
passive,13,435,model3,0,-1038.4575,-198.36328,1,1020,0,-1038.4497,-198.37702,0,14000,0,170
passive,13,435,model3,1,-993.76877,-241.54386,0,1400,0,-993.76847,-241.54319,1,875,0,212
passive,13,435,model3,2,-968.85183,-265.02778,0,1400,0,-967.72394,-264.20551,1,1664,0,217
passive,13,435,model3,3,-982.84121,-249.12852,0,1400,0,-982.84107,-249.12515,1,312,0,218
passive,13,435,model3,4,-1004.0988,-230.47324,1,1287,0,-1004.0988,-230.47323,1,206,0,218
passive,13,465,model2B,0,-989.36453,-189.10934,0,1200,0,-989.36453,-189.1094,1,211,0,170
passive,13,465,model2B,1,-939.39993,-239.00638,1,1088,0,-939.39993,-239.0064,1,202,0,212
passive,13,465,model2B,2,-937.52998,-244.4918,0,1200,0,-933.84534,-245.7635,1,1067,0,217
passive,13,465,model2B,3,-950.39187,-230.96362,0,1200,0,-950.27698,-230.83188,1,3830,0,218
passive,13,465,model2B,4,-957.09151,-223.64394,0,1200,0,-955.41167,-223.19875,1,845,0,218
passive,13,465,model3,0,-988.99091,-189.23377,1,1226,0,-988.87784,-189.47603,1,1723,0,170
passive,13,465,model3,1,-938.35541,-240.34843,0,1400,0,-938.35442,-240.35439,1,2217,0,212
passive,13,465,model3,2,-934.2578,-246.29617,0,1400,0,-933.74864,-246.10883,1,1411,0,217
passive,13,465,model3,3,-949.20453,-229.05459,1,866,0,-949.19686,-229.05934,1,10850,0,218
passive,13,465,model3,4,-955.16075,-223.19959,0,1400,0,-955.15813,-223.19434,0,14000,0,218
passive,13,495,model2B,0,-930.43696,-196.45169,0,1200,0,-930.37885,-196.48468,1,3745,0,170
passive,13,495,model2B,1,-910.68285,-216.21026,1,455,0,-910.68285,-216.21026,1,264,0,212
passive,13,495,model2B,2,-891.07922,-235.96919,1,442,0,-891.07922,-235.96919,1,274,0,217
passive,13,495,model2B,3,-916.89484,-209.64454,0,1200,0,-916.28502,-209.28571,1,1585,0,218
passive,13,495,model2B,4,-910.00558,-215.56784,0,1200,0,-903.29335,-212.72812,1,665,0,218
passive,13,495,model3,0,-928.59807,-195.75226,0,1400,0,-921.59077,-195.20435,1,4749,0,170
passive,13,495,model3,1,-909.6354,-215.6255,0,1400,0,-904.93838,-212.55677,1,2086,0,212
passive,13,495,model3,2,-879.41929,-237.60317,1,866,0,-876.94901,-237.23315,1,1510,0,217
passive,13,495,model3,3,-910.80153,-206.35468,0,1400,0,-909.54105,-205.18561,1,2512,0,218
passive,13,495,model3,4,-902.33754,-213.56611,0,1400,0,-902.31686,-213.58792,0,14000,0,218
passive,14,255,model2B,0,-1328.9127,-328.07256,0,1200,0,-1328.9127,-328.07265,1,223,0,204
passive,14,255,model2B,1,-1327.8536,-330.19633,0,1200,0,-1327.8536,-330.19244,1,323,0,201
passive,14,255,model2B,2,-1313.5919,-343.32847,1,969,0,-1313.5919,-343.32847,1,196,0,210
passive,14,255,model2B,3,-1328.5795,-328.49982,0,1200,0,-1328.5795,-328.50083,1,198,0,211
passive,14,255,model2B,4,-1324.3911,-332.82792,0,1200,0,-1324.3493,-332.86609,1,442,0,209
passive,14,255,model3,0,-1329.2639,-328.75844,0,1400,0,-1329.0211,-328.40206,1,3476,0,204
passive,14,255,model3,1,-1328.5411,-329.74882,0,1400,0,-1327.7891,-330.21024,1,7590,0,201
passive,14,255,model3,2,-1314.8396,-343.66909,0,1400,0,-1314.7865,-343.63311,0,14000,0,210
passive,14,255,model3,3,-1329.0178,-329.55652,0,1400,0,-1329.0061,-329.53307,0,14000,0,211
passive,14,255,model3,4,-1325.5505,-333.07701,0,1400,0,-1325.1549,-332.3604,1,5670,0,209
passive,14,285,model2B,0,-1426.1071,-358.74958,1,724,0,-1426.1071,-358.74958,1,161,0,204
passive,14,285,model2B,1,-1443.408,-341.1562,1,1108,0,-1443.408,-341.15683,1,182,0,201
passive,14,285,model2B,2,-1394.4957,-389.88711,1,864,0,-1394.4957,-389.88711,1,170,0,210
passive,14,285,model2B,3,-1435.4478,-348.3456,1,895,0,-1435.4478,-348.3456,1,173,0,211
passive,14,285,model2B,4,-1426.832,-356.74442,1,1029,0,-1426.832,-356.74442,1,181,0,209
passive,14,285,model3,0,-1423.9863,-359.26349,0,1400,0,-1423.9296,-359.16979,1,9820,0,204
passive,14,285,model3,1,-1441.81,-340.55643,0,1400,0,-1441.7429,-340.55918,0,14000,0,201
passive,14,285,model3,2,-1394.1326,-388.94987,0,1400,0,-1393.8912,-388.49904,0,14000,0,210
passive,14,285,model3,3,-1434.4921,-347.3165,0,1400,0,-1434.4702,-347.23523,0,14000,0,211
passive,14,285,model3,4,-1425.0389,-356.98881,0,1400,0,-1424.9805,-356.78897,0,14000,0,209
passive,14,315,model2B,0,-1453.639,-372.09924,1,1051,0,-1453.639,-372.09931,1,188,0,204
passive,14,315,model2B,1,-1478.2804,-345.73935,0,1200,0,-1478.2804,-345.73973,1,201,0,201
passive,14,315,model2B,2,-1439.0964,-384.60681,1,1187,0,-1439.0964,-384.60681,1,184,0,210
passive,14,315,model2B,3,-1467.8662,-356.79156,1,1153,0,-1467.8662,-356.79156,1,216,0,211
passive,14,315,model2B,4,-1449.7109,-373.75906,1,838,0,-1449.7109,-373.75906,1,182,0,209
passive,14,315,model3,0,-1449.091,-374.35267,0,1400,0,-1449.088,-374.32673,0,14000,0,204
passive,14,315,model3,1,-1477.6185,-344.13591,0,1400,0,-1477.6185,-344.13587,1,210,0,201
passive,14,315,model3,2,-1437.5271,-383.56291,1,1090,0,-1437.5271,-383.56284,1,215,0,210
passive,14,315,model3,3,-1466.2229,-355.81679,0,1400,0,-1466.2229,-355.81724,1,204,0,211
passive,14,315,model3,4,-1447.2608,-373.8067,1,711,0,-1447.2416,-373.78227,1,388,0,209
passive,14,435,model2B,0,-1148.8533,-312.71625,0,1200,0,-1148.8532,-312.71482,1,199,0,204
passive,14,435,model2B,1,-1174.943,-287.88151,0,1200,0,-1174.3424,-286.61145,1,354,0,201
passive,14,435,model2B,2,-1167.0165,-294.14899,0,1200,0,-1166.9948,-293.94511,1,381,0,210
passive,14,435,model2B,3,-1168.9434,-292.92164,1,749,0,-1167.7191,-292.23244,1,365,0,211
passive,14,435,model2B,4,-1173.6333,-286.95573,0,1200,0,-1173.6333,-286.95252,1,199,0,209
passive,14,435,model3,0,-1150.7952,-309.58728,1,797,0,-1150.7952,-309.58714,1,186,0,204
passive,14,435,model3,1,-1173.385,-286.18232,1,1391,0,-1173.385,-286.18228,1,224,0,201
passive,14,435,model3,2,-1166.7727,-293.05757,0,1400,0,-1166.7727,-293.05694,1,288,0,210
passive,14,435,model3,3,-1166.6891,-292.41322,1,1301,0,-1166.6891,-292.41322,1,211,0,211
passive,14,435,model3,4,-1172.9392,-286.88278,0,1400,0,-1172.9392,-286.88215,1,251,0,209
passive,14,465,model2B,0,-986.78306,-289.51171,1,1178,0,-986.78306,-289.51171,1,196,0,204
passive,14,465,model2B,1,-1027.7287,-246.57373,1,1002,0,-1027.7287,-246.57365,1,195,0,201
passive,14,465,model2B,2,-1027.2534,-250.18118,0,1200,0,-1024.2298,-249.79152,1,961,0,210
passive,14,465,model2B,3,-1018.0762,-255.78169,0,1200,0,-1017.8103,-255.82443,1,321,0,211
passive,14,465,model2B,4,-1031.5658,-243.2615,1,1010,0,-1031.5658,-243.26146,1,220,0,209
passive,14,465,model3,0,-989.14191,-288.23752,1,1175,0,-989.14093,-288.23574,1,5644,0,204
passive,14,465,model3,1,-1028.9846,-246.84339,1,1169,0,-1027.6682,-246.28051,1,1336,0,201
passive,14,465,model3,2,-1024.7069,-250.9791,1,766,0,-1024.7069,-250.97922,1,184,0,210
passive,14,465,model3,3,-1017.2703,-256.45806,1,1019,0,-1017.0357,-256.32951,1,625,0,211
passive,14,465,model3,4,-1032.9683,-243.55216,1,916,0,-1032.9636,-243.53026,1,7908,0,209
passive,14,495,model2B,0,-969.8751,-282.83197,0,1200,0,-969.87507,-282.83795,1,211,0,204
passive,14,495,model2B,1,-1009.7432,-242.11018,0,1200,0,-1009.5844,-241.74404,1,309,0,201
passive,14,495,model2B,2,-999.88631,-251.00181,1,1027,0,-999.88631,-251.00181,1,190,0,210
passive,14,495,model2B,3,-1005.4938,-245.59384,1,714,0,-1005.4938,-245.59385,1,179,0,211
passive,14,495,model2B,4,-1013.2428,-239.01498,0,1200,0,-1013.2428,-239.01524,1,213,0,209
passive,14,495,model3,0,-970.21203,-286.1981,1,669,0,-968.89854,-287.42769,1,2155,0,204
passive,14,495,model3,1,-1009.5605,-241.00916,0,1400,0,-1009.5391,-240.99558,1,866,0,201
passive,14,495,model3,2,-999.40586,-250.96381,1,1286,0,-999.39836,-251.02941,1,462,0,210
passive,14,495,model3,3,-1004.9103,-245.63503,1,1259,0,-1004.9079,-245.63001,1,399,0,211
passive,14,495,model3,4,-1017.1164,-236.86078,1,752,0,-1016.747,-236.93438,1,893,0,209
passive,15,255,model2B,0,-1028.6641,-283.29332,0,1200,0,-1028.6616,-283.29274,1,525,0,212
passive,15,255,model2B,1,-1056.7693,-253.80299,0,1200,0,-1056.7378,-253.83039,0,14000,0,222
passive,15,255,model2B,2,-1064.1364,-252.48201,0,1200,0,-1060.9687,-250.07097,1,2755,0,223
passive,15,255,model2B,3,-1039.2732,-276.47786,0,1200,0,-1036.1381,-274.51221,1,618,0,222
passive,15,255,model2B,4,-1052.2535,-257.66071,0,1200,0,-1052.1866,-257.79382,1,477,0,222
passive,15,255,model3,0,-1030.136,-282.21794,0,1400,0,-1029.6616,-282.15904,0,14000,0,212
passive,15,255,model3,1,-1056.9097,-254.47519,1,775,0,-1056.6913,-253.91748,0,14000,0,222
passive,15,255,model3,2,-1061.5567,-250.10495,1,825,0,-1061.1949,-249.90905,0,14000,0,223
passive,15,255,model3,3,-1035.3487,-275.80882,0,1400,0,-1035.2974,-276.09131,1,727,0,222
passive,15,255,model3,4,-1052.7517,-258.02271,1,888,0,-1052.4152,-257.79651,0,14000,0,222
passive,15,285,model2B,0,-1072.7655,-272.45088,1,1096,0,-1072.7655,-272.45105,1,178,0,212
passive,15,285,model2B,1,-1077.3799,-279.02073,0,1200,0,-1076.602,-278.6163,1,11763,0,222
passive,15,285,model2B,2,-1095.8907,-249.7348,0,1200,0,-1095.8907,-249.7331,1,161,0,223
passive,15,285,model2B,3,-1061.0807,-284.95087,1,1190,0,-1061.0807,-284.95087,1,179,0,222
passive,15,285,model2B,4,-1075.8906,-269.03828,1,1078,0,-1075.8906,-269.03828,1,170,0,222
passive,15,285,model3,0,-1072.5817,-273.21891,0,1400,0,-1072.2888,-273.80257,0,14000,0,212
passive,15,285,model3,1,-1070.0007,-276.0983,0,1400,0,-1069.526,-276.48631,0,14000,0,222
passive,15,285,model3,2,-1096.0813,-250.26551,0,1400,0,-1096.0565,-250.48344,1,660,0,223
passive,15,285,model3,3,-1063.0029,-284.22491,0,1400,0,-1063.0029,-284.22368,1,203,0,222
passive,15,285,model3,4,-1076.2058,-269.71226,0,1400,0,-1076.1993,-269.73347,1,1051,0,222
passive,15,315,model2B,0,-986.84143,-284.26845,0,1200,0,-986.78852,-283.9205,1,220,0,212
passive,15,315,model2B,1,-998.01368,-271.35787,0,1200,0,-998.01367,-271.35995,1,205,0,222
passive,15,315,model2B,2,-1039.5247,-230.64443,1,1062,0,-1039.5247,-230.64443,1,175,0,223
passive,15,315,model2B,3,-1021.743,-247.78855,1,862,0,-1021.743,-247.78829,1,187,0,222
passive,15,315,model2B,4,-1022.2733,-246.55873,1,1071,0,-1022.2733,-246.55873,1,182,0,222
passive,15,315,model3,0,-984.85776,-285.8958,0,1400,0,-984.78257,-286.04008,1,1864,0,212
passive,15,315,model3,1,-996.90666,-272.42086,0,1400,0,-996.8905,-272.34578,1,4152,0,222
passive,15,315,model3,2,-1039.7152,-231.84437,1,847,0,-1039.0642,-230.6942,1,1302,0,223
passive,15,315,model3,3,-1024.8202,-247.76764,0,1400,0,-1024.7575,-248.35233,0,14000,0,222
passive,15,315,model3,4,-1021.5841,-246.97165,0,1400,0,-1021.5839,-246.96908,1,478,0,222
passive,15,435,model2B,0,-1174.6364,-362.9356,1,948,0,-1174.6364,-362.9356,1,179,0,212
passive,15,435,model2B,1,-1243.9556,-289.70729,0,1200,0,-1243.9475,-289.71719,1,4530,0,222
passive,15,435,model2B,2,-1257.2084,-276.49091,0,1200,0,-1257.2084,-276.48965,1,192,0,223
passive,15,435,model2B,3,-1223.9061,-307.93111,0,1200,0,-1223.9061,-307.93113,1,182,0,222
passive,15,435,model2B,4,-1219.1583,-313.36769,0,1200,0,-1218.1582,-313.59118,1,601,0,222
passive,15,435,model3,0,-1173.8377,-365.0473,1,1031,0,-1173.7422,-364.88712,1,709,0,212
passive,15,435,model3,1,-1242.9042,-289.96811,0,1400,0,-1242.8631,-290.05084,1,844,0,222
passive,15,435,model3,2,-1258.2735,-275.81827,0,1400,0,-1257.3499,-276.62724,1,13617,0,223
passive,15,435,model3,3,-1224.6102,-308.69475,1,1009,0,-1224.1952,-308.18347,1,485,0,222
passive,15,435,model3,4,-1219.2211,-312.94848,1,1194,0,-1219.2211,-312.94846,1,225,0,222
passive,15,465,model2B,0,-1161.6965,-346.70897,0,1200,0,-1161.6956,-346.74119,1,2268,0,212
passive,15,465,model2B,1,-1217.9985,-287.32109,0,1200,0,-1217.1438,-288.68033,1,492,0,222
passive,15,465,model2B,2,-1229.2813,-276.74927,1,1184,0,-1229.2813,-276.74927,1,225,0,223
passive,15,465,model2B,3,-1204.8001,-299.51186,0,1200,0,-1204.8001,-299.51212,1,174,0,222
passive,15,465,model2B,4,-1193.6873,-310.74114,0,1200,0,-1193.3292,-311.41269,1,509,0,222
passive,15,465,model3,0,-1160.2801,-349.07173,0,1400,0,-1160.1847,-349.25163,1,9848,0,212
passive,15,465,model3,1,-1218.6176,-288.25744,0,1400,0,-1218.6176,-288.25756,1,245,0,222
passive,15,465,model3,2,-1229.1075,-276.81745,0,1400,0,-1228.9427,-276.93159,1,4498,0,223
passive,15,465,model3,3,-1204.8757,-299.72143,1,909,0,-1204.8675,-299.68535,1,826,0,222
passive,15,465,model3,4,-1194.3687,-311.20007,1,1369,0,-1194.3086,-311.02712,1,1031,0,222
passive,15,495,model2B,0,-1120.7577,-300.25746,0,1200,0,-1120.7577,-300.25549,1,162,0,212
passive,15,495,model2B,1,-1142.7061,-279.05706,0,1200,0,-1140.6662,-280.27539,1,508,0,222
passive,15,495,model2B,2,-1149.6155,-270.9045,0,1200,0,-1148.4999,-272.07775,1,426,0,223
passive,15,495,model2B,3,-1145.097,-275.69691,0,1200,0,-1144.7248,-275.13841,1,447,0,222
passive,15,495,model2B,4,-1117.9061,-303.2673,0,1200,0,-1117.9061,-303.26742,1,176,0,222
passive,15,495,model3,0,-1119.7143,-300.84764,0,1400,0,-1119.6769,-300.9732,1,1480,0,212
passive,15,495,model3,1,-1140.9929,-279.11087,1,1399,0,-1140.9788,-279.04365,1,5705,0,222
passive,15,495,model3,2,-1147.7248,-271.81056,0,1400,0,-1147.7241,-271.80559,1,1731,0,223
passive,15,495,model3,3,-1143.6308,-275.82369,0,1400,0,-1142.9255,-275.83032,1,638,0,222
passive,15,495,model3,4,-1117.0918,-304.06039,0,1400,0,-1117.0889,-304.04876,0,14000,0,222
passive,16,255,model2B,0,-1171.7393,-260.19138,0,1200,0,-1171.6047,-260.31537,1,286,0,218
passive,16,255,model2B,1,-1136.6529,-295.15294,1,1070,0,-1136.6529,-295.15291,1,161,0,221
passive,16,255,model2B,2,-1158.9917,-276.03019,1,672,0,-1157.367,-274.6081,1,457,0,216
passive,16,255,model2B,3,-1140.3463,-290.9449,0,1200,0,-1140.3438,-291.0015,1,219,0,216
passive,16,255,model2B,4,-1111.353,-322.39229,1,1039,0,-1111.353,-322.39221,1,194,0,224
passive,16,255,model3,0,-1171.9125,-260.02047,0,1400,0,-1171.6585,-259.92771,1,4241,0,218
passive,16,255,model3,1,-1137.8593,-294.32497,0,1400,0,-1137.3641,-294.00979,1,2049,0,221
passive,16,255,model3,2,-1156.7003,-275.1647,0,1400,0,-1156.6896,-275.12622,1,1213,0,216
passive,16,255,model3,3,-1140.8405,-290.80019,0,1400,0,-1140.3914,-290.57962,1,2498,0,216
passive,16,255,model3,4,-1111.981,-321.79592,1,831,0,-1111.1758,-321.99708,1,4395,0,224
passive,16,285,model2B,0,-1116.6962,-259.32215,0,1200,0,-1109.4717,-262.48135,1,742,0,218
passive,16,285,model2B,1,-1085.5419,-286.04677,0,1200,0,-1085.5413,-286.02917,1,227,0,221
passive,16,285,model2B,2,-1094.9455,-277.36525,1,1121,0,-1094.9455,-277.36502,1,194,0,216
passive,16,285,model2B,3,-1096.0316,-275.25877,1,891,0,-1096.0316,-275.25877,1,191,0,216
passive,16,285,model2B,4,-1095.5564,-275.76956,0,1200,0,-1095.5564,-275.76618,1,182,0,224
passive,16,285,model3,0,-1113.218,-261.88799,0,1400,0,-1113.218,-261.88784,1,3452,0,218
passive,16,285,model3,1,-1087.7961,-285.87389,0,1400,0,-1086.5716,-285.98634,1,723,0,221
passive,16,285,model3,2,-1096.8096,-278.85493,1,1380,0,-1095.4105,-278.32729,1,8244,0,216
passive,16,285,model3,3,-1097.2274,-275.02666,0,1400,0,-1097.2274,-275.02688,1,237,0,216
passive,16,285,model3,4,-1094.7575,-277.5282,0,1400,0,-1094.7574,-277.52885,1,382,0,224
passive,16,315,model2B,0,-1221.5435,-293.96697,0,1200,0,-1219.5302,-293.5492,1,3325,0,218
passive,16,315,model2B,1,-1209.3787,-305.69058,0,1200,0,-1208.6522,-305.57895,1,2712,0,221
passive,16,315,model2B,2,-1224.6084,-285.39223,0,1200,0,-1224.6084,-285.39277,1,189,0,216
passive,16,315,model2B,3,-1191.6663,-317.74797,0,1200,0,-1191.5593,-317.60372,1,348,0,216
passive,16,315,model2B,4,-1196.4323,-316.54196,0,1200,0,-1195.8055,-315.35973,1,769,0,224
passive,16,315,model3,0,-1211.0275,-297.5408,0,1400,0,-1211.0274,-297.53797,1,2853,0,218
passive,16,315,model3,1,-1204.8887,-304.79649,0,1400,0,-1204.8886,-304.79843,1,3214,0,221
passive,16,315,model3,2,-1224.4486,-285.47039,0,1400,0,-1224.4187,-285.54372,0,14000,0,216
passive,16,315,model3,3,-1190.5837,-315.76448,0,1400,0,-1190.4737,-315.68903,1,4400,0,216
passive,16,315,model3,4,-1193.2382,-313.20289,0,1400,0,-1193.1959,-313.18277,1,4563,0,224
passive,16,435,model2B,0,-997.05344,-234.8587,0,1200,0,-996.86698,-234.89533,1,574,0,218
passive,16,435,model2B,1,-956.49456,-275.75128,0,1200,0,-956.29123,-276.80644,1,456,0,221
passive,16,435,model2B,2,-995.24449,-237.64988,0,1200,0,-994.15911,-238.71867,1,1363,0,216
passive,16,435,model2B,3,-1012.1435,-220.73867,0,1200,0,-1011.7545,-220.90393,1,840,0,216
passive,16,435,model2B,4,-958.71239,-274.37257,0,1200,0,-958.71221,-274.38685,1,426,0,224
passive,16,435,model3,0,-996.36518,-234.65527,0,1400,0,-996.36482,-234.65703,1,11800,0,218
passive,16,435,model3,1,-956.17552,-275.49454,1,864,0,-956.17552,-275.49468,1,197,0,221
passive,16,435,model3,2,-994.73448,-238.33673,0,1400,0,-993.14674,-239.28068,1,1246,0,216
passive,16,435,model3,3,-1011.3483,-220.76419,1,848,0,-1011.3462,-220.76286,1,4256,0,216
passive,16,435,model3,4,-957.02114,-275.35963,0,1400,0,-957.01925,-275.40323,1,789,0,224
passive,16,465,model2B,0,-883.83984,-227.85254,0,1200,0,-883.56946,-227.55053,1,6458,0,218
passive,16,465,model2B,1,-879.99634,-230.93229,0,1200,0,-877.82682,-234.32444,1,3988,0,221
passive,16,465,model2B,2,-910.29354,-200.49515,0,1200,0,-910.01289,-200.99772,1,338,0,216
passive,16,465,model2B,3,-873.95276,-236.32949,0,1200,0,-873.90792,-236.17135,1,643,0,216
passive,16,465,model2B,4,-886.29075,-223.432,0,1200,0,-886.29045,-223.4296,1,217,0,224
passive,16,465,model3,0,-883.85799,-227.34366,1,1255,0,-883.76535,-227.7072,0,14000,0,218
passive,16,465,model3,1,-878.29765,-233.55156,0,1400,0,-877.7963,-233.9281,1,4653,0,221
passive,16,465,model3,2,-910.31397,-201.24557,0,1400,0,-909.47729,-202.36319,1,8409,0,216
passive,16,465,model3,3,-874.39336,-236.15589,1,950,0,-874.36998,-236.15589,1,9762,0,216
passive,16,465,model3,4,-886.70571,-223.57067,1,963,0,-886.2554,-223.6772,0,14000,0,224
passive,16,495,model2B,0,-948.98069,-246.94425,0,1200,0,-946.45475,-247.43023,1,1828,0,218
passive,16,495,model2B,1,-973.22175,-220.87914,1,1155,0,-973.22175,-220.87914,1,197,0,221
passive,16,495,model2B,2,-981.55731,-214.63637,0,1200,0,-979.444,-214.40077,1,915,0,216
passive,16,495,model2B,3,-908.31027,-291.21299,0,1200,0,-906.69076,-290.20684,1,1368,0,216
passive,16,495,model2B,4,-960.78992,-234.85058,0,1200,0,-958.95011,-234.14987,1,1134,0,224
passive,16,495,model3,0,-946.68936,-247.54611,0,1400,0,-946.56006,-247.68644,1,2181,0,218
passive,16,495,model3,1,-974.87925,-220.7623,0,1400,0,-973.2265,-220.85099,1,1502,0,221
passive,16,495,model3,2,-979.50378,-214.15693,0,1400,0,-979.40906,-214.27082,1,4910,0,216
passive,16,495,model3,3,-906.51681,-290.74147,0,1400,0,-906.5141,-290.73085,1,12009,0,216
passive,16,495,model3,4,-959.2006,-233.80622,0,1400,0,-959.18587,-233.79072,1,4214,0,224
passive,17,255,model2B,0,-873.02532,-209.48882,0,1200,0,-871.64184,-209.60897,1,1656,0,223
passive,17,255,model2B,1,-878.26706,-202.86588,1,848,0,-877.83941,-203.1584,1,971,0,212
passive,17,255,model2B,2,-841.07455,-240.54161,0,1200,0,-841.07179,-240.55473,0,14000,0,223
passive,17,255,model2B,3,-840.15888,-242.95881,0,1200,0,-839.77197,-243.27841,1,847,0,217
passive,17,255,model2B,4,-889.33755,-194.74177,0,1200,0,-887.21706,-194.87034,1,3953,0,221
passive,17,255,model3,0,-871.53142,-209.31425,1,924,0,-871.36402,-209.47989,1,5884,0,223
passive,17,255,model3,1,-877.02121,-204.26056,1,1264,0,-876.59425,-204.88751,1,2798,0,212
passive,17,255,model3,2,-841.52692,-240.44278,0,1400,0,-841.4223,-240.50938,1,7063,0,223
passive,17,255,model3,3,-839.02222,-242.96085,1,1018,0,-838.72289,-243.28812,1,2639,0,217
passive,17,255,model3,4,-887.13647,-194.47204,1,862,0,-887.12655,-194.49789,1,1482,0,221
passive,17,285,model2B,0,-968.07781,-251.05464,0,1200,0,-968.05941,-251.05411,1,299,0,223
passive,17,285,model2B,1,-985.56591,-246.21762,0,1200,0,-977.25414,-245.01661,1,1472,0,212
passive,17,285,model2B,2,-957.81776,-263.41377,1,957,0,-957.81776,-263.41376,1,201,0,223
passive,17,285,model2B,3,-974.67813,-244.59412,1,1072,0,-974.67813,-244.59407,1,212,0,217
passive,17,285,model2B,4,-998.04698,-225.76202,0,1200,0,-994.87212,-225.48486,1,699,0,221
passive,17,285,model3,0,-969.24993,-251.43763,0,1400,0,-967.89396,-250.98143,0,14000,0,223
passive,17,285,model3,1,-973.49934,-245.56457,0,1400,0,-973.49934,-245.56472,1,233,0,212
passive,17,285,model3,2,-958.65222,-261.37036,0,1400,0,-958.37405,-261.93396,0,14000,0,223
passive,17,285,model3,3,-976.29719,-245.771,0,1400,0,-976.29612,-245.77453,1,3522,0,217
passive,17,285,model3,4,-996.39444,-225.80558,0,1400,0,-994.93974,-225.08313,0,14000,0,221
passive,17,315,model2B,0,-1099.5317,-286.46676,0,1200,0,-1097.9532,-287.03801,1,464,0,223
passive,17,315,model2B,1,-1118.5913,-266.17801,0,1200,0,-1118.5913,-266.17794,1,189,0,212
passive,17,315,model2B,2,-1070.2015,-317.93504,0,1200,0,-1070.0457,-317.21515,1,366,0,223
passive,17,315,model2B,3,-1127.0574,-258.68813,0,1200,0,-1126.4088,-258.73216,1,351,0,217
passive,17,315,model2B,4,-1140.4953,-266.76867,0,1200,0,-1120.1438,-265.6625,1,3080,0,221
passive,17,315,model3,0,-1099.9351,-286.61874,0,1400,0,-1099.9347,-286.62832,1,216,0,223
passive,17,315,model3,1,-1118.7444,-267.0461,1,738,0,-1118.7443,-267.04333,1,256,0,212
passive,17,315,model3,2,-1071.6,-315.93235,0,1400,0,-1071.5999,-315.92459,1,414,0,223
passive,17,315,model3,3,-1126.5842,-259.64509,0,1400,0,-1126.5842,-259.64515,1,316,0,217
passive,17,315,model3,4,-1120.3966,-266.5251,1,1033,0,-1120.3966,-266.52507,1,237,0,221
passive,17,435,model2B,0,-879.98636,-227.14439,0,1200,0,-878.78136,-228.03076,1,1698,0,223
passive,17,435,model2B,1,-901.59777,-205.45788,1,1162,0,-901.28256,-205.76882,1,465,0,212
passive,17,435,model2B,2,-852.92024,-256.72127,0,1200,0,-852.91958,-256.64833,1,377,0,223
passive,17,435,model2B,3,-888.39264,-222.30197,0,1200,0,-887.59248,-220.32522,0,14000,0,217
passive,17,435,model2B,4,-900.67291,-206.52683,0,1200,0,-899.51337,-207.94924,1,513,0,221
passive,17,435,model3,0,-880.295,-227.39671,0,1400,0,-880.2946,-227.39644,1,854,0,223
passive,17,435,model3,1,-901.93805,-206.23711,0,1400,0,-901.89642,-206.3756,1,7135,0,212
passive,17,435,model3,2,-853.98942,-256.38117,0,1400,0,-853.96687,-256.61825,0,14000,0,223
passive,17,435,model3,3,-888.85592,-221.44655,0,1400,0,-888.74073,-221.22532,0,14000,0,217
passive,17,435,model3,4,-899.75907,-208.63348,0,1400,0,-899.75905,-208.6333,0,14000,0,221
passive,17,465,model2B,0,-881.12192,-229.12658,1,754,0,-880.68237,-229.39943,1,884,0,223
passive,17,465,model2B,1,-909.10037,-201.61111,0,1200,0,-908.76925,-201.86852,1,720,0,212
passive,17,465,model2B,2,-867.28078,-244.08159,0,1200,0,-867.2807,-244.09179,1,440,0,223
passive,17,465,model2B,3,-883.35888,-228.91593,0,1200,0,-882.57301,-227.91248,0,14000,0,217
passive,17,465,model2B,4,-897.02914,-213.93687,0,1200,0,-896.44707,-214.3862,1,671,0,221
passive,17,465,model3,0,-881.50947,-229.78351,0,1400,0,-880.95188,-229.69864,1,4428,0,223
passive,17,465,model3,1,-909.35764,-201.96902,0,1400,0,-909.3301,-201.88118,1,6461,0,212
passive,17,465,model3,2,-867.77875,-244.83973,0,1400,0,-867.72815,-244.70171,1,9068,0,223
passive,17,465,model3,3,-883.50319,-228.3184,0,1400,0,-883.17503,-228.32278,1,8848,0,217
passive,17,465,model3,4,-896.82527,-215.65461,0,1400,0,-896.82157,-215.60301,1,3134,0,221
passive,17,495,model2B,0,-800.6122,-213.00985,0,1200,0,-800.5287,-213.02584,1,1142,0,223
passive,17,495,model2B,1,-826.93377,-185.97189,0,1200,0,-826.83692,-185.96608,1,846,0,212
passive,17,495,model2B,2,-820.79323,-192.12981,1,1179,0,-820.79323,-192.12981,1,194,0,223
passive,17,495,model2B,3,-784.64823,-229.0138,0,1200,0,-784.64816,-229.01259,1,452,0,217
passive,17,495,model2B,4,-813.17672,-199.57886,0,1200,0,-812.87458,-199.84117,1,2710,0,221
passive,17,495,model3,0,-801.14842,-212.46254,1,1049,0,-800.91704,-212.31533,0,14000,0,223
passive,17,495,model3,1,-827.09891,-185.7042,0,1400,0,-826.8574,-185.5023,0,14000,0,212
passive,17,495,model3,2,-820.63321,-192.12308,0,1400,0,-820.49607,-192.14151,0,14000,0,223
passive,17,495,model3,3,-785.19252,-229.13927,0,1400,0,-784.67823,-229.23105,0,14000,0,217
passive,17,495,model3,4,-812.91647,-200.47057,1,869,0,-812.37583,-200.39254,0,14000,0,221
passive,18,255,model2B,0,-677.72106,-134.35158,0,1200,0,-676.62397,-133.53702,1,3113,0,221
passive,18,255,model2B,1,-635.8906,-174.12876,1,994,0,-635.80841,-174.11909,1,1446,0,219
passive,18,255,model2B,2,-647.55579,-162.19105,1,1162,0,-646.61354,-162.68106,1,1284,0,220
passive,18,255,model2B,3,-643.43706,-168.41657,0,1200,0,-642.9565,-168.05323,1,2929,0,217
passive,18,255,model2B,4,-631.45365,-179.07659,0,1200,0,-630.85867,-179.08515,1,3703,0,224
passive,18,255,model3,0,-677.39156,-133.90779,0,1400,0,-676.91259,-133.33964,1,2579,0,221
passive,18,255,model3,1,-636.17939,-174.85342,0,1400,0,-635.24024,-173.9149,1,6977,0,219
passive,18,255,model3,2,-646.8586,-163.43381,0,1400,0,-646.12154,-163.67404,1,1804,0,220
passive,18,255,model3,3,-645.31852,-166.34812,0,1400,0,-643.61815,-165.39849,1,1162,0,217
passive,18,255,model3,4,-631.68521,-178.85191,0,1400,0,-631.08508,-178.1052,1,3410,0,224
passive,18,285,model2B,0,-852.61674,-174.37703,1,1155,0,-852.54516,-174.06538,1,2196,0,221
passive,18,285,model2B,1,-832.15572,-195.00545,0,1200,0,-830.33626,-195.06183,1,2113,0,219
passive,18,285,model2B,2,-811.59552,-214.32369,0,1200,0,-811.5805,-214.19754,1,367,0,220
passive,18,285,model2B,3,-809.65141,-217.05387,1,1133,0,-809.48036,-216.76077,1,2329,0,217
passive,18,285,model2B,4,-791.92393,-235.03613,1,952,0,-790.7401,-236.09898,1,4064,0,224
passive,18,285,model3,0,-852.75623,-174.1248,1,931,0,-852.59386,-174.05164,1,673,0,221
passive,18,285,model3,1,-830.94794,-194.29757,0,1400,0,-830.41854,-195.24039,0,14000,0,219
passive,18,285,model3,2,-811.4504,-214.2792,0,1400,0,-811.43435,-214.22338,1,1412,0,220
passive,18,285,model3,3,-809.93085,-215.57249,0,1400,0,-809.60084,-215.70961,1,1017,0,217
passive,18,285,model3,4,-791.3467,-235.11159,0,1400,0,-791.34532,-235.03359,1,1324,0,224
passive,18,315,model2B,0,-1106.5701,-227.9646,0,1200,0,-1106.3126,-228.24259,0,14000,0,221
passive,18,315,model2B,1,-1082.6907,-249.83287,0,1200,0,-1082.6697,-249.7613,0,14000,0,219
passive,18,315,model2B,2,-1063.6037,-272.11111,0,1200,0,-1063.5032,-272.14635,0,14000,0,220
passive,18,315,model2B,3,-1053.9078,-282.02047,0,1200,0,-1052.5471,-280.39331,1,1932,0,217
passive,18,315,model2B,4,-1019.7929,-314.95346,1,748,0,-1019.6331,-316.66852,1,2171,0,224
passive,18,315,model3,0,-1107.0863,-228.45246,1,827,0,-1107.0828,-228.44153,0,14000,0,221
passive,18,315,model3,1,-1083.0548,-250.46201,1,1151,0,-1083.0432,-250.43425,1,1799,0,219
passive,18,315,model3,2,-1061.9004,-271.80098,1,1160,0,-1061.7522,-271.93204,0,14000,0,220
passive,18,315,model3,3,-1053.8498,-280.74787,0,1400,0,-1053.6715,-281.42231,1,2265,0,217
passive,18,315,model3,4,-1019.6691,-316.59028,1,1172,0,-1019.6266,-316.6937,1,1385,0,224
passive,18,435,model2B,0,-1128.559,-255.78976,0,1200,0,-1128.497,-255.64448,0,14000,0,221
passive,18,435,model2B,1,-1126.2502,-257.97806,0,1200,0,-1126.2411,-257.98872,0,14000,0,219
passive,18,435,model2B,2,-1122.5443,-262.10006,0,1200,0,-1120.8403,-263.31097,1,1341,0,220
passive,18,435,model2B,3,-1118.0271,-265.59167,0,1200,0,-1117.9871,-265.60468,0,14000,0,217
passive,18,435,model2B,4,-1030.9334,-360.69644,0,1200,0,-1030.839,-360.96876,0,14000,0,224
passive,18,435,model3,0,-1128.4696,-255.44435,0,1400,0,-1128.2274,-255.76424,1,12528,0,221
passive,18,435,model3,1,-1126.0614,-259.19806,0,1400,0,-1125.5231,-261.12938,1,11406,0,219
passive,18,435,model3,2,-1121.0417,-263.08778,1,853,0,-1121.0216,-263.00706,0,14000,0,220
passive,18,435,model3,3,-1117.6943,-265.89149,0,1400,0,-1117.5952,-265.85399,0,14000,0,217
passive,18,435,model3,4,-1030.9669,-360.58448,0,1400,0,-1030.927,-360.64363,0,14000,0,224
passive,18,465,model2B,0,-1067.4588,-243.71692,0,1200,0,-1067.4528,-243.73751,1,3209,0,221
passive,18,465,model2B,1,-1072.6556,-239.53609,0,1200,0,-1072.1333,-239.77897,1,1591,0,219
passive,18,465,model2B,2,-1057.565,-253.38848,0,1200,0,-1057.1879,-253.61254,1,1150,0,220
passive,18,465,model2B,3,-1049.0703,-261.88532,0,1200,0,-1048.994,-261.67936,0,14000,0,217
passive,18,465,model2B,4,-989.02241,-327.369,0,1200,0,-988.44991,-327.98524,0,14000,0,224
passive,18,465,model3,0,-1067.2629,-243.43501,0,1400,0,-1067.2344,-243.45273,0,14000,0,221
passive,18,465,model3,1,-1069.7283,-244.50619,0,1400,0,-1068.6857,-244.7445,1,12848,0,219
passive,18,465,model3,2,-1056.6251,-253.83436,0,1400,0,-1056.6149,-253.84352,0,14000,0,220
passive,18,465,model3,3,-1048.2221,-262.13231,0,1400,0,-1048.1874,-262.19081,1,12006,0,217
passive,18,465,model3,4,-988.49807,-326.68721,0,1400,0,-988.49414,-326.71304,0,14000,0,224
passive,18,495,model2B,0,-1028.3277,-228.65953,0,1200,0,-1028.3252,-228.64851,0,14000,0,221
passive,18,495,model2B,1,-1021.3995,-235.60651,0,1200,0,-1021.112,-235.73145,1,4916,0,219
passive,18,495,model2B,2,-1005.1673,-251.73106,0,1200,0,-1004.333,-252.09351,1,2507,0,220
passive,18,495,model2B,3,-1003.7052,-252.88397,0,1200,0,-1003.6434,-252.72989,0,14000,0,217
passive,18,495,model2B,4,-961.8519,-297.48289,0,1200,0,-961.76674,-297.48065,1,5059,0,224
passive,18,495,model3,0,-1028.9371,-228.55172,0,1400,0,-1028.8788,-228.51806,0,14000,0,221
passive,18,495,model3,1,-1021.9944,-236.21386,0,1400,0,-1020.7497,-236.38874,1,968,0,219
passive,18,495,model3,2,-1005.3067,-251.42466,0,1400,0,-1005.2548,-251.41521,0,14000,0,220
passive,18,495,model3,3,-1003.5187,-253.63593,0,1400,0,-1003.37,-253.56896,1,5103,0,217
passive,18,495,model3,4,-961.31869,-297.65217,0,1400,0,-961.23675,-297.76791,0,14000,0,224
passive,19,255,model2B,0,-1189.3595,-303.25845,1,1168,0,-1189.3595,-303.25842,1,213,0,199
passive,19,255,model2B,1,-1213.7936,-279.4111,0,1200,0,-1213.7622,-279.42965,1,8338,0,193
passive,19,255,model2B,2,-1156.8322,-336.85341,0,1200,0,-1156.8182,-336.81152,0,14000,0,215
passive,19,255,model2B,3,-1224.2077,-268.68938,0,1200,0,-1224.2077,-268.6894,1,219,0,190
passive,19,255,model2B,4,-1180.3003,-312.42327,0,1200,0,-1180.1524,-312.5765,0,14000,0,202
passive,19,255,model3,0,-1190.8573,-303.30516,0,1400,0,-1190.6923,-303.21358,1,11670,0,199
passive,19,255,model3,1,-1214.3619,-281.64092,1,724,0,-1214.3537,-281.70575,0,14000,0,193
passive,19,255,model3,2,-1157.2913,-337.95339,0,1400,0,-1157.2287,-337.74983,0,14000,0,215
passive,19,255,model3,3,-1225.5149,-268.84432,0,1400,0,-1225.4235,-268.80034,0,14000,0,190
passive,19,255,model3,4,-1183.1782,-310.89871,0,1400,0,-1182.9515,-311.17771,0,14000,0,202
passive,19,285,model2B,0,-1255.6325,-324.35705,1,796,0,-1255.6325,-324.35707,1,193,0,199
passive,19,285,model2B,1,-1271.2053,-309.09353,1,1014,0,-1271.2053,-309.09361,1,203,0,193
passive,19,285,model2B,2,-1249.9438,-330.11496,1,728,0,-1249.9438,-330.11489,1,199,0,215
passive,19,285,model2B,3,-1288.43,-291.5642,1,695,0,-1288.43,-291.56409,1,194,0,190
passive,19,285,model2B,4,-1250.1701,-330.12579,1,1095,0,-1250.1701,-330.12579,1,223,0,202
passive,19,285,model3,0,-1254.8063,-325.58668,0,1400,0,-1254.5462,-325.76983,0,14000,0,199
passive,19,285,model3,1,-1271.5627,-308.73043,0,1400,0,-1271.4556,-308.83184,1,7725,0,193
passive,19,285,model3,2,-1251.6651,-331.66693,0,1400,0,-1249.5802,-330.39724,0,14000,0,215
passive,19,285,model3,3,-1288.3163,-292.03633,0,1400,0,-1288.1911,-291.59314,0,14000,0,190
passive,19,285,model3,4,-1252.5616,-327.81302,0,1400,0,-1251.6006,-328.16369,0,14000,0,202
passive,19,315,model2B,0,-1314.5096,-327.78474,1,952,0,-1314.5096,-327.7847,1,177,0,199
passive,19,315,model2B,1,-1308.0565,-336.27056,1,686,0,-1308.0565,-336.27038,1,176,0,193
passive,19,315,model2B,2,-1303.2834,-339.28963,1,776,0,-1303.2834,-339.28963,1,172,0,215
passive,19,315,model2B,3,-1338.3536,-304.63063,1,904,0,-1338.3536,-304.63061,1,189,0,190
passive,19,315,model2B,4,-1299.8671,-343.30021,1,905,0,-1299.8671,-343.30012,1,199,0,202
passive,19,315,model3,0,-1314.307,-327.82363,0,1400,0,-1314.2956,-327.82933,0,14000,0,199
passive,19,315,model3,1,-1308.9722,-334.98313,0,1400,0,-1308.9722,-334.98317,1,261,0,193
passive,19,315,model3,2,-1302.604,-340.03556,0,1400,0,-1302.4274,-340.08445,1,3407,0,215
passive,19,315,model3,3,-1338.3873,-305.99104,0,1400,0,-1338.1268,-305.01683,1,763,0,190
passive,19,315,model3,4,-1302.0246,-341.74272,0,1400,0,-1301.7989,-342.12375,1,10001,0,202
passive,19,435,model2B,0,-1243.4332,-301.92511,1,881,0,-1243.3968,-301.9675,1,301,0,199
passive,19,435,model2B,1,-1241.6266,-304.46067,0,1200,0,-1241.3912,-304.24612,1,1537,0,193
passive,19,435,model2B,2,-1219.5826,-325.5646,1,1027,0,-1219.5826,-325.56457,1,186,0,215
passive,19,435,model2B,3,-1252.698,-293.09342,0,1200,0,-1249.8507,-296.93281,1,1414,0,190
passive,19,435,model2B,4,-1219.479,-326.10701,0,1200,0,-1219.4509,-326.3403,1,513,0,202
passive,19,435,model3,0,-1244.0443,-303.0832,1,768,0,-1244.0403,-302.79654,1,737,0,199
passive,19,435,model3,1,-1242.9087,-303.17289,0,1400,0,-1242.8041,-303.19386,0,14000,0,193
passive,19,435,model3,2,-1220.6695,-325.3777,0,1400,0,-1220.1018,-326.48695,0,14000,0,215
passive,19,435,model3,3,-1250.6899,-296.90131,0,1400,0,-1250.679,-296.88125,1,464,0,190
passive,19,435,model3,4,-1221.1261,-325.27218,0,1400,0,-1221.0543,-325.26709,0,14000,0,202
passive,19,465,model2B,0,-1273.2822,-300.48686,0,1200,0,-1272.9466,-301.58759,1,910,0,199
passive,19,465,model2B,1,-1258.4071,-314.96645,0,1200,0,-1258.4011,-315.03187,0,14000,0,193
passive,19,465,model2B,2,-1250.2112,-323.45764,1,1074,0,-1250.2112,-323.45766,1,211,0,215
passive,19,465,model2B,3,-1266.5736,-306.88834,0,1200,0,-1265.9667,-308.34881,1,804,0,190
passive,19,465,model2B,4,-1240.4438,-333.02007,0,1200,0,-1240.4438,-333.01449,1,343,0,202
passive,19,465,model3,0,-1272.4388,-302.45488,0,1400,0,-1272.4017,-302.45958,1,4772,0,199
passive,19,465,model3,1,-1261.3214,-313.26765,1,708,0,-1259.7843,-315.06963,1,3400,0,193
passive,19,465,model3,2,-1251.4871,-323.43262,0,1400,0,-1251.3838,-323.4988,0,14000,0,215
passive,19,465,model3,3,-1266.2285,-309.45154,0,1400,0,-1266.2285,-309.45208,1,254,0,190
passive,19,465,model3,4,-1241.1301,-333.83215,1,807,0,-1241.1071,-333.63976,0,14000,0,202
passive,19,495,model2B,0,-1180.1227,-281.3351,0,1200,0,-1178.007,-283.3631,1,2964,0,199
passive,19,495,model2B,1,-1154.4396,-307.15904,0,1200,0,-1154.4346,-307.07561,1,910,0,193
passive,19,495,model2B,2,-1166.4378,-294.96455,1,1154,0,-1166.4378,-294.96465,1,189,0,215
passive,19,495,model2B,3,-1184.831,-275.63998,0,1200,0,-1184.5001,-276.62786,1,540,0,190
passive,19,495,model2B,4,-1151.8867,-308.71714,1,1039,0,-1151.8867,-308.71714,1,173,0,202
passive,19,495,model3,0,-1177.3063,-284.31766,1,1093,0,-1177.1584,-284.17523,1,1641,0,199
passive,19,495,model3,1,-1157.0486,-305.86142,0,1400,0,-1155.4681,-307.75865,0,14000,0,193
passive,19,495,model3,2,-1168.7887,-294.14294,1,772,0,-1168.3321,-294.41494,0,14000,0,215
passive,19,495,model3,3,-1185.0748,-280.20202,0,1400,0,-1185.0743,-280.1989,0,14000,0,190
passive,19,495,model3,4,-1152.7721,-309.5759,1,706,0,-1152.5165,-309.60765,0,14000,0,202
passive,20,255,model2B,0,-1311.1771,-323.73869,1,982,0,-1311.1771,-323.73877,1,178,0,221
passive,20,255,model2B,1,-1309.2514,-325.42195,1,941,0,-1309.2514,-325.42195,1,188,0,219
passive,20,255,model2B,2,-1308.3108,-327.11664,1,914,0,-1308.3108,-327.11664,1,167,0,216
passive,20,255,model2B,3,-1313.6754,-321.28228,0,1200,0,-1313.6745,-321.26933,1,218,0,215
passive,20,255,model2B,4,-1292.0227,-344.48273,1,967,0,-1292.0227,-344.48381,1,167,0,217
passive,20,255,model3,0,-1312.0143,-324.68985,0,1400,0,-1312.0143,-324.69045,1,245,0,221
passive,20,255,model3,1,-1310.7566,-325.63841,0,1400,0,-1310.6439,-325.79916,0,14000,0,219
passive,20,255,model3,2,-1311.0729,-325.67878,0,1400,0,-1311.0724,-325.67099,1,667,0,216
passive,20,255,model3,3,-1315.1466,-321.4016,0,1400,0,-1315.1111,-321.37369,1,7372,0,215
passive,20,255,model3,4,-1292.5224,-344.88905,0,1400,0,-1292.2385,-345.29154,1,6474,0,217
passive,20,285,model2B,0,-1396.287,-347.61509,1,953,0,-1396.287,-347.61472,1,167,0,221
passive,20,285,model2B,1,-1381.5869,-362.12152,1,823,0,-1381.5869,-362.12129,1,165,0,219
passive,20,285,model2B,2,-1398.0899,-345.88093,1,662,0,-1398.086,-345.89451,1,182,0,216
passive,20,285,model2B,3,-1404.0559,-339.93433,1,760,0,-1404.0559,-339.93433,1,169,0,215
passive,20,285,model2B,4,-1390.3556,-354.52108,1,1032,0,-1390.3556,-354.52108,1,159,0,217
passive,20,285,model3,0,-1395.0823,-347.87878,0,1400,0,-1395.0823,-347.87912,1,287,0,221
passive,20,285,model3,1,-1380.0964,-362.94918,0,1400,0,-1380.0843,-362.96009,1,4014,0,219
passive,20,285,model3,2,-1397.717,-345.20395,0,1400,0,-1397.717,-345.20453,1,244,0,216
passive,20,285,model3,3,-1403.959,-338.43854,0,1400,0,-1403.9222,-338.47159,0,14000,0,215
passive,20,285,model3,4,-1389.9328,-352.73944,0,1400,0,-1389.905,-352.73368,0,14000,0,217
passive,20,315,model2B,0,-1345.8887,-337.43269,1,785,0,-1345.8887,-337.43255,1,147,0,221
passive,20,315,model2B,1,-1333.7189,-349.77975,1,835,0,-1333.7189,-349.77975,1,167,0,219
passive,20,315,model2B,2,-1347.2488,-336.14183,1,896,0,-1347.2488,-336.14183,1,160,0,216
passive,20,315,model2B,3,-1355.3141,-328.6066,1,706,0,-1355.3141,-328.6066,1,178,0,215
passive,20,315,model2B,4,-1348.5043,-335.35617,1,1193,0,-1348.5043,-335.35587,1,173,0,217
passive,20,315,model3,0,-1343.4003,-338.7512,0,1400,0,-1343.3977,-338.72451,1,4547,0,221
passive,20,315,model3,1,-1329.9223,-351.77827,0,1400,0,-1329.8289,-351.92756,0,14000,0,219
passive,20,315,model3,2,-1347.8337,-333.91747,0,1400,0,-1347.8076,-333.82491,1,7719,0,216
passive,20,315,model3,3,-1353.4697,-327.83326,0,1400,0,-1353.457,-327.82849,1,8277,0,215
passive,20,315,model3,4,-1347.4198,-334.18114,0,1400,0,-1347.3698,-334.16156,1,1269,0,217
passive,20,435,model2B,0,-1118.727,-265.21461,0,1200,0,-1118.6341,-265.11484,1,3256,0,221
passive,20,435,model2B,1,-1083.9591,-297.18686,1,1160,0,-1083.9591,-297.18707,1,176,0,219
passive,20,435,model2B,2,-1117.364,-263.26805,0,1200,0,-1117.3526,-263.20608,1,198,0,216
passive,20,435,model2B,3,-1107.1318,-273.75299,0,1200,0,-1107.036,-273.41112,1,371,0,215
passive,20,435,model2B,4,-1091.204,-289.04112,0,1200,0,-1091.204,-289.04114,1,178,0,217
passive,20,435,model3,0,-1115.0294,-264.59684,0,1400,0,-1115.0285,-264.57929,1,337,0,221
passive,20,435,model3,1,-1081.8972,-299.52918,1,669,0,-1081.8955,-299.46358,1,1098,0,219
passive,20,435,model3,2,-1116.5352,-262.8583,1,1359,0,-1116.5352,-262.85827,1,213,0,216
passive,20,435,model3,3,-1105.8929,-273.55032,0,1400,0,-1105.8922,-273.57746,1,786,0,215
passive,20,435,model3,4,-1089.4839,-289.31302,1,1001,0,-1089.483,-289.3173,1,334,0,217
passive,20,465,model2B,0,-1165.1631,-256.90453,1,1030,0,-1165.1631,-256.90453,1,180,0,221
passive,20,465,model2B,1,-1126.3117,-294.25188,1,909,0,-1126.3117,-294.25198,1,179,0,219
passive,20,465,model2B,2,-1139.3992,-281.24509,1,1156,0,-1139.3992,-281.24509,1,183,0,216
passive,20,465,model2B,3,-1132.3598,-287.86416,1,1049,0,-1132.3598,-287.86411,1,174,0,215
passive,20,465,model2B,4,-1111.6526,-309.56957,1,960,0,-1111.6526,-309.56957,1,179,0,217
passive,20,465,model3,0,-1163.6689,-258.13891,0,1400,0,-1163.6689,-258.13886,1,237,0,221
passive,20,465,model3,1,-1124.9704,-295.20382,1,1147,0,-1124.9635,-295.16055,1,1079,0,219
passive,20,465,model3,2,-1140.4587,-279.84107,0,1400,0,-1139.7362,-279.97675,1,591,0,216
passive,20,465,model3,3,-1132.1393,-287.25098,0,1400,0,-1132.0622,-287.13506,1,459,0,215
passive,20,465,model3,4,-1111.1634,-309.6739,1,858,0,-1110.7481,-309.35569,1,2331,0,217
passive,20,495,model2B,0,-1066.9835,-234.67599,0,1200,0,-1066.9833,-234.67992,1,155,0,221
passive,20,495,model2B,1,-1033.6504,-266.72108,1,912,0,-1033.6504,-266.72114,1,172,0,219
passive,20,495,model2B,2,-1037.5434,-262.85346,1,754,0,-1037.5434,-262.85408,1,178,0,216
passive,20,495,model2B,3,-1037.2553,-262.46805,1,1035,0,-1037.2553,-262.46788,1,175,0,215
passive,20,495,model2B,4,-1015.6834,-285.94443,1,957,0,-1015.6834,-285.94406,1,185,0,217
passive,20,495,model3,0,-1067.0824,-235.26174,1,781,0,-1067.0763,-235.29982,1,12766,0,221
passive,20,495,model3,1,-1029.9651,-267.61048,0,1400,0,-1029.941,-267.56986,0,14000,0,219
passive,20,495,model3,2,-1035.3644,-263.68405,0,1400,0,-1034.7535,-262.4072,1,1711,0,216
passive,20,495,model3,3,-1034.7739,-261.78058,0,1400,0,-1034.7577,-261.74867,0,14000,0,215
passive,20,495,model3,4,-1014.9989,-282.38613,0,1400,0,-1014.9927,-282.36644,1,11812,0,217
